{
    "id": "175d21f1426effe8fbc1656baf800b5567a9032c",
    "location": {
        "lat": 37.9579717,
        "lng": 23.7185672
    },
    "name": "Odeon Starcity",
    "rating": 4.2,
    "reviews": [
        {
            "author_name": "Panos Agelidis",
            "author_url": "https://www.google.com/maps/contrib/103536158208608709370/reviews",
            "language": "en",
            "profile_photo_url": "https://lh4.googleusercontent.com/-rqJUo7STReU/AAAAAAAAAAI/AAAAAAAAAlU/H1oQjWFmSWE/s128-c0x00000000-cc-rp-mo-ba4/photo.jpg",
            "rating": 4,
            "relative_time_description": "2 months ago",
            "text": "It was good it could be better, has potentials. Could be more food options. The 3D was average. Very dark screen.",
            "time": 1556663884
        },
        {
            "author_name": "Dimitra Matsouka",
            "author_url": "https://www.google.com/maps/contrib/100953744036860879270/reviews",
            "language": "en",
            "profile_photo_url": "https://lh5.googleusercontent.com/-i2orLjTUI9Y/AAAAAAAAAAI/AAAAAAAAAgY/WoGYBDi28Ms/s128-c0x00000000-cc-rp-mo/photo.jpg",
            "rating": 4,
            "relative_time_description": "a month ago",
            "text": "Nice multiplex. Typical example of the category.  It can get noisy and overcrowded if you go early enough to catch the little kids coming for the kiddy films.",
            "time": 1559817994
        },
        {
            "author_name": "Panagiotis Angelakis",
            "author_url": "https://www.google.com/maps/contrib/107727066169957298509/reviews",
            "language": "en",
            "profile_photo_url": "https://lh6.googleusercontent.com/-hUrZR9EpB88/AAAAAAAAAAI/AAAAAAAAFA0/YtauDjvTM2E/s128-c0x00000000-cc-rp-mo-ba3/photo.jpg",
            "rating": 2,
            "relative_time_description": "4 months ago",
            "text": "Saw Mary Poppins Returns. Unfortunately, the sound in room No 4 was far too low, and given the film genre, you couldn't appreciate the magic of a musical. Quite disappointed, I'd say.",
            "time": 1552766874
        },
        {
            "author_name": "Dimitris Atsikbasis",
            "author_url": "https://www.google.com/maps/contrib/106148948183809192828/reviews",
            "language": "en",
            "profile_photo_url": "https://lh3.googleusercontent.com/-7n4-J9mRxHM/AAAAAAAAAAI/AAAAAAAAEOw/L3mT21I4IuI/s128-c0x00000000-cc-rp-mo-ba4/photo.jpg",
            "rating": 4,
            "relative_time_description": "5 months ago",
            "text": "Picture quality is good. Sound is good. Seating is a bit packed though. I'm not tall and I had problem stretching my legs during a 2 hour movie with no breaks...",
            "time": 1550728965
        },
        {
            "author_name": "Wesley Hilario",
            "author_url": "https://www.google.com/maps/contrib/108213311012794050387/reviews",
            "language": "en",
            "profile_photo_url": "https://lh4.googleusercontent.com/-eYy4O8VsXto/AAAAAAAAAAI/AAAAAAAABFI/8vz5f0x3A2Q/s128-c0x00000000-cc-rp-mo-ba2/photo.jpg",
            "rating": 5,
            "relative_time_description": "in the last week",
            "text": "Not too crowded.",
            "time": 1563640599
        }
    ],
    "type": "movie_theater"
}

