{
    "id": "4c9478ca5345513a0ebb8480898e9143330af71c",
    "location": {
        "lat": 37.971924,
        "lng": 23.7308791
    },
    "name": "Cine Paris",
    "rating": 4.7,
    "reviews": [
        {
            "author_name": "Panos Vrettis",
            "author_url": "https://www.google.com/maps/contrib/111053499705092480427/reviews",
            "language": "en",
            "profile_photo_url": "https://lh4.googleusercontent.com/-J5gWne_EL_s/AAAAAAAAAAI/AAAAAAAAAec/m-7nxpehLo4/s128-c0x00000000-cc-rp-mo-ba3/photo.jpg",
            "rating": 5,
            "relative_time_description": "a week ago",
            "text": "Beautiful place. Unique location and view, right next to the Acropolis of Athens. The area is easily accessible and the prices fair. The greenery makes it even better.\nA must visit for your cinematic needs!",
            "time": 1563130042
        },
        {
            "author_name": "The Five Star Nomad",
            "author_url": "https://www.google.com/maps/contrib/107920855108262160756/reviews",
            "language": "en",
            "profile_photo_url": "https://lh3.googleusercontent.com/-qSBfUITQMaI/AAAAAAAAAAI/AAAAAAAAAAc/CkCqyUMXzL4/s128-c0x00000000-cc-rp-mo-ba4/photo.jpg",
            "rating": 5,
            "relative_time_description": "2 weeks ago",
            "text": "One of the best ways to spend an evening in Athens.\n\nA well thought-out space, complete with a bar and snacks (yes, they have popcorn).\n\nIf you can peel your eyes from the iconic view of the Acropolis you may even enjoy whichever film you've paid to see.",
            "time": 1562650733
        },
        {
            "author_name": "Ahren Brunow",
            "author_url": "https://www.google.com/maps/contrib/104713240819196206808/reviews",
            "language": "en",
            "profile_photo_url": "https://lh4.googleusercontent.com/-kS5hX3AUH6o/AAAAAAAAAAI/AAAAAAAAGlg/Vm3Exk77HPo/s128-c0x00000000-cc-rp-mo-ba2/photo.jpg",
            "rating": 5,
            "relative_time_description": "a month ago",
            "text": "This was one of my most memorable highlights of Athens. We watched a great French film (English and Greek subtitles) while sipping on cocktails and eating popcorn. The view of the Acropolis was divine and it was just a great vibe all around. Concession stand has lots of different drinks and food. Id put this on your list of things to do.",
            "time": 1559373166
        },
        {
            "author_name": "Konstantinos Papoulakos",
            "author_url": "https://www.google.com/maps/contrib/108482284563611741695/reviews",
            "language": "en",
            "profile_photo_url": "https://lh6.googleusercontent.com/-ns8BYrJ-D1M/AAAAAAAAAAI/AAAAAAAAZ5M/v99OKQTXXME/s128-c0x00000000-cc-rp-mo/photo.jpg",
            "rating": 5,
            "relative_time_description": "in the last week",
            "text": "Enjoy a summer movie with your beer in one of the best summer theaters in Athens, viewing Acropolis at the same time! Recommended for tourists and locals!",
            "time": 1563701508
        },
        {
            "author_name": "Chiara Nataloni",
            "author_url": "https://www.google.com/maps/contrib/111747642531165244932/reviews",
            "language": "en",
            "profile_photo_url": "https://lh6.googleusercontent.com/-7HOXEproWfw/AAAAAAAAAAI/AAAAAAAAAAw/22YuVYiZRM8/s128-c0x00000000-cc-rp-mo/photo.jpg",
            "rating": 5,
            "relative_time_description": "2 months ago",
            "text": "The perfect and memorable open-air cinema experience. Location is fabulous, space very well kept, good and drinks available. I recommend it!",
            "time": 1558337631
        }
    ],
    "type": "movie_theater"
}

