{
    "id": "3ea3943d09bda621a62c1367b603b83a29d795af",
    "location": {
        "lat": 37.9752659,
        "lng": 23.6675291
    },
    "name": "Village Roadshow Operations Hellas S.A.",
    "rating": 4.5,
    "reviews": [
        {
            "author_name": "\u05e0\u05d2\u05d4 \u05d0\u05e1\u05e3",
            "author_url": "https://www.google.com/maps/contrib/111491035350190005907/reviews",
            "language": "en",
            "profile_photo_url": "https://lh5.googleusercontent.com/-YO6sBwV362w/AAAAAAAAAAI/AAAAAAAAAow/hdXqtUXrdnE/s128-c0x00000000-cc-rp-mo-ba3/photo.jpg",
            "rating": 5,
            "relative_time_description": "7 months ago",
            "text": "There are many small cinemas within Athens. But this is a cinema for tourists!!!!:). It has everything! And a selection of movies that change every three weeks. ***A warning Before going to the movies to find out if the its not dubbed to Greek .Most recommended to come with children . 89% yes",
            "time": 1546377750
        },
        {
            "author_name": "Zach",
            "author_url": "https://www.google.com/maps/contrib/112408011239920320745/reviews",
            "language": "en",
            "profile_photo_url": "https://lh5.googleusercontent.com/-tTrwxpF3rK8/AAAAAAAAAAI/AAAAAAAAAG4/esYK2X2LxfQ/s128-c0x00000000-cc-rp-mo-ba3/photo.jpg",
            "rating": 5,
            "relative_time_description": "11 months ago",
            "text": "As far as I'm concerned Village Cinemas in Greece offer a more pleasant theatre experience than I had in either Germany, England or Scotland. Places are clean and tidy, seats are comfortable, Vmax is great, Dolby Atmos is amazing, the newest Sphera is just outstanding, and prices are on a perfect balance. Worth your visit, with or without various discounts that are available through Greek Mobile Operators. All places have excess parking and are easily accessible.",
            "time": 1533567921
        },
        {
            "author_name": "Panagioti Voulgaris",
            "author_url": "https://www.google.com/maps/contrib/109897920723651581623/reviews",
            "language": "en",
            "profile_photo_url": "https://lh6.googleusercontent.com/-81U64ja7Pt8/AAAAAAAAAAI/AAAAAAAAAaI/KRklIEdAOEY/s128-c0x00000000-cc-rp-mo-ba3/photo.jpg",
            "rating": 5,
            "relative_time_description": "4 months ago",
            "text": "Kids screen was amazing",
            "time": 1553278423
        },
        {
            "author_name": "Xanxus 13",
            "author_url": "https://www.google.com/maps/contrib/114767633872563568351/reviews",
            "language": "en",
            "profile_photo_url": "https://lh3.googleusercontent.com/-1pidgOWEke8/AAAAAAAAAAI/AAAAAAAAAEw/1gTZpv3HRJ4/s128-c0x00000000-cc-rp-mo-ba3/photo.jpg",
            "rating": 5,
            "relative_time_description": "a year ago",
            "text": "Good and easier to access than the one at the mall.",
            "time": 1532340930
        },
        {
            "author_name": "Labros Labros",
            "author_url": "https://www.google.com/maps/contrib/112564948301344361020/reviews",
            "language": "en",
            "profile_photo_url": "https://lh4.googleusercontent.com/-2X1Rz0kWjZU/AAAAAAAAAAI/AAAAAAAAFqk/oudXl6R_Yw4/s128-c0x00000000-cc-rp-mo-ba4/photo.jpg",
            "rating": 5,
            "relative_time_description": "7 months ago",
            "text": "Very good...!!!",
            "time": 1545407306
        }
    ],
    "type": "movie_theater"
}

