{
    "id": "c97bcee84217b1f112afc7bcb2289cfb5c336415",
    "location": {
        "lat": 37.979345,
        "lng": 23.732324
    },
    "name": "Astor Cinema",
    "rating": 4.6,
    "reviews": [
        {
            "author_name": "Flike Brown",
            "author_url": "https://www.google.com/maps/contrib/108065214363514815552/reviews",
            "language": "en",
            "profile_photo_url": "https://lh5.googleusercontent.com/-s2X0akQYETY/AAAAAAAAAAI/AAAAAAAAAA4/BrtAXwTvPBM/s128-c0x00000000-cc-rp-mo/photo.jpg",
            "rating": 5,
            "relative_time_description": "a month ago",
            "text": "An amazing movie theater which people can also visit to drink coffee during the day. The place is filled with books, magazines and dvd (in good shape - affordable) where can someone have a seat and read about film scenes or movie reviews. The staff is something more than welcoming. The decoration and the lighting makes you feel comfortable (even to write) while the music fills the air.",
            "time": 1559047049
        },
        {
            "author_name": "Eleni Stefanou",
            "author_url": "https://www.google.com/maps/contrib/101866496027367426354/reviews",
            "language": "en",
            "profile_photo_url": "https://lh6.googleusercontent.com/-poiw1t9s0_g/AAAAAAAAAAI/AAAAAAAAAOQ/9NlmkVY401s/s128-c0x00000000-cc-rp-mo-ba4/photo.jpg",
            "rating": 5,
            "relative_time_description": "4 months ago",
            "text": "One of the classic cinemas of Athens, with independent films, a rich program, a comfortable venue, right in the heart of the city! Not to miss!",
            "time": 1552290626
        },
        {
            "author_name": "vou mou",
            "author_url": "https://www.google.com/maps/contrib/114619470569740661061/reviews",
            "language": "en",
            "profile_photo_url": "https://lh5.googleusercontent.com/-I3_0gvCOkoo/AAAAAAAAAAI/AAAAAAAAAAA/ACHi3remicDG6Env6gY2HE6T5yWcfgZDNA/s128-c0x00000000-cc-rp-mo-ba4/photo.jpg",
            "rating": 5,
            "relative_time_description": "2 months ago",
            "text": "coolest cinema in athena center area",
            "time": 1557988400
        },
        {
            "author_name": "Laurent de Giorgio",
            "author_url": "https://www.google.com/maps/contrib/115070384000691935049/reviews",
            "language": "en",
            "profile_photo_url": "https://lh4.googleusercontent.com/-5teEicDZdFE/AAAAAAAAAAI/AAAAAAAADEU/WWD-p-7pz-g/s128-c0x00000000-cc-rp-mo-ba4/photo.jpg",
            "rating": 3,
            "relative_time_description": "7 months ago",
            "text": "I only visited the bar of the same name, which on a Christmas Eve was quiet, jazz music which didn't silence conversation, but there were the occasional smokers unfortunately.",
            "time": 1545684378
        },
        {
            "author_name": "Panagiotis Sentementes",
            "author_url": "https://www.google.com/maps/contrib/110331283529699718702/reviews",
            "language": "en",
            "profile_photo_url": "https://lh4.googleusercontent.com/-2yaG6pt2cTA/AAAAAAAAAAI/AAAAAAAACNY/YRDJbNPKbR8/s128-c0x00000000-cc-rp-mo-ba3/photo.jpg",
            "rating": 5,
            "relative_time_description": "8 months ago",
            "text": "Excellent movies! A supreme atmosphere as long as you expect the film to begin at the arcade Street.",
            "time": 1541271519
        }
    ],
    "type": "movie_theater"
    
}

