{
    "id": "f7646444b7a91bfae11cd80a31c163777fdfa83b",
    "location": {
        "lat": 37.9743051,
        "lng": 23.7003804
    },
    "name": "\u03a0\u03b1\u03c1\u03ba\u03bf \u039a\u03c5\u03ba\u03bb\u03bf\u03c6\u03bf\u03c1\u03b9\u03b1\u03ba\u03b7\u03c2 \u0391\u03b3\u03c9\u03b3\u03b7\u03c2",
    "rating": 4,
    "reviews": [
        {
            "author_name": "lior k",
            "author_url": "https://www.google.com/maps/contrib/111781555087331476148/reviews",
            "language": "en",
            "profile_photo_url": "https://lh5.googleusercontent.com/-kbSIxYqUbxI/AAAAAAAAAAI/AAAAAAAAAAA/ACHi3rdU6rcIh5I8MhsoBg9mieoJ23N2tw/s128-c0x00000000-cc-rp-mo/photo.jpg",
            "rating": 5,
            "relative_time_description": "a month ago",
            "text": "I like this place in the morning times for running",
            "time": 1562747583
        },
        {
            "author_name": "Elena Mai",
            "author_url": "https://www.google.com/maps/contrib/113999128780569880925/reviews",
            "language": "en",
            "profile_photo_url": "https://lh4.googleusercontent.com/-Qt_BsvLn7Sg/AAAAAAAAAAI/AAAAAAAAAJQ/YIT8Qv6I3Dc/s128-c0x00000000-cc-rp-mo-ba2/photo.jpg",
            "rating": 2,
            "relative_time_description": "9 months ago",
            "text": "Ditry, not accurate, needed things are broken and lots of missing stuff. Too many gipses, who make dirty and steal all they find.",
            "time": 1539981979
        },
        {
            "author_name": "Swagity Swooty",
            "author_url": "https://www.google.com/maps/contrib/110913588605657726812/reviews",
            "language": "en",
            "profile_photo_url": "https://lh3.googleusercontent.com/-kTTABV6bxt4/AAAAAAAAAAI/AAAAAAAAACo/DhiZloKmyoA/s128-c0x00000000-cc-rp-mo-ba4/photo.jpg",
            "rating": 5,
            "relative_time_description": "2 years ago",
            "text": "Great park",
            "time": 1491027074
        },
        {
            "author_name": "Hippies Love",
            "author_url": "https://www.google.com/maps/contrib/115918990051595042116/reviews",
            "language": "el",
            "profile_photo_url": "https://lh3.googleusercontent.com/-HloUJRKRnPc/AAAAAAAAAAI/AAAAAAAAAAA/ACHi3rcboOMH-GafRsNLK6ruc55NHn_m2g/s128-c0x00000000-cc-rp-mo/photo.jpg",
            "rating": 1,
            "relative_time_description": "3 months ago",
            "text": "\u03a0\u03bf\u03bb\u03cd \u039a\u0391\u039a\u039f \u03c0\u03ac\u03c1\u03ba\u03bf! \u039a\u03b1\u03bb\u03cc \u03b8\u03b1 \u03ae\u03c4\u03b1\u03bd \u03bd\u03b1 \u03b3\u03bd\u03c9\u03c1\u03af\u03b6\u03b5\u03b9 \u03bf \u03c5\u03c0\u03b5\u03cd\u03b8\u03c5\u03bd\u03bf\u03c2 \u03c3\u03cd\u03bc\u03b2\u03bf\u03c5\u03bb\u03bf\u03c2 \u03c0\u03bf\u03c5 \u03bc\u03b9\u03bb\u03ac\u03b5\u03b9 \u03c3\u03c4\u03bf\u03c5\u03c2 \u03bc\u03b1\u03b8\u03b7\u03c4\u03ad\u03c2 \u03c4\u03bf\u03bd \u03ba\u03ce\u03b4\u03b9\u03ba\u03b1 \u03bf\u03b4\u03b9\u03ba\u03ae\u03c2 \u03ba\u03c5\u03ba\u03bb\u03bf\u03c6\u03bf\u03c1\u03af\u03b1\u03c2 \u039a\u0391\u039b\u0391.\n\u0394\u03b5\u03bd \u03bc\u03c0\u03bf\u03c1\u03b5\u03af\u03c2 \u03bd\u03b1 \u03b4\u03af\u03bd\u03b5\u03b9\u03c2 \u03bb\u03ac\u03b8\u03bf\u03c2 \u03c3\u03c5\u03bc\u03b2\u03bf\u03c5\u03bb\u03ad\u03c2 \u03b3\u03b9\u03b1 \u03c4\u03b7\u03bd \u03c0\u03c1\u03bf\u03c4\u03b5\u03c1\u03b1\u03b9\u03cc\u03c4\u03b7\u03c4\u03b1 \u03c4\u03c9\u03bd \u03bf\u03c7\u03b7\u03bc\u03ac\u03c4\u03c9\u03bd \u03c0\u03bf\u03c5 \u03b5\u03b9\u03c3\u03ad\u03c1\u03c7\u03bf\u03bd\u03c4\u03b1\u03b9 \u03c3\u03b5 \u03c0\u03bb\u03b1\u03c4\u03b5\u03af\u03b1 \u03c0.\u03c7 \u03ba\u03b1\u03b9 \u03bd\u03b1 \u03c4\u03bf\u03c5\u03c2 \u03bb\u03b5\u03c2 \u03ac\u03bb\u03bb\u03b1 \u03b1\u03bd\u03c4' \u03ac\u03bb\u03bb\u03c9\u03bd. \u03a4\u03bf \u03ac\u03c1\u03b8\u03c1\u03bf 26 \u03b5\u03be\u03b7\u03b3\u03b5\u03af \u03b1\u03bd\u03b1\u03bb\u03c5\u03c4\u03b9\u03ba\u03ac \u03c0\u03bf\u03b9\u03bf\u03c2 \u03c0\u03c1\u03bf\u03b7\u03b3\u03b5\u03af\u03c4\u03b1\u03b9. \u03a6\u03c5\u03c3\u03b9\u03ba\u03ac \u03c0\u03c1\u03ad\u03c0\u03b5\u03b9 \u03bd\u03b1 \u03ba\u03b1\u03c4\u03b1\u03bb\u03b1\u03b2\u03b1\u03af\u03bd\u03b5\u03b9\u03c2 \u03c4\u03b9 \u03b4\u03b9\u03b1\u03b2\u03ac\u03b6\u03b5\u03b9\u03c2, \u03c0\u03c1\u03bf\u03b1\u03c0\u03b1\u03b9\u03c4\u03bf\u03cd\u03bc\u03b5\u03bd\u03b7 \u03b7 \u03b3\u03bd\u03ce\u03c3\u03b7 \u03c4\u03b7\u03c2 \u03b3\u03bb\u03ce\u03c3\u03c3\u03b1\u03c2... \u03a9\u03c2 \u03bc\u03b7\u03c4\u03ad\u03c1\u03b1 \u03b3\u03c5\u03bc\u03bd\u03b1\u03c3\u03b9\u03cc\u03c0\u03b1\u03b9\u03b4\u03bf\u03c5 \u03c0\u03bf\u03c5 \u03ae\u03c1\u03b8\u03b5 \u03c3\u03ae\u03bc\u03b5\u03c1\u03b1 \u03c3\u03c4\u03bf \u03c0\u03ac\u03c1\u03ba\u03bf, \u03b4\u03b7\u03bb\u03ce\u03bd\u03c9 \u03b5\u03be\u03b1\u03b9\u03c1\u03b5\u03c4\u03b9\u03ba\u03ac \u03b4\u03c5\u03c3\u03b1\u03c1\u03b5\u03c3\u03c4\u03b7\u03bc\u03ad\u03bd\u03b7",
            "time": 1557749776
        },
        {
            "author_name": "Spiridon Stamatiou",
            "author_url": "https://www.google.com/maps/contrib/100749676516343218510/reviews",
            "language": "el",
            "profile_photo_url": "https://lh5.googleusercontent.com/-NaOBY98DgE4/AAAAAAAAAAI/AAAAAAAAAAA/ACHi3re7w4JGExtQFWxuX9RHnh1Otc7MBA/s128-c0x00000000-cc-rp-mo-ba5/photo.jpg",
            "rating": 4,
            "relative_time_description": "2 months ago",
            "text": "\u03a0\u03bf\u03bb\u03cd \u03c9\u03c1\u03b1\u03af\u03bf\u03c2 \u03c7\u03ce\u03c1\u03bf\u03c2 \u03bf \u03bf\u03c0\u03bf\u03af\u03bf\u03c2 \u03b8\u03b1 \u03bc\u03c0\u03bf\u03c1\u03bf\u03cd\u03c3\u03b5 \u03bd\u03b1 \u03b1\u03be\u03b9\u03bf\u03c0\u03bf\u03b9\u03b7\u03b8\u03b5\u03af \u03c0\u03bf\u03bb\u03cd \u03ba\u03b1\u03bb\u03cd\u03c4\u03b5\u03c1\u03b1 \u03b1\u03c0\u03cc \u03c4\u03b9\u03c2 \u03b4\u03b7\u03bc\u03bf\u03c4\u03b9\u03ba\u03ad\u03c2 \u03c5\u03c0\u03b7\u03c1\u03b5\u03c3\u03af\u03b5\u03c2. \u039c\u03c0\u03bf\u03c1\u03bf\u03cd\u03bd \u03bd\u03b1 \u03b4\u03b9\u03b5\u03be\u03b1\u03c7\u03b8\u03bf\u03cd\u03bd \u03b1\u03ba\u03cc\u03bc\u03b7 \u03ba\u03b1\u03b9 \u03b5\u03ba\u03b4\u03b7\u03bb\u03ce\u03c3\u03b5\u03b9\u03c2 \u03b1\u03bb\u03bb\u03ac \u03b1\u03c0\u03b1\u03b9\u03c4\u03b5\u03af\u03c4\u03b1\u03b9 \u03bf\u03c1\u03b3\u03ac\u03bd\u03c9\u03c3\u03b7 \u03b1\u03c6\u03bf\u03cd \u03b4\u03b5\u03bd \u03c5\u03c0\u03ac\u03c1\u03c7\u03bf\u03c5\u03bd \u03bf\u03b9 \u03c0\u03b1\u03c1\u03bf\u03c7\u03ad\u03c2. \u03a4\u03ad\u03bb\u03bf\u03c2 \u03bc\u03b5\u03c4\u03ac \u03c4\u03b7 \u03b4\u03cd\u03c3\u03b7 \u03c4\u03bf\u03c5 \u03b7\u03bb\u03af\u03bf\u03c5 \u03b4\u03b5\u03bd \u03b1\u03bd\u03ac\u03b2\u03b5\u03b9 \u03ba\u03b1\u03bd\u03ad\u03bd\u03b1 \u03c6\u03c9\u03c2 \u03bc\u03b5 \u03b1\u03c0\u03bf\u03c4\u03ad\u03bb\u03b5\u03c3\u03bc\u03b1 \u03bd\u03b1 \u03bc\u03b7\u03bd \u03b5\u03af\u03bd\u03b1\u03b9 \u03b4\u03c5\u03bd\u03b1\u03c4\u03ae \u03b7 \u03c0\u03b1\u03c1\u03b1\u03bc\u03bf\u03bd\u03ae",
            "time": 1560320293
        }
    ],
    "type": "park"
}