{
    "id": "6954c92c83986b1ee8d84faac53e79dac3a542ee",
    "location": {
        "lat": 37.9761584,
        "lng": 23.7119754
    },
    "name": "Park Piraeus and Herakleidon",
    "rating": 3.3,
    "reviews": [
        {
            "author_name": "nikos kolokythas",
            "author_url": "https://www.google.com/maps/contrib/114652455425663378774/reviews",
            "language": "el",
            "profile_photo_url": "https://lh4.googleusercontent.com/-IWjjebqmSQE/AAAAAAAAAAI/AAAAAAAAAAA/ACHi3re4brEkm8BGW3qpU3LIFG9SiQ9e4Q/s128-c0x00000000-cc-rp-mo-ba4/photo.jpg",
            "rating": 2,
            "relative_time_description": "7 months ago",
            "text": "\u03a4\u03bf \u03c4\u03b9\u03c4\u03b1\u03bd\u03bf\u03c4\u03b5\u03c1\u03b1\u03c3\u03c4\u03b9\u03bf \u03c0\u03ac\u03c1\u03ba\u03bf",
            "time": 1546813885
        },
        {
            "author_name": "Yaroslav Yrievich",
            "author_url": "https://www.google.com/maps/contrib/113215425176838986945/reviews",
            "profile_photo_url": "https://lh3.googleusercontent.com/-NoeDrnprqyY/AAAAAAAAAAI/AAAAAAAADhM/EiRHGOFGIzo/s128-c0x00000000-cc-rp-mo-ba5/photo.jpg",
            "rating": 5,
            "relative_time_description": "5 months ago",
            "text": "",
            "time": 1551033970
        },
        {
            "author_name": "t. xh.",
            "author_url": "https://www.google.com/maps/contrib/102158324342142192284/reviews",
            "profile_photo_url": "https://lh5.googleusercontent.com/-OdPIguAfudA/AAAAAAAAAAI/AAAAAAAAAHc/h0nk-mI_Xg4/s128-c0x00000000-cc-rp-mo/photo.jpg",
            "rating": 3,
            "relative_time_description": "2 years ago",
            "text": "",
            "time": 1501609311
        }
    ],
    "type": "park"
}