{
    "id": "ae91f536c57161a4aff7b890d64c42ee345847c0",
    "location": {
        "lat": 37.9784584,
        "lng": 23.7229195
    },
    "name": "Great Escape Rooms",
    "rating": 4.7,
    "reviews": [
        {
            "author_name": "Santiago",
            "author_url": "https://www.google.com/maps/contrib/103887365787532747144/reviews",
            "language": "en",
            "profile_photo_url": "https://lh6.googleusercontent.com/-sroT7Jyua_A/AAAAAAAAAAI/AAAAAAAAAAA/ACHi3re7XG70ErJhFwsEtbbpbRALsiL7Sg/s128-c0x00000000-cc-rp-mo-ba4/photo.jpg",
            "rating": 5,
            "relative_time_description": "3 months ago",
            "text": "Very centrally located Escape Room with several rooms. We played Guantanamo and Survivor. The first one is a rather classical prison themed escape room, which while really nicely done is more suitable for beginners and not so experienced escapers. Survivor on the other hand is a Top Room with a great actor, physical tasks and which you cannot miss if you are in Athens. It was definitely one of the highlights in the Athens Escape Room Trip.",
            "time": 1556464684
        },
        {
            "author_name": "Konstantinos Tsourapas",
            "author_url": "https://www.google.com/maps/contrib/108323746058925117722/reviews",
            "language": "en",
            "profile_photo_url": "https://lh3.googleusercontent.com/-8RHy8GHDL14/AAAAAAAAAAI/AAAAAAAAAKY/3kB60muQzjI/s128-c0x00000000-cc-rp-mo-ba3/photo.jpg",
            "rating": 5,
            "relative_time_description": "a month ago",
            "text": "Great rooms! Creative different concepts and very well planned escapes",
            "time": 1562495530
        },
        {
            "author_name": "Chris Mitsacopoulos",
            "author_url": "https://www.google.com/maps/contrib/100457633540414924868/reviews",
            "language": "en",
            "profile_photo_url": "https://lh3.googleusercontent.com/-W4Eh-cHv4wM/AAAAAAAAAAI/AAAAAAAAAAA/ACHi3rfoH4Cyrv2BLHPhH3XMr4NpjnB_TA/s128-c0x00000000-cc-rp-mo/photo.jpg",
            "rating": 5,
            "relative_time_description": "a month ago",
            "text": "Service was good, puzzles a bit easy but fun nonetheless. Recommended",
            "time": 1562553779
        },
        {
            "author_name": "veronica sommariva",
            "author_url": "https://www.google.com/maps/contrib/109475361174133252023/reviews",
            "language": "en",
            "profile_photo_url": "https://lh3.googleusercontent.com/-Q4LaaQ1VLCA/AAAAAAAAAAI/AAAAAAAAAAA/ACHi3reI_lrTxYs-H_rSk42qljOSKbrUqQ/s128-c0x00000000-cc-rp-mo-ba4/photo.jpg",
            "rating": 5,
            "relative_time_description": "2 months ago",
            "text": "Great experience! No spoilers, so just feel to say, if you like escape room and are in Athens, this is where you wanna go!",
            "time": 1560199791
        },
        {
            "author_name": "Mike Barnett",
            "author_url": "https://www.google.com/maps/contrib/112235206549369473506/reviews",
            "language": "en",
            "profile_photo_url": "https://lh3.googleusercontent.com/-6OGpcWVIs1I/AAAAAAAAAAI/AAAAAAAAAAA/ACHi3reS264O6b71zYGBnwNwbNGd1xLiXQ/s128-c0x00000000-cc-rp-mo/photo.jpg",
            "rating": 5,
            "relative_time_description": "3 months ago",
            "text": "So much darned fun. We escaped the pirate room (Escape the Kraken). Honestly this experience was one of the best for our family in Athens!",
            "time": 1555936496
        }
    ],
    "type": "point_of_interest"
}