{
    "id": "6919e3da049d4f0ec2104eeb0ebb023181d48393",
    "location": {
        "lat": 37.983005,
        "lng": 23.7146301
    },
    "name": "THEATRE VASILAKOU",
    "rating": 4.5,
    "reviews": [
        {
            "author_name": "nick ts",
            "author_url": "https://www.google.com/maps/contrib/118092988479956672157/reviews",
            "language": "en",
            "profile_photo_url": "https://lh3.googleusercontent.com/-0RhwdWXPOSw/AAAAAAAAAAI/AAAAAAAAAAA/ACHi3re5sGCyne8kQtUkSWlZbe3hHVMEXA/s128-c0x00000000-cc-rp-mo-ba2/photo.jpg",
            "rating": 4,
            "relative_time_description": "6 months ago",
            "text": "Nice, cozy theater. The play we saw was magnificent(Beauty and the Beast). All the cast was excellent. Congratulations!!!",
            "time": 1546796813
        },
        {
            "author_name": "Vasilis Prantzos",
            "author_url": "https://www.google.com/maps/contrib/103800746263629219973/reviews",
            "language": "en",
            "profile_photo_url": "https://lh6.googleusercontent.com/-L_mPPNOhmgs/AAAAAAAAAAI/AAAAAAABBKU/d17mmP1xmSc/s128-c0x00000000-cc-rp-mo-ba5/photo.jpg",
            "rating": 5,
            "relative_time_description": "4 months ago",
            "text": "This theater is recently renovated and looks very very nice!",
            "time": 1553990809
        },
        {
            "author_name": "Laurent de Giorgio",
            "author_url": "https://www.google.com/maps/contrib/115070384000691935049/reviews",
            "language": "en",
            "profile_photo_url": "https://lh4.googleusercontent.com/-5teEicDZdFE/AAAAAAAAAAI/AAAAAAAADEU/WWD-p-7pz-g/s128-c0x00000000-cc-rp-mo-ba4/photo.jpg",
            "rating": 5,
            "relative_time_description": "5 months ago",
            "text": "A wonderful place, multi-staged, in a spot where the city heart beats.",
            "time": 1549665111
        },
        {
            "author_name": "Rene Calvo",
            "author_url": "https://www.google.com/maps/contrib/105490710426655626169/reviews",
            "language": "en",
            "profile_photo_url": "https://lh5.googleusercontent.com/-jtaVEKuxVsE/AAAAAAAAAAI/AAAAAAAADRs/o_P9NmQgbuQ/s128-c0x00000000-cc-rp-mo-ba4/photo.jpg",
            "rating": 5,
            "relative_time_description": "5 months ago",
            "text": "Recently I went to see The Comedy of Interpretation (William Shakespeare\u2019s The Comedy of Errors) directed by Katerina Evangelatou at the New Theater of Katerina Vassilakou \n\nPeople said to me: Why are you going to see a play in Greek? Many reasons. I have been producing, directing, acting and writing for the theater and for film, since I can remember. It\u2019s right up there with hazy images of my mom and crawling among the dandelions. Greece is the home of theater. I have been told that there are over 100 small theater venues in Athens. The mere existence of that many theaters is a huge cultural achievement. \n\nI asked Greek friends for some recommendations. I wanted to see something highly visual (definitely not people sitting around in chairs). The Comedy of Interpretation was recommended. It was perfect not only because I was familiar with the story but the whole point of the piece is that you are supposed to be confused anyways. \n\nThe basis for the presentation is founded in the Commdia della arte of the 16th century. Commdia is a wildly comic form that Shakespeare was well familiar with and drew inspiration from. This was the perfect launching pad for Evangelatou\u2019s unbridled interpretation. The show begins in a blazing kaleidoscope of color. The actors are in whiteface with clown makeup drawn from the Italian tradition. The costumes brought to mind the designs of The Ballet Russes of the early 20th century, a kind of wearable architecture. The set is two bisecting mirrored walls with a revolving door in the middle. The entire structure spins and provides an unending sea of options for entrances and exits both true and false. The actors provide the sound effects, a panoply of bells, whistles, gongs, squawking horns and balloon farts. The sound design is a combination of the classic and the contemporary. It creates a digital frame that evokes the ages while rooting us in the present.\n\nEnglish speakers if you want to dip your toes into contemporary Greek culture this is the perfect entry point. If you are willing step slightly out of your comfort zone you will be rewarded. Before you go refamiliarize yourself with the plot. You will see some of the worlds most highly trained, skilled,inventive, actors and actresses. You will see the work of a brilliant young director who is destined for great things and you laugh like you never have before.",
            "time": 1550142409
        },
        {
            "author_name": "nikoletta papadopoulou",
            "author_url": "https://www.google.com/maps/contrib/116528823859294364633/reviews",
            "language": "en",
            "profile_photo_url": "https://lh5.googleusercontent.com/-S69vOzcF4lc/AAAAAAAAAAI/AAAAAAAAARE/efFepwTVmy8/s128-c0x00000000-cc-rp-mo-ba4/photo.jpg",
            "rating": 3,
            "relative_time_description": "4 months ago",
            "text": "the play we saw was quite good but the sitting was very uncomfortable and we felt tired",
            "time": 1552772062
        }
    ],
    "type": "point_of_interest"
}

