{
    "id": "560949cc1803ef1af049c6c031f67c5e02e1538a",
    "location": {
        "lat": 37.9742041,
        "lng": 23.7077421
    },
    "name": "Cinema Afroditi (Therinos)",
    "rating": 4,
    "reviews": [
        {
            "author_name": "Panagiotis Sepetadellis",
            "author_url": "https://www.google.com/maps/contrib/110542162219815546518/reviews",
            "language": "en",
            "profile_photo_url": "https://lh3.googleusercontent.com/--aJ65nslUa8/AAAAAAAAAAI/AAAAAAAAAAA/ACHi3rdN0cM4An8l6HVZ7QrAcNm3eNFX9g/s128-c0x00000000-cc-rp-mo-ba3/photo.jpg",
            "rating": 5,
            "relative_time_description": "7 months ago",
            "text": "No roof !!",
            "time": 1545389836
        },
        {
            "author_name": "Sokratis Diamantis",
            "author_url": "https://www.google.com/maps/contrib/103884367900423298066/reviews",
            "profile_photo_url": "https://lh3.googleusercontent.com/--CL43ARgRAc/AAAAAAAAAAI/AAAAAAAAW84/z68pzJteIC4/s128-c0x00000000-cc-rp-mo-ba4/photo.jpg",
            "rating": 5,
            "relative_time_description": "3 months ago",
            "text": "",
            "time": 1554665695
        },
        {
            "author_name": "MultiRapforever",
            "author_url": "https://www.google.com/maps/contrib/111685528723960414028/reviews",
            "profile_photo_url": "https://lh6.googleusercontent.com/-wKOI1hif7nU/AAAAAAAAAAI/AAAAAAAAABc/OVwCW1FRt-g/s128-c0x00000000-cc-rp-mo-ba3/photo.jpg",
            "rating": 2,
            "relative_time_description": "4 months ago",
            "text": "",
            "time": 1553671969
        },
        {
            "author_name": "Nick Fassb",
            "author_url": "https://www.google.com/maps/contrib/103710163708085939183/reviews",
            "profile_photo_url": "https://lh6.googleusercontent.com/-p9e13VaaB8g/AAAAAAAAAAI/AAAAAAAABzo/pj59uE2WyGs/s128-c0x00000000-cc-rp-mo/photo.jpg",
            "rating": 2,
            "relative_time_description": "6 months ago",
            "text": "",
            "time": 1547767755
        },
        {
            "author_name": "\u039a\u03c1\u03b9\u03ba\u03bf\u03c2 \u0399\u03c3\u03c7\u03c5\u03c1\u03bf\u03c2",
            "author_url": "https://www.google.com/maps/contrib/117740379050654302320/reviews",
            "profile_photo_url": "https://lh6.googleusercontent.com/-HwgYwrPGGiw/AAAAAAAAAAI/AAAAAAAAD80/p0fRgZldLkk/s128-c0x00000000-cc-rp-mo-ba5/photo.jpg",
            "rating": 5,
            "relative_time_description": "2 years ago",
            "text": "",
            "time": 1475204218
        }
    ],
    "type": "movie_theater"
}

