{
    "id": "ca5d07689f171193753f3ce985df61e0d4156b70",
    "location": {
        "lat": 37.9649351,
        "lng": 23.7299214
    },
    "name": "Cinemarian",
    "rating": 4.5,
    "reviews": [
        {
            "author_name": "Angeline Basuki",
            "author_url": "https://www.google.com/maps/contrib/101793005684197825222/reviews",
            "language": "en",
            "profile_photo_url": "https://lh4.googleusercontent.com/-4OOPwdAxSho/AAAAAAAAAAI/AAAAAAAAAH0/lviZf61RlBk/s128-c0x00000000-cc-rp-mo-ba4/photo.jpg",
            "rating": 4,
            "relative_time_description": "3 months ago",
            "text": "Nice small indie theater that screens old films",
            "time": 1555170076
        },
        {
            "author_name": "Ellie Space",
            "author_url": "https://www.google.com/maps/contrib/110581469152206052168/reviews",
            "language": "en",
            "profile_photo_url": "https://lh5.googleusercontent.com/-7aU11pkzD_4/AAAAAAAAAAI/AAAAAAAAAAA/ACHi3rcYGwrUG-rfcriC6oZyKAlw9aH0UA/s128-c0x00000000-cc-rp-mo-ba3/photo.jpg",
            "rating": 5,
            "relative_time_description": "2 years ago",
            "text": "Grear place for those who love cinema and documentaries ",
            "time": 1493633293
        },
        {
            "author_name": "Athina Kanellopoulou",
            "author_url": "https://www.google.com/maps/contrib/100742013122537070620/reviews",
            "language": "en",
            "profile_photo_url": "https://lh6.googleusercontent.com/-yquJIwMoNxw/AAAAAAAAAAI/AAAAAAAAG30/eT801yTa4S4/s128-c0x00000000-cc-rp-mo-ba4/photo.jpg",
            "rating": 4,
            "relative_time_description": "a year ago",
            "text": "A small cosy cinema",
            "time": 1508713714
        },
        {
            "author_name": "andreas qwazar",
            "author_url": "https://www.google.com/maps/contrib/112770864287654280977/reviews",
            "language": "el",
            "profile_photo_url": "https://lh6.googleusercontent.com/-Pq_fLvCKfCI/AAAAAAAAAAI/AAAAAAAAAAA/ACHi3rf04KuBgujfmexd5bvsA1Aw06fowg/s128-c0x00000000-cc-rp-mo-ba2/photo.jpg",
            "rating": 5,
            "relative_time_description": "2 months ago",
            "text": "\u0395\u03be\u03b1\u03b9\u03c1\u03b5\u03c4\u03b9\u03ba\u03cc \u03b3\u03b9\u03b1 \u03b5\u03ba\u03b8\u03ad\u03c3\u03b5\u03b9\u03c2 \u03ba\u03b1\u03b9 \u03bc\u03b1\u03b8\u03ae\u03bc\u03b1\u03c4\u03b1 \u03c6\u03c9\u03c4\u03bf\u03b3\u03c1\u03b1\u03c6\u03af\u03b1\u03c2, \u03b5\u03c0\u03af\u03c3\u03b7\u03c2 \u03c0\u03c1\u03bf\u03b2\u03bf\u03bb\u03ad\u03c2 \u03ba\u03b1\u03b9 \u03bc\u03b1\u03b8\u03ae\u03bc\u03b1\u03c4\u03b1 \u03ba\u03b9\u03bd\u03b7\u03bc\u03b1\u03c4\u03bf\u03b3\u03c1\u03ac\u03c6\u03bf\u03c5",
            "time": 1558863491
        },
        {
            "author_name": "Elsa Doxaki",
            "author_url": "https://www.google.com/maps/contrib/112169955024772538620/reviews",
            "language": "el",
            "profile_photo_url": "https://lh5.googleusercontent.com/-NpiQn1OXV3I/AAAAAAAAAAI/AAAAAAAAAAA/ACHi3rdqbE1xBB7X07oVKG9UXYSENAyKWw/s128-c0x00000000-cc-rp-mo-ba3/photo.jpg",
            "rating": 5,
            "relative_time_description": "3 months ago",
            "text": "\u03a0\u03b9\u03bf \u03bc\u03b9\u03ba\u03c1\u03cc \u03ba\u03b1\u03b9 \u03c0\u03b9\u03bf \u03ac\u03bd\u03b5\u03c4\u03bf \u03c3\u03b9\u03bd\u03b5\u03bc\u03ac \u03b4\u03b5\u03bd \u03ad\u03c7\u03c9 \u03be\u03b1\u03bd\u03b1\u03b4\u03b5\u03af! \u0395\u03af\u03bd\u03b1\u03b9 \u03b1\u03c0\u03bb\u03ac \u03c5\u03c0\u03ad\u03c1\u03bf\u03c7\u03bf \u03bb\u03b5\u03c2 \u03ba\u03b1\u03b9 \u03ad\u03c7\u03b5\u03b9 \u03c0\u03b1\u03b3\u03ce\u03c3\u03b5\u03b9 \u03bf \u03c7\u03b5\u03bf\u03bd\u03bf\u03c2!",
            "time": 1554975821
        }
    ],
    "type": "movie_theater"
}

