{
    "id": "92e63b7bd78811af262b480170ab62a9ac6fc587",
    "location": {
        "lat": 37.971239,
        "lng": 23.7376661
    },
    "name": "Cine Aegli Summer Cinema",
    "rating": 4.6,
    "reviews": [
        {
            "author_name": "Karitas",
            "author_url": "https://www.google.com/maps/contrib/117704577143118320336/reviews",
            "language": "en",
            "profile_photo_url": "https://lh3.googleusercontent.com/-0WFCXPRHta8/AAAAAAAAAAI/AAAAAAAAAAA/ACHi3rdUMaFnxoWU3HbXUO3NYEHiyZ4TLw/s128-c0x00000000-cc-rp-mo-ba4/photo.jpg",
            "rating": 5,
            "relative_time_description": "a month ago",
            "text": "This is one of Athens' nicest outdoor cinemas. Its spacious and comfy with easy access and valet parking is also available.  Here you will see new films and while you are at it you can have all sorts of drinks & snacks ... as well as a light meal with pretty decent hot dogs, homemade pizza slices and/ or grilled souvlaki. Actually I sometimes think people come to eat & drink rather than watch the movies!!! \ud83d\ude00\ud83d\ude0b\ud83d\ude00",
            "time": 1561965688
        },
        {
            "author_name": "Giannis Gouveris",
            "author_url": "https://www.google.com/maps/contrib/112155962043287370366/reviews",
            "language": "en",
            "profile_photo_url": "https://lh5.googleusercontent.com/-gZSKBvmNfjw/AAAAAAAAAAI/AAAAAAAAAFI/prgfB9iuVvI/s128-c0x00000000-cc-rp-mo-ba3/photo.jpg",
            "rating": 5,
            "relative_time_description": "11 months ago",
            "text": "Very nice high class people",
            "time": 1534769481
        },
        {
            "author_name": "Katerina Skroumpelou",
            "author_url": "https://www.google.com/maps/contrib/112960796342263849969/reviews",
            "language": "en",
            "profile_photo_url": "https://lh6.googleusercontent.com/-c8IpBb82V1s/AAAAAAAAAAI/AAAAAAAAzqc/ehALHtYMBR8/s128-c0x00000000-cc-rp-mo-ba5/photo.jpg",
            "rating": 5,
            "relative_time_description": "3 years ago",
            "text": "Very nice and historic open-air cinema. Wide selection of snacks, including tasty souvlaki! Romantic and nostalgic atmosphere!",
            "time": 1454583869
        },
        {
            "author_name": "Eleni Skoutelaki",
            "author_url": "https://www.google.com/maps/contrib/107124798918086952155/reviews",
            "language": "el",
            "profile_photo_url": "https://lh6.googleusercontent.com/-1LuCPWF-TzM/AAAAAAAAAAI/AAAAAAAAHik/16BTvu96avo/s128-c0x00000000-cc-rp-mo-ba4/photo.jpg",
            "rating": 3,
            "relative_time_description": "a month ago",
            "text": "\u0391\u03ba\u03c1\u03b9\u03b2\u03ad\u03c2 \u03c4\u03b9\u03bc\u03ad\u03c2 \u03c3\u03c4\u03bf \u03ba\u03c5\u03bb\u03b9\u03ba\u03b5\u03af\u03bf' \u03ae\u03c1\u03b8\u03b1\u03bc\u03b5 \u03c3\u03b5 \u03c0\u03c1\u03b5\u03bc\u03b9\u03ad\u03c1\u03b1 \u03b5\u03c5\u03c4\u03c5\u03c7\u03ce\u03c2 . . .  \u03a9\u03c1\u03b1\u03af\u03bf\u03c2 \u03c7\u03ce\u03c1\u03bf\u03c2 \u03b1\u03bb\u03bb\u03ac \u03c5\u03c0\u03ac\u03c1\u03c7\u03bf\u03c5\u03bd \u03c0\u03bf\u03bb\u03cd \u03c0\u03b9\u03bf \u03cc\u03bc\u03bf\u03c1\u03c6\u03b1 \u03b8\u03b5\u03c1\u03b9\u03bd\u03ac \u03ba\u03b1\u03b9 \u03bf\u03b9\u03ba\u03bf\u03bd\u03bf\u03bc\u03b9\u03ba\u03cc\u03c4\u03b5\u03c1\u03b1 !",
            "time": 1559757049
        },
        {
            "author_name": "gary sym",
            "author_url": "https://www.google.com/maps/contrib/116158861108489201710/reviews",
            "language": "el",
            "profile_photo_url": "https://lh4.googleusercontent.com/-d0funF78bLA/AAAAAAAAAAI/AAAAAAAAAAA/ACHi3rdp61q0Y8ngZlnm77_7hX2-hUVqnw/s128-c0x00000000-cc-rp-mo-ba3/photo.jpg",
            "rating": 4,
            "relative_time_description": "3 weeks ago",
            "text": "\u03a9\u03c1\u03b1\u03b9\u03bf\u03c2 \u03ba\u03b9\u03bd\u03b7\u03bc\u03b1\u03c4\u03bf\u03b3\u03c1\u03ac\u03c6\u03bf\u03c2 \u03c3\u03b5 \u03c9\u03c1\u03b1\u03af\u03b1 \u03c4\u03bf\u03c0\u03bf\u03b8\u03b5\u03c3\u03af\u03b1 \u03bc\u03b5 \u03c4\u03c1\u03b1\u03c0\u03b5\u03b6\u03ac\u03ba\u03b9\u03b1 \u03ba\u03b1\u03b9 \u03ba\u03b1\u03c1\u03ad\u03ba\u03bb\u03b5\u03c2 \u03b1\u03ba\u03c1\u03b9\u03b2\u03ce\u03c2 \u03b4\u03af\u03c0\u03bb\u03b1 \u03c3\u03c4\u03bf \u0396\u03ac\u03c0\u03c0\u03b5\u03b9\u03bf.",
            "time": 1562319417
        }
    ],
    "type": "movie_theater"
}

