{
    "id": "1858a81025a83cb9f3c15e6562bb42c09d6f5c9c",
    "location": {
        "lat": 38.0031439,
        "lng": 23.7309064
    },
    "name": "cine studio",
    "rating": 4,
    "reviews": [
        {
            "author_name": "Nawzad.81naw",
            "author_url": "https://www.google.com/maps/contrib/108768356006380885892/reviews",
            "language": "en",
            "profile_photo_url": "https://lh3.googleusercontent.com/-yzBwwEmT3AY/AAAAAAAAAAI/AAAAAAAAOgo/StyBVfLEp7Q/s128-c0x00000000-cc-rp-mo-ba3/photo.jpg",
            "rating": 3,
            "relative_time_description": "a month ago",
            "text": "Good \ud83c\uddec\ud83c\uddf7\ud83d\udc4d",
            "time": 1560527730
        },
        {
            "author_name": "Webora Develop 4 you",
            "author_url": "https://www.google.com/maps/contrib/114288242855524817254/reviews",
            "language": "en",
            "profile_photo_url": "https://lh5.googleusercontent.com/-U13jnXSy0bA/AAAAAAAAAAI/AAAAAAAABIU/zpbc-KZzFxQ/s128-c0x00000000-cc-rp-mo-ba2/photo.jpg",
            "rating": 5,
            "relative_time_description": "5 months ago",
            "text": "Excellent place. Warm people",
            "time": 1550406044
        },
        {
            "author_name": "altayeb hamdan ahmed",
            "author_url": "https://www.google.com/maps/contrib/117043732128379386876/reviews",
            "language": "en",
            "profile_photo_url": "https://lh6.googleusercontent.com/-so-cOr8Yy00/AAAAAAAAAAI/AAAAAAAAOiM/0rVNQLy1H4M/s128-c0x00000000-cc-rp-mo/photo.jpg",
            "rating": 5,
            "relative_time_description": "3 months ago",
            "text": "Hotel free good",
            "time": 1556776042
        },
        {
            "author_name": "Michael Chatzianastassiou",
            "author_url": "https://www.google.com/maps/contrib/118242465124384591523/reviews",
            "language": "en",
            "profile_photo_url": "https://lh3.googleusercontent.com/-oYritqCno-8/AAAAAAAAAAI/AAAAAAAAAAA/ACHi3reG_doFmwK8UZ3ON4Jsozn5kBEGQQ/s128-c0x00000000-cc-rp-mo-ba4/photo.jpg",
            "rating": 3,
            "relative_time_description": "6 months ago",
            "text": "Good studio",
            "time": 1547335496
        },
        {
            "author_name": "Fotis Mats",
            "author_url": "https://www.google.com/maps/contrib/109532544847770899454/reviews",
            "language": "el",
            "profile_photo_url": "https://lh6.googleusercontent.com/-U7IU7F-tjrg/AAAAAAAAAAI/AAAAAAAAAAA/ACHi3rcl_yYYjQw04BiiD35vtt_cJ1JVpg/s128-c0x00000000-cc-rp-mo-ba3/photo.jpg",
            "rating": 1,
            "relative_time_description": "8 months ago",
            "text": "\u039f\u03cd\u03c4\u03b5 \u03ba\u03b1\u03bd \u03bf \u03ba\u03bf\u03cd\u03ba\u03bf\u03c2 \u03bc\u03ad\u03c3\u03b1 \u03c3\u03c4\u03bf\u03c5\u03c2 3 \u03c5\u03c0\u03b1\u03bb\u03bb\u03ae\u03bb\u03bf\u03c5\u03c2",
            "time": 1542136300
        }
    ],
    "type":"movie_theater"
}

