{
    "id": "e8f97f1f2c115324dde14fae6f139cbe16c69416",
    "location": {
        "lat": 37.9543875,
        "lng": 23.7369256
    },
    "name": "\u039d\u0391\u039d\u0391 Cinemax Cyta",
    "rating": 4.5,
    "reviews": [
        {
            "author_name": "Evgenia Kontopoulou",
            "author_url": "https://www.google.com/maps/contrib/118312472713035613460/reviews",
            "language": "en",
            "profile_photo_url": "https://lh4.googleusercontent.com/-4Sw3UJVBPHk/AAAAAAAAAAI/AAAAAAAAAUc/3Ge2pG6Oxkg/s128-c0x00000000-cc-rp-mo-ba5/photo.jpg",
            "rating": 4,
            "relative_time_description": "6 months ago",
            "text": "Nice cinema. Convenient location (just in the middle of two metro stations).There's also a parking space if you decide to go by car. However, it might get very busy during weekends. Very comfortable seats and friendly staff. 2 for 1 offers on Wednesdays and Thursdays.And there is still a small break in the middle of each film :)",
            "time": 1546792829
        },
        {
            "author_name": "Panos Moros",
            "author_url": "https://www.google.com/maps/contrib/117441683701716143693/reviews",
            "language": "en",
            "profile_photo_url": "https://lh4.googleusercontent.com/-z9KIooU82u0/AAAAAAAAAAI/AAAAAAAAAAA/ACHi3reI66WPwLN9V6_qmXWo2r6o_sql1A/s128-c0x00000000-cc-rp-mo-ba3/photo.jpg",
            "rating": 5,
            "relative_time_description": "2 months ago",
            "text": "Very nice place for a cinema plus every Wednesday 1+1 ticket in price of one , sms-free",
            "time": 1558564479
        },
        {
            "author_name": "PGeorge 1",
            "author_url": "https://www.google.com/maps/contrib/110607217933301931541/reviews",
            "language": "en",
            "profile_photo_url": "https://lh5.googleusercontent.com/-7sV4951dDzA/AAAAAAAAAAI/AAAAAAAAAjg/ZtTiKbPic0s/s128-c0x00000000-cc-rp-mo-ba2/photo.jpg",
            "rating": 5,
            "relative_time_description": "2 months ago",
            "text": "Very good cinema has alot of cinema rooms which means that it can play alot of movies at the same time. It has breaks on every movie (in the middle of the movie at a good spot).",
            "time": 1556811060
        },
        {
            "author_name": "Alexandros Marios Economopoulos",
            "author_url": "https://www.google.com/maps/contrib/111972203262942163450/reviews",
            "language": "en",
            "profile_photo_url": "https://lh4.googleusercontent.com/-C3z0jLRdsOM/AAAAAAAAAAI/AAAAAAAAALQ/sxRyp9I9yP8/s128-c0x00000000-cc-rp-mo-ba2/photo.jpg",
            "rating": 5,
            "relative_time_description": "8 months ago",
            "text": "Really nice cinema with great offers on Wednesdays and Thursdays despite the fact that is not as big as other franchise cinemas. They still keep the break in the middle that I actually enjoy. Good overall experience!",
            "time": 1542058256
        },
        {
            "author_name": "Christos Stavropoulos",
            "author_url": "https://www.google.com/maps/contrib/118338027229994305073/reviews",
            "language": "en",
            "profile_photo_url": "https://lh5.googleusercontent.com/-S384G6DIHH8/AAAAAAAAAAI/AAAAAAAAAAA/ACHi3rd1NlCrAOkXZsd15rRHrDLeBPkGTg/s128-c0x00000000-cc-rp-mo-ba3/photo.jpg",
            "rating": 3,
            "relative_time_description": "3 months ago",
            "text": "Nice neighbourhood cinema with more than one theaters, near the metro station. Not too crowdy",
            "time": 1554880892
        }
    ],
    "type": "movie_theater"
}

