{
    "id": "59233ac072fe8d906d99f94cca53abdc7dfe38ee",
    "location": {
        "lat": 37.98687899999999,
        "lng": 23.758369
    },
    "name": "NIPBANA 1&2 Cinemax",
    "rating": 4.5,
    "reviews": [
        {
            "author_name": "Arria Na",
            "author_url": "https://www.google.com/maps/contrib/117179107041956966959/reviews",
            "language": "en",
            "profile_photo_url": "https://lh6.googleusercontent.com/-vD3HZXXDRew/AAAAAAAAAAI/AAAAAAAAAC0/XBPEorTTH9A/s128-c0x00000000-cc-rp-mo-ba4/photo.jpg",
            "rating": 5,
            "relative_time_description": "7 months ago",
            "text": "The most comfortable seats you can find in an alternative cinema!",
            "time": 1545509743
        },
        {
            "author_name": "Christos Kapatos",
            "author_url": "https://www.google.com/maps/contrib/106405930231354603518/reviews",
            "language": "en",
            "profile_photo_url": "https://lh3.googleusercontent.com/-VsKBRE_96cY/AAAAAAAAAAI/AAAAAAAAAJ8/HyFcCiHUM14/s128-c0x00000000-cc-rp-mo-ba4/photo.jpg",
            "rating": 5,
            "relative_time_description": "6 months ago",
            "text": "Nice cinema, very helpful staff.",
            "time": 1549153112
        },
        {
            "author_name": "KONSTANTINOS K",
            "author_url": "https://www.google.com/maps/contrib/108238799663097991119/reviews",
            "language": "en",
            "profile_photo_url": "https://lh4.googleusercontent.com/-cWj_6QXm7ZY/AAAAAAAAAAI/AAAAAAAAry0/mM2v8jByEp0/s128-c0x00000000-cc-rp-mo-ba5/photo.jpg",
            "rating": 5,
            "relative_time_description": "8 months ago",
            "text": "Nice cinema. Recently renovated.",
            "time": 1544169449
        },
        {
            "author_name": "Nicolas Protonotarios",
            "author_url": "https://www.google.com/maps/contrib/102550344311546796874/reviews",
            "language": "en",
            "profile_photo_url": "https://lh3.googleusercontent.com/-na_4xdjAT-A/AAAAAAAAAAI/AAAAAAAAAQ4/imxlAX9tqR8/s128-c0x00000000-cc-rp-mo-ba3/photo.jpg",
            "rating": 5,
            "relative_time_description": "4 months ago",
            "text": "Excellent in every way",
            "time": 1552329378
        },
        {
            "author_name": "Carito Anieles",
            "author_url": "https://www.google.com/maps/contrib/111528204711883736393/reviews",
            "language": "en",
            "profile_photo_url": "https://lh4.googleusercontent.com/-vDCxl6euqTM/AAAAAAAAAAI/AAAAAAAAAAA/ACHi3rd3dxOJh0i5A0KMI0ESztR-9fouVw/s128-c0x00000000-cc-rp-mo-ba2/photo.jpg",
            "rating": 4,
            "relative_time_description": "9 months ago",
            "text": "It's nice I like it the place the only thing that I didn't like it was the distribution of the seats you have exactly in front of you the heads of the people in front and you cannot see well the screen.",
            "time": 1540488904
        }
    ],
    "type": "movie_theater"
}

