{
    "id": "3b4b71772354aa9a7a6361a48b16256e8c68a92f",
    "location": {
        "lat": 37.9780834,
        "lng": 23.7317767
    },
    "name": "Mousouri Theatre",
    "rating": 4.3,
    "reviews": [
        {
            "author_name": "Alexia Mei",
            "author_url": "https://www.google.com/maps/contrib/111742553951224426274/reviews",
            "language": "en",
            "profile_photo_url": "https://lh4.googleusercontent.com/-wqAiI_YFY1k/AAAAAAAAAAI/AAAAAAAAIH4/XxVgab-au-Y/s128-c0x00000000-cc-rp-mo-ba5/photo.jpg",
            "rating": 5,
            "relative_time_description": "7 months ago",
            "text": "I watched a comedy by a British author.  The two main actors were really funny, the set was beautiful. Well worth going.",
            "time": 1546127126
        },
        {
            "author_name": "Alexandra Karafoti",
            "author_url": "https://www.google.com/maps/contrib/113195658710171659872/reviews",
            "language": "en",
            "profile_photo_url": "https://lh6.googleusercontent.com/-0U_RPs97dZk/AAAAAAAAAAI/AAAAAAAAAkI/bWeBYajKous/s128-c0x00000000-cc-rp-mo-ba3/photo.jpg",
            "rating": 3,
            "relative_time_description": "5 months ago",
            "text": "Nice but small.",
            "time": 1551337479
        },
        {
            "author_name": "Zwhs Karapatis",
            "author_url": "https://www.google.com/maps/contrib/105482911495098590174/reviews",
            "language": "en",
            "profile_photo_url": "https://lh5.googleusercontent.com/-ifKP1xNpuWM/AAAAAAAAAAI/AAAAAAAAACY/ibp_NH5V2KU/s128-c0x00000000-cc-rp-mo-ba4/photo.jpg",
            "rating": 4,
            "relative_time_description": "7 months ago",
            "text": "Kind and helpful stuff,easy to find,parking is considered difficult at the centre of the city in general.",
            "time": 1546795184
        },
        {
            "author_name": "nikoletta papadopoulou",
            "author_url": "https://www.google.com/maps/contrib/116528823859294364633/reviews",
            "language": "en",
            "profile_photo_url": "https://lh5.googleusercontent.com/-S69vOzcF4lc/AAAAAAAAAAI/AAAAAAAAARE/efFepwTVmy8/s128-c0x00000000-cc-rp-mo-ba4/photo.jpg",
            "rating": 4,
            "relative_time_description": "8 months ago",
            "text": "I love the main actors Filipidis and Haikalis- I'm a big fan. The play wich I would translate to \"lie after lie\" not so much. It's o.k though; I've been there before and I will continue to visit",
            "time": 1543955669
        },
        {
            "author_name": "Dimitris Dritsas",
            "author_url": "https://www.google.com/maps/contrib/104376627908998179319/reviews",
            "language": "en",
            "profile_photo_url": "https://lh5.googleusercontent.com/-n0zCSG3YmaQ/AAAAAAAAAAI/AAAAAAAAAPQ/x14K9kcK1cs/s128-c0x00000000-cc-rp-mo-ba3/photo.jpg",
            "rating": 4,
            "relative_time_description": "7 months ago",
            "text": "Small but very cozy",
            "time": 1545323772
        }
    ],
    "type": "point_of_interest"
}

