{
    "id": "5d44a6af17bc7aeea4d32db156ee0dabd8f6a3ad",
    "location": {
        "lat": 37.9821779,
        "lng": 23.7335647
    },
    "name": "Odeon Opera",
    "rating": 4,
    "reviews": [
        {
            "author_name": "John Apostolakis",
            "author_url": "https://www.google.com/maps/contrib/111377161290705198909/reviews",
            "language": "en",
            "profile_photo_url": "https://lh5.googleusercontent.com/-VS4uRkNB_lg/AAAAAAAAAAI/AAAAAAAAAHM/6NS7mBKmgIk/s128-c0x00000000-cc-rp-mo-ba3/photo.jpg",
            "rating": 4,
            "relative_time_description": "3 months ago",
            "text": "Modern seating, very good sound, and a long viewing room, with a shallow curve",
            "time": 1555711051
        },
        {
            "author_name": "Konstantinos S",
            "author_url": "https://www.google.com/maps/contrib/113584549803077725384/reviews",
            "language": "en",
            "profile_photo_url": "https://lh6.googleusercontent.com/-eIPzgBt-KAc/AAAAAAAAAAI/AAAAAAAAAQ8/UiOylrVMC7Q/s128-c0x00000000-cc-rp-mo/photo.jpg",
            "rating": 4,
            "relative_time_description": "3 months ago",
            "text": "Nice hall, but too many advertisements before the movie.",
            "time": 1553756992
        },
        {
            "author_name": "Natassa Manitsa",
            "author_url": "https://www.google.com/maps/contrib/102469320080221165799/reviews",
            "language": "en",
            "profile_photo_url": "https://lh5.googleusercontent.com/-jzonK6nHwNg/AAAAAAAAAAI/AAAAAAAAC1g/n_theh0PC_Y/s128-c0x00000000-cc-rp-mo-ba5/photo.jpg",
            "rating": 4,
            "relative_time_description": "4 months ago",
            "text": "All time classic central cinema",
            "time": 1553168027
        },
        {
            "author_name": "Yiannis Gavras",
            "author_url": "https://www.google.com/maps/contrib/101167125212183510205/reviews",
            "language": "en",
            "profile_photo_url": "https://lh3.googleusercontent.com/-nVjOHekEJZY/AAAAAAAAAAI/AAAAAAAAANI/u8aS4jlfspQ/s128-c0x00000000-cc-rp-mo-ba3/photo.jpg",
            "rating": 3,
            "relative_time_description": "4 months ago",
            "text": "\u0391 big decent cinema",
            "time": 1551770863
        },
        {
            "author_name": "Flame Entertainment",
            "author_url": "https://www.google.com/maps/contrib/105312534759691264211/reviews",
            "language": "en",
            "profile_photo_url": "https://lh4.googleusercontent.com/-Z0TJFxqxkxE/AAAAAAAAAAI/AAAAAAAACpI/FH7K-OOhiV0/s128-c0x00000000-cc-rp-mo/photo.jpg",
            "rating": 5,
            "relative_time_description": "a year ago",
            "text": "Great variety of Oriental food. Creative sushi. Delicious.  Warm service.",
            "time": 1517035685
        }
    ],
    "type": "movie_theater"
}

