{
    "id": "ec5c7cc8a76a788071ae9ed06542a993fcadfe34",
    "location": {
        "lat": 37.9797963,
        "lng": 23.7325438
    },
    "name": "\u039a\u03b9\u03bd\u03b7\u03bc\u03b1\u03c4\u03bf\u03b3\u03c1\u03ac\u03c6\u03bf\u03c2 \u0391\u03a3\u03a4\u03a5",
    "rating": 4.3,
    "reviews": [
        {
            "author_name": "Marios",
            "author_url": "https://www.google.com/maps/contrib/116831251189508102169/reviews",
            "language": "en",
            "profile_photo_url": "https://lh3.googleusercontent.com/-UP9-KqLekis/AAAAAAAAAAI/AAAAAAAAAAA/ACHi3rdN3qdyYwfFaG0vlSk4SvpxtHUt2w/s128-c0x00000000-cc-rp-mo-ba4/photo.jpg",
            "rating": 5,
            "relative_time_description": "8 months ago",
            "text": "Great historical cinema located in the heart of Athens, bringing non-mainstream, usually awarded, films from all over the world. Moreover, every spring/summer the great Tainiorama festival takes place, usually showing 3 classical or recent quality pictures, every day. It is also quite affordable.",
            "time": 1542478900
        },
        {
            "author_name": "Christina Met",
            "author_url": "https://www.google.com/maps/contrib/101655625150831082608/reviews",
            "language": "en",
            "profile_photo_url": "https://lh4.googleusercontent.com/--XqgXm2xY3E/AAAAAAAAAAI/AAAAAAAAVrA/tJmt8_MINYA/s128-c0x00000000-cc-rp-mo-ba4/photo.jpg",
            "rating": 4,
            "relative_time_description": "10 months ago",
            "text": "One of the few cinemas that play good old movies all year long. Very nice space. The sound is a bit of a problem but I think it can be fixed. The tickets' price is normal. Also there is a collection of movie posters and some DVDs that are very cheap and very good!!",
            "time": 1537525856
        },
        {
            "author_name": "Kroister Dm",
            "author_url": "https://www.google.com/maps/contrib/106968994049484312303/reviews",
            "language": "en",
            "profile_photo_url": "https://lh3.googleusercontent.com/-8j27XaMFEM0/AAAAAAAAAAI/AAAAAAAAAAA/ACHi3rdvh_mYPZngqEO6Ma6yuCqOdNsTsw/s128-c0x00000000-cc-rp-mo-ba3/photo.jpg",
            "rating": 5,
            "relative_time_description": "5 months ago",
            "text": "Nice place for movies, drinks, snack, coffee! Sissy behind the bar exceptional!",
            "time": 1549954493
        },
        {
            "author_name": "\u03a7\u03c1\u03c5\u03c3\u03ac\u03bd\u03b8\u03b7 \u03a0\u03bf\u03bb\u03cd\u03b6\u03bf\u03c5",
            "author_url": "https://www.google.com/maps/contrib/117779531785885057009/reviews",
            "language": "en",
            "profile_photo_url": "https://lh5.googleusercontent.com/-0BjVFUQBl3s/AAAAAAAAAAI/AAAAAAAAF8E/sv-HiLgBrkE/s128-c0x00000000-cc-rp-mo-ba6/photo.jpg",
            "rating": 4,
            "relative_time_description": "8 months ago",
            "text": "A fine intellectual spot in the city centre with quality films",
            "time": 1542441830
        },
        {
            "author_name": "Dimitrios Adraktas",
            "author_url": "https://www.google.com/maps/contrib/113126414152665574287/reviews",
            "language": "en",
            "profile_photo_url": "https://lh3.googleusercontent.com/-YY15bvTfl2E/AAAAAAAAAAI/AAAAAAAAACw/LCE4UzrywN4/s128-c0x00000000-cc-rp-mo-ba3/photo.jpg",
            "rating": 5,
            "relative_time_description": "10 months ago",
            "text": "Art cinema. Renovated hall with Dolby sound.",
            "time": 1537990182
        }
    ],
    "type": "movie_theater"
}

