{
    "id": "947814466e721a375e946c826b9637f282d48bd7",
    "location": {
        "lat": 37.983323,
        "lng": 23.710841
    },
    "name": "Marima Ae - MULTIPLEX CULTURE - EVENTS - VOTANIKOS",
    "rating": 4.5,
    "reviews": [
        {
            "author_name": "Christina Gkaragkouni",
            "author_url": "https://www.google.com/maps/contrib/117804112669929002243/reviews",
            "language": "en",
            "profile_photo_url": "https://lh3.googleusercontent.com/-3pZwy7wpOKk/AAAAAAAAAAI/AAAAAAAAAAA/ACHi3re6cxO7XFZ6PSuvJDttBeUR9XmGHQ/s128-c0x00000000-cc-rp-mo-ba4/photo.jpg",
            "rating": 4,
            "relative_time_description": "4 months ago",
            "text": "It is a good place to organize events. I have been there once for company awards and another for a party. It is in a central place near metro station, but it doesn't have parking.",
            "time": 1554966302
        },
        {
            "author_name": "Paul Stafford",
            "author_url": "https://www.google.com/maps/contrib/112569570250839076723/reviews",
            "language": "en",
            "profile_photo_url": "https://lh3.googleusercontent.com/-5DxZJvKPJJk/AAAAAAAAAAI/AAAAAAAAAbE/COr_qVIm9PQ/s128-c0x00000000-cc-rp-mo-ba3/photo.jpg",
            "rating": 5,
            "relative_time_description": "5 months ago",
            "text": "Very nice theatre and location... my son, who watched a play there enjoyed it tremendously!",
            "time": 1550410529
        },
        {
            "author_name": "fotis fotis",
            "author_url": "https://www.google.com/maps/contrib/115041299343642435339/reviews",
            "language": "en",
            "profile_photo_url": "https://lh4.googleusercontent.com/-KrZahUoeYXU/AAAAAAAAAAI/AAAAAAAAAJo/RNtvAgB-ivo/s128-c0x00000000-cc-rp-mo-ba4/photo.jpg",
            "rating": 4,
            "relative_time_description": "5 months ago",
            "text": "pros: suitable place for dancing seminars.... convention...and large gatherings..\ncons: the floor isn't suitable for bachata salsa and sliding dancing moves , it isn't slippery ...bad for the knees",
            "time": 1550339261
        },
        {
            "author_name": "Panos Papadakis",
            "author_url": "https://www.google.com/maps/contrib/103952755609233519872/reviews",
            "language": "en",
            "profile_photo_url": "https://lh3.googleusercontent.com/-T5C7IHL61Y4/AAAAAAAAAAI/AAAAAAAAKzw/sKezyRAC0xk/s128-c0x00000000-cc-rp-mo-ba3/photo.jpg",
            "rating": 5,
            "relative_time_description": "2 months ago",
            "text": "Awesomely beautiful place",
            "time": 1558808523
        },
        {
            "author_name": "Irene Loli",
            "author_url": "https://www.google.com/maps/contrib/109496028469707865998/reviews",
            "language": "en",
            "profile_photo_url": "https://lh4.googleusercontent.com/-NadQ8bHdgnk/AAAAAAAAAAI/AAAAAAAADZU/7L8enLdtPqM/s128-c0x00000000-cc-rp-mo-ba3/photo.jpg",
            "rating": 5,
            "relative_time_description": "8 months ago",
            "text": "Perfect place for events! Clean cozy and nobby",
            "time": 1543738574
        }
    ],
    "type": "museum"
}