{
    "id": "0436a840e7166aa1f4ac3eb1e3a9485bb41b7999",
    "location": {
        "lat": 37.980241,
        "lng": 23.712638
    },
    "name": "tokyo theater Caramela Live",
    "rating": 4.2,
    "reviews": [
        {
            "author_name": "\u039d\u0399\u039a\u039f\u03a3 \u0393\u039a\u039f\u039b\u0395\u039c\u0397\u03a3",
            "author_url": "https://www.google.com/maps/contrib/113765130410777292263/reviews",
            "language": "en",
            "profile_photo_url": "https://lh3.googleusercontent.com/-SYylvLt3IRM/AAAAAAAAAAI/AAAAAAAAAAA/ACHi3rcdRS2ZMVDB975qyCR1ZfOZRPdD3g/s128-c0x00000000-cc-rp-mo-ba2/photo.jpg",
            "rating": 5,
            "relative_time_description": "4 months ago",
            "text": "The best club in athens perfect",
            "time": 1554350645
        },
        {
            "author_name": "N. Y.",
            "author_url": "https://www.google.com/maps/contrib/104736099035162129080/reviews",
            "language": "en",
            "profile_photo_url": "https://lh4.googleusercontent.com/-vfOYJxvGbI4/AAAAAAAAAAI/AAAAAAAAAAA/ACHi3rfXGt4zobRongpfYm9mqALgEgkDyQ/s128-c0x00000000-cc-rp-mo-ba4/photo.jpg",
            "rating": 5,
            "relative_time_description": "2 years ago",
            "text": "We love Caramela \u2764 great place to have fun, amazing show, fantastic!!",
            "time": 1477249993
        },
        {
            "author_name": "Celestial Ode",
            "author_url": "https://www.google.com/maps/contrib/103044045391821735690/reviews",
            "language": "en",
            "profile_photo_url": "https://lh6.googleusercontent.com/-SzSa6VmQ_0w/AAAAAAAAAAI/AAAAAAAAAIk/COZqJxpACks/s128-c0x00000000-cc-rp-mo-ba4/photo.jpg",
            "rating": 4,
            "relative_time_description": "3 years ago",
            "text": "Ok live stage if you like this kind of music ",
            "time": 1452945716
        },
        {
            "author_name": "Vangelis Tsaousopoulos",
            "author_url": "https://www.google.com/maps/contrib/112241822827115518485/reviews",
            "language": "en",
            "profile_photo_url": "https://lh4.googleusercontent.com/-l6Jh4cNoL3g/AAAAAAAAAAI/AAAAAAAAAC8/kI47aqSLnow/s128-c0x00000000-cc-rp-mo-ba4/photo.jpg",
            "rating": 5,
            "relative_time_description": "2 years ago",
            "text": "The best place for live music !",
            "time": 1476927004
        },
        {
            "author_name": "Aikaterini Tavoulari",
            "author_url": "https://www.google.com/maps/contrib/105530217142170308818/reviews",
            "language": "en",
            "profile_photo_url": "https://lh4.googleusercontent.com/-HpfzhJU0wKE/AAAAAAAAAAI/AAAAAAAAAMI/doDTMHPekag/s128-c0x00000000-cc-rp-mo-ba4/photo.jpg",
            "rating": 1,
            "relative_time_description": "3 years ago",
            "text": "Depends on what type of entertainment you mostly like or not. It's too noisy and too smoky.",
            "time": 1469355368
        }
    ],
    "type": "point_of_interest"
}