{
    "id": "7e8d371ac2a039f4fcdae56176c125d2a862232e",
    "location": {
        "lat": 37.96689,
        "lng": 23.7487852
    },
    "name": "VILLAGE CINEMAS",
    "rating": 3.8,
    "reviews": [
        {
            "author_name": "TYRANISTAR",
            "author_url": "https://www.google.com/maps/contrib/102377247213231233115/reviews",
            "language": "en",
            "profile_photo_url": "https://lh4.googleusercontent.com/-0P_rO-ygtXE/AAAAAAAAAAI/AAAAAAAAAAA/ACHi3rcAyDBsIucy8tdgmEiW6Lo9Lz0-ww/s128-c0x00000000-cc-rp-mo/photo.jpg",
            "rating": 1,
            "relative_time_description": "a week ago",
            "text": "Went there to see detective pikachu.  The sound of the movie theater was defective which ruined the whole experience... when i contacted the customer support of the company to explain the situation they said someone will get back to me.. A few weeks later and still no contact from anyone.. Don't recommend it...",
            "time": 1563034610
        },
        {
            "author_name": "chino chinerz",
            "author_url": "https://www.google.com/maps/contrib/108939069366039567645/reviews",
            "language": "en",
            "profile_photo_url": "https://lh3.googleusercontent.com/-CIaVHmFtbOA/AAAAAAAAAAI/AAAAAAAAARM/7eXASRnwu_k/s128-c0x00000000-cc-rp-mo-ba3/photo.jpg",
            "rating": 2,
            "relative_time_description": "3 months ago",
            "text": "Clean place, very friendly staff. Negative: there,s a huge brightly lit exit sign right next to the screens, its very distracting when watching a movie. I understand it is a mandated safety feature, but it could have been smaller and way less bright.",
            "time": 1555681409
        },
        {
            "author_name": "mindblown _",
            "author_url": "https://www.google.com/maps/contrib/100147247134339947337/reviews",
            "language": "en",
            "profile_photo_url": "https://lh4.googleusercontent.com/-6WNYdAp6OWQ/AAAAAAAAAAI/AAAAAAAAACk/no64vBT4O-8/s128-c0x00000000-cc-rp-mo-ba3/photo.jpg",
            "rating": 5,
            "relative_time_description": "2 months ago",
            "text": "Great service and tasty popcorn!",
            "time": 1558698219
        },
        {
            "author_name": "Maria Moira",
            "author_url": "https://www.google.com/maps/contrib/103651172749164414883/reviews",
            "language": "en",
            "profile_photo_url": "https://lh5.googleusercontent.com/-9fbGUk8z9WU/AAAAAAAAAAI/AAAAAAAADoE/U1AbDVSRFEk/s128-c0x00000000-cc-rp-mo-ba3/photo.jpg",
            "rating": 5,
            "relative_time_description": "5 months ago",
            "text": "Cozy cinema. Friendly staff. It was an amazing night movie. Thank you :)",
            "time": 1549889921
        },
        {
            "author_name": "Christos Kourampis",
            "author_url": "https://www.google.com/maps/contrib/104127493028483272904/reviews",
            "language": "en",
            "profile_photo_url": "https://lh4.googleusercontent.com/-wCzf6aDCijQ/AAAAAAAAAAI/AAAAAAAAABw/dnsfzaZ0SFk/s128-c0x00000000-cc-rp-mo-ba5/photo.jpg",
            "rating": 5,
            "relative_time_description": "5 months ago",
            "text": "Village cinemas has about ten huge theaters with a variety of movies everyday mostly supported by DolbyC. It's building is located into a beautiful area near outside of the town which is full of green line a park and next to it there are plenty of cafeterias to chill with lounge music and enjoy your drink. In the area there is also the popular fast food Goody's restaurant and the mega market Jumbo where you can shop toys and gifts. Worths it to visit it's totally fun. There is a parking lot inside and outside of the plant of that set of buildings  . When you visit you will surely feel like you be somewhere out of the city !",
            "time": 1548975996
        }
    ],
    "type": "movie_theater"
}

