{
    "id": "c929b994cd0f9513c509b35fac7d332f4c90703f",
    "location": {
        "lat": 37.9823818,
        "lng": 23.7313881
    },
    "name": "IDEAL",
    "rating": 4.5,
    "reviews": [
        {
            "author_name": "Angeline Basuki",
            "author_url": "https://www.google.com/maps/contrib/101793005684197825222/reviews",
            "language": "en",
            "profile_photo_url": "https://lh4.googleusercontent.com/-4OOPwdAxSho/AAAAAAAAAAI/AAAAAAAAAH0/lviZf61RlBk/s128-c0x00000000-cc-rp-mo-ba4/photo.jpg",
            "rating": 5,
            "relative_time_description": "3 months ago",
            "text": "Very nice theater. Huge and warm. Located in the center and close to 2 metro stations",
            "time": 1554962349
        },
        {
            "author_name": "Ioannis Petrou",
            "author_url": "https://www.google.com/maps/contrib/108041012952901604503/reviews",
            "language": "en",
            "profile_photo_url": "https://lh5.googleusercontent.com/-wEN_xGM0r7A/AAAAAAAAAAI/AAAAAAAAAAA/ACHi3rcbLmsjWMFOzCDzcU4qmF1k1uCgRw/s128-c0x00000000-cc-rp-mo-ba4/photo.jpg",
            "rating": 4,
            "relative_time_description": "3 months ago",
            "text": "Historic city center cinema, with a good selection of films.",
            "time": 1553885174
        },
        {
            "author_name": "warai otoko",
            "author_url": "https://www.google.com/maps/contrib/118129389065278154753/reviews",
            "language": "en",
            "profile_photo_url": "https://lh5.googleusercontent.com/-eit4LGwQJiI/AAAAAAAAAAI/AAAAAAAAACc/vBKFAjUAvdM/s128-c0x00000000-cc-rp-mo-ba3/photo.jpg",
            "rating": 5,
            "relative_time_description": "9 months ago",
            "text": "A beautiful and historic cinema, right at the heart of Athens, member of the Europa cinemas. It features only quality pictures and even world premiers of internationally famous directors such as Lars von Frier. Definitely worth a visit",
            "time": 1538866766
        },
        {
            "author_name": "Aggeliki Soulioti",
            "author_url": "https://www.google.com/maps/contrib/118079754797048139320/reviews",
            "language": "en",
            "profile_photo_url": "https://lh4.googleusercontent.com/-hNFK-lbt15c/AAAAAAAAAAI/AAAAAAAAAAA/ACHi3rc37XoO2-7SwQA0OFQqK4hF9e5DzQ/s128-c0x00000000-cc-rp-mo/photo.jpg",
            "rating": 5,
            "relative_time_description": "7 months ago",
            "text": "The best cinema theater in Athens from the artistic point of view.",
            "time": 1544349263
        },
        {
            "author_name": "Tarta Tourta",
            "author_url": "https://www.google.com/maps/contrib/111965932838715223964/reviews",
            "language": "en",
            "profile_photo_url": "https://lh3.googleusercontent.com/-ikIKYBUkR1Y/AAAAAAAAAAI/AAAAAAAAAxQ/PeitSlUANcI/s128-c0x00000000-cc-rp-mo-ba4/photo.jpg",
            "rating": 5,
            "relative_time_description": "8 months ago",
            "text": "Historic cinema in the center of Athens. Very big screen.",
            "time": 1541018580
        }
    ],
    "type": "movie_theater"
}

