{
    "id": "de653d7a44050feb1645b35a7ee4c2e1a5e6fe1d",
    "location": {
        "lat": 37.9644543,
        "lng": 23.7141411
    },
    "name": "Park",
    "rating": 5,
    "reviews": [
        {
            "author_name": "Panagiotis R",
            "author_url": "https://www.google.com/maps/contrib/104479829594450507096/reviews",
            "language": "el",
            "profile_photo_url": "https://lh3.googleusercontent.com/-BYGS0XtM6zU/AAAAAAAAAAI/AAAAAAAAABk/hPDPF6vxuQs/s128-c0x00000000-cc-rp-mo-ba4/photo.jpg",
            "rating": 5,
            "relative_time_description": "7 months ago",
            "text": "\u0388\u03bd\u03b1 \u03b3\u03c1\u03b1\u03c6\u03b9\u03ba\u03cc \u03c0\u03ac\u03c1\u03ba\u03bf \u03c3\u03c4\u03bf \u039a\u03bf\u03c5\u03ba\u03ac\u03ba\u03b9.",
            "time": 1546538867
        },
        {
            "author_name": "Ioannis Michos",
            "author_url": "https://www.google.com/maps/contrib/108798565992046391018/reviews",
            "profile_photo_url": "https://lh3.googleusercontent.com/-T0Xd-KeowZA/AAAAAAAAAAI/AAAAAAAAAAA/ACHi3rebelyxzvBeY4iUG3mLbh57i8VGDw/s128-c0x00000000-cc-rp-mo/photo.jpg",
            "rating": 5,
            "relative_time_description": "8 months ago",
            "text": "",
            "time": 1543082657
        },
        {
            "author_name": "\u03a4\u0391\u03a3\u039f\u03a3 \u03a0\u0391\u03a0\u0391\u039d\u0399\u039a\u039f\u03a3",
            "author_url": "https://www.google.com/maps/contrib/104519158964037931571/reviews",
            "profile_photo_url": "https://lh3.googleusercontent.com/-aMQfEyMhfcM/AAAAAAAAAAI/AAAAAAAAAR8/PPSNY2pLIWs/s128-c0x00000000-cc-rp-mo-ba3/photo.jpg",
            "rating": 5,
            "relative_time_description": "2 months ago",
            "text": "",
            "time": 1559220209
        }
    ],
    "type": "park"
}