{
    "id": "b0855390187f18d940f7a1027951c4978143566e",
    "location": {
        "lat": 37.9716455,
        "lng": 23.7042649
    },
    "name": "Pantheon Theater",
    "rating": 4.7,
    "reviews": [
        {
            "author_name": "\u0391\u0398. \u03a3\u039a\u039f\u039b\u0391\u03a1\u0399\u039a\u039f\u03a3",
            "author_url": "https://www.google.com/maps/contrib/112044205080977393219/reviews",
            "language": "en",
            "profile_photo_url": "https://lh4.googleusercontent.com/-azoEDhSuJnw/AAAAAAAAAAI/AAAAAAAAAK4/WC95T7nlwKY/s128-c0x00000000-cc-rp-mo-ba4/photo.jpg",
            "rating": 5,
            "relative_time_description": "4 months ago",
            "text": "Really nice place",
            "time": 1552168426
        },
        {
            "author_name": "4THECRAFT",
            "author_url": "https://www.google.com/maps/contrib/117655203261606171079/reviews",
            "language": "en",
            "profile_photo_url": "https://lh3.googleusercontent.com/-qxEZoga6LDw/AAAAAAAAAAI/AAAAAAAABTs/J9zvHuIQHmc/s128-c0x00000000-cc-rp-mo-ba3/photo.jpg",
            "rating": 5,
            "relative_time_description": "a year ago",
            "text": "Big place, good sound and lighting. God air-conditioning.",
            "time": 1519425314
        },
        {
            "author_name": "erni mave",
            "author_url": "https://www.google.com/maps/contrib/101173473841311166102/reviews",
            "language": "en",
            "profile_photo_url": "https://lh3.googleusercontent.com/-BFnTzFBNdts/AAAAAAAAAAI/AAAAAAAAAAA/ACHi3rdyphb0bCsgtY1JuqTqCQ4CPQfy7Q/s128-c0x00000000-cc-rp-mo-ba4/photo.jpg",
            "rating": 5,
            "relative_time_description": "a year ago",
            "text": "Remos remos remos... to whom it may want to be part of the Athenian night out with live greek music...",
            "time": 1518549839
        },
        {
            "author_name": "Eli Zilberman",
            "author_url": "https://www.google.com/maps/contrib/103631267315157760260/reviews",
            "language": "en",
            "profile_photo_url": "https://lh4.googleusercontent.com/-RWiympYxVxA/AAAAAAAAAAI/AAAAAAAERuU/tSJmQjiNaFA/s128-c0x00000000-cc-rp-mo-ba4/photo.jpg",
            "rating": 5,
            "relative_time_description": "a year ago",
            "text": "The name of the place is \u0391\u0398\u0397\u039d\u03a9\u039d \u0391\u03a1\u0395\u039d\u0391.... so please chanceit",
            "time": 1515510187
        },
        {
            "author_name": "Androulla Loizou",
            "author_url": "https://www.google.com/maps/contrib/107864068296814836885/reviews",
            "language": "en",
            "profile_photo_url": "https://lh5.googleusercontent.com/-IQxPJMyxrRA/AAAAAAAAAAI/AAAAAAAAAAA/ACHi3rdkKi1R-tljYegxdxbN5MzHH_Q2Eg/s128-c0x00000000-cc-rp-mo/photo.jpg",
            "rating": 5,
            "relative_time_description": "a year ago",
            "text": "Fantastic place to visit",
            "time": 1520854189
        }
    ],
    "type": "point_of_interest"
}

