{
    "id": "0e99c0f23f3db4b786ff20771e1f6e5eaaafffee",
    "location": {
        "lat": 37.9644444,
        "lng": 23.7541667
    },
    "name": "Laura Cinema (summer)",
    "rating": 4.5,
    "reviews": [
        {
            "author_name": "Alkman Granitsas",
            "author_url": "https://www.google.com/maps/contrib/110995035888366245168/reviews",
            "language": "en",
            "profile_photo_url": "https://lh6.googleusercontent.com/-nK3r1coZR_4/AAAAAAAAAAI/AAAAAAAAAAA/ACHi3rc6RQVLJWh6iLd05FsmgaLqK2Ce-Q/s128-c0x00000000-cc-rp-mo-ba3/photo.jpg",
            "rating": 4,
            "relative_time_description": "in the last week",
            "text": "A lovely outdoor, summer theater. One of the highlights of Athens.",
            "time": 1563951030
        },
        {
            "author_name": "christina chrisomallidou",
            "author_url": "https://www.google.com/maps/contrib/112999592905839488501/reviews",
            "language": "en",
            "profile_photo_url": "https://lh5.googleusercontent.com/-hsA9nkaFMXc/AAAAAAAAAAI/AAAAAAAAAHY/uFRiaWvFuqY/s128-c0x00000000-cc-rp-mo-ba4/photo.jpg",
            "rating": 5,
            "relative_time_description": "a year ago",
            "text": "Great summer cinema!",
            "time": 1503241490
        },
        {
            "author_name": "Valiousa Liouska",
            "author_url": "https://www.google.com/maps/contrib/106904858772684959854/reviews",
            "language": "el",
            "profile_photo_url": "https://lh3.googleusercontent.com/-Aw_6I-xsFR8/AAAAAAAAAAI/AAAAAAAAABc/V4S-frJDTvY/s128-c0x00000000-cc-rp-mo-ba4/photo.jpg",
            "rating": 5,
            "relative_time_description": "a month ago",
            "text": "\u0388\u03bd\u03b1 \u03c0\u03bf\u03bb\u03cd \u03cc\u03bc\u03bf\u03c1\u03c6\u03bf \u03ba\u03b1\u03b9 \u03bd\u03bf\u03c3\u03c4\u03b1\u03bb\u03b3\u03b9\u03ba\u03cc,  \u03c3\u03c5\u03bd\u03bf\u03b9\u03ba\u03b9\u03b1\u03ba\u03cc \u03b8\u03b5\u03c1\u03b9\u03bd\u03cc \u03c3\u03b9\u03bd\u03b5\u03bc\u03ac. \u03a4\u03b1 \u03b5\u03b9\u03c3\u03b9\u03c4\u03ae\u03c1\u03b9\u03b1 \u03b5\u03af\u03bd\u03b1\u03b9 \u03c3\u03c7\u03b5\u03c4\u03b9\u03ba\u03ac \u03c0\u03c1\u03bf\u03c3\u03b9\u03c4\u03ac \u03b1\u03c6\u03bf\u03cd \u0394\u03b5\u03c5\u03c4\u03ad\u03c1\u03b1 \u03ba\u03b1\u03b9 \u03a4\u03c1\u03af\u03c4\u03b7 \u03ad\u03c7\u03b5\u03b9 \u03c0\u03c1\u03bf\u03c3\u03c6\u03bf\u03c1\u03ac 2 \u03c3\u03c4\u03b7\u03bd \u03c4\u03b9\u03bc\u03ae \u03c4\u03bf\u03c5 \u03b5\u03bd\u03cc\u03c2. 7,5\u20ac \u03ba\u03b1\u03bd\u03bf\u03bd\u03b9\u03ba\u03cc, 6 \u03c6\u03bf\u03b9\u03c4\u03b7\u03c4\u03b9\u03ba\u03cc, 5 \u03b1\u03bd\u03ad\u03c1\u03b3\u03c9\u03bd. \u039f \u03c7\u03ce\u03c1\u03bf\u03c2 \u03c4\u03bf\u03c5 \u03b5\u03af\u03bd\u03b1\u03b9 \u03ba\u03b1\u03b8\u03b1\u03c1\u03cc\u03c2 \u03ba\u03b1\u03b9 \u03c4\u03b1\u03ba\u03c4\u03bf\u03c0\u03bf\u03b9\u03b7\u03bc\u03ad\u03bd\u03bf\u03c2. \u03a4\u03bf \u03ba\u03c5\u03bb\u03b9\u03ba\u03b5\u03af\u03bf \u03ad\u03c7\u03b5\u03b9 \u03bc\u03b5\u03b3\u03ac\u03bb\u03b7 \u03c0\u03bf\u03b9\u03ba\u03b9\u03bb\u03af\u03b1 \u03ba\u03b1\u03b9 \u03c6\u03c5\u03c3\u03b9\u03bf\u03bb\u03bf\u03b3\u03b9\u03ba\u03ad\u03c2 \u03c4\u03b9\u03bc\u03ad\u03c2.  \u039f\u03b9 \u03c4\u03b1\u03b9\u03bd\u03af\u03b5\u03c2 \u03c0\u03bf\u03c5 \u03c6\u03ad\u03c1\u03bd\u03b5\u03b9 \u03b5\u03af\u03bd\u03b1\u03b9 \u03c0\u03bf\u03b9\u03bf\u03c4\u03b9\u03ba\u03ad\u03c2 \u03ba\u03b1\u03b9 \u03b5\u03bc\u03c0\u03bf\u03c1\u03b9\u03ba\u03ad\u03c2 \u03c4\u03b1\u03c5\u03c4\u03cc\u03c7\u03c1\u03bf\u03bd\u03b1.  \u039f, \u03c4\u03b9 \u03c0\u03c1\u03ad\u03c0\u03b5\u03b9 \u03b3\u03b9\u03b1 \u03ad\u03bd\u03b1 \u03b5\u03c5\u03c7\u03ac\u03c1\u03b9\u03c3\u03c4\u03bf \u03b2\u03c1\u03ac\u03b4\u03c5.",
            "time": 1560805837
        },
        {
            "author_name": "Tony Geo",
            "author_url": "https://www.google.com/maps/contrib/111190413834253298744/reviews",
            "language": "el",
            "profile_photo_url": "https://lh6.googleusercontent.com/-SzO3DW4tsW8/AAAAAAAAAAI/AAAAAAAAAAw/ls_n6UKZydg/s128-c0x00000000-cc-rp-mo-ba3/photo.jpg",
            "rating": 5,
            "relative_time_description": "a month ago",
            "text": "\u039a\u03b1\u03c4\u03ac \u03c4\u03b7 \u03b4\u03b9\u03ac\u03c1\u03ba\u03b5\u03b9\u03b1 \u03bc\u03b9\u03b1\u03c2 \u03b2\u03cc\u03bb\u03c4\u03b1\u03c2 \u03bc\u03b5 \u03c4\u03b1 \u03c0\u03cc\u03b4\u03b9\u03b1 \u03c3\u03c4\u03b7\u03bd \u03c0\u03b5\u03c1\u03b9\u03bf\u03c7\u03ae \u039a\u03b1\u03b9\u03c3\u03b1\u03c1\u03b9\u03b1\u03bd\u03b7\u03c2 \u03a0\u03b1\u03b3\u03ba\u03c1\u03b1\u03c4\u03af\u03bf\u03c5 \u03b1\u03bd\u03b1\u03ba\u03b1\u03bb\u03cd\u03c8\u03b1\u03bc\u03b5 \u03c4\u03c5\u03c7\u03b1\u03af\u03b1 \u03c4\u03bf \u03c3\u03c5\u03b3\u03ba\u03b5\u03ba\u03c1\u03b9\u03bc\u03ad\u03bd\u03bf \u03b8\u03b5\u03c1\u03b9\u03bd\u03cc \u03c3\u03b9\u03bd\u03b5\u03bc\u03ac!\u0388\u03c0\u03b1\u03b9\u03b6\u03b5 \u03bc\u03b9\u03b1 \u03c0\u03b1\u03bb\u03b9\u03ac \u03ba\u03bb\u03b1\u03c3\u03b9\u03ba\u03ae \u03c4\u03b1\u03b9\u03bd\u03af\u03b1 \u03bf\u03c0\u03cc\u03c4\u03b5 \u03b1\u03c0\u03bf\u03c6\u03b1\u03c3\u03af\u03c3\u03b1\u03bc\u03b5 \u03bd\u03b1 \u03bc\u03c0\u03bf\u03cd\u03bc\u03b5!\u03a4\u03bf \u03c0\u03b5\u03c1\u03b9\u03b2\u03ac\u03bb\u03bb\u03bf\u03bd \u03b5\u03af\u03bd\u03b1\u03b9 \u03cc\u03c0\u03c9\u03c2 \u03c0\u03c1\u03ad\u03c0\u03b5\u03b9 \u03bd\u03b1 \u03b5\u03af\u03bd\u03b1\u03b9 \u03ad\u03bd\u03b1 \u03b8\u03b5\u03c1\u03b9\u03bd\u03cc \u03c3\u03b9\u03bd\u03b5\u03bc\u03ac \u03b5\u03bd\u03c9 \u03bc\u03b1\u03b6\u03af \u03bc\u03b5 \u03c4\u03b9\u03c2 \u03bc\u03c0\u03cd\u03c1\u03b5\u03c2 \u03c0\u03bf\u03c5 \u03ae\u03c0\u03b9\u03b1\u03bc\u03b5 \u03bc\u03b1\u03c2 \u03b5\u03b4\u03c9\u03c3\u03b1\u03bd \u03b4\u03c9\u03c1\u03b5\u03ac\u03bd \u03c0\u03bf\u03c0 \u03ba\u03bf\u03c1\u03bd!\u03c4\u03bf \u03c3\u03c5\u03c3\u03c4\u03ae\u03bd\u03c9 \u03b1\u03bd\u03b5\u03c0\u03b9\u03c6\u03cd\u03bb\u03b1\u03ba\u03c4\u03b1!",
            "time": 1560119657
        },
        {
            "author_name": "Andreas Androulakis",
            "author_url": "https://www.google.com/maps/contrib/111963859497261287207/reviews",
            "language": "el",
            "profile_photo_url": "https://lh6.googleusercontent.com/-ZLupDA0FlE4/AAAAAAAAAAI/AAAAAAAAQ1k/Gca1dy-u8a4/s128-c0x00000000-cc-rp-mo-ba5/photo.jpg",
            "rating": 5,
            "relative_time_description": "a month ago",
            "text": "\u03a6\u03c5\u03c3\u03ac\u03b5\u03b9 \u03c0\u03bf\u03bb\u03cd, \u03b1\u03ba\u03cc\u03bc\u03b1 \u03ba\u03b1\u03b9 \u03c4\u03bf \u03ba\u03b1\u03bb\u03bf\u03ba\u03b1\u03af\u03c1\u03b9. \u039d\u03b1 \u03c0\u03ac\u03c1\u03b5\u03c4\u03b5 \u03b6\u03b1\u03ba\u03ad\u03c4\u03b1. \u039d\u03b1 \u03c4\u03b7\u03bd \u03b1\u03ba\u03bf\u03cd\u03c4\u03b5 \u03c4\u03b7\u03bd \u03bc\u03b1\u03bc\u03ac.",
            "time": 1561812480
        }
    ],
    "type": "movie_theater"
}

