{
    "id": "44bf42b1d3c564eaf8834caebeb0d9e0c02475c1",
    "location": {
        "lat": 37.9879162,
        "lng": 23.7462458
    },
    "name": "Cinema Aavora",
    "rating": 4.4,
    "reviews": [
        {
            "author_name": "Georgios Glinos",
            "author_url": "https://www.google.com/maps/contrib/101549863708113289187/reviews",
            "language": "en",
            "profile_photo_url": "https://lh3.googleusercontent.com/-cBXPeqSGqpI/AAAAAAAAAAI/AAAAAAAAAAA/WGtlnxzKhd0/s128-c0x00000000-cc-rp-mo-ba6/photo.jpg",
            "rating": 5,
            "relative_time_description": "6 months ago",
            "text": "Amazing cinema theater, a part of the lively Athenian movie scene. If the movie is playing there, it's a great film",
            "time": 1547592427
        },
        {
            "author_name": "Ben Capon",
            "author_url": "https://www.google.com/maps/contrib/115630196467956146399/reviews",
            "language": "en",
            "profile_photo_url": "https://lh6.googleusercontent.com/-hiXXPSuDS88/AAAAAAAAAAI/AAAAAAAAUc8/rVHrnujgKbQ/s128-c0x00000000-cc-rp-mo-ba3/photo.jpg",
            "rating": 4,
            "relative_time_description": "6 months ago",
            "text": "A nostalgic film location for cinefil fans. Reminder of my younger days, visiting similar theaters with my parents.",
            "time": 1548372315
        },
        {
            "author_name": "Angeline Basuki",
            "author_url": "https://www.google.com/maps/contrib/101793005684197825222/reviews",
            "language": "en",
            "profile_photo_url": "https://lh4.googleusercontent.com/-4OOPwdAxSho/AAAAAAAAAAI/AAAAAAAAAH0/lviZf61RlBk/s128-c0x00000000-cc-rp-mo-ba4/photo.jpg",
            "rating": 4,
            "relative_time_description": "8 months ago",
            "text": "Nice cinema in neighborhood, they sell some old posters too.",
            "time": 1542587250
        },
        {
            "author_name": "Marilisa Totomi",
            "author_url": "https://www.google.com/maps/contrib/107734107207620410900/reviews",
            "language": "en",
            "profile_photo_url": "https://lh6.googleusercontent.com/-l6oJnVGTpiM/AAAAAAAAAAI/AAAAAAAAEbE/BAb5CoJmu9I/s128-c0x00000000-cc-rp-mo-ba3/photo.jpg",
            "rating": 5,
            "relative_time_description": "7 months ago",
            "text": "Perfect arthouse cinema with lovely hostess.",
            "time": 1545343497
        },
        {
            "author_name": "Vangelis Tsaklanos",
            "author_url": "https://www.google.com/maps/contrib/108887603173901316449/reviews",
            "language": "en",
            "profile_photo_url": "https://lh3.googleusercontent.com/-SIANYQVdj2A/AAAAAAAAAAI/AAAAAAAAG50/Z-CdCJhe83A/s128-c0x00000000-cc-rp-mo-ba5/photo.jpg",
            "rating": 5,
            "relative_time_description": "4 months ago",
            "text": "I love it.",
            "time": 1552734413
        }
    ],
    "type": "movie_theater"
    
}

