{
    "id": "9e358608c8b26435e12cc17e959b0cb4d1615319",
    "location": {
        "lat": 37.9776362,
        "lng": 23.7420941
    },
    "name": "Cinema Empassi",
    "rating": 3.4,
    "reviews": [
        {
            "author_name": "Bodyfull Bloodyfull",
            "author_url": "https://www.google.com/maps/contrib/109053410853436969531/reviews",
            "language": "en",
            "profile_photo_url": "https://lh3.googleusercontent.com/-mkif02mK2G0/AAAAAAAAAAI/AAAAAAAAqmo/GZXweTFuvLU/s128-c0x00000000-cc-rp-mo-ba4/photo.jpg",
            "rating": 4,
            "relative_time_description": "3 years ago",
            "text": "very nice cinema",
            "time": 1452187313
        },
        {
            "author_name": "Apostolos Laskaridis",
            "author_url": "https://www.google.com/maps/contrib/101268578015953578512/reviews",
            "language": "el",
            "profile_photo_url": "https://lh3.googleusercontent.com/-xBo0dd1r0iY/AAAAAAAAAAI/AAAAAAAAAE8/aZ_fYp1yGQU/s128-c0x00000000-cc-rp-mo-ba3/photo.jpg",
            "rating": 3,
            "relative_time_description": "a week ago",
            "text": "\u0391\u03a1\u03a7\u039f\u039d\u03a4\u0399\u0391!!",
            "time": 1563475567
        },
        {
            "author_name": "Tsiotsis Spiros",
            "author_url": "https://www.google.com/maps/contrib/103316638607741087983/reviews",
            "language": "el",
            "profile_photo_url": "https://lh3.googleusercontent.com/-EhhQJOHA9m4/AAAAAAAAAAI/AAAAAAAAAHM/wh1RKnZu1gU/s128-c0x00000000-cc-rp-mo-ba5/photo.jpg",
            "rating": 4,
            "relative_time_description": "5 months ago",
            "text": "\u03a9\u03c1\u03b1\u03af\u03b1 \u03b1\u03af\u03b8\u03bf\u03c5\u03c3\u03b1",
            "time": 1549586719
        },
        {
            "author_name": "Angeliki Sofia S Zoi",
            "author_url": "https://www.google.com/maps/contrib/107828246347445722970/reviews",
            "profile_photo_url": "https://lh6.googleusercontent.com/-AM_0uMfZTbs/AAAAAAAAAAI/AAAAAAAAIeQ/BK0izDkKGqU/s128-c0x00000000-cc-rp-mo-ba6/photo.jpg",
            "rating": 3,
            "relative_time_description": "6 months ago",
            "text": "",
            "time": 1548097008
        },
        {
            "author_name": "John Alexander Vassiliou",
            "author_url": "https://www.google.com/maps/contrib/105335649156374881738/reviews",
            "profile_photo_url": "https://lh3.googleusercontent.com/-xmw7HML6aQw/AAAAAAAAAAI/AAAAAAAAMFA/W09K52RFfXQ/s128-c0x00000000-cc-rp-mo/photo.jpg",
            "rating": 3,
            "relative_time_description": "3 years ago",
            "text": "",
            "time": 1446323607
        }
    ],
    "type": "movie_theater"
}

