{
    "id": "5447894a799860d3914dafad8c1d25b4a43f733a",
    "location": {
        "lat": 37.94661139999999,
        "lng": 23.7110635
    },
    "name": "Cinema Sporting 1 and 2",
    "rating": 4.2,
    "reviews": [
        {
            "author_name": "Dennis Hamilakis",
            "author_url": "https://www.google.com/maps/contrib/113337292876585821567/reviews",
            "language": "en",
            "profile_photo_url": "https://lh5.googleusercontent.com/-L-4cwr37vPQ/AAAAAAAAAAI/AAAAAAAABUA/DdZNAcxyOF8/s128-c0x00000000-cc-rp-mo-ba4/photo.jpg",
            "rating": 5,
            "relative_time_description": "a month ago",
            "text": "I WONDER WHATs ON FOR TOMORROW",
            "time": 1560677367
        },
        {
            "author_name": "\u03a7\u03c1\u03c5\u03c3\u03ac\u03bd\u03b8\u03b7 \u03a0\u03bf\u03bb\u03cd\u03b6\u03bf\u03c5",
            "author_url": "https://www.google.com/maps/contrib/117779531785885057009/reviews",
            "language": "en",
            "profile_photo_url": "https://lh5.googleusercontent.com/-0BjVFUQBl3s/AAAAAAAAAAI/AAAAAAAAF8E/sv-HiLgBrkE/s128-c0x00000000-cc-rp-mo-ba6/photo.jpg",
            "rating": 5,
            "relative_time_description": "5 months ago",
            "text": "Our only cinema in the winter for the suburb of Nea Smirni. We love it and we support it!\ud83d\ude09",
            "time": 1550448571
        },
        {
            "author_name": "Bill Papadodemas",
            "author_url": "https://www.google.com/maps/contrib/118088819401099195077/reviews",
            "language": "en",
            "profile_photo_url": "https://lh4.googleusercontent.com/-uoI38H7P0vg/AAAAAAAAAAI/AAAAAAAAHRQ/DQdl7_EGBpA/s128-c0x00000000-cc-rp-mo-ba3/photo.jpg",
            "rating": 5,
            "relative_time_description": "5 months ago",
            "text": "Good Cinema theater,  a good location.  Serves the public near Nea Smyrni.",
            "time": 1550575293
        },
        {
            "author_name": "Faidon Koutsias",
            "author_url": "https://www.google.com/maps/contrib/113647357934365332766/reviews",
            "language": "en",
            "profile_photo_url": "https://lh6.googleusercontent.com/-pS2WjIoE9Ok/AAAAAAAAAAI/AAAAAAAAFj0/mtpgbKrA2L0/s128-c0x00000000-cc-rp-mo-ba4/photo.jpg",
            "rating": 5,
            "relative_time_description": "8 months ago",
            "text": "I have been there many times. good",
            "time": 1542386642
        },
        {
            "author_name": "Michael Boufis",
            "author_url": "https://www.google.com/maps/contrib/108733033467755810499/reviews",
            "language": "en",
            "profile_photo_url": "https://lh5.googleusercontent.com/-_QtV1ihWQUQ/AAAAAAAAAAI/AAAAAAAAAAA/ACHi3re97McYpc4mlAgO-VlHEF__Xvc9yA/s128-c0x00000000-cc-rp-mo-ba3/photo.jpg",
            "rating": 4,
            "relative_time_description": "a year ago",
            "text": "Doesn't get 5 stars due to unnumbered seats. Otherwise very nice. Not like a multiplex but has other things to offer.",
            "time": 1519006486
        }
    ],
    "type": "movie_theater"
}

