{
    "id": "ca8f45b1a6efda9366f02f18bf292538feb4f500",
    "location": {
        "lat": 37.985966,
        "lng": 23.7612538
    },
    "name": "Cinema Athinaion 1 & 2",
    "rating": 4.5,
    "reviews": [
        {
            "author_name": "Nikko Atendido",
            "author_url": "https://www.google.com/maps/contrib/107955659606895666133/reviews",
            "language": "en",
            "profile_photo_url": "https://lh5.googleusercontent.com/-vn8WJ6_CpnI/AAAAAAAAAAI/AAAAAAAAAAg/CTESNzY4it0/s128-c0x00000000-cc-rp-mo/photo.jpg",
            "rating": 4,
            "relative_time_description": "2 weeks ago",
            "text": "Love this cinema. Giving break around half the movie so you can buy food and drinks and you can go to the toilet. The only thing is that the cinema closes during the summer and missing some good movies to show.",
            "time": 1562238924
        },
        {
            "author_name": "\u03a0\u03b1\u03bd\u03b1\u03b3\u03b9\u03c9\u03c4\u03b7\u03c2 \u03a3\u03ba\u03c5\u03c1\u03bb\u03b1\u03c2",
            "author_url": "https://www.google.com/maps/contrib/116943414217705449810/reviews",
            "language": "en",
            "profile_photo_url": "https://lh5.googleusercontent.com/-lnh2_uzstws/AAAAAAAAAAI/AAAAAAAABKE/ATbZ7ysNkEI/s128-c0x00000000-cc-rp-mo-ba2/photo.jpg",
            "rating": 2,
            "relative_time_description": "2 weeks ago",
            "text": "All the posters for the films are paintings! Amazing cinema\nHad to edit the review because I went to see Spiderman far from home and the A/C wasn't working so we had to watch the movie melting from the heat.Before the movie started I mentioned it to the supervisor and it was ok but after the break it was off again.And while I said it as I was leaving the place they didn't seem to care that much for that and they didn't even apologize.",
            "time": 1562796900
        },
        {
            "author_name": "john kyriazakos",
            "author_url": "https://www.google.com/maps/contrib/105909925889863237294/reviews",
            "language": "en",
            "profile_photo_url": "https://lh5.googleusercontent.com/-Xn2yXA_uqDM/AAAAAAAAAAI/AAAAAAAAAAA/ACHi3rczbXZnaP3ELphXiTcpUQ6dL66wIg/s128-c0x00000000-cc-rp-mo-ba4/photo.jpg",
            "rating": 5,
            "relative_time_description": "6 months ago",
            "text": "One of the best and oldest cinemas of Athens. It combines its historical style with the latest technology. If you love vintage and blockbuster movies then this is the place! Just buy your tickets from the booth or their site grab a snack and enjoy :-)",
            "time": 1546543003
        },
        {
            "author_name": "Angeline Basuki",
            "author_url": "https://www.google.com/maps/contrib/101793005684197825222/reviews",
            "language": "en",
            "profile_photo_url": "https://lh4.googleusercontent.com/-4OOPwdAxSho/AAAAAAAAAAI/AAAAAAAAAH0/lviZf61RlBk/s128-c0x00000000-cc-rp-mo-ba4/photo.jpg",
            "rating": 5,
            "relative_time_description": "3 months ago",
            "text": "Good cinema. Theatre was big. Sound system was ok. Tickets were affordable, however the F&B were overpriced. Love the old school hand drawn posters.",
            "time": 1554962277
        },
        {
            "author_name": "Hellena Mihailidou",
            "author_url": "https://www.google.com/maps/contrib/108285228396499455391/reviews",
            "language": "en",
            "profile_photo_url": "https://lh6.googleusercontent.com/-APFjluA2E6w/AAAAAAAAAAI/AAAAAAAAAAA/ACHi3rd0_qjZ8JcWBI8pR1evs30rWQVmHA/s128-c0x00000000-cc-rp-mo-ba3/photo.jpg",
            "rating": 5,
            "relative_time_description": "2 months ago",
            "text": "One of the most historic yet high end theaters in Athens",
            "time": 1558764569
        }
    ],
    "type": "movie_theater"
}

