{
    "id": "322c465ae75dff9895f8c6d3f406fc13270e45fd",
    "location": {
        "lat": 37.9672291,
        "lng": 23.7127367
    },
    "name": "Merkouri Square",
    "rating": 4.3,
    "reviews": [
        {
            "author_name": "Robert Benedik",
            "author_url": "https://www.google.com/maps/contrib/101589939687071289133/reviews",
            "language": "en",
            "profile_photo_url": "https://lh5.googleusercontent.com/-oZacEtt9E8Q/AAAAAAAAAAI/AAAAAAAAABQ/Xe2wldLi7Qc/s128-c0x00000000-cc-rp-mo-ba4/photo.jpg",
            "rating": 5,
            "relative_time_description": "a year ago",
            "text": "Very nice place with some coffee shops and small restaurants!",
            "time": 1510513493
        },
        {
            "author_name": "Sentimentalist",
            "author_url": "https://www.google.com/maps/contrib/110185695603919505708/reviews",
            "language": "en",
            "profile_photo_url": "https://lh5.googleusercontent.com/-YtfKWmlnTJM/AAAAAAAAAAI/AAAAAAAAAqw/mFLcTKMIqO0/s128-c0x00000000-cc-rp-mo-ba3/photo.jpg",
            "rating": 4,
            "relative_time_description": "a year ago",
            "text": "Great place to hang out with friends.",
            "time": 1515524203
        },
        {
            "author_name": "Lavinia Georgiana",
            "author_url": "https://www.google.com/maps/contrib/109164795241841688642/reviews",
            "language": "en",
            "profile_photo_url": "https://lh4.googleusercontent.com/-3xrxDkQ8ROQ/AAAAAAAAAAI/AAAAAAAACDU/iev6mN08Zoo/s128-c0x00000000-cc-rp-mo-ba3/photo.jpg",
            "rating": 5,
            "relative_time_description": "2 years ago",
            "text": "Small square with plenty of choices in terms of bars, tavernas and coffee houses. Cosy atmosphere everywhere, it attracts a lot of young people and it's buzzing in weekends with crowds of all ages. ",
            "time": 1495287632
        },
        {
            "author_name": "Bodyfull Bloodyfull",
            "author_url": "https://www.google.com/maps/contrib/109053410853436969531/reviews",
            "language": "en",
            "profile_photo_url": "https://lh3.googleusercontent.com/-mkif02mK2G0/AAAAAAAAAAI/AAAAAAAAqmo/GZXweTFuvLU/s128-c0x00000000-cc-rp-mo-ba4/photo.jpg",
            "rating": 4,
            "relative_time_description": "a year ago",
            "text": "Nice local spot",
            "time": 1512112930
        },
        {
            "author_name": "Enrique Matos",
            "author_url": "https://www.google.com/maps/contrib/113324346425848834151/reviews",
            "language": "en",
            "profile_photo_url": "https://lh3.googleusercontent.com/-rpr57TJ-0Wo/AAAAAAAAAAI/AAAAAAAAAHs/CANuPEnxAe4/s128-c0x00000000-cc-rp-mo-ba4/photo.jpg",
            "rating": 5,
            "relative_time_description": "2 years ago",
            "text": "Very nice square to go out to. ",
            "time": 1492929367
        }
    ],
    "type": "park"
}