{
    "id": "b66f246ba94c9452846a3d872d2ea48966c259e0",
    "location": {
        "lat": 38.0121429,
        "lng": 23.728865
    },
    "name": "Oscar Movies",
    "rating": 4.1,
    "reviews": [
        {
            "author_name": "Stamatis Panagiotaras",
            "author_url": "https://www.google.com/maps/contrib/113174158615410414887/reviews",
            "language": "en",
            "profile_photo_url": "https://lh3.googleusercontent.com/-z3ZhtrlrqY4/AAAAAAAAAAI/AAAAAAAAACA/HCgU2EVmAxY/s128-c0x00000000-cc-rp-mo-ba2/photo.jpg",
            "rating": 5,
            "relative_time_description": "2 months ago",
            "text": "Big theatre, good sound, excellent movies!",
            "time": 1558524585
        },
        {
            "author_name": "hashmat nabil",
            "author_url": "https://www.google.com/maps/contrib/100044415000505143521/reviews",
            "language": "en",
            "profile_photo_url": "https://lh6.googleusercontent.com/-2ibLZyEmdGM/AAAAAAAAAAI/AAAAAAAAAAA/ACHi3rcJbLkTf8xwHidT8CUiB8lznvu0XA/s128-c0x00000000-cc-rp-mo/photo.jpg",
            "rating": 5,
            "relative_time_description": "2 months ago",
            "text": "My favourite",
            "time": 1557675013
        },
        {
            "author_name": "Master Foxi fouxi",
            "author_url": "https://www.google.com/maps/contrib/104556664673065949300/reviews",
            "language": "en",
            "profile_photo_url": "https://lh4.googleusercontent.com/-_gcErChhD1k/AAAAAAAAAAI/AAAAAAAAABI/HkkQFj75IDA/s128-c0x00000000-cc-rp-mo/photo.jpg",
            "rating": 1,
            "relative_time_description": "8 months ago",
            "text": "Worst WiFi you can find",
            "time": 1542912528
        },
        {
            "author_name": "Gentian Reci",
            "author_url": "https://www.google.com/maps/contrib/111757404013142495250/reviews",
            "language": "en",
            "profile_photo_url": "https://lh6.googleusercontent.com/-gcyzSJIaavg/AAAAAAAAAAI/AAAAAAAACXM/ffDg4L-oWwk/s128-c0x00000000-cc-rp-mo-ba4/photo.jpg",
            "rating": 5,
            "relative_time_description": "a year ago",
            "text": "Is good place to hang out with friends",
            "time": 1516960786
        },
        {
            "author_name": "Klaudia Maniataki",
            "author_url": "https://www.google.com/maps/contrib/114587705307150410198/reviews",
            "language": "en",
            "profile_photo_url": "https://lh4.googleusercontent.com/-75JcXVkBIL0/AAAAAAAAAAI/AAAAAAAAJis/ETD9rnLN0do/s128-c0x00000000-cc-rp-mo-ba2/photo.jpg",
            "rating": 4,
            "relative_time_description": "8 months ago",
            "text": "Orea",
            "time": 1541319639
        }
    ],
    "type": "movie_theater"
}

