{
    "id": "c841132ece228d64abff64d00b1cd3389c70ba22",
    "location": {
        "lat": 37.9773575,
        "lng": 23.7274035
    },
    "name": "Mastermind Escape Rooms",
    "rating": 4.8,
    "reviews": [
        {
            "author_name": "Nikitas Nanidis",
            "author_url": "https://www.google.com/maps/contrib/101325420293587934722/reviews",
            "language": "en",
            "profile_photo_url": "https://lh3.googleusercontent.com/-Zi_5axHkrAM/AAAAAAAAAAI/AAAAAAAAAIg/D71cVifQk04/s128-c0x00000000-cc-rp-mo-ba3/photo.jpg",
            "rating": 5,
            "relative_time_description": "6 months ago",
            "text": "Very fun and well decorated rooms in the \"Follow the White Rabbit\" game. Actress that interacts with you is very funny and helps out in just the right amount in order to not get stuck but also not get away too easily. Ideal for  kids.",
            "time": 1548667290
        },
        {
            "author_name": "Alex Sfyris",
            "author_url": "https://www.google.com/maps/contrib/105375847487004082031/reviews",
            "language": "en",
            "profile_photo_url": "https://lh6.googleusercontent.com/-9uIaWBZOmQQ/AAAAAAAAAAI/AAAAAAAAAAA/ACHi3rcjann8aEReyTiRtz9-6xulPN4Gsg/s128-c0x00000000-cc-rp-mo-ba3/photo.jpg",
            "rating": 4,
            "relative_time_description": "6 months ago",
            "text": "Great work by the mastermind team!!\nKeep going",
            "time": 1547585359
        },
        {
            "author_name": "Juan Alfonso G d P",
            "author_url": "https://www.google.com/maps/contrib/112638820805419630244/reviews",
            "language": "en",
            "profile_photo_url": "https://lh4.googleusercontent.com/-jpm7hnq_Ah4/AAAAAAAAAAI/AAAAAAAAXHE/oiu8x-Z0B9o/s128-c0x00000000-cc-rp-mo-ba4/photo.jpg",
            "rating": 5,
            "relative_time_description": "10 months ago",
            "text": "This game is a MUST for escapists.\nAs a part of our \"Athens Escape Tour\", we played here in the \"Follow the White Rabbit\" adventure, being this the 3rd out of 11 games we played.\n\nWe had a short and very friendly introduction of the game by the crew working there, as they knew we have some Escape experience.\nThe first impression after entering the room was very cool, but it was just the beginning. The more we advanced in the game, the better the design and aspect of the game had. The riddles were fairly challenging. My 2 mates were kinda amateurs yet, but yet they could do a lot in the game.\nThe decoration just blown my mind, and I'm not an amateur in this. I've been working for a good bunch of years in set decoration and in the art departments for filming, and I can tell that this was the top decoration of what I've seen until now, inside an Escape Game.\nThis is why it's not a surprise to see how high the rates are for MasterMind in Trip: they deserve 5 and even more stars.\n\nSpoiler alert: It was a total surprise to meet \"The Mad Hatter\" inside the game, as we weren't expecting a performance inside. The performance of the professional was just that: professional. And very \"maddy\". We loved it. It made a 6 stars experience what it could have been \"just a nice & super beautiful game\".\nThe Door-room was AMAZING. The Tea-room was AMAZING. The Clock-room was AMAZING. Even the start of the game was amazing :D\n\nAmazing x 10 room guys. Great job there. We'll be back, I can tell.",
            "time": 1539130327
        },
        {
            "author_name": "Gabriel Psarras",
            "author_url": "https://www.google.com/maps/contrib/114946972711606772865/reviews",
            "language": "en",
            "profile_photo_url": "https://lh4.googleusercontent.com/-7Tp6_CePOHY/AAAAAAAAAAI/AAAAAAAABp8/uiapKrtDR0c/s128-c0x00000000-cc-rp-mo-ba2/photo.jpg",
            "rating": 4,
            "relative_time_description": "11 months ago",
            "text": "Great fun. Very friendly. Must have this experience at least once.",
            "time": 1535875423
        },
        {
            "author_name": "pan pan",
            "author_url": "https://www.google.com/maps/contrib/104350345433957655474/reviews",
            "language": "en",
            "profile_photo_url": "https://lh5.googleusercontent.com/-Te0pw9s735I/AAAAAAAAAAI/AAAAAAAAAAA/ACHi3rdlvGhEN4IwtZL4T73MTQL5EyoPgw/s128-c0x00000000-cc-rp-mo/photo.jpg",
            "rating": 5,
            "relative_time_description": "7 months ago",
            "text": "The best choice!",
            "time": 1544853791
        }
    ],
    "type": "point_of_interest"
}