{
    "id": "4fbb7e658a236722164644726e7f2a12f0796dea",
    "location": {
        "lat": 37.981604,
        "lng": 23.733177
    },
    "name": "Acropol Theater",
    "rating": 4.4,
    "reviews": [
        {
            "author_name": "George G",
            "author_url": "https://www.google.com/maps/contrib/113935926274482677897/reviews",
            "language": "en",
            "profile_photo_url": "https://lh3.googleusercontent.com/-hURSLZXbjXk/AAAAAAAAAAI/AAAAAAAAAAA/ACHi3rcQ0TKQpKVILRiax5OHY4F9jrN5SA/s128-c0x00000000-cc-rp-mo-ba4/photo.jpg",
            "rating": 5,
            "relative_time_description": "a month ago",
            "text": "The place was descent but definitely need some restoration. The theater is very old. I give 5 stars because everyone was nice and organized and understand that the the retro atmosphere is part of the charm of this place.",
            "time": 1562123618
        },
        {
            "author_name": "Theodoros Karanikolas",
            "author_url": "https://www.google.com/maps/contrib/104236270127907170474/reviews",
            "language": "en",
            "profile_photo_url": "https://lh3.googleusercontent.com/-SkKSzld1SyA/AAAAAAAAAAI/AAAAAAAAC4I/zQBule5R7RQ/s128-c0x00000000-cc-rp-mo-ba2/photo.jpg",
            "rating": 3,
            "relative_time_description": "a month ago",
            "text": "A theater with a rich history but unfortunately has forgotten... for awhile... take care of itself. :(",
            "time": 1561407409
        },
        {
            "author_name": "\u00d6mer Tar\u0131k Sel\u00e7uk",
            "author_url": "https://www.google.com/maps/contrib/101659795447396305994/reviews",
            "language": "en",
            "profile_photo_url": "https://lh5.googleusercontent.com/-GAZjoneLniI/AAAAAAAAAAI/AAAAAAAAAAA/ACHi3ret01Yc7flIKxhT4I9IyTTHUWjrPg/s128-c0x00000000-cc-rp-mo-ba5/photo.jpg",
            "rating": 5,
            "relative_time_description": "2 weeks ago",
            "text": "Its an old theater with a good scene",
            "time": 1563246213
        },
        {
            "author_name": "Demetra Theo",
            "author_url": "https://www.google.com/maps/contrib/114873544496433801837/reviews",
            "language": "en",
            "profile_photo_url": "https://lh4.googleusercontent.com/-nhXc7Lvy0gs/AAAAAAAAAAI/AAAAAAAAAAA/ACHi3rdTTBGcu7jxG4PFnSBvQcNKSOqi1A/s128-c0x00000000-cc-rp-mo-ba2/photo.jpg",
            "rating": 5,
            "relative_time_description": "8 months ago",
            "text": "I had a wonderful time there. The musical Matilda was amazing. The theatre is well equipped, normal prices and i absolutely recommend it.",
            "time": 1543552459
        },
        {
            "author_name": "Cm",
            "author_url": "https://www.google.com/maps/contrib/115482521672097004019/reviews",
            "language": "en",
            "profile_photo_url": "https://lh5.googleusercontent.com/-mZ_u2eT-GC4/AAAAAAAAAAI/AAAAAAAAAAA/ACHi3rfQOS7bWZSaOgXeeDTonK3f6bFAjQ/s128-c0x00000000-cc-rp-mo/photo.jpg",
            "rating": 4,
            "relative_time_description": "5 months ago",
            "text": "Nice theater, excellent musical, easy to reach by metro but hard by car.",
            "time": 1551300993
        }
    ],
    "type": "point_of_interest"
}

