{
    "id": "8d1537704d5e5290aaed295237f8b41a488da86e",
    "location": {
        "lat": 37.9794699,
        "lng": 23.7282069
    },
    "name": "The Cube Athens",
    "rating": 4.5,
    "reviews": [
        {
            "author_name": "Renan Savidan",
            "author_url": "https://www.google.com/maps/contrib/105122955198537827814/reviews",
            "language": "en",
            "profile_photo_url": "https://lh4.googleusercontent.com/-IfpGCEVziNQ/AAAAAAAAAAI/AAAAAAABW88/Eag7vABoiaA/s128-c0x00000000-cc-rp-mo-ba4/photo.jpg",
            "rating": 4,
            "relative_time_description": "2 weeks ago",
            "text": "The place is really nice, you can work there in good conditions and you will be well welcomed.\nLight is good, there is a lot of room and you can enjoy a break or your lunch on the balcony which is lovely.\nThey offer different plans, for me the day pass was just fine.\n\nThey organize many events at the Cube, like tech or business related, it is always a good occasion to network and have a drink  \ud83d\ude09\n\nIcing on the cake  : There is such an amazing view of the Acropolis from the rooftop.",
            "time": 1564212678
        },
        {
            "author_name": "Greg Fuentes",
            "author_url": "https://www.google.com/maps/contrib/103629258508164231072/reviews",
            "language": "en",
            "profile_photo_url": "https://lh5.googleusercontent.com/-tKK2gBANZoc/AAAAAAAAAAI/AAAAAAAAAAA/ACHi3rfzKB1QeKzY04oicqbul-M9N8eiww/s128-c0x00000000-cc-rp-mo/photo.jpg",
            "rating": 5,
            "relative_time_description": "3 weeks ago",
            "text": "Great shared coworking space! Stavros and crew were super helpful and went above and beyond my expectations for my quick stop in Athens. Definitely a must visit if you are planning to come to Athens and need an awesome place to work from.",
            "time": 1563473081
        },
        {
            "author_name": "George Micherinas",
            "author_url": "https://www.google.com/maps/contrib/112172592973097245311/reviews",
            "language": "en",
            "profile_photo_url": "https://lh6.googleusercontent.com/-ukWnW-5EEzQ/AAAAAAAAAAI/AAAAAAAALCg/8lRMgFexMJw/s128-c0x00000000-cc-rp-mo-ba3/photo.jpg",
            "rating": 5,
            "relative_time_description": "2 months ago",
            "text": "The new place is awesome. Great gigs take place there. A must visit place if you wanna find about the tech scene of Athens.",
            "time": 1558979761
        },
        {
            "author_name": "sosophaki",
            "author_url": "https://www.google.com/maps/contrib/117758482046445811942/reviews",
            "language": "en",
            "profile_photo_url": "https://lh3.googleusercontent.com/-19J7XrCz0Ow/AAAAAAAAAAI/AAAAAAAAABE/VzRIE_As2Uc/s128-c0x00000000-cc-rp-mo/photo.jpg",
            "rating": 5,
            "relative_time_description": "2 months ago",
            "text": "Friendly people, free coffee and cookies, not noisy, quick Internet connection \ud83d\udc4c",
            "time": 1560252468
        },
        {
            "author_name": "khaled ibrahim",
            "author_url": "https://www.google.com/maps/contrib/115780553117019525326/reviews",
            "language": "en",
            "profile_photo_url": "https://lh4.googleusercontent.com/-_Umbl0whdk8/AAAAAAAAAAI/AAAAAAAACg0/ZftUkottHCU/s128-c0x00000000-cc-rp-mo-ba3/photo.jpg",
            "rating": 4,
            "relative_time_description": "9 months ago",
            "text": "Comfortable with some hot drinks which make you in the good mood to work.",
            "time": 1540072827
        }
    ],
    "type": "point_of_interest"
}