{
    "id": "53d6f2d5d9d95098178562032a27b22c4ef65e83",
    "location": {
        "lat": 37.9867164,
        "lng": 23.7355968
    },
    "name": "Vox Open Air Cinema",
    "rating": 4.3,
    "reviews": [
        {
            "author_name": "Sevastianna Kountouri",
            "author_url": "https://www.google.com/maps/contrib/116102608491355917788/reviews",
            "language": "en",
            "profile_photo_url": "https://lh5.googleusercontent.com/-tzmMGCyB0yE/AAAAAAAAAAI/AAAAAAAAAO8/SnpceDkL5Pc/s128-c0x00000000-cc-rp-mo-ba3/photo.jpg",
            "rating": 5,
            "relative_time_description": "2 weeks ago",
            "text": "In the very heart of Athens this vintage open air cinema has a good taste in choosing films, is very spacious, green and has very comfortable old fashioned chairs. There is a decent bar with all sorts of food and drinks to enjoy a cool night out.",
            "time": 1562735760
        },
        {
            "author_name": "paul kotzabougioukas",
            "author_url": "https://www.google.com/maps/contrib/105353389514915708787/reviews",
            "language": "en",
            "profile_photo_url": "https://lh6.googleusercontent.com/-4tvyTauPGqA/AAAAAAAAAAI/AAAAAAAABl8/ov_2uXN6qvA/s128-c0x00000000-cc-rp-mo-ba5/photo.jpg",
            "rating": 5,
            "relative_time_description": "a week ago",
            "text": "A typical Athenian summer cinema with a great view",
            "time": 1563134457
        },
        {
            "author_name": "Marios",
            "author_url": "https://www.google.com/maps/contrib/116831251189508102169/reviews",
            "language": "en",
            "profile_photo_url": "https://lh3.googleusercontent.com/-UP9-KqLekis/AAAAAAAAAAI/AAAAAAAAAAA/ACHi3rdN3qdyYwfFaG0vlSk4SvpxtHUt2w/s128-c0x00000000-cc-rp-mo-ba4/photo.jpg",
            "rating": 3,
            "relative_time_description": "in the last week",
            "text": "Fine summer cinema in the heart of Athens. However, too expensive given it's location.",
            "time": 1563906504
        },
        {
            "author_name": "george bretton",
            "author_url": "https://www.google.com/maps/contrib/109328767051609477009/reviews",
            "language": "en",
            "profile_photo_url": "https://lh5.googleusercontent.com/-Q-17wkvugFY/AAAAAAAAAAI/AAAAAAAAAUs/nmrOvaSmUhI/s128-c0x00000000-cc-rp-mo/photo.jpg",
            "rating": 5,
            "relative_time_description": "2 months ago",
            "text": "Visited the prefix, downstairs but I adore \u03b2\u03bf\u03be,   as well.",
            "time": 1556379158
        },
        {
            "author_name": "Pierros Zevolis",
            "author_url": "https://www.google.com/maps/contrib/102006500319082251439/reviews",
            "language": "en",
            "profile_photo_url": "https://lh4.googleusercontent.com/-kaeI-frSATw/AAAAAAAAAAI/AAAAAAAEfvw/BxdOwqKiMgk/s128-c0x00000000-cc-rp-mo-ba8/photo.jpg",
            "rating": 4,
            "relative_time_description": "3 months ago",
            "text": "Old time classic open air cinema, next to the square of Exarchia city.",
            "time": 1556238506
        }
    ],
    "type": "movie_theater"
}

