{
    "id": "cd6be2c661cf3b7341e522dd4eb566ffd98aa289",
    "location": {
        "lat": 37.9858901,
        "lng": 23.7234676
    },
    "name": "Adult Theaters",
    "rating": 3.5,
    "reviews": [
        {
            "author_name": "Leon Zelissen",
            "author_url": "https://www.google.com/maps/contrib/108594762014025314120/reviews",
            "language": "en",
            "profile_photo_url": "https://lh3.googleusercontent.com/-qx6Zm3vtPXU/AAAAAAAAAAI/AAAAAAAAIkY/qJNjIWF0wxY/s128-c0x00000000-cc-rp-mo-ba4/photo.jpg",
            "rating": 5,
            "relative_time_description": "a month ago",
            "text": "Excellent xxxxx",
            "time": 1559668832
        },
        {
            "author_name": "Londoner",
            "author_url": "https://www.google.com/maps/contrib/107239370956140259102/reviews",
            "language": "en",
            "profile_photo_url": "https://lh5.googleusercontent.com/-msvbUCc7DUg/AAAAAAAAAAI/AAAAAAABXg0/8-wB2plAID0/s128-c0x00000000-cc-rp-mo/photo.jpg",
            "rating": 3,
            "relative_time_description": "10 months ago",
            "text": "Nice but",
            "time": 1538090734
        },
        {
            "author_name": "prodromos mask",
            "author_url": "https://www.google.com/maps/contrib/104499973175638970658/reviews",
            "language": "el",
            "profile_photo_url": "https://lh5.googleusercontent.com/-7BYyCpw7xo0/AAAAAAAAAAI/AAAAAAAAAFQ/Em7rZE8Iopo/s128-c0x00000000-cc-rp-mo-ba4/photo.jpg",
            "rating": 3,
            "relative_time_description": "3 weeks ago",
            "text": "\u039f \u03c7\u03ce\u03c1\u03bf\u03c2 \u03c0\u03b5\u03bd\u03c4\u03b1\u03ba\u03ac\u03b8\u03b1\u03c1\u03bf\u03c2 \u03ba\u03b1\u03b9 \u03bf\u03b9 \u03b5\u03c1\u03b3\u03b1\u03b6\u03cc\u03bc\u03b5\u03bd\u03bf\u03b9. \u0389 \u03c4\u03b9\u03bc\u03ae  \u03b3\u03b9\u03b1 \u03bd\u03b1 \u03c0\u03b1\u03c2 \u03c3\u03c4\u03bf \u03c5\u03c0\u03cc\u03b3\u03b5\u03b9\u03bf  \u03b5\u03c7\u03c4\u03c1\u03b1 \u03c5\u03c0\u03b5\u03c1\u03b2\u03bf\u03bb\u03b9\u03ba\u03cc...\n\u0391\u03bb\u03bb\u03ac \u03bf \u03ba\u03cc\u03c3\u03bc\u03bf\u03c2 \u03b3\u03b9\u03b1 \u03c4\u03b1 \u03c0\u03b1\u03bd\u03b7\u03b3\u03cd\u03c1\u03b9\u03b1 \u03ba\u03b1\u03b9 \u03b1\u03b3\u03b5\u03bd\u03b5\u03af\u03c2",
            "time": 1562269924
        },
        {
            "author_name": "Anita T",
            "author_url": "https://www.google.com/maps/contrib/107038651526055536588/reviews",
            "language": "el",
            "profile_photo_url": "https://lh4.googleusercontent.com/-UvKMUn40dpc/AAAAAAAAAAI/AAAAAAAAAAA/ACHi3re9jKsG2VWuRcG-juZyEf_wj0kVrA/s128-c0x00000000-cc-rp-mo/photo.jpg",
            "rating": 5,
            "relative_time_description": "5 months ago",
            "text": "\u0391\u03bd \u03ba \u03c0\u03ac\u03bd\u03c4\u03b1 \u03b2\u03c1\u03af\u03c3\u03ba\u03c9 \u03c0\u03c1\u03cc\u03b8\u03c5\u03bc\u03bf\u03c5\u03c2 \u03ac\u03bd\u03c4\u03c1\u03b5\u03c2 \u03c0\u03bf\u03c5 \u03b8\u03ad\u03bb\u03bf\u03c5\u03bd \u03bd\u03b1 \u03b1\u03b4\u03b5\u03b9\u03ac\u03c3\u03bf\u03c5\u03bd \u03bd\u03bf\u03bc\u03af\u03b6\u03c9 \u03c0\u03c9\u03c2 \u03ad\u03c7\u03b5\u03b9 \u03c0\u03ad\u03c3\u03b5\u03b9 \u03c4\u03b5\u03bb\u03b5\u03c5\u03c4\u03b1\u03af\u03b1...",
            "time": 1549791648
        },
        {
            "author_name": "Stratos Karagiannis",
            "author_url": "https://www.google.com/maps/contrib/106513689346672504840/reviews",
            "language": "el",
            "profile_photo_url": "https://lh6.googleusercontent.com/-2VKF2SVlq74/AAAAAAAAAAI/AAAAAAAAAAA/ACHi3rdlpEDOVx2uXKdP8RjDlgmnZkzosQ/s128-c0x00000000-cc-rp-mo-ba3/photo.jpg",
            "rating": 2,
            "relative_time_description": "3 months ago",
            "text": "\u03a0\u03bf\u03bb\u03cd \u03ba\u03b1\u03ba\u03bf \u03b3\u03b9\u03b1 \u03c4\u03bf \u03c4\u03af\u03c0\u03bf\u03c4\u03b1",
            "time": 1555913385
        }
    ],
    "type":"movie_theater"
}

