{
    "id": "b0aae6e0e1f342920d523b6612730ddd8345c5a9",
    "location": {
        "lat": 37.962081,
        "lng": 23.7260775
    },
    "name": "Stavr\u00f3s tou N\u00f3tou",
    "rating": 4.4,
    "reviews": [
        {
            "author_name": "Yani Nomikos",
            "author_url": "https://www.google.com/maps/contrib/105158420795133309228/reviews",
            "language": "en",
            "profile_photo_url": "https://lh4.googleusercontent.com/-PRFjqonlMDw/AAAAAAAAAAI/AAAAAAAAAAA/ACHi3rfvbG9GmYrL0QV18Ojl4fKUKNBy2w/s128-c0x00000000-cc-rp-mo-ba3/photo.jpg",
            "rating": 4,
            "relative_time_description": "2 weeks ago",
            "text": "This is like an old Athena classic. It\u2019s a music venue that time has left untouched, I hadn\u2019t been here for a while and it felt like yesterday. So the good stuff is the bands are great, you always get good ensembles, I think it\u2019s one of the favorite scenes for musicians, and one of the reasons must be that: It sounds great!! They really do pay attention to the sound and the result is amazing! The sound engineers know their business, and for a live stage it\u2019s pretty spotless in that regard. Now, some of the negatives: I found the chairs to be really uncomfortable, and the place is really crowded, you can\u2019t move around even if you are in one of the \u201cgood\u201d tables. Also, I find the smoking to be a problem for me, I feel like I have to throw away my clothes after each visit. Anyway, all in all we\u2019ve had a lot of fun here, the bands look happy to play this venue and that\u2019s always raising the mood, and the price is reasonable.",
            "time": 1564304580
        },
        {
            "author_name": "George Panaretos",
            "author_url": "https://www.google.com/maps/contrib/117058960716061288079/reviews",
            "language": "en",
            "profile_photo_url": "https://lh5.googleusercontent.com/-MoBK4uJ00zg/AAAAAAAAAAI/AAAAAAAAFtc/cyY48FWbiZ0/s128-c0x00000000-cc-rp-mo-ba2/photo.jpg",
            "rating": 5,
            "relative_time_description": "3 weeks ago",
            "text": "One of most historic and popular stage in the heart of Athens.",
            "time": 1563206826
        },
        {
            "author_name": "Evangelia Ch. Papasotiriou",
            "author_url": "https://www.google.com/maps/contrib/103086275535536390654/reviews",
            "language": "en",
            "profile_photo_url": "https://lh6.googleusercontent.com/-q8KF7P2otiI/AAAAAAAAAAI/AAAAAAAAAYU/smeRxb2Eilo/s128-c0x00000000-cc-rp-mo/photo.jpg",
            "rating": 4,
            "relative_time_description": "3 months ago",
            "text": "Really nice place. Friendly people. Talented artists. But the smoke inside was unbearable. I thought smoking was forbidden inside bars \ud83d\ude44",
            "time": 1555322204
        },
        {
            "author_name": "Andriana Kanelli",
            "author_url": "https://www.google.com/maps/contrib/107055938454268335930/reviews",
            "language": "en",
            "profile_photo_url": "https://lh5.googleusercontent.com/-dl25BCienu4/AAAAAAAAAAI/AAAAAAAAAAA/ACHi3re5-YyAKYiRxu18IiXn81FUCwei2w/s128-c0x00000000-cc-rp-mo-ba2/photo.jpg",
            "rating": 4,
            "relative_time_description": "3 months ago",
            "text": "Nice place for live music lovers. Very good selection of artists, good sound. Sometimes overcrowded to an excess point",
            "time": 1555538928
        },
        {
            "author_name": "Efi Ntouni",
            "author_url": "https://www.google.com/maps/contrib/117703460314693195681/reviews",
            "language": "en",
            "profile_photo_url": "https://lh6.googleusercontent.com/-M-q7otP0Eh8/AAAAAAAAAAI/AAAAAAAAAAA/ACHi3rcr_cQRzNwWM0Gl-PZ10rFGspmCsA/s128-c0x00000000-cc-rp-mo-ba4/photo.jpg",
            "rating": 5,
            "relative_time_description": "6 months ago",
            "text": "Always good to be back at this somewhat \"historic\" for the nightlife in Athens place. Some of the greatest singers and bands and other kind of artists have been on its stage! \ud83e\udd18\ud83c\udfbc\ud83c\udfb8\ud83c\udfa4",
            "time": 1547926032
        }
    ],
    "type": "point_of_interest"
}