{
    "id": "9312889aa8c67406def913dd641c1f54179238e6",
    "location": {
        "lat": 37.9993311,
        "lng": 23.733334
    },
    "name": "\u0391\u0395\u039b\u039b\u03a9 Cinemax",
    "rating": 4.4,
    "reviews": [
        {
            "author_name": "Jason Voorhees",
            "author_url": "https://www.google.com/maps/contrib/102486027106289168728/reviews",
            "language": "en",
            "profile_photo_url": "https://lh6.googleusercontent.com/-fWZP_E1NUzQ/AAAAAAAAAAI/AAAAAAAAAFo/FEqNEbQnHCE/s128-c0x00000000-cc-rp-mo/photo.jpg",
            "rating": 4,
            "relative_time_description": "in the last week",
            "text": "Good prices in comparison to the big cinema companies, come on Thursday cause it's 1+1 ticket day!",
            "time": 1563792107
        },
        {
            "author_name": "Ioannis Petrou",
            "author_url": "https://www.google.com/maps/contrib/108041012952901604503/reviews",
            "language": "en",
            "profile_photo_url": "https://lh5.googleusercontent.com/-wEN_xGM0r7A/AAAAAAAAAAI/AAAAAAAAAAA/ACHi3rcbLmsjWMFOzCDzcU4qmF1k1uCgRw/s128-c0x00000000-cc-rp-mo-ba4/photo.jpg",
            "rating": 4,
            "relative_time_description": "3 months ago",
            "text": "Small multiplex  in Patision Avenue. Good selection of (usually) mainstream films. Most screens are in good condition. Very cheap ticket on Thursdays (only 5 euros), while on the other weekdays there are also other offers (such as two tickets for the price  of one) available  Parking is only available on the nearby streets and therefore can be cumbersome.",
            "time": 1555614493
        },
        {
            "author_name": "Mariaa G",
            "author_url": "https://www.google.com/maps/contrib/110119840733734668569/reviews",
            "language": "en",
            "profile_photo_url": "https://lh4.googleusercontent.com/-wXTLSb-qnfk/AAAAAAAAAAI/AAAAAAAAAHA/XE0LVBMtOPk/s128-c0x00000000-cc-rp-mo-ba2/photo.jpg",
            "rating": 5,
            "relative_time_description": "a month ago",
            "text": "Overall the prices are good, in-between most of the seatings are marbled tables where you can place your orders, also smoke free for the outdoor cinema area which is equipted with ashtrays. I really enjoyed my time there and felt very cosy.",
            "time": 1560466800
        },
        {
            "author_name": "Lily Botton",
            "author_url": "https://www.google.com/maps/contrib/106005196947855224353/reviews",
            "language": "en",
            "profile_photo_url": "https://lh4.googleusercontent.com/-8VdnS2O_7eM/AAAAAAAAAAI/AAAAAAAAAAA/ACHi3rcopJRjN6mgsr3MPp4cschUxDpoBA/s128-c0x00000000-cc-rp-mo-ba3/photo.jpg",
            "rating": 5,
            "relative_time_description": "a week ago",
            "text": "Terrace with many plants and flowers. Very clean and full equipped bar",
            "time": 1563216741
        },
        {
            "author_name": "Donald Ciko",
            "author_url": "https://www.google.com/maps/contrib/102459624966698717717/reviews",
            "language": "en",
            "profile_photo_url": "https://lh5.googleusercontent.com/-gmziU3mC44k/AAAAAAAAAAI/AAAAAAAAD5I/ih9vayUnZps/s128-c0x00000000-cc-rp-mo-ba2/photo.jpg",
            "rating": 5,
            "relative_time_description": "2 months ago",
            "text": "Very clean cinema,  good prices, stuff is really helpful 10/10",
            "time": 1557959345
        }
    ],
    "type": "movie_theater"
}

