{
    "id": "15742c82d891a04364b52a1697ae728e07bb0c84",
    "location": {
        "lat": 37.9810208,
        "lng": 23.7540789
    },
    "name": "The Athens Concert Hall",
    "rating": 4.7,
    "reviews": [
        {
            "author_name": "Maria ki",
            "author_url": "https://www.google.com/maps/contrib/116577393080989908728/reviews",
            "language": "en",
            "profile_photo_url": "https://lh3.googleusercontent.com/-TEstuOdnBj8/AAAAAAAAAAI/AAAAAAAAh0k/BZxqfehLKE8/s128-c0x00000000-cc-rp-mo-ba2/photo.jpg",
            "rating": 5,
            "relative_time_description": "3 weeks ago",
            "text": "Such an impressive building with big halls, great acoustic performance and quality of concerts. Try some classical music concert, ballet performance or local music related one. They offer convenient underground parking area with low prices. The area is really safe.",
            "time": 1563286467
        },
        {
            "author_name": "Shee Grace",
            "author_url": "https://www.google.com/maps/contrib/113829983857857385557/reviews",
            "language": "en",
            "profile_photo_url": "https://lh4.googleusercontent.com/-2phYqG425ns/AAAAAAAAAAI/AAAAAAAAMvE/OGS15v55kL8/s128-c0x00000000-cc-rp-mo-ba4/photo.jpg",
            "rating": 4,
            "relative_time_description": "2 months ago",
            "text": "The place is excellent, very modern, the halls are multiple inside as well as can accommodate a huge audience. There are multiple cafeterias inside and shops too. They also host different live broadcasts of English plays especially from the National Theatre Live. It's truly a nice experience to just sit relax and enjoy the performance.",
            "time": 1557940251
        },
        {
            "author_name": "Evgenia Kontopoulou",
            "author_url": "https://www.google.com/maps/contrib/118312472713035613460/reviews",
            "language": "en",
            "profile_photo_url": "https://lh4.googleusercontent.com/-4Sw3UJVBPHk/AAAAAAAAAAI/AAAAAAAAAUc/3Ge2pG6Oxkg/s128-c0x00000000-cc-rp-mo-ba5/photo.jpg",
            "rating": 5,
            "relative_time_description": "a month ago",
            "text": "Very conveniently located as has a metro station right beside the entrance. The actual place is huge and the majority of the  concert halls can accommodate big audiences. The staff are always friendly and there's so much going on :) There's a parking lot structure available, where you are charged 5\u20ac to park your vehicle.",
            "time": 1561846207
        },
        {
            "author_name": "Demetra Theo",
            "author_url": "https://www.google.com/maps/contrib/114873544496433801837/reviews",
            "language": "en",
            "profile_photo_url": "https://lh4.googleusercontent.com/-nhXc7Lvy0gs/AAAAAAAAAAI/AAAAAAAAAAA/ACHi3rdTTBGcu7jxG4PFnSBvQcNKSOqi1A/s128-c0x00000000-cc-rp-mo-ba2/photo.jpg",
            "rating": 5,
            "relative_time_description": "2 months ago",
            "text": "I had the opportunity to visit this magnificent place because of a congress. The staff was very helpful and friendly. It's huge and well equipped. Also, it's located in the centre of Athens.",
            "time": 1560039306
        },
        {
            "author_name": "KONSTANTINOS K",
            "author_url": "https://www.google.com/maps/contrib/108238799663097991119/reviews",
            "language": "en",
            "profile_photo_url": "https://lh4.googleusercontent.com/-cWj_6QXm7ZY/AAAAAAAAAAI/AAAAAAAAry0/mM2v8jByEp0/s128-c0x00000000-cc-rp-mo-ba5/photo.jpg",
            "rating": 5,
            "relative_time_description": "a month ago",
            "text": "Best Concert Hall in Athens. Lots of concerts, conferences and events. Shop and caf\u00e9 inside.\nNext to a metro station.A small Park nearby.",
            "time": 1562747425
        }
    ],
    "type": "point_of_interest"
}