{
    "id": "5b76928498e59ad5e7a6eed047461d021f3cb105",
    "location": {
        "lat": 37.98868360000001,
        "lng": 23.7455488
    },
    "name": "Cinema Panathinea",
    "rating": 4.4,
    "reviews": [
        {
            "author_name": "Tahimy world",
            "author_url": "https://www.google.com/maps/contrib/102717876610177170938/reviews",
            "language": "en",
            "profile_photo_url": "https://lh4.googleusercontent.com/--Vs08gwNGr8/AAAAAAAAAAI/AAAAAAAAK_U/gRPPlbfmU_U/s128-c0x00000000-cc-rp-mo-ba4/photo.jpg",
            "rating": 5,
            "relative_time_description": "a month ago",
            "text": "\ud83d\udcfd Cine with view at sky.\nHave great atmosphere tables, chairs..\nPrice goes 5 - 7 euros \ud83d\udcb6.\nFilms around the world..\nLive, love.. At summer necessary {4 me} mosquito spray.",
            "time": 1561484806
        },
        {
            "author_name": "Daniela",
            "author_url": "https://www.google.com/maps/contrib/113292106203943278228/reviews",
            "language": "en",
            "profile_photo_url": "https://lh5.googleusercontent.com/-wUsIqHfYEhU/AAAAAAAAAAI/AAAAAAAAAAA/ACHi3rcm-N7sVNtho_jGNgAxnlbXpvoqJg/s128-c0x00000000-cc-rp-mo/photo.jpg",
            "rating": 4,
            "relative_time_description": "3 weeks ago",
            "text": "Very nice place! Everything was great, the small bar, service, but the seats are bit not comfortable for 2 hours sitting. I would recommend to the future change the seats for something more like couch style.",
            "time": 1562271659
        },
        {
            "author_name": "KONSTANTINOS K",
            "author_url": "https://www.google.com/maps/contrib/108238799663097991119/reviews",
            "language": "en",
            "profile_photo_url": "https://lh4.googleusercontent.com/-cWj_6QXm7ZY/AAAAAAAAAAI/AAAAAAAAry0/mM2v8jByEp0/s128-c0x00000000-cc-rp-mo-ba5/photo.jpg",
            "rating": 5,
            "relative_time_description": "2 weeks ago",
            "text": "Great classic Athenian summer moovie theatre. Some tables between the seats. You can enjoy your drink. Smoking too.....",
            "time": 1563058923
        },
        {
            "author_name": "Giorgos Astrinakis",
            "author_url": "https://www.google.com/maps/contrib/101010017807989200853/reviews",
            "language": "en",
            "profile_photo_url": "https://lh3.googleusercontent.com/-aE38BMCSgOQ/AAAAAAAAAAI/AAAAAAAAF3g/tKhjWqlloGg/s128-c0x00000000-cc-rp-mo-ba2/photo.jpg",
            "rating": 4,
            "relative_time_description": "a week ago",
            "text": "Very moody atmosphere",
            "time": 1563357082
        },
        {
            "author_name": "Vaggelis Stefanakis",
            "author_url": "https://www.google.com/maps/contrib/117888496787002654017/reviews",
            "language": "en",
            "profile_photo_url": "https://lh5.googleusercontent.com/-McHI0sOo_2Y/AAAAAAAAAAI/AAAAAAAAAAA/ACHi3rddLDkFYUx2bmn0L70hMxvgVsWzZQ/s128-c0x00000000-cc-rp-mo/photo.jpg",
            "rating": 5,
            "relative_time_description": "11 months ago",
            "text": "Good screen quality and size and a nice chill place with tables between comfortable chairs",
            "time": 1534234736
        }
    ],
    "type": "movie_theater"
}

