{
    "id": "e3614acfe0a794ad96d12919c9b8c653dc916ca1",
    "location": {
        "lat": 37.9886517,
        "lng": 23.7271918
    },
    "name": "\u0398\u03ad\u03b1\u03c4\u03c1\u03bf \u03a0\u03c1\u03bf\u03c3\u03ba\u03ae\u03bd\u03b9\u03bf / \"Proskinio\" theater",
    "rating": 4.3,
    "reviews": [
        {
            "author_name": "anna k",
            "author_url": "https://www.google.com/maps/contrib/101640488008294999807/reviews",
            "language": "en",
            "profile_photo_url": "https://lh6.googleusercontent.com/-oeXAXpxBhG8/AAAAAAAAAAI/AAAAAAAADJg/wYpT1Lc0lK4/s128-c0x00000000-cc-rp-mo-ba4/photo.jpg",
            "rating": 4,
            "relative_time_description": "3 months ago",
            "text": "Small space with a clean, decent bathroom and overall had a nice experience there. The area is  not ideal",
            "time": 1556575261
        },
        {
            "author_name": "Konstantinos Sotiropoulos",
            "author_url": "https://www.google.com/maps/contrib/112131400217995334216/reviews",
            "language": "en",
            "profile_photo_url": "https://lh3.googleusercontent.com/-m-PT5jKyE-Y/AAAAAAAAAAI/AAAAAAAAAAA/Ue48pYJeV48/s128-c0x00000000-cc-rp-mo-ba5/photo.jpg",
            "rating": 4,
            "relative_time_description": "a year ago",
            "text": "Nice spot. Nearby parking. Small theater but very nice.",
            "time": 1519887296
        },
        {
            "author_name": "Vasilis Pap",
            "author_url": "https://www.google.com/maps/contrib/117920848377763320690/reviews",
            "language": "en",
            "profile_photo_url": "https://lh5.googleusercontent.com/-9SqKCZbC8Nk/AAAAAAAAAAI/AAAAAAAAAAA/ACHi3rfzdHKDJFXRlgbUVqZEgCb3TE0jcw/s128-c0x00000000-cc-rp-mo-ba4/photo.jpg",
            "rating": 5,
            "relative_time_description": "a year ago",
            "text": "Nice theatre with excellent seat arranging. Everyone can see the play from a really good angle!",
            "time": 1515584777
        },
        {
            "author_name": "Fadi Alali",
            "author_url": "https://www.google.com/maps/contrib/112172389959526719392/reviews",
            "language": "en",
            "profile_photo_url": "https://lh6.googleusercontent.com/-5TU9KRLi7Sw/AAAAAAAAAAI/AAAAAAAAAAA/ACHi3reViezuVDhCVHEcko690kWCOiIxxQ/s128-c0x00000000-cc-rp-mo-ba2/photo.jpg",
            "rating": 4,
            "relative_time_description": "a year ago",
            "text": "Good",
            "time": 1518078779
        },
        {
            "author_name": "Nik Papajohn",
            "author_url": "https://www.google.com/maps/contrib/104120927913282459140/reviews",
            "language": "el",
            "profile_photo_url": "https://lh6.googleusercontent.com/-ca0JSBVpoJA/AAAAAAAAAAI/AAAAAAAAAWE/4GkR4XSMU2Q/s128-c0x00000000-cc-rp-mo-ba3/photo.jpg",
            "rating": 5,
            "relative_time_description": "4 months ago",
            "text": "\u0395\u03af\u03b4\u03b1\u03bc\u03b5 \u03ba\u03b1\u03b9 \u03b5\u03bc\u03b5\u03af\u03c2 \u03c4\u03bf \u03c5\u03c0\u03ac\u03c1\u03c7\u03b5\u03b9 \u03ba\u03b1\u03b9 \u03c6\u03b9\u03bb\u03cc\u03c4\u03b9\u03bc\u03bf, \u03bf\u03b9 \u03b7\u03b8\u03bf\u03c0\u03bf\u03b9\u03bf\u03af \u03cc\u03bb\u03bf\u03b9 \u03ad\u03c0\u03b1\u03b9\u03b6\u03b1\u03bd \u03bc\u03b5 \u03b6\u03ae\u03bb\u03bf \u03c4\u03bf \u03c1\u03cc\u03bb\u03bf \u03c4\u03bf\u03c5\u03c2 \u03ba\u03b1\u03b9 \u03c0\u03b1\u03c1\u03b5\u03af\u03c7\u03b1\u03bd \u03c4\u03bf \u03ba\u03c9\u03bc\u03b9\u03ba\u03cc \u03ba\u03b1\u03b9 \u03c8\u03c5\u03c7\u03b1\u03b3\u03c9\u03b3\u03b9\u03ba\u03cc \u03c3\u03c4\u03bf\u03b9\u03c7\u03b5\u03af\u03bf \u03c0\u03bf\u03c5 \u03c5\u03c0\u03cc\u03c3\u03c7\u03bf\u03bd\u03c4\u03b1\u03b9. \u03c0\u03c1\u03b1\u03b3\u03bc\u03b1\u03c4\u03b9 \u03b7 \u03b1\u03ba\u03bf\u03c5\u03c3\u03c4\u03b9\u03ba\u03ae \u03c3\u03b5 \u03cc\u03bb\u03bf \u03c4\u03bf \u03b8\u03ad\u03b1\u03c4\u03c1\u03bf \u03b5\u03af\u03bd\u03b1\u03b9 \u03ba\u03b1\u03bb\u03ae,\u03c0\u03c1\u03ac\u03b3\u03bc\u03b1 \u03c0\u03bf\u03c5 \u03c0\u03b1\u03c1\u03b1\u03c4\u03b7\u03c1\u03ae\u03c3\u03b1\u03bc\u03b5 \u03b5\u03c0\u03b5\u03b9\u03b4\u03ae \u03b1\u03bb\u03bb\u03ac\u03be\u03b1\u03bc\u03b5 2 \u03c6\u03bf\u03c1\u03b5\u03c2 \u03b8\u03ad\u03c3\u03b5\u03b9\u03c2 \u03b1\u03c0\u03cc \u03ba\u03ac\u03c4\u03c9 \u03c0\u03c1\u03bf\u03c2 \u03c4\u03b1 \u03c0\u03ac\u03bd\u03c9 \u03b3\u03b9\u03b1 \u03ba\u03b1\u03bb\u03cd\u03c4\u03b5\u03c1\u03b7 \u03bf\u03c0\u03c4\u03b9\u03ba\u03ae. \u03a3\u03c5\u03c3\u03c4\u03ae\u03bd\u03b5\u03c4\u03b1\u03b9 \u03b1\u03bd\u03b5\u03c0\u03b9\u03c6\u03cd\u03bb\u03b1\u03ba\u03c4\u03b1 \u03b3\u03b9\u03b1 \u03b1\u03c5\u03c4\u03bf\u03cd\u03c2 \u03c0\u03bf\u03c5 \u03b8\u03ad\u03bb\u03bf\u03c5\u03bd \u03bd\u03b1 \u03c0\u03b1\u03c1\u03b1\u03ba\u03bf\u03bb\u03bf\u03c5\u03b8\u03ae\u03c3\u03bf\u03c5\u03bd \u03bc\u03b9\u03b1 \u03c0\u03b1\u03c1\u03ac\u03c3\u03c4\u03b1\u03c3\u03b7 \u03c7\u03c9\u03c1\u03af\u03c2 \u03c5\u03c0\u03b5\u03c1\u03c0\u03bf\u03bb\u03c5\u03c4\u03b5\u03bb\u03b5\u03b9\u03b5\u03c2 \u03ba\u03b1\u03b9 \u03bd\u03b1 \u03c0\u03b5\u03c1\u03ac\u03c3\u03bf\u03c5\u03bd \u03ad\u03bd\u03b1 \u03cc\u03bc\u03bf\u03c1\u03c6\u03bf \u03c8\u03c5\u03c7\u03b1\u03b3\u03c9\u03b3\u03b9\u03ba\u03cc \u03b2\u03c1\u03ac\u03b4\u03c5, \u03b5\u03b9\u03b4\u03b9\u03ba\u03ac \u03b3\u03b9\u03b1 \u03b6\u03b5\u03c5\u03b3\u03ac\u03c1\u03b9\u03b1.",
            "time": 1552812279
        }
    ],
    "type": "point_of_interest"
}

