{
    "id": "c521c3a1af37bf42f0078d6fe1a6a4c2d2bf00b5",
    "location": {
        "lat": 37.974439,
        "lng": 23.704659
    },
    "name": "Theater Train at Rouf",
    "rating": 4.4,
    "reviews": [
        {
            "author_name": "Philippos Simidis",
            "author_url": "https://www.google.com/maps/contrib/104936310109846386998/reviews",
            "language": "en",
            "profile_photo_url": "https://lh3.googleusercontent.com/-k07xS2og0-c/AAAAAAAAAAI/AAAAAAAAAAA/ACHi3rcEsgMuT70B_ffvZ6hwKUNLVAl5UQ/s128-c0x00000000-cc-rp-mo-ba2/photo.jpg",
            "rating": 5,
            "relative_time_description": "4 weeks ago",
            "text": "Great place! The jazz remixes only are enough to make you travel :P",
            "time": 1562041872
        },
        {
            "author_name": "Georgiou Maria",
            "author_url": "https://www.google.com/maps/contrib/101863492065549869723/reviews",
            "language": "en",
            "profile_photo_url": "https://lh3.googleusercontent.com/-oQGtFSl5mGA/AAAAAAAAAAI/AAAAAAAAAAA/ACHi3reNIUDwn9dMdGO_D5eBY11XscwkBg/s128-c0x00000000-cc-rp-mo/photo.jpg",
            "rating": 5,
            "relative_time_description": "a month ago",
            "text": "Very original concept, I enjoyed the theater inside one of these wagons, it felt like you were a part of the action as well. Very good work",
            "time": 1561305282
        },
        {
            "author_name": "Apostolos Voulgaridis",
            "author_url": "https://www.google.com/maps/contrib/107106879364286641697/reviews",
            "language": "en",
            "profile_photo_url": "https://lh6.googleusercontent.com/-EICQA8OW5dg/AAAAAAAAAAI/AAAAAAAAJJU/tZ4v8F5olUw/s128-c0x00000000-cc-rp-mo-ba3/photo.jpg",
            "rating": 5,
            "relative_time_description": "4 months ago",
            "text": "Just visited the Train at Rouf today to watch a theatrical show. Needless to say I was astounded by the place.\n\nIt's an old train which has been transformed so that its four wagons are not a music stage, a theater stage, a bar and a restaurant; all with an time traveling style! The show on stage was beyond amazing. The cocktails at the bar were divine and the smells of the restaurant made me hungry for more.\n\nI am definitely going back there first chance I get!",
            "time": 1553117545
        },
        {
            "author_name": "Jordan Rivera",
            "author_url": "https://www.google.com/maps/contrib/102381439812149354213/reviews",
            "language": "en",
            "profile_photo_url": "https://lh4.googleusercontent.com/-faH0Vku-A3Q/AAAAAAAAAAI/AAAAAAAAAAA/ACHi3reGqB3ZPnGH-BrKZsbgxNga5ybf3Q/s128-c0x00000000-cc-rp-mo-ba2/photo.jpg",
            "rating": 5,
            "relative_time_description": "3 weeks ago",
            "text": "The most different place in Athens. Great atmosphere, original as an idea for the area, friendly staff",
            "time": 1562401066
        },
        {
            "author_name": "\u0391\u0398. \u03a3\u039a\u039f\u039b\u0391\u03a1\u0399\u039a\u039f\u03a3",
            "author_url": "https://www.google.com/maps/contrib/112044205080977393219/reviews",
            "language": "en",
            "profile_photo_url": "https://lh4.googleusercontent.com/-azoEDhSuJnw/AAAAAAAAAAI/AAAAAAAAAK4/WC95T7nlwKY/s128-c0x00000000-cc-rp-mo-ba4/photo.jpg",
            "rating": 5,
            "relative_time_description": "4 months ago",
            "text": "Amazing place to go and see a play as the expirience is amazing while being part of the play (really closed to the performers)",
            "time": 1552168362
        }
    ],
    "type": "point_of_interest"
}

