{
    "id": "1b08c1b41a2d564c49068d0e83c9b36d05773233",
    "location": {
        "lat": 37.995644,
        "lng": 23.7313472
    },
    "name": "Trianon",
    "rating": 4.4,
    "reviews": [
        {
            "author_name": "David Chalkidis",
            "author_url": "https://www.google.com/maps/contrib/114821866597103962568/reviews",
            "language": "en",
            "profile_photo_url": "https://lh5.googleusercontent.com/--LjW9DV9zlg/AAAAAAAAAAI/AAAAAAAAOas/D9sOULw8Nvk/s128-c0x00000000-cc-rp-mo-ba3/photo.jpg",
            "rating": 5,
            "relative_time_description": "9 months ago",
            "text": "Great student type atmosphere. Great efforts for quality pictures",
            "time": 1539783359
        },
        {
            "author_name": "george bretton",
            "author_url": "https://www.google.com/maps/contrib/109328767051609477009/reviews",
            "language": "en",
            "profile_photo_url": "https://lh5.googleusercontent.com/-Q-17wkvugFY/AAAAAAAAAAI/AAAAAAAAAUs/nmrOvaSmUhI/s128-c0x00000000-cc-rp-mo/photo.jpg",
            "rating": 5,
            "relative_time_description": "a month ago",
            "text": "Amazing screen",
            "time": 1559163214
        },
        {
            "author_name": "Dimitris Befas",
            "author_url": "https://www.google.com/maps/contrib/107422527709802025361/reviews",
            "language": "en",
            "profile_photo_url": "https://lh3.googleusercontent.com/-leUhDhKoOek/AAAAAAAAAAI/AAAAAAAAHDI/RZbEKRNW5d8/s128-c0x00000000-cc-rp-mo-ba4/photo.jpg",
            "rating": 4,
            "relative_time_description": "11 months ago",
            "text": "Very nice cinema and good movies selection. Also a summer cinema",
            "time": 1533542638
        },
        {
            "author_name": "Nick Tzanos",
            "author_url": "https://www.google.com/maps/contrib/101886049871763217880/reviews",
            "language": "en",
            "profile_photo_url": "https://lh5.googleusercontent.com/-jQW5XycbC7A/AAAAAAAAAAI/AAAAAAAAALc/pZguCi7engk/s128-c0x00000000-cc-rp-mo/photo.jpg",
            "rating": 4,
            "relative_time_description": "a year ago",
            "text": "Small oasis in the centre of Athens. I love the opening roof",
            "time": 1528176339
        },
        {
            "author_name": "Chrisanthi Keleki",
            "author_url": "https://www.google.com/maps/contrib/112664761806223750110/reviews",
            "language": "en",
            "profile_photo_url": "https://lh6.googleusercontent.com/-gx2IKNtmT9U/AAAAAAAAAAI/AAAAAAAAAAA/ACHi3rdVjEl-Vh7K6IKmRJG794nHT4kqPA/s128-c0x00000000-cc-rp-mo-ba3/photo.jpg",
            "rating": 5,
            "relative_time_description": "a year ago",
            "text": "Nice cinema with an opening roof (a second \"sceen\" from where you can also see the stars...)",
            "time": 1524834171
        }
    ],
    "type": "movie_theater"
}

