{
    "id": "b752bffd8c6ad22c8cfab6d2716d8b1db182599a",
    "location": {
        "lat": 37.9780164,
        "lng": 23.7246944
    },
    "name": "Impact Hub Athens",
    "rating": 4.6,
    "reviews": [
        {
            "author_name": "zixon k",
            "author_url": "https://www.google.com/maps/contrib/113288225624877952409/reviews",
            "language": "en",
            "profile_photo_url": "https://lh5.googleusercontent.com/-Tp_AA8WGiPA/AAAAAAAAAAI/AAAAAAAAAH8/O8qn8S2Vgfk/s128-c0x00000000-cc-rp-mo/photo.jpg",
            "rating": 4,
            "relative_time_description": "3 months ago",
            "text": "I like these place it is peace and lovely",
            "time": 1555225762
        },
        {
            "author_name": "Patric",
            "author_url": "https://www.google.com/maps/contrib/103671764024376089924/reviews",
            "language": "en",
            "profile_photo_url": "https://lh3.googleusercontent.com/-uKtnNmiYUx0/AAAAAAAAAAI/AAAAAAAAACo/qRH0UryZGmU/s128-c0x00000000-cc-rp-mo/photo.jpg",
            "rating": 5,
            "relative_time_description": "a year ago",
            "text": "Beautiful place to work at. Nice offices and a very positive and creative environment.",
            "time": 1526547492
        },
        {
            "author_name": "Petra Bil\u00edkov\u00e1",
            "author_url": "https://www.google.com/maps/contrib/107978889486432577592/reviews",
            "language": "en",
            "profile_photo_url": "https://lh3.googleusercontent.com/-rbbu0Hwk2Es/AAAAAAAAAAI/AAAAAAAA4Rc/2V6kJJTrZHY/s128-c0x00000000-cc-rp-mo-ba3/photo.jpg",
            "rating": 5,
            "relative_time_description": "2 years ago",
            "text": "Very good, fast internet, home atmosphere. Affordable price. Right in the city center close to all beautiful places.",
            "time": 1502356237
        },
        {
            "author_name": "Mara Lytrokapi",
            "author_url": "https://www.google.com/maps/contrib/113808491060446696740/reviews",
            "language": "en",
            "profile_photo_url": "https://lh6.googleusercontent.com/-80UgG4PqkCQ/AAAAAAAAAAI/AAAAAAAAAd8/CAZOJqmzRsI/s128-c0x00000000-cc-rp-mo/photo.jpg",
            "rating": 5,
            "relative_time_description": "2 years ago",
            "text": "Unique in Athens! Impact Hub is an absolutely inspiring community and place to be and work for social change. Ready for action!",
            "time": 1502187753
        },
        {
            "author_name": "Aspasia Drizou",
            "author_url": "https://www.google.com/maps/contrib/107260505329972060377/reviews",
            "language": "en",
            "profile_photo_url": "https://lh5.googleusercontent.com/-jLoSQdwV3o4/AAAAAAAAAAI/AAAAAAAAHPE/8OwtLdaN6Eg/s128-c0x00000000-cc-rp-mo/photo.jpg",
            "rating": 2,
            "relative_time_description": "2 years ago",
            "text": "My laptop was stolen while I was still in the building. Apparently, this has happened before and I was informed only after they stole mine. They should inform their community members that theft is an issue around there. When I confronted the owners for their lack of communication and security of the building I was told I should be more careful with my stuff and this could have happened in a bar as well. Ironically,  this has never happened to me anywhere else and it's discouraging to compare their business to a bar. I have to mention that they offered 2 months subscription for free, but this only compares to half of my laptop's price. \nI hope they work on these issues in the future so they can evolve in a professional, trustworthy workspace.",
            "time": 1480675653
        }
    ],
    "type": "point_of_interest"
}