{
    "id": "a90333d42d3edc3c00e08ff54fdecc9e4fc06a99",
    "location": {
        "lat": 37.9728857,
        "lng": 23.737394
    },
    "name": "National Garden",
    "rating": 4.5,
    "reviews": [
        {
            "author_name": "John J",
            "author_url": "https://www.google.com/maps/contrib/102807400472379536281/reviews",
            "language": "en",
            "profile_photo_url": "https://lh6.googleusercontent.com/-AQ2R5uNkXPI/AAAAAAAAAAI/AAAAAAAAAAA/ACHi3rcbRdCfeCfHzNs25ai7grumonULOQ/s128-c0x00000000-cc-rp-mo-ba5/photo.jpg",
            "rating": 5,
            "relative_time_description": "a month ago",
            "text": "Beautiful gardens. It can be a bit of a maze at times, not Google Maps will set you right. \nThe gardens are very well maintained (apart from the odd graffiti here and there) and are very beautiful to see. Out is free in to see also which is nice. \nWe enjoyed our hour or so, sauntering around this place for an hour or so. Would recommend this place.",
            "time": 1561324717
        },
        {
            "author_name": "Iossif Serafimidis",
            "author_url": "https://www.google.com/maps/contrib/107883907133682235112/reviews",
            "language": "en",
            "profile_photo_url": "https://lh4.googleusercontent.com/-wHlhfnUCQzM/AAAAAAAAAAI/AAAAAAAAQmo/3M49ggr6tW4/s128-c0x00000000-cc-rp-mo-ba5/photo.jpg",
            "rating": 5,
            "relative_time_description": "3 weeks ago",
            "text": "Feels like a jungle in the middle of the city centre. I love the way plants are intertwined with everything else. An oasis of smells sounds and always a cooling down experience if you get a drink or snack at the one and only  hidden canteen under the trees.",
            "time": 1561975153
        },
        {
            "author_name": "Maddie C.",
            "author_url": "https://www.google.com/maps/contrib/105083502959168923495/reviews",
            "language": "en",
            "profile_photo_url": "https://lh6.googleusercontent.com/-jgzgcAOdx6Q/AAAAAAAAAAI/AAAAAAAAQp0/s_IgJAF8Uww/s128-c0x00000000-cc-rp-mo-ba4/photo.jpg",
            "rating": 4,
            "relative_time_description": "a month ago",
            "text": "It's a great place to visit in Athens if you're looking to kill time or check out some free places around the city. Most of the plants are just trees and shrubs, so don't expect a bunch of beautiful flowers. There is a pond in the gardens that is home to a lot of turtles and there is also an enclosure with goats, peacocks, rabbits, etc. This was the perfect place to cool down in the hot summer weather since it is heavily shaded.",
            "time": 1560453781
        },
        {
            "author_name": "James Dunn",
            "author_url": "https://www.google.com/maps/contrib/108388576697057844394/reviews",
            "language": "en",
            "profile_photo_url": "https://lh3.googleusercontent.com/-2-_cSbihIE8/AAAAAAAAAAI/AAAAAAAAEbM/V65391cwm3k/s128-c0x00000000-cc-rp-mo/photo.jpg",
            "rating": 4,
            "relative_time_description": "a week ago",
            "text": "A beautiful natural paradise in the heart of a huge city. The wild Parrots and happy turtles are a welcome distraction from the taxis and scooters. So close to the sights and so tropical and beautiful it would be a shame to miss.",
            "time": 1562924228
        },
        {
            "author_name": "Victor Bouchard",
            "author_url": "https://www.google.com/maps/contrib/116939364018816024974/reviews",
            "language": "en",
            "profile_photo_url": "https://lh4.googleusercontent.com/-SdC3knQzl9E/AAAAAAAAAAI/AAAAAAAAADs/Dc5oChOmixo/s128-c0x00000000-cc-rp-mo-ba5/photo.jpg",
            "rating": 4,
            "relative_time_description": "2 months ago",
            "text": "In the center of Athens, the national garden is one of the magical places of the city. From alleys of orange trees having a wonderful smell to a small turtle lake and kids attractions, this place has a lot to make you spend a great time! Minus point, a lot of homeless people are leaving on the sides (they do not seem to be dangerous, but I would therefore not recommend kids to go there alone)... All in all a must see.",
            "time": 1556733939
        }
    ],
    "type": "park"
}

