{
    "id": "63cc14b9d73742012d3c76290fb7db15802f7d89",
    "location": {
        "lat": 37.97846,
        "lng": 23.726739
    },
    "name": "The VR Project (Virtual Reality Experiences)",
    "rating": 4.4,
    "reviews": [
        {
            "author_name": "Beyza Nur Samuto\u011flu",
            "author_url": "https://www.google.com/maps/contrib/116514091783550549514/reviews",
            "language": "en",
            "profile_photo_url": "https://lh3.googleusercontent.com/a-/AAuE7mBbGiHwIWWaBRjSi1zoLsaD0gOcf49DYfxP5nlr0w=s128-c0x00000000-cc-rp-mo-ba3",
            "rating": 4,
            "relative_time_description": "4 weeks ago",
            "text": "There are good games and a cute Lady who can help you. The price is expensive.",
            "time": 1563086039
        },
        {
            "author_name": "Palamas Mendrinos",
            "author_url": "https://www.google.com/maps/contrib/114922100635327297299/reviews",
            "language": "en",
            "profile_photo_url": "https://lh3.googleusercontent.com/a-/AAuE7mAkT84eji0MZXhaKMajkP3mi0MbxXRViRQsW08U=s128-c0x00000000-cc-rp-mo-ba3",
            "rating": 5,
            "relative_time_description": "8 months ago",
            "text": "An amazing experience(works best with friends)",
            "time": 1544056276
        },
        {
            "author_name": "Antonis Tzorvas",
            "author_url": "https://www.google.com/maps/contrib/108498664281537156435/reviews",
            "language": "en",
            "profile_photo_url": "https://lh3.googleusercontent.com/a-/AAuE7mDgUuq59RP3iUezSTQhbBBQZm6drfqOwabL97KR4mQ=s128-c0x00000000-cc-rp-mo-ba2",
            "rating": 5,
            "relative_time_description": "a year ago",
            "text": "Great staff, cool and cozy place, great air conditioning and of course enjoyed the games!",
            "time": 1519056923
        },
        {
            "author_name": "Dimitris Bouskos",
            "author_url": "https://www.google.com/maps/contrib/114802473944749246404/reviews",
            "language": "en",
            "profile_photo_url": "https://lh3.googleusercontent.com/a-/AAuE7mBcPDJmbkq3XZxGAu7Jm2YkeLWwMZT6z37rkJiTCA=s128-c0x00000000-cc-rp-mo",
            "rating": 5,
            "relative_time_description": "a year ago",
            "text": "Excellent services, very good vr equipment.",
            "time": 1523266482
        },
        {
            "author_name": "Hans Merken",
            "author_url": "https://www.google.com/maps/contrib/113903315595531025831/reviews",
            "language": "en",
            "profile_photo_url": "https://lh3.googleusercontent.com/a-/AAuE7mAhViqG1zdmpBSbwHhxenzoYVkK4tQWOLJPuuJx_w=s128-c0x00000000-cc-rp-mo-ba4",
            "rating": 5,
            "relative_time_description": "a year ago",
            "text": "Great. 4 nice rooms with a HTC Vive to play with. Not expensive. ",
            "time": 1504801957
        }
    ],
    "type": "point_of_interest"
}