{
    "id": "d4ee43a512d69c259194579ed1072a9f711becfa",
    "location": {
        "lat": 37.9853065,
        "lng": 23.7276904
    },
    "name": "\u03a3\u03b9\u03bd\u03b5\u03bc\u03ac Cosmopolit",
    "rating": 1,
    "reviews": [
        {
            "author_name": "\u03a6\u03b1\u03af\u03b7 \u039a\u03b5\u03bb\u03b5\u03c0\u03bf\u03cd\u03c1\u03b7",
            "author_url": "https://www.google.com/maps/contrib/103486838263779254826/reviews",
            "language": "el",
            "profile_photo_url": "https://lh3.googleusercontent.com/-RQFDw_ZGu94/AAAAAAAAAAI/AAAAAAAAAAA/ACHi3rfcC3RzcTyVQreTQesbvOgmPsV_Hw/s128-c0x00000000-cc-rp-mo/photo.jpg",
            "rating": 1,
            "relative_time_description": "a month ago",
            "text": "\u03a0\u03b5\u03c1\u03bd\u03ac\u03c2 \u03ba\u03b1\u03b9 \u03c6\u03bf\u03b2\u03ac\u03c3\u03b1\u03b9 \u03bc\u03b7 \u03c3\u03b5 \u03c3\u03ba\u03bf\u03c4\u03ce\u03c3\u03bf\u03c5\u03bd! \u0394\u03b5\u03bd \u03be\u03ad\u03c1\u03c9 \u03c4\u03b9 \u03b3\u03af\u03bd\u03b5\u03c4\u03b1\u03b9 \u03b5\u03b4\u03c9 \u03c0\u03b1\u03bd\u03c4\u03cc\u03c2 \u03b5\u03b9\u03bd\u03b1\u03b9 \u03c4\u03c1\u03b1\u03b3\u03b9\u03ba\u03cc! \u0397 \u039f\u03bc\u03cc\u03bd\u03bf\u03b9\u03b1 \u03b5\u03b9\u03bd\u03b1\u03b9 \u03b5\u03c0\u03b9\u03ba\u03af\u03bd\u03b4\u03c5\u03bd\u03b7 \u03c0\u03bf\u03bb\u03cd \u03ba\u03b1\u03b9 \u03b5\u03b9\u03b4\u03b9\u03ba\u03ac \u03b1\u03c5\u03c4\u03cc\u03c2 \u03bf \u03b4\u03c1\u03cc\u03bc\u03bf\u03c2. \u03a0\u03bf\u03c1\u03bd\u03cc \u03c3\u03c4\u03bf \u03ba\u03ad\u03bd\u03c4\u03c1\u03bf \u03c4\u03b7\u03c2 \u0391\u03b8\u03ae\u03bd\u03b1\u03c2! \u039d\u03c4\u03c1\u03bf\u03c0\u03ae!",
            "time": 1560105261
        }
    ],
    "type":"movie_theater"
}

