{
    "id": "b2f6118aa5ab07404fbb40ba4505bd826cd41a96",
    "location": {
        "lat": 37.9827513,
        "lng": 23.731128
    },
    "name": "Theatre REX",
    "rating": 4.4,
    "reviews": [
        {
            "author_name": "Dory Tsamadou",
            "author_url": "https://www.google.com/maps/contrib/102827832673442162580/reviews",
            "language": "en",
            "profile_photo_url": "https://lh3.googleusercontent.com/-3qxuDgO59j8/AAAAAAAAAAI/AAAAAAAAAAA/ACHi3re0D61OR6SMfiVttkhrwebvs4wzpA/s128-c0x00000000-cc-rp-mo/photo.jpg",
            "rating": 5,
            "relative_time_description": "6 months ago",
            "text": "Been there twice this year alone. Saw a Shakespeare play and then Charles Dickens a Christmas Carol. Both were sublime! Absolutely wonderful! Everything about them! I had tears in my eyes.",
            "time": 1549003300
        },
        {
            "author_name": "Geo Choriano",
            "author_url": "https://www.google.com/maps/contrib/103008346510338664170/reviews",
            "language": "en",
            "profile_photo_url": "https://lh6.googleusercontent.com/-HRH-ae-mSxc/AAAAAAAAAAI/AAAAAAAAACw/V5WlIJEA4lM/s128-c0x00000000-cc-rp-mo-ba4/photo.jpg",
            "rating": 4,
            "relative_time_description": "3 months ago",
            "text": "Classic old fashioned theater we are waiting for the restorations, lighting ,audio,set and ambient was superb!",
            "time": 1554883046
        },
        {
            "author_name": "Thodoris Paraskevopoulos",
            "author_url": "https://www.google.com/maps/contrib/112492488598986785329/reviews",
            "language": "en",
            "profile_photo_url": "https://lh5.googleusercontent.com/-3TMU3rkUfhg/AAAAAAAAAAI/AAAAAAAAABA/DaRP5wIFUCs/s128-c0x00000000-cc-rp-mo-ba4/photo.jpg",
            "rating": 5,
            "relative_time_description": "2 months ago",
            "text": "Great facility, the sound was surprisingly very well set up. Expect crowded situations every Friday",
            "time": 1558124673
        },
        {
            "author_name": "Nassos Kourentas",
            "author_url": "https://www.google.com/maps/contrib/114450341842732385195/reviews",
            "language": "en",
            "profile_photo_url": "https://lh4.googleusercontent.com/-QZ5qvOaFXTQ/AAAAAAAAAAI/AAAAAAAAAAA/xbCjXuBb_sY/s128-c0x00000000-cc-rp-mo-ba5/photo.jpg",
            "rating": 4,
            "relative_time_description": "7 months ago",
            "text": "Historical theater. The national theater opera for children of Christmas Carol is a unique/not-to-be-missed experience!",
            "time": 1546104554
        },
        {
            "author_name": "Ioanna Loli",
            "author_url": "https://www.google.com/maps/contrib/107252589193901993092/reviews",
            "language": "en",
            "profile_photo_url": "https://lh6.googleusercontent.com/-uWev3RZHJYs/AAAAAAAAAAI/AAAAAAAAAAA/ACHi3rexQF1boePWUSXXzo9ZunFq7u6rmw/s128-c0x00000000-cc-rp-mo-ba2/photo.jpg",
            "rating": 4,
            "relative_time_description": "6 months ago",
            "text": "Theater was good. On the negative side the queue to get a bottle of water on the break was very big.",
            "time": 1546631877
        }
    ],
    "type": "point_of_interest"
}

