{
    "id": "06f9607b30902b72eb5df3539e84b2bd146d2044",
    "location": {
        "lat": 37.9747059,
        "lng": 23.6682494
    },
    "name": "VILLAGE CINEMAS - RENTIS",
    "rating": 4.4,
    "reviews": [
        {
            "author_name": "Iris Guzman",
            "author_url": "https://www.google.com/maps/contrib/112352597162231353100/reviews",
            "language": "en",
            "profile_photo_url": "https://lh5.googleusercontent.com/-Z9gsVAw8FvY/AAAAAAAAAAI/AAAAAAAAWkw/OeB57rooVN0/s128-c0x00000000-cc-rp-mo-ba3/photo.jpg",
            "rating": 4,
            "relative_time_description": "a week ago",
            "text": "Price for movie tickets seemed average, however the popcorn and other refreshments were very affordable. Lots of families buy the refreshments before the movie and step outside while they wait. The seats were just okay, but the sound and screen were amazing quality.",
            "time": 1563607564
        },
        {
            "author_name": "MarugaV",
            "author_url": "https://www.google.com/maps/contrib/103967035266361388225/reviews",
            "language": "en",
            "profile_photo_url": "https://lh6.googleusercontent.com/-UzgXDSQbx_Y/AAAAAAAAAAI/AAAAAAAAAHU/rX95BBxCccY/s128-c0x00000000-cc-rp-mo/photo.jpg",
            "rating": 5,
            "relative_time_description": "a month ago",
            "text": "beautiful atmosphere.It is like a small mall. The cinema is amazing. If you have a movie you want to watch feel free to do so. :)",
            "time": 1561316017
        },
        {
            "author_name": "al-k\u012bm\u012b\u0101",
            "author_url": "https://www.google.com/maps/contrib/108643045438599525549/reviews",
            "language": "en",
            "profile_photo_url": "https://lh6.googleusercontent.com/-gqTweAHmm1I/AAAAAAAAAAI/AAAAAAAAD5c/IILdQySvwiA/s128-c0x00000000-cc-rp-mo-ba4/photo.jpg",
            "rating": 4,
            "relative_time_description": "4 months ago",
            "text": "Easy approachable and kinda clean I would say. it have a few good cafeterias mostly on the first floor with kinda nice view, it have a few food stores and clothing stores but nothing too special. For my it Lacks some stores and the best part is the cinemas witch is very good and also next to the mall there is  the allou fun park witch is great for both kids and adults",
            "time": 1552391621
        },
        {
            "author_name": "George G",
            "author_url": "https://www.google.com/maps/contrib/107751511981047393616/reviews",
            "language": "en",
            "profile_photo_url": "https://lh3.googleusercontent.com/-qvfJ2X4yDiI/AAAAAAAAAAI/AAAAAAAAAAA/ACHi3reGGa9_s7biv3EIMhprom1ef5evgw/s128-c0x00000000-cc-rp-mo-ba3/photo.jpg",
            "rating": 4,
            "relative_time_description": "a week ago",
            "text": "Nice place for cinema, food, shopping, bowling or even a cup of coffee. There a lot of kids playground here.",
            "time": 1563612179
        },
        {
            "author_name": "anna k",
            "author_url": "https://www.google.com/maps/contrib/101640488008294999807/reviews",
            "language": "en",
            "profile_photo_url": "https://lh6.googleusercontent.com/-oeXAXpxBhG8/AAAAAAAAAAI/AAAAAAAADJg/wYpT1Lc0lK4/s128-c0x00000000-cc-rp-mo-ba4/photo.jpg",
            "rating": 5,
            "relative_time_description": "3 months ago",
            "text": "I can't really find a fault about this place. It's just what you expect, great. Clean, helpful staff and normal pricing.",
            "time": 1556577445
        }
    ],
    "type": "movie_theater"
}

