{
    "id": "1363f8eb56a8738566792daa8c8c7a5c846baab2",
    "location": {
        "lat": 37.98648,
        "lng": 23.7284122
    },
    "name": "Theater of Changes",
    "rating": 4.5,
    "reviews": [
        {
            "author_name": "xenofon koutoumanos",
            "author_url": "https://www.google.com/maps/contrib/117809730204557678664/reviews",
            "language": "en",
            "profile_photo_url": "https://lh6.googleusercontent.com/-WWDBzdFR_W0/AAAAAAAAAAI/AAAAAAAAEwM/EUWQIWVjGxI/s128-c0x00000000-cc-rp-mo-ba3/photo.jpg",
            "rating": 2,
            "relative_time_description": "a month ago",
            "text": "Nice",
            "time": 1561320841
        },
        {
            "author_name": "Panagiotis Giannopoulos",
            "author_url": "https://www.google.com/maps/contrib/104532749210582263157/reviews",
            "language": "el",
            "profile_photo_url": "https://lh5.googleusercontent.com/-hssQQGuTOkQ/AAAAAAAAAAI/AAAAAAAAHRw/wF-d6Kp2L0E/s128-c0x00000000-cc-rp-mo-ba3/photo.jpg",
            "rating": 5,
            "relative_time_description": "4 months ago",
            "text": "\u03a4\u03ad\u03bb\u03b5\u03b9\u03b1 \u03c3\u03c7\u03bf\u03bb\u03ae \u03b3\u03b9\u03b1 \u03bd\u03b1 \u03b1\u03bd\u03b1\u03ba\u03b1\u03bb\u03cd\u03c8\u03b5\u03b9\u03c2 \u03ba\u03b1\u03b9 \u03bd\u03b1 \u03b1\u03bd\u03b1\u03c0\u03c4\u03cd\u03be\u03b5\u03b9\u03c2 \u03c4\u03bf \u03c0\u03ac\u03b8\u03bf\u03c2 \u03c3\u03bf\u03c5",
            "time": 1552738988
        },
        {
            "author_name": "\u0397\u03bb\u03af\u03b1\u03c2 Elias \u03a0\u03bf\u03bb\u03af\u03c4\u03b7\u03c2 Politis",
            "author_url": "https://www.google.com/maps/contrib/109904247275468593438/reviews",
            "language": "el",
            "profile_photo_url": "https://lh6.googleusercontent.com/-0JhEGdIO9nc/AAAAAAAAAAI/AAAAAAAAASY/c201wWdZDPs/s128-c0x00000000-cc-rp-mo-ba3/photo.jpg",
            "rating": 4,
            "relative_time_description": "7 months ago",
            "text": "\u0397 \u03bd\u03ad\u03b1 \u03c0\u03c1\u03cc\u03c4\u03b1\u03c3\u03b7 \u03c5\u03c0\u03bf\u03ba\u03c1\u03b9\u03c4\u03b9\u03ba\u03ae\u03c2 \u03c4\u03b5\u03c7\u03bd\u03b7\u03c2",
            "time": 1544395547
        },
        {
            "author_name": "Donatella Damato",
            "author_url": "https://www.google.com/maps/contrib/118107801734467257899/reviews",
            "language": "it",
            "profile_photo_url": "https://lh6.googleusercontent.com/-MoOa-lEFKos/AAAAAAAAAAI/AAAAAAAAIQM/sBdzp6d30_Y/s128-c0x00000000-cc-rp-mo-ba3/photo.jpg",
            "rating": 5,
            "relative_time_description": "2 years ago",
            "text": "Una fucina di talenti nel centro di Atene. ",
            "time": 1500281325
        },
        {
            "author_name": "julie vompirellah",
            "author_url": "https://www.google.com/maps/contrib/103109376742288984929/reviews",
            "language": "el",
            "profile_photo_url": "https://lh6.googleusercontent.com/-rfAFDixIX54/AAAAAAAAAAI/AAAAAAAAADY/2iU-0exL_Fs/s128-c0x00000000-cc-rp-mo-ba2/photo.jpg",
            "rating": 5,
            "relative_time_description": "2 years ago",
            "text": "\u03a3\u03bf\u03c5\u03c0\u03b5\u03c1 \u03bc\u03b1\u03b8\u03b7\u03bc\u03b1\u03c4\u03b1 \u03b8\u03b5\u03b1\u03c4\u03c1\u03bf\u03c5",
            "time": 1492710405
        }
    ],
    "type": "point_of_interest"
}

