{
    "id": "2fd3225e1117368a40710a2097175ded1fc1bb16",
    "location": {
        "lat": 37.9770715,
        "lng": 23.7350138
    },
    "name": "Pallas",
    "rating": 4.6,
    "reviews": [
        {
            "author_name": "Panayotis V.",
            "author_url": "https://www.google.com/maps/contrib/107621139594437061192/reviews",
            "language": "en",
            "profile_photo_url": "https://lh4.googleusercontent.com/-OsqSMBc2UkI/AAAAAAAAAAI/AAAAAAAAnyY/UyH-JiJ-uUI/s128-c0x00000000-cc-rp-mo-ba6/photo.jpg",
            "rating": 5,
            "relative_time_description": "2 weeks ago",
            "text": "Awesome theatre, with subtitles in English as well. Maybe the best in Athens",
            "time": 1563525386
        },
        {
            "author_name": "Rasa Aleju",
            "author_url": "https://www.google.com/maps/contrib/108742573106599085361/reviews",
            "language": "en",
            "profile_photo_url": "https://lh5.googleusercontent.com/-awF5tVPiT6k/AAAAAAAAAAI/AAAAAAAAAAA/ACHi3rcnSuQ5MyVhXOfQWR7LLV40fGBj3A/s128-c0x00000000-cc-rp-mo-ba3/photo.jpg",
            "rating": 5,
            "relative_time_description": "2 months ago",
            "text": "Center of Athens. Lovely theater. Usually worthy repertoire",
            "time": 1558906041
        },
        {
            "author_name": "Alecos Rachaelius",
            "author_url": "https://www.google.com/maps/contrib/104608675729992293326/reviews",
            "language": "en",
            "profile_photo_url": "https://lh6.googleusercontent.com/-ye6gn_qfZSY/AAAAAAAAAAI/AAAAAAAAAAA/ACHi3rc7ixL0VpvKXqnIxBWa7BN5XPeK8Q/s128-c0x00000000-cc-rp-mo/photo.jpg",
            "rating": 4,
            "relative_time_description": "a month ago",
            "text": "Fantastic theater! But  no parking available.",
            "time": 1560329079
        },
        {
            "author_name": "Marios Stefanis",
            "author_url": "https://www.google.com/maps/contrib/113840811279970158736/reviews",
            "language": "en",
            "profile_photo_url": "https://lh4.googleusercontent.com/-bootvbkwkQ4/AAAAAAAAAAI/AAAAAAAAAF0/jHg2yeB1icA/s128-c0x00000000-cc-rp-mo-ba3/photo.jpg",
            "rating": 5,
            "relative_time_description": "3 months ago",
            "text": "One of the oldest-modern Greek theater in Athens ! I simply love the place .",
            "time": 1555827984
        },
        {
            "author_name": "Eleni Balaoura",
            "author_url": "https://www.google.com/maps/contrib/115778028788175654235/reviews",
            "language": "en",
            "profile_photo_url": "https://lh3.googleusercontent.com/-vMcNem4GARw/AAAAAAAAAAI/AAAAAAAAAAA/ACHi3rcNyfLf2d0UAAOc5iOeH2k2Dxz5bw/s128-c0x00000000-cc-rp-mo-ba3/photo.jpg",
            "rating": 5,
            "relative_time_description": "a month ago",
            "text": "One of my favourite theatres",
            "time": 1560089121
        }
    ],
    "type": "point_of_interest"
}

