{
    "id": "ad35ed15d77470a06939016b6a354d031c81dce8",
    "location": {
        "lat": 37.9393923,
        "lng": 23.7399788
    },
    "name": "VILLAGE 5 CINEMAS @ ATHENS METRO MALL",
    "rating": 4.5,
    "reviews": [
        {
            "author_name": "Mary Moraites",
            "author_url": "https://www.google.com/maps/contrib/103892259232118347602/reviews",
            "language": "en",
            "profile_photo_url": "https://lh6.googleusercontent.com/-p_KGSSkNN0k/AAAAAAAAAAI/AAAAAAAAAcM/b28neZMz86g/s128-c0x00000000-cc-rp-mo-ba3/photo.jpg",
            "rating": 5,
            "relative_time_description": "5 months ago",
            "text": "Great movie theatre,  very clean,  lovely seating,  wherever you sit,  with a tall person sitting in front of you, you can always see the screen.! \ud83d\ude01!!. Yummy buttered popcorn,  giant sized soda cups,  and many more goodies and candy to take into the cinema with you.  Very enjoyable atmosphere in the movie  theatre... \nI ordered a box of buttered popcorn with coke and I enjoyed it to the fullest!",
            "time": 1551119292
        },
        {
            "author_name": "\u03a7\u03c1\u03ae\u03c3\u03c4\u03bf\u03c2 \u039c\u03b5\u03bb\u03ad\u03c4\u03b7\u03c2",
            "author_url": "https://www.google.com/maps/contrib/102153868926050765784/reviews",
            "language": "en",
            "profile_photo_url": "https://lh3.googleusercontent.com/-fxC068c7K_k/AAAAAAAAAAI/AAAAAAAAACg/WBp1bIoTq1w/s128-c0x00000000-cc-rp-mo/photo.jpg",
            "rating": 5,
            "relative_time_description": "in the last week",
            "text": "Your usual village cinema.\nIt has caramel pop corn!!\nIt even has couches outside if you want to chill and check trailers of upcoming movies.",
            "time": 1564257115
        },
        {
            "author_name": "vasw k.2006",
            "author_url": "https://www.google.com/maps/contrib/113844886620965522417/reviews",
            "language": "en",
            "profile_photo_url": "https://lh4.googleusercontent.com/-vvdCv-XoOhU/AAAAAAAAAAI/AAAAAAAAJxg/mL5dYZY2EEs/s128-c0x00000000-cc-rp-mo-ba3/photo.jpg",
            "rating": 4,
            "relative_time_description": "a week ago",
            "text": "It was awesome experience at the game land there and I had so much fun",
            "time": 1563781687
        },
        {
            "author_name": "\u03a0\u03b1\u03bd\u03b1\u03b3\u03b9\u03ce\u03c4\u03b7\u03c2 \u039c\u03b9\u03c7\u03b1\u03bb\u03cc\u03c0\u03bf\u03c5\u03bb\u03bf\u03c2",
            "author_url": "https://www.google.com/maps/contrib/100101186121201080838/reviews",
            "language": "en",
            "profile_photo_url": "https://lh5.googleusercontent.com/-MzEFtN6WR6M/AAAAAAAAAAI/AAAAAAAABOo/3Uo-wJg7wKA/s128-c0x00000000-cc-rp-mo/photo.jpg",
            "rating": 5,
            "relative_time_description": "4 weeks ago",
            "text": "Many small theaters with good view from all seats. Well organized.",
            "time": 1561978452
        },
        {
            "author_name": "stelios louloudis",
            "author_url": "https://www.google.com/maps/contrib/111292565445229615364/reviews",
            "language": "en",
            "profile_photo_url": "https://lh4.googleusercontent.com/-Isc1ToiXig8/AAAAAAAAAAI/AAAAAAAAAAA/ACHi3rc9C66sqT2Q-AURI-B2cnG6CM1KWg/s128-c0x00000000-cc-rp-mo/photo.jpg",
            "rating": 5,
            "relative_time_description": "2 weeks ago",
            "text": "The best when I have ever seen in my own life",
            "time": 1563005097
        }
    ],
    "type": "movie_theater"
}

