{
    "id": "2f28721dee8824c498de8dd11c4f679024cbb7b6",
    "location": {
        "lat": 37.9791239,
        "lng": 23.7240087
    },
    "name": "Free Self-managed Theater EMPROS",
    "rating": 4.5,
    "reviews": [
        {
            "author_name": "Spiros Loissios",
            "author_url": "https://www.google.com/maps/contrib/114571550038121117839/reviews",
            "language": "en",
            "profile_photo_url": "https://lh4.googleusercontent.com/-qBXhcac_piI/AAAAAAAAAAI/AAAAAAAAKpA/1TrxbF9UhBY/s128-c0x00000000-cc-rp-mo-ba2/photo.jpg",
            "rating": 5,
            "relative_time_description": "5 months ago",
            "text": "This is a free space that hosts performing arts. All drinks are sold almost at cost, entrance is free and the performers are paid by box contribution. It is an extremely inter- cultural space. There where migrants, refugees, tourists, locals and everyone was dancing. One of the best places we have played",
            "time": 1549288087
        },
        {
            "author_name": "george bretton",
            "author_url": "https://www.google.com/maps/contrib/109328767051609477009/reviews",
            "language": "en",
            "profile_photo_url": "https://lh5.googleusercontent.com/-Q-17wkvugFY/AAAAAAAAAAI/AAAAAAAAAUs/nmrOvaSmUhI/s128-c0x00000000-cc-rp-mo/photo.jpg",
            "rating": 5,
            "relative_time_description": "3 months ago",
            "text": "There was an amazing concert that took place at this specific theater.",
            "time": 1556378630
        },
        {
            "author_name": "GALAXY_A5",
            "author_url": "https://www.google.com/maps/contrib/100694511460329026903/reviews",
            "language": "en",
            "profile_photo_url": "https://lh3.googleusercontent.com/-nqRryanKu6I/AAAAAAAAAAI/AAAAAAAAFVA/L8xrQex68hw/s128-c0x00000000-cc-rp-mo-ba3/photo.jpg",
            "rating": 4,
            "relative_time_description": "3 months ago",
            "text": "I went there for a Party! The music was ok and the prices for drinks were really low but the people hade a range from 16 to 40 years old",
            "time": 1556614415
        },
        {
            "author_name": "\u0393\u03c1\u03b7\u03b3\u03bf\u03c1\u03b7\u03c2 \u0393\u03ba\u03b9\u03b1\u03c6\u03b7\u03c2",
            "author_url": "https://www.google.com/maps/contrib/111708574554207895604/reviews",
            "language": "en",
            "profile_photo_url": "https://lh5.googleusercontent.com/-yhwhzzVKtY8/AAAAAAAAAAI/AAAAAAAAAm4/MJPvwee7blw/s128-c0x00000000-cc-rp-mo-ba2/photo.jpg",
            "rating": 5,
            "relative_time_description": "2 months ago",
            "text": "Gregory giafis Athens Greece fashion model I want to work for you thank you",
            "time": 1558131624
        },
        {
            "author_name": "Stelios Bakiris",
            "author_url": "https://www.google.com/maps/contrib/117705395740215235157/reviews",
            "language": "en",
            "profile_photo_url": "https://lh4.googleusercontent.com/-oY2cq4OG1L0/AAAAAAAAAAI/AAAAAAAAAEs/9rqnsdoXzeE/s128-c0x00000000-cc-rp-mo-ba4/photo.jpg",
            "rating": 4,
            "relative_time_description": "7 months ago",
            "text": "Really interesting events, usually free admission and paid on voluntary basis. If you like alternative ways of going out, really recommended.",
            "time": 1545948017
        }
    ],
    "type": "point_of_interest"
}

