{
    "id": "ab4c24d5da701223426edec9d92d48c9594a82c8",
    "location": {
        "lat": 37.9740809,
        "lng": 23.7199187
    },
    "name": "Thissio View",
    "rating": 4.1,
    "reviews": [
        {
            "author_name": "C Seider",
            "author_url": "https://www.google.com/maps/contrib/105705336079238593206/reviews",
            "language": "en",
            "profile_photo_url": "https://lh4.googleusercontent.com/-0jtf21mOPgA/AAAAAAAAAAI/AAAAAAAAAWk/iEljodBgqrU/s128-c0x00000000-cc-rp-mo-ba4/photo.jpg",
            "rating": 4,
            "relative_time_description": "a month ago",
            "text": "I enjoyed the views from the top floor.  The bartender was very nice and I was glad I talked to him since my server didn't seem to want to be working and was of little/no help--she wasn't pleasant.  I enjoyed my drinks with a good view.",
            "time": 1562769761
        },
        {
            "author_name": "Joost de Valk",
            "author_url": "https://www.google.com/maps/contrib/116638514121245380064/reviews",
            "language": "en",
            "profile_photo_url": "https://lh5.googleusercontent.com/-EebXpSbJf2I/AAAAAAAAAAI/AAAAAAAAJZM/s9seB4fo-k0/s128-c0x00000000-cc-rp-mo-ba5/photo.jpg",
            "rating": 3,
            "relative_time_description": "2 months ago",
            "text": "The location of this restaurant is good, which immediately covers the best part. Waiters were slow and seemed uninterested, the food was no more than reasonable.\n\nI'd suggest walking down the street a bit more as there are plenty of restaurants where you can sit down better, however, if you want a good view of the Acropolis, this _is_ a very good spot.",
            "time": 1558269678
        },
        {
            "author_name": "Claire Mackenzie",
            "author_url": "https://www.google.com/maps/contrib/106648834206901467054/reviews",
            "language": "en",
            "profile_photo_url": "https://lh3.googleusercontent.com/-DEpNIgEOwMw/AAAAAAAAAAI/AAAAAAAAAAA/ACHi3rd78Bze4rLHzl1QhmwNps-oxlFF5A/s128-c0x00000000-cc-rp-mo-ba3/photo.jpg",
            "rating": 4,
            "relative_time_description": "2 months ago",
            "text": "Nice environment with amazing acropolis views. Good place to eat or have a drink or a coffee. Service was efficient and friendly.",
            "time": 1559765576
        },
        {
            "author_name": "Panagiotis Dimopoulos",
            "author_url": "https://www.google.com/maps/contrib/108101334937694084953/reviews",
            "language": "en",
            "profile_photo_url": "https://lh5.googleusercontent.com/-I1u7Fsb6Xfo/AAAAAAAAAAI/AAAAAAAAE6U/tf13nIXGD90/s128-c0x00000000-cc-rp-mo-ba4/photo.jpg",
            "rating": 4,
            "relative_time_description": "2 months ago",
            "text": "Good views of acropolis, prices are ok. Service is really good and swift, but the place needs a refurbishment. Such a great location and lovely views of Acropolis, they have to at least make an effort to make the terrace more attractive.",
            "time": 1559052476
        },
        {
            "author_name": "Diane Barriere",
            "author_url": "https://www.google.com/maps/contrib/104428264809705419529/reviews",
            "language": "en",
            "profile_photo_url": "https://lh6.googleusercontent.com/-BCt0D5sfYMw/AAAAAAAAAAI/AAAAAAAAIro/pdSIrVUerUc/s128-c0x00000000-cc-rp-mo-ba4/photo.jpg",
            "rating": 3,
            "relative_time_description": "a week ago",
            "text": "Know that you are paying for the view and swanky atmosphere. Everything is overpriced. The food is horrible... Do not order!!  Worth it if you have a drink or 2 and that's it!",
            "time": 1564597628
        }
    ],
    "type": "restaurant"
}