{
    "id": "1205fb58e680210f1c2218b5f764a194a69a1c39",
    "location": {
        "lat": 37.9934188,
        "lng": 23.7667794
    },
    "name": "DANAOS CINEMA",
    "rating": 4.4,
    "reviews": [
        {
            "author_name": "Napoleonia Apeltsotou",
            "author_url": "https://www.google.com/maps/contrib/110216765239040979927/reviews",
            "language": "en",
            "profile_photo_url": "https://lh4.googleusercontent.com/-TWEa3bEP57Y/AAAAAAAAAAI/AAAAAAAAADc/KITRQfGLUJI/s128-c0x00000000-cc-rp-mo-ba4/photo.jpg",
            "rating": 4,
            "relative_time_description": "a month ago",
            "text": "One of the older and more sophisticated cinemas in the city but sometimes with a little bite boring movies. But I adore the bar and the beautiful atmosphere.",
            "time": 1560597515
        },
        {
            "author_name": "Theodoros Karanikolas",
            "author_url": "https://www.google.com/maps/contrib/104236270127907170474/reviews",
            "language": "en",
            "profile_photo_url": "https://lh3.googleusercontent.com/-SkKSzld1SyA/AAAAAAAAAAI/AAAAAAAAC4I/zQBule5R7RQ/s128-c0x00000000-cc-rp-mo-ba2/photo.jpg",
            "rating": 4,
            "relative_time_description": "a month ago",
            "text": "Nice for a quick pop corn cinema gateway!",
            "time": 1559499332
        },
        {
            "author_name": "Craig Garside",
            "author_url": "https://www.google.com/maps/contrib/111229709284763081244/reviews",
            "language": "en",
            "profile_photo_url": "https://lh6.googleusercontent.com/-YORNCV7QG1Y/AAAAAAAAAAI/AAAAAAAAGqI/e1wdIdSFyeI/s128-c0x00000000-cc-rp-mo-ba4/photo.jpg",
            "rating": 5,
            "relative_time_description": "a month ago",
            "text": "Great alternative cinema.",
            "time": 1561128423
        },
        {
            "author_name": "Georgios Glinos",
            "author_url": "https://www.google.com/maps/contrib/101549863708113289187/reviews",
            "language": "en",
            "profile_photo_url": "https://lh3.googleusercontent.com/-cBXPeqSGqpI/AAAAAAAAAAI/AAAAAAAAAAA/WGtlnxzKhd0/s128-c0x00000000-cc-rp-mo-ba6/photo.jpg",
            "rating": 5,
            "relative_time_description": "6 months ago",
            "text": "An all time classic movie theater, Danaos stands out in the crowd. If you want to see a good movie, you just need to get there! The movie choices are awesome.\n\nPity tonight the popcorn was stale, and tasted of cheap grease",
            "time": 1547154540
        },
        {
            "author_name": "fedon martz",
            "author_url": "https://www.google.com/maps/contrib/115279238106213185126/reviews",
            "language": "en",
            "profile_photo_url": "https://lh3.googleusercontent.com/-VxFKp0A3vp8/AAAAAAAAAAI/AAAAAAAADWI/JYzTg2BZeSk/s128-c0x00000000-cc-rp-mo-ba3/photo.jpg",
            "rating": 5,
            "relative_time_description": "4 months ago",
            "text": "We saw the free solo movie by alex honnold and it was the only cinema that was featuring it. \nRegular price ticket and a big variety of beverages and things to eat .",
            "time": 1554010136
        }
    ],
    "type": "movie_theater"
}

