{
    "id": "d4abfe09da4d00b5f662ac73c412c4759f06af45",
    "location": {
        "lat": 37.9580187,
        "lng": 23.7255344
    },
    "name": "\u0398\u0395\u0391\u03a4\u03a1\u039f \u03a0\u039a",
    "rating": 4.2,
    "reviews": [
        {
            "author_name": "moonman535",
            "author_url": "https://www.google.com/maps/contrib/116608860898285746480/reviews",
            "language": "en",
            "profile_photo_url": "https://lh3.googleusercontent.com/-pGg10k7DkGw/AAAAAAAAAAI/AAAAAAAAG-g/SXlHFfFYU6Y/s128-c0x00000000-cc-rp-mo-ba3/photo.jpg",
            "rating": 5,
            "relative_time_description": "4 months ago",
            "text": "... Friendly... Great atmosphere...",
            "time": 1553974451
        },
        {
            "author_name": "Defiant",
            "author_url": "https://www.google.com/maps/contrib/103064372240850832441/reviews",
            "language": "en",
            "profile_photo_url": "https://lh6.googleusercontent.com/-ksgwutlZCw4/AAAAAAAAAAI/AAAAAAAAAN8/cEUxcV0UU4Y/s128-c0x00000000-cc-rp-mo-ba2/photo.jpg",
            "rating": 5,
            "relative_time_description": "4 months ago",
            "text": "Great theater!",
            "time": 1553579779
        },
        {
            "author_name": "Nadim Awad Polemis",
            "author_url": "https://www.google.com/maps/contrib/110678822677793054239/reviews",
            "language": "en",
            "profile_photo_url": "https://lh5.googleusercontent.com/-vDq1nf8EyqY/AAAAAAAAAAI/AAAAAAAAAAA/ACHi3rdtMxfAUIjFFGiFx4YPxUgeYuHMqQ/s128-c0x00000000-cc-rp-mo-ba2/photo.jpg",
            "rating": 5,
            "relative_time_description": "a year ago",
            "text": "Lovely theater. Black is my colour.",
            "time": 1527988439
        },
        {
            "author_name": "Alexander P",
            "author_url": "https://www.google.com/maps/contrib/111895520966274855937/reviews",
            "language": "en",
            "profile_photo_url": "https://lh6.googleusercontent.com/-w63FVQGfm0A/AAAAAAAAAAI/AAAAAAAAN2U/DMjwSg87e0I/s128-c0x00000000-cc-rp-mo-ba2/photo.jpg",
            "rating": 5,
            "relative_time_description": "a year ago",
            "text": "Excellent theater, Peter pan act was great and really good for kids!",
            "time": 1520354559
        },
        {
            "author_name": "Doruntina Klletsi",
            "author_url": "https://www.google.com/maps/contrib/102200939468934396237/reviews",
            "language": "en",
            "profile_photo_url": "https://lh5.googleusercontent.com/-1Lorl5_sOh0/AAAAAAAAAAI/AAAAAAAAABM/LVC9hjNi6lg/s128-c0x00000000-cc-rp-mo-ba2/photo.jpg",
            "rating": 5,
            "relative_time_description": "a year ago",
            "text": "Great theatre",
            "time": 1533048776
        }
    ],
    "type": "point_of_interest"

}

