{
    "id": "23963dcbcf79d27dbba92e7950f82af917c07681",
    "location": {
        "lat": 37.9789556,
        "lng": 23.7224885
    },
    "name": "Theater IVI",
    "rating": 4.4,
    "reviews": [
        {
            "author_name": "John Lyritis",
            "author_url": "https://www.google.com/maps/contrib/113834049053395891658/reviews",
            "language": "en",
            "profile_photo_url": "https://lh3.googleusercontent.com/-vltMxYCUQXY/AAAAAAAAAAI/AAAAAAAADAI/841sZ_t-8Hs/s128-c0x00000000-cc-rp-mo-ba4/photo.jpg",
            "rating": 4,
            "relative_time_description": "5 months ago",
            "text": "Toc toc is a wonderful play",
            "time": 1550009686
        },
        {
            "author_name": "Ioanna Loli",
            "author_url": "https://www.google.com/maps/contrib/107252589193901993092/reviews",
            "language": "en",
            "profile_photo_url": "https://lh6.googleusercontent.com/-uWev3RZHJYs/AAAAAAAAAAI/AAAAAAAAAAA/ACHi3rexQF1boePWUSXXzo9ZunFq7u6rmw/s128-c0x00000000-cc-rp-mo-ba2/photo.jpg",
            "rating": 4,
            "relative_time_description": "6 months ago",
            "text": "Theater was good although it was a bit chilly",
            "time": 1546631929
        },
        {
            "author_name": "tolis sk",
            "author_url": "https://www.google.com/maps/contrib/109461997595491944267/reviews",
            "language": "en",
            "profile_photo_url": "https://lh4.googleusercontent.com/-M-KviwShLRM/AAAAAAAAAAI/AAAAAAAAAAA/ACHi3rdrQ1kfa83a9uUfL4tufF_IzIHGfQ/s128-c0x00000000-cc-rp-mo/photo.jpg",
            "rating": 5,
            "relative_time_description": "5 months ago",
            "text": "Geronikolou actress is grateful",
            "time": 1550904634
        },
        {
            "author_name": "Yannis Tsifoutis",
            "author_url": "https://www.google.com/maps/contrib/116206439274763165026/reviews",
            "language": "en",
            "profile_photo_url": "https://lh5.googleusercontent.com/-2afMn7-uVrI/AAAAAAAAAAI/AAAAAAAAACQ/qPQtKemhaIY/s128-c0x00000000-cc-rp-mo-ba5/photo.jpg",
            "rating": 3,
            "relative_time_description": "a year ago",
            "text": "Clean theatre, helpful personnel, a lot of paid parking spots around the theatre. The lobby is small and the bar is little poor in options and expensive compared to other theatre bars. I liked the amphitheatric view of the seat, the lighting and the sound. Carpets should be changed.",
            "time": 1521451459
        },
        {
            "author_name": "whiplash santa",
            "author_url": "https://www.google.com/maps/contrib/105103911881220833049/reviews",
            "language": "en",
            "profile_photo_url": "https://lh4.googleusercontent.com/-7WNPw44Pf6s/AAAAAAAAAAI/AAAAAAAAACI/cw-8TiDSaAU/s128-c0x00000000-cc-rp-mo/photo.jpg",
            "rating": 5,
            "relative_time_description": "4 months ago",
            "text": "Greater theater ever",
            "time": 1553983789
        }
    ],
    "type": "point_of_interest"
}

