{
    "id": "d0cc067fed36f0136ec511ea9596a92f9e82de1f",
    "location": {
        "lat": 37.9778631,
        "lng": 23.7155259
    },
    "name": "Old Depot OSY",
    "rating": 4.2,
    "reviews": [
        {
            "author_name": "George Knoring",
            "author_url": "https://www.google.com/maps/contrib/107633432565132547811/reviews",
            "language": "en",
            "profile_photo_url": "https://lh4.googleusercontent.com/-8UDHtMaYNtc/AAAAAAAAAAI/AAAAAAAABYs/iJMBjU_PxeA/s128-c0x00000000-cc-rp-mo-ba4/photo.jpg",
            "rating": 5,
            "relative_time_description": "2 months ago",
            "text": "We visited the place when they hosted a Food Street Festival. Excellent in all respects. Check their website regularly for they hold interesting events regularly.",
            "time": 1559309514
        },
        {
            "author_name": "mike zak",
            "author_url": "https://www.google.com/maps/contrib/103105859553767827383/reviews",
            "language": "en",
            "profile_photo_url": "https://lh6.googleusercontent.com/-MzgRLA3BkQw/AAAAAAAAAAI/AAAAAAAAACc/qJEqiBaKCCg/s128-c0x00000000-cc-rp-mo-ba4/photo.jpg",
            "rating": 4,
            "relative_time_description": "3 months ago",
            "text": "Nice open area to host events such as food expo, but didn't like the fact that it gets overcrowded",
            "time": 1557706956
        },
        {
            "author_name": "Aria Jain",
            "author_url": "https://www.google.com/maps/contrib/107771840821394943317/reviews",
            "language": "en",
            "profile_photo_url": "https://lh5.googleusercontent.com/-Ws9henA831g/AAAAAAAAAAI/AAAAAAAAAAA/ACHi3rcR-uUV-Pd1zVHohTcmz_Irl1rIyw/s128-c0x00000000-cc-rp-mo-ba4/photo.jpg",
            "rating": 4,
            "relative_time_description": "6 months ago",
            "text": "The Davinci exhibition was very interesting! The place is huge so it doesn't get crowded and you can enjoy your visit.",
            "time": 1549739366
        },
        {
            "author_name": "Rocky Dt",
            "author_url": "https://www.google.com/maps/contrib/113137138780738493784/reviews",
            "language": "en",
            "profile_photo_url": "https://lh3.googleusercontent.com/-IqfZHAyEa7s/AAAAAAAAAAI/AAAAAAAAAIY/rAFAkTFaduM/s128-c0x00000000-cc-rp-mo-ba3/photo.jpg",
            "rating": 5,
            "relative_time_description": "4 months ago",
            "text": "We went there with a friend for an exhibition. The building was spacious and great for hosting such an event. Since it was an exhibition for Leonardo da Vinci, some of his inventions had to be hang to show their potential use it was necessary for the structure to have a high enough ceiling,  which it did. Many other interesting events take place there. It is accessible since line 1 (aka green line) of the subway is around 5 minutes of walking from the building,  line 3 (aka blue line)  of the subway is around 2 minutes of walking and there are several busses that stop at the bus stop right behind the building.",
            "time": 1552993885
        },
        {
            "author_name": "\u0391\u03bd\u03b4\u03c1\u03ad\u03b1\u03c2 \u03a0\u03b1\u03c0\u03b1\u03bd\u03b5\u03bf\u03c6\u03cd\u03c4\u03bf\u03c5",
            "author_url": "https://www.google.com/maps/contrib/116632448129093429047/reviews",
            "language": "en",
            "profile_photo_url": "https://lh4.googleusercontent.com/-OaeXCZcMfRY/AAAAAAAAAAI/AAAAAAAAAB0/FEALHJtZMt8/s128-c0x00000000-cc-rp-mo-ba3/photo.jpg",
            "rating": 4,
            "relative_time_description": "2 months ago",
            "text": "The place is not as good as technopolis but the Athens Street Food Festival deserves your attention",
            "time": 1558990517
        }
    ],
    "type": "point_of_interest"
}