{
    "id": "b90d4e50dd9d56668c5f8a9db1c3b1456de0ab7c",
    "location": {
        "lat": 37.9799246,
        "lng": 23.7111708
    },
    "name": "Theater 104",
    "rating": 4.4,
    "reviews": [
        {
            "author_name": "MJ",
            "author_url": "https://www.google.com/maps/contrib/101780056396801010729/reviews",
            "language": "en",
            "profile_photo_url": "https://lh5.googleusercontent.com/-zKzu44-La1s/AAAAAAAAAAI/AAAAAAAAALw/B-PUNIr1IzI/s128-c0x00000000-cc-rp-mo-ba3/photo.jpg",
            "rating": 3,
            "relative_time_description": "2 weeks ago",
            "text": "The play we saw \"\u0391\u03bd\u03c4\u03c9\u03bd\u03c5\u03bc\u03af\u03b1\" was excellent!!!",
            "time": 1563311461
        },
        {
            "author_name": "Radu Apostol",
            "author_url": "https://www.google.com/maps/contrib/116672864216080752690/reviews",
            "language": "en",
            "profile_photo_url": "https://lh3.googleusercontent.com/-ZfHDs7d8bAM/AAAAAAAAAAI/AAAAAAAAABM/ri22FoX5DPs/s128-c0x00000000-cc-rp-mo-ba3/photo.jpg",
            "rating": 5,
            "relative_time_description": "a week ago",
            "text": "Great atmosphere.",
            "time": 1563903261
        },
        {
            "author_name": "Aria Jain",
            "author_url": "https://www.google.com/maps/contrib/107771840821394943317/reviews",
            "language": "en",
            "profile_photo_url": "https://lh5.googleusercontent.com/-Ws9henA831g/AAAAAAAAAAI/AAAAAAAAAAA/ACHi3rcR-uUV-Pd1zVHohTcmz_Irl1rIyw/s128-c0x00000000-cc-rp-mo-ba4/photo.jpg",
            "rating": 3,
            "relative_time_description": "4 months ago",
            "text": "The caf\u00e9 is very cute and is an NGO. The play however, I didn't really enjoy it.",
            "time": 1552892775
        },
        {
            "author_name": "Greg",
            "author_url": "https://www.google.com/maps/contrib/101697941651890345496/reviews",
            "language": "en",
            "profile_photo_url": "https://lh3.googleusercontent.com/-vm5FLVLcwdQ/AAAAAAAAAAI/AAAAAAAAAAA/ACHi3rfjEUZD85JTRXW0QR1jfcX8tHbASA/s128-c0x00000000-cc-rp-mo-ba2/photo.jpg",
            "rating": 4,
            "relative_time_description": "2 months ago",
            "text": "Nice kids' performance",
            "time": 1558241371
        },
        {
            "author_name": "Thanasis Papaefstathiou",
            "author_url": "https://www.google.com/maps/contrib/105999635786970208284/reviews",
            "language": "en",
            "profile_photo_url": "https://lh3.googleusercontent.com/-rxoFN1hbTXE/AAAAAAAAAAI/AAAAAAAAAAA/ACHi3rfiiFoBp5Xb2-3pF3AUJzzOdeZsxg/s128-c0x00000000-cc-rp-mo-ba3/photo.jpg",
            "rating": 4,
            "relative_time_description": "7 months ago",
            "text": "Spicy, energetic performances, a great place for the little ones",
            "time": 1545815323
        }
    ],
    "type": "point_of_interest"
}

