{
    "id": "b1fc794cd8edac416e9524cc9059fd6c96226016",
    "location": {
        "lat": 37.9790406,
        "lng": 23.7417951
    },
    "name": "Dexameni Outdoor Cinema",
    "rating": 4.6,
    "reviews": [
        {
            "author_name": "Chris Picco",
            "author_url": "https://www.google.com/maps/contrib/113197071674783697977/reviews",
            "language": "en",
            "profile_photo_url": "https://lh6.googleusercontent.com/-8jLJTflh5f4/AAAAAAAAAAI/AAAAAAAAAAA/ACHi3rfhYBCvCsWLUHLsWNYRK5qgBPgxYQ/s128-c0x00000000-cc-rp-mo-ba3/photo.jpg",
            "rating": 5,
            "relative_time_description": "2 months ago",
            "text": "A beautiful outdoor cineman in the heart of Athens.",
            "time": 1556509333
        },
        {
            "author_name": "\u039d\u0399\u039a\u039f\u03a3 \u039c\u0397\u03a4\u03a3\u039f\u03a0\u039f\u03a5\u039b\u039f\u03a3",
            "author_url": "https://www.google.com/maps/contrib/107969286130986215615/reviews",
            "language": "en",
            "profile_photo_url": "https://lh4.googleusercontent.com/-vHDbUNn-Ciw/AAAAAAAAAAI/AAAAAAAACRo/K_Hi3264xiA/s128-c0x00000000-cc-rp-mo-ba4/photo.jpg",
            "rating": 5,
            "relative_time_description": "in the last week",
            "text": "I love this place",
            "time": 1563784245
        },
        {
            "author_name": "Christopher Riedl",
            "author_url": "https://www.google.com/maps/contrib/106592062145253655342/reviews",
            "language": "en",
            "profile_photo_url": "https://lh3.googleusercontent.com/-jya5Jvw4E4U/AAAAAAAAAAI/AAAAAAAAAAA/ACHi3resdDfKk7gKlqqGBm75van7ioeEvg/s128-c0x00000000-cc-rp-mo-ba4/photo.jpg",
            "rating": 5,
            "relative_time_description": "10 months ago",
            "text": "It solves the dilemma in summer of wanting  to go both to the cinema and spend time outside. I thought it's a really relaxed place!",
            "time": 1536516639
        },
        {
            "author_name": "ra kroup",
            "author_url": "https://www.google.com/maps/contrib/108050220321918939867/reviews",
            "language": "en",
            "profile_photo_url": "https://lh6.googleusercontent.com/-F21Xrpvvm6I/AAAAAAAAAAI/AAAAAAAAAAA/ACHi3re-auPxTwQ8CL3eoUXRK4QVblaHzA/s128-c0x00000000-cc-rp-mo/photo.jpg",
            "rating": 5,
            "relative_time_description": "a year ago",
            "text": "Amazing place in the heart of Kolonaki! If you are the summer in the city, you should enjoy this unique open cinema experience! One of my very favorite!",
            "time": 1530734308
        },
        {
            "author_name": "ANTHONY LAHOUD",
            "author_url": "https://www.google.com/maps/contrib/101629088062561285866/reviews",
            "language": "en",
            "profile_photo_url": "https://lh3.googleusercontent.com/-aJr7ub0SPhM/AAAAAAAAAAI/AAAAAAAACwc/-iHRiVCWHcU/s128-c0x00000000-cc-rp-mo/photo.jpg",
            "rating": 5,
            "relative_time_description": "a year ago",
            "text": "The fact that i could smoke whenever i wanted to while watching the movie is amazing. And sometimes I'd ttake a break from the movie.. Look at thr sky and watch the real event.  Must try",
            "time": 1531216812
        }
    ],
    "type": "movie_theater"
}

