{
    "id": "1b378ff49fcb5e263187ae6a4d051cafc2ebef72",
    "location": {
        "lat": 37.9820127,
        "lng": 23.7337728
    },
    "name": "\u039a\u03b9\u03bd\u03b7\u03bc\u03b1\u03c4\u03bf\u03b3\u03c1\u03b1\u03c6\u03b9\u03ba\u03cc\u03c2 \u03a4\u03bf\u03bc\u03ad\u03b1\u03c2 \u03a0\u03b1\u03bd\u03b5\u03c0\u03b9\u03c3\u03c4\u03b7\u03bc\u03af\u03bf\u03c5 \u0391\u03b8\u03b7\u03bd\u03ce\u03bd",
    "rating": 5,
    "reviews": [
        {
            "author_name": "Evarritos Flessas",
            "author_url": "https://www.google.com/maps/contrib/110576295129791120463/reviews",
            "language": "en",
            "profile_photo_url": "https://lh5.googleusercontent.com/-fKq0MCVYFIc/AAAAAAAAAAI/AAAAAAAACl4/ONJKxpQO6vI/s128-c0x00000000-cc-rp-mo-ba3/photo.jpg",
            "rating": 5,
            "relative_time_description": "2 years ago",
            "text": "Very nice place to watch movies.\n",
            "time": 1485960063
        },
        {
            "author_name": "Vanessa Melikoki",
            "author_url": "https://www.google.com/maps/contrib/111910157228381143765/reviews",
            "language": "el",
            "profile_photo_url": "https://lh4.googleusercontent.com/-ib0e0IZLNNw/AAAAAAAAAAI/AAAAAAAAADU/mvUnutjyXqo/s128-c0x00000000-cc-rp-mo-ba3/photo.jpg",
            "rating": 5,
            "relative_time_description": "4 months ago",
            "text": "\u03a9\u03c1\u03b1\u03af\u03b5\u03c2 \u03c3\u03b9\u03bd\u03b5\u03c6\u03af\u03bb \u03c3\u03c5\u03bd\u03b1\u03bd\u03c4\u03ae\u03c3\u03b5\u03b9\u03c2 \u03bc\u03b5 \u03c0\u03bf\u03bb\u03cd \u03b3\u03bf\u03cd\u03c3\u03c4\u03bf \u03c3\u03c4\u03b9\u03c2 \u03b5\u03c0\u03b9\u03bb\u03bf\u03b3\u03ad\u03c2 \u03c4\u03b1\u03b9\u03bd\u03b9\u03ce\u03bd.",
            "time": 1552750754
        },
        {
            "author_name": "Geo Tsor",
            "author_url": "https://www.google.com/maps/contrib/112152766614644631012/reviews",
            "language": "el",
            "profile_photo_url": "https://lh5.googleusercontent.com/-B5JuQw33QEk/AAAAAAAAAAI/AAAAAAAAAAA/ACHi3rds2ImcGdHRYfqLB_Ly6PsxVYthOg/s128-c0x00000000-cc-rp-mo-ba5/photo.jpg",
            "rating": 5,
            "relative_time_description": "2 years ago",
            "text": "\u039f \u03ba\u03b9\u03bd\u03b7\u03bc\u03b1\u03c4\u03bf\u03b3\u03c1\u03ac\u03c6\u03bf\u03c2 \u038a\u03c1\u03b9\u03b4\u03b1 \u03c4\u03bf\u03c5 \u03a0\u03b1\u03bd\u03b5\u03c0\u03b9\u03c3\u03c4\u03b7\u03bc\u03af\u03bf\u03c5 \u0391\u03b8\u03b7\u03bd\u03ce\u03bd \u03ad\u03c7\u03b5\u03b9 \u03b4\u03c9\u03c1\u03b5\u03ac\u03bd \u03c0\u03c1\u03bf\u03b2\u03bf\u03bb\u03ad\u03c2 \u03ba\u03bb\u03b1\u03c3\u03c3\u03b9\u03ba\u03ce\u03bd \u03c4\u03b1\u03b9\u03bd\u03b9\u03ce\u03bd \u03cc\u03bb\u03bf \u03c4\u03bf \u03c7\u03c1\u03cc\u03bd\u03bf. \u03a3\u03c4\u03bf \u03c4\u03ad\u03bb\u03bf\u03c2 \u03ba\u03ac\u03b8\u03b5 \u03c0\u03c1\u03bf\u03b2\u03bf\u03bb\u03ae\u03c2 \u03c4\u03b1 \u03c0\u03b1\u03b9\u03b4\u03b9\u03ac \u03b1\u03c0\u03bf \u03c4\u03b7\u03bd \u03ba\u03b9\u03bd\u03b7\u03bc\u03b1\u03c4\u03bf\u03b3\u03c1\u03b1\u03c6\u03b9\u03ba\u03ae \u03bf\u03bc\u03ac\u03b4\u03b1 \u03c4\u03bf\u03c5 \u03a0\u03b1\u03bd\u03b5\u03c0\u03b9\u03c3\u03c4\u03b7\u03bc\u03af\u03bf\u03c5 \u03b1\u03bd\u03b1\u03c6\u03ad\u03c1\u03bf\u03c5\u03bd \u03c0\u03bb\u03b7\u03c1\u03bf\u03c6\u03bf\u03c1\u03af\u03b5\u03c2 \u03c3\u03c7\u03b5\u03c4\u03b9\u03ba\u03ac \u03bc\u03b5 \u03c4\u03b7\u03bd \u03c4\u03b1\u03b9\u03bd\u03af\u03b1 \u03ba\u03b1\u03b9 \u03b5\u03c0\u03b1\u03ba\u03bf\u03bb\u03bf\u03c5\u03b8\u03b5\u03af \u03c3\u03c5\u03b6\u03ae\u03c4\u03b7\u03c3\u03b7. \u0393\u03b9\u03b1 \u03bc\u03ad\u03bd\u03b1 \u03bf \u03ba\u03b1\u03bb\u03cd\u03c4\u03b5\u03c1\u03bf\u03c2 \u03ba\u03b9\u03bd\u03b7\u03bc\u03b1\u03c4\u03bf\u03b3\u03c1\u03ac\u03c6\u03bf\u03c2 \u03c4\u03b7\u03c2 \u0391\u03b8\u03ae\u03bd\u03b1\u03c2!",
            "time": 1500925029
        },
        {
            "author_name": "\u042e\u043b\u0438\u044f \u0413\u0430\u043d\u0430\u043a\u043e\u0432\u0430",
            "author_url": "https://www.google.com/maps/contrib/113176844989253411086/reviews",
            "language": "el",
            "profile_photo_url": "https://lh6.googleusercontent.com/-YySSo3KDCXI/AAAAAAAAAAI/AAAAAAAAAAA/ACHi3rffnLE7VZv013rXS3XZi1t_DSh-BA/s128-c0x00000000-cc-rp-mo-ba4/photo.jpg",
            "rating": 5,
            "relative_time_description": "a year ago",
            "text": "\u0399\u03c3\u03c4\u03bf\u03c1\u03b9\u03ba\u03ae \u03c3\u03ba\u03ac\u03bb\u03b1",
            "time": 1511096930
        },
        {
            "author_name": "Elias Makrygiorgos",
            "author_url": "https://www.google.com/maps/contrib/106828096962639870763/reviews",
            "profile_photo_url": "https://lh4.googleusercontent.com/-lG3acLNYR3Q/AAAAAAAAAAI/AAAAAAAAAC4/VFnR2x39y_k/s128-c0x00000000-cc-rp-mo/photo.jpg",
            "rating": 5,
            "relative_time_description": "2 months ago",
            "text": "",
            "time": 1558660252
        }
    ],
    "type": "movie_theater"
}

