{
    "id": "0361e30b82632312963d41a373385271fbad1b99",
    "location": {
        "lat": 37.9827364,
        "lng": 23.7180696
    },
    "name": "Rabbithole art & performance space",
    "rating": 4.5,
    "reviews": [
        {
            "author_name": "Kartal G\u00f6khan Ar\u0131k",
            "author_url": "https://www.google.com/maps/contrib/100281393722626850388/reviews",
            "language": "en",
            "profile_photo_url": "https://lh5.googleusercontent.com/-KvBrdFxqjgY/AAAAAAAAAAI/AAAAAAAAApg/pvVSSDEcGKE/s128-c0x00000000-cc-rp-mo-ba3/photo.jpg",
            "rating": 3,
            "relative_time_description": "8 months ago",
            "text": "Performance on Mir Festival was cool but not much to see in general.",
            "time": 1543906458
        },
        {
            "author_name": "qaisar saqi",
            "author_url": "https://www.google.com/maps/contrib/106216060848048550450/reviews",
            "language": "en",
            "profile_photo_url": "https://lh4.googleusercontent.com/-9w8BLm6lJG0/AAAAAAAAAAI/AAAAAAAAABI/BlrwpteZjd4/s128-c0x00000000-cc-rp-mo-ba4/photo.jpg",
            "rating": 5,
            "relative_time_description": "a week ago",
            "text": "Good",
            "time": 1564322826
        },
        {
            "author_name": "So kitchen",
            "author_url": "https://www.google.com/maps/contrib/100204807582541849485/reviews",
            "language": "el",
            "profile_photo_url": "https://lh6.googleusercontent.com/-oSHlvC8DFIw/AAAAAAAAAAI/AAAAAAAACbo/Jn0c_BqV93A/s128-c0x00000000-cc-rp-mo/photo.jpg",
            "rating": 5,
            "relative_time_description": "2 months ago",
            "text": "\u03a0\u03bf\u03bb\u03cd \u03c9\u03c1\u03b1\u03af\u03bf\u03c2 \u03c7\u03ce\u03c1\u03bf\u03c2 \u03ba\u03b1\u03c4\u03ac\u03bb\u03bb\u03b7\u03bb\u03bf\u03c2 \u03b3\u03b9\u03b1 \u03c0\u03b1\u03c1\u03b1\u03c3\u03c4\u03ac\u03c3\u03b5\u03b9\u03c2",
            "time": 1559410407
        },
        {
            "author_name": "Christos Megarchiotis",
            "author_url": "https://www.google.com/maps/contrib/100439990237176776300/reviews",
            "language": "el",
            "profile_photo_url": "https://lh4.googleusercontent.com/-OQuai0xgi_4/AAAAAAAAAAI/AAAAAAACK7w/LzivAC0U9xY/s128-c0x00000000-cc-rp-mo-ba4/photo.jpg",
            "rating": 4,
            "relative_time_description": "6 months ago",
            "text": "\u039c\u03b9\u03ba\u03c1\u03cc \u03b8\u03ad\u03b1\u03c4\u03c1\u03bf. \u039c\u03b5 \u03bb\u03af\u03b3\u03b7 \u03b1\u03bd\u03b1\u03b2\u03ac\u03b8\u03bc\u03b9\u03c3\u03b7 \u03b8\u03b1 \u03bc\u03c0\u03bf\u03c1\u03bf\u03cd\u03c3\u03b5 \u03bd\u03b1 \u03b3\u03af\u03bd\u03b5\u03b9 \u03c0\u03bf\u03bb\u03cd \u03ba\u03b1\u03bb\u03cd\u03c4\u03b5\u03c1\u03bf.",
            "time": 1547487808
        },
        {
            "author_name": "\u0393\u03b9\u03ce\u03c1\u03b3\u03bf\u03c2 \u039a\u0391\u039b\u039b\u039f\u039d\u0399\u0391\u03a4\u0397\u03a3",
            "author_url": "https://www.google.com/maps/contrib/107284685097394471404/reviews",
            "language": "el",
            "profile_photo_url": "https://lh5.googleusercontent.com/-XVz4oHQqeD0/AAAAAAAAAAI/AAAAAAAABIE/pRtpXtvgdkg/s128-c0x00000000-cc-rp-mo-ba2/photo.jpg",
            "rating": 5,
            "relative_time_description": "8 months ago",
            "text": "\u039c\u03b9\u03b1 \u03b1\u03c0\u03af\u03b8\u03b1\u03bd\u03b7 \u03c0\u03b1\u03c1\u03ac\u03c3\u03c4\u03b1\u03c3\u03b7 \u03bc\u03b5 \u03c4\u03ad\u03bb\u03b5\u03b9\u03bf\u03c5\u03c2 \u03b7\u03b8\u03bf\u03c0\u03bf\u03b9\u03bf\u03cd\u03c2 \u03c3\u03b5 \u03ad\u03bd\u03b1\u03bd \u03b1\u03c0\u03af\u03b8\u03b1\u03bd\u03bf \u03c7\u03ce\u03c1\u03bf.",
            "time": 1544478831
        }
    ],
    "type": "point_of_interest"
}