{
    "id": "a6f1c0f7cfc8bacfef4c05642f4d1d33b6b02f44",
    "location": {
        "lat": 37.9849798,
        "lng": 23.7609948
    },
    "name": "Galaxias",
    "rating": 4.1,
    "reviews": [
        {
            "author_name": "mary karakatsani",
            "author_url": "https://www.google.com/maps/contrib/116338147172678531650/reviews",
            "language": "en",
            "profile_photo_url": "https://lh5.googleusercontent.com/-nEXXCmvJGRQ/AAAAAAAAAAI/AAAAAAAAAAA/ACHi3re-FOzEaXQTGqR2Qz78kTuoUYtTuw/s128-c0x00000000-cc-rp-mo-ba5/photo.jpg",
            "rating": 4,
            "relative_time_description": "4 months ago",
            "text": "An old time classic cinema in Athens. The hall has 14 rows with seats. The seats are comfortable and there is enough leg room. Every Wednesday has reduced entrance fee. The mini-bar inside is also good with delicious pop corn and nachos with cheese. The movie hall has also wheelchair facilities! It's a good option for the midweek when you want to avoid the crowd.",
            "time": 1551216844
        },
        {
            "author_name": "Best friends forever gacha",
            "author_url": "https://www.google.com/maps/contrib/101209471349597334629/reviews",
            "language": "en",
            "profile_photo_url": "https://lh3.googleusercontent.com/-HguZ_khDwXI/AAAAAAAAAAI/AAAAAAAAWzc/i_m0P6jMmDU/s128-c0x00000000-cc-rp-mo-ba4/photo.jpg",
            "rating": 5,
            "relative_time_description": "5 months ago",
            "text": "A nice super market for visiting with toddlers because the place is not crumbed.Getting there is a little bit tricky but not a real problem. Good prices.\nBack to the '80s atmosphere!",
            "time": 1550562443
        },
        {
            "author_name": "Dimitris Stefos",
            "author_url": "https://www.google.com/maps/contrib/105877729343891570296/reviews",
            "language": "en",
            "profile_photo_url": "https://lh4.googleusercontent.com/-8Ay11Fc8v48/AAAAAAAAAAI/AAAAAAAAAKw/DQL0TU2KHag/s128-c0x00000000-cc-rp-mo-ba4/photo.jpg",
            "rating": 5,
            "relative_time_description": "7 months ago",
            "text": "Old classic move theater. Almost a retro style inside but still very comfortable and well treated",
            "time": 1544953077
        },
        {
            "author_name": "kostas kritikos",
            "author_url": "https://www.google.com/maps/contrib/114507173351446121580/reviews",
            "language": "en",
            "profile_photo_url": "https://lh6.googleusercontent.com/-tuHDHEUOXtw/AAAAAAAAAAI/AAAAAAAAAAA/ACHi3rc27rw_v9dTOzpqWu-vwbc7EiIsrw/s128-c0x00000000-cc-rp-mo-ba3/photo.jpg",
            "rating": 3,
            "relative_time_description": "8 months ago",
            "text": "Seats are not numbered so it's whoever makes it first to get the best spots. Cashier has a POS so you can use a credit card. Old school mid movie break. Seats are a bit close to each other with no drink holders. Other than that the place looks clean and the bar is nice.",
            "time": 1542576929
        },
        {
            "author_name": "\u0394\u0397\u039c\u0397\u03a4\u03a1\u0397\u03a3 \u03a6\u0391\u03a1\u039f\u03a5\u03a0\u039f\u03a3",
            "author_url": "https://www.google.com/maps/contrib/103453964486432580450/reviews",
            "language": "en",
            "profile_photo_url": "https://lh3.googleusercontent.com/-KnkZ93yDDRs/AAAAAAAAAAI/AAAAAAAAACE/7fL5h0Mi5UM/s128-c0x00000000-cc-rp-mo-ba4/photo.jpg",
            "rating": 4,
            "relative_time_description": "5 months ago",
            "text": "Nice place.i have seen few movies there.cosy seats. Desent prices.",
            "time": 1551015027
        }
    ],
    "type": "movie_theater"
}

