{
    "id": "7efeca5d3393e3d92dc20692cdf3f2174aa84638",
    "location": {
        "lat": 37.974505,
        "lng": 23.710431
    },
    "name": "Alkmini Theater",
    "rating": 4.3,
    "reviews": [
        {
            "author_name": "Human Wannabe",
            "author_url": "https://www.google.com/maps/contrib/107956877296647870665/reviews",
            "language": "en",
            "profile_photo_url": "https://lh5.googleusercontent.com/-PwbJZ4VLGkA/AAAAAAAAAAI/AAAAAAAAAd4/mUiIoPFqEIo/s128-c0x00000000-cc-rp-mo-ba3/photo.jpg",
            "rating": 4,
            "relative_time_description": "a month ago",
            "text": "This is a cosy small theatre with good plays. It has a small bar with the basics (coffee, drinks). The waiting area is quite small for the three stages it has, so people usually wait outside chatting away until they are called in. The decorations and overall atmosphere is really nice.",
            "time": 1559680926
        },
        {
            "author_name": "Laurent de Giorgio",
            "author_url": "https://www.google.com/maps/contrib/115070384000691935049/reviews",
            "language": "en",
            "profile_photo_url": "https://lh4.googleusercontent.com/-5teEicDZdFE/AAAAAAAAAAI/AAAAAAAADEU/WWD-p-7pz-g/s128-c0x00000000-cc-rp-mo-ba4/photo.jpg",
            "rating": 5,
            "relative_time_description": "6 months ago",
            "text": "I really loved this theater! It was my first visit there, and I was so pleasantly surprised! To start with, the foyer itself is a real gem, full of color and atmosphere. The stages are very versatile, and more than one plays can be performed on different hours and days, which makes the venue more of a cultural center rather, than the typical theater per se. Honestly, I am looking forward to revisiting!",
            "time": 1548011431
        },
        {
            "author_name": "Nassos Kourentas",
            "author_url": "https://www.google.com/maps/contrib/114450341842732385195/reviews",
            "language": "en",
            "profile_photo_url": "https://lh4.googleusercontent.com/-QZ5qvOaFXTQ/AAAAAAAAAAI/AAAAAAAAAAA/xbCjXuBb_sY/s128-c0x00000000-cc-rp-mo-ba5/photo.jpg",
            "rating": 3,
            "relative_time_description": "6 months ago",
            "text": "Nice theater, if only smoking was totally forbidden, which, unfortunately, is definitely not the case \ud83d\ude15",
            "time": 1547497313
        },
        {
            "author_name": "Panos PRO",
            "author_url": "https://www.google.com/maps/contrib/104171886230490297858/reviews",
            "language": "en",
            "profile_photo_url": "https://lh6.googleusercontent.com/-MNkiDK16vXk/AAAAAAAAAAI/AAAAAAAAAEQ/joynVpmK2no/s128-c0x00000000-cc-rp-mo/photo.jpg",
            "rating": 5,
            "relative_time_description": "6 months ago",
            "text": "Great cosy theatre showing always with quality plays!",
            "time": 1548079244
        },
        {
            "author_name": "Ioannis Lilimpakis",
            "author_url": "https://www.google.com/maps/contrib/106405153878969193467/reviews",
            "language": "en",
            "profile_photo_url": "https://lh6.googleusercontent.com/-oIEDz-ArE4Y/AAAAAAAAAAI/AAAAAAAAAFM/dCgQwjKGNXM/s128-c0x00000000-cc-rp-mo-ba3/photo.jpg",
            "rating": 5,
            "relative_time_description": "9 months ago",
            "text": "Truth be told, I'm reviewing mostly the play rather than the theatre. We watched 12 Angry Men, a Greek version, and it was great. Number 8's performance was perhaps a tad too angry, but overall they did a great job. Even if you have watched the original version with Henry Fonda, you should still like this one, unless you are a really weird person. :P\n\nThe theatre itself was ok and relatively close to the subway station of Keramikos, making it easily accessible. Decent toilets too. :D",
            "time": 1540145400
        }
    ],
    "type": "point_of_interest"
}

