{
    "id": "98d24eb248ea681a402098a40e850345bc300bc2",
    "location": {
        "lat": 37.9838463,
        "lng": 23.7195561
    },
    "name": "Cinema Laou",
    "rating": 3.3,
    "reviews": [
        {
            "author_name": "frantzesko kotsos",
            "author_url": "https://www.google.com/maps/contrib/111658838100014156961/reviews",
            "language": "el",
            "profile_photo_url": "https://lh4.googleusercontent.com/-MEQ8HlxSymc/AAAAAAAAAAI/AAAAAAAAAAA/ACHi3rceXn8lPSqx_E_sS7SYl_nET00tkQ/s128-c0x00000000-cc-rp-mo-ba4/photo.jpg",
            "rating": 1,
            "relative_time_description": "2 months ago",
            "text": "\u0394\u03b5\u03bd \u03c5\u03c0\u03ac\u03c1\u03c7\u03b5\u03b9 \u03c0\u03b9\u03b1 \u03c4\u03cc\u03c3\u03b7 \u03bc\u03b5 \u03bb\u03b1\u03bf\u03cd \u03c0\u03b1\u03b9\u03b4\u03b9\u03ac \u03b5\u03bd\u03b7\u03bc\u03b5\u03c1\u03ce\u03c3\u03c4\u03b5 \u03c4\u03bf \u03c3\u03cd\u03c3\u03c4\u03b7\u03bc\u03b1",
            "time": 1558003334
        },
        {
            "author_name": "Manolis Chalkiadakis",
            "author_url": "https://www.google.com/maps/contrib/103753076129485173126/reviews",
            "language": "el",
            "profile_photo_url": "https://lh5.googleusercontent.com/-NoJdfpubudo/AAAAAAAAAAI/AAAAAAAAnXY/RS-z3nLj8iY/s128-c0x00000000-cc-rp-mo/photo.jpg",
            "rating": 5,
            "relative_time_description": "3 years ago",
            "text": "\u03bd\u03bf\u03c3\u03c4\u03b1\u03bb\u03b3\u03b9\u03ba\u03bf",
            "time": 1464138739
        },
        {
            "author_name": "stefanos papas",
            "author_url": "https://www.google.com/maps/contrib/108322150046101350195/reviews",
            "profile_photo_url": "https://lh5.googleusercontent.com/-e034xVM8BOI/AAAAAAAAAAI/AAAAAAAAABw/scFySxg-nTE/s128-c0x00000000-cc-rp-mo-ba3/photo.jpg",
            "rating": 3,
            "relative_time_description": "in the last week",
            "text": "",
            "time": 1564462578
        },
        {
            "author_name": "\u0391\u03bd\u03b4\u03c1\u03ad\u03b1\u03c2 \u0391\u03b2\u03c1\u03b1\u03bc\u03af\u03b4\u03b7\u03c2",
            "author_url": "https://www.google.com/maps/contrib/108759142867290481862/reviews",
            "profile_photo_url": "https://lh4.googleusercontent.com/-0WEIStIyo6c/AAAAAAAAAAI/AAAAAAAAABI/tWzHvv6fePo/s128-c0x00000000-cc-rp-mo/photo.jpg",
            "rating": 4,
            "relative_time_description": "2 years ago",
            "text": "",
            "time": 1470996046
        }
    ],
    "type": "movie_theater"
}

