{
    "id": "86a784a03176806d154e6de17696403c5f14c8fb",
    "location": {
        "lat": 37.9764197,
        "lng": 23.7338158
    },
    "name": "Ebdomos",
    "rating": 4.4,
    "reviews": [
        {
            "author_name": "nikolaos tzintzos",
            "author_url": "https://www.google.com/maps/contrib/108126592556907649675/reviews",
            "language": "en",
            "profile_photo_url": "https://lh4.googleusercontent.com/-oQqbfH8UV0I/AAAAAAAAAAI/AAAAAAAAAAA/ACHi3rcYiAJOw31OGj4Y5VonFstYUg8uWw/s128-c0x00000000-cc-rp-mo-ba4/photo.jpg",
            "rating": 5,
            "relative_time_description": "2 months ago",
            "text": "nice view good for organizing various events located on syntagma square.easy access",
            "time": 1557862993
        },
        {
            "author_name": "Stefania Theofanopoulou",
            "author_url": "https://www.google.com/maps/contrib/105978230894350813225/reviews",
            "language": "en",
            "profile_photo_url": "https://lh3.googleusercontent.com/-eMskIpL3Z4s/AAAAAAAAAAI/AAAAAAAAAAA/ACHi3rc29RfM8zzXTCD9T-h6udNFqldDdw/s128-c0x00000000-cc-rp-mo/photo.jpg",
            "rating": 5,
            "relative_time_description": "a year ago",
            "text": "The most AWSOME event venue I have ever been. I really recommend making your parties or any event there. Moreover the people woeking there are very kind and experienced!!!!!! :)",
            "time": 1532648930
        },
        {
            "author_name": "Antonios S",
            "author_url": "https://www.google.com/maps/contrib/117550503969365864881/reviews",
            "language": "en",
            "profile_photo_url": "https://lh4.googleusercontent.com/-BV190htcVOw/AAAAAAAAAAI/AAAAAAAAAAA/ACHi3rc8K5N3_VvkSkZDuBMH-8Xdl74sSA/s128-c0x00000000-cc-rp-mo/photo.jpg",
            "rating": 4,
            "relative_time_description": "9 months ago",
            "text": "Good events hall and good service!",
            "time": 1541110807
        },
        {
            "author_name": "Panos Tzemis",
            "author_url": "https://www.google.com/maps/contrib/111795675978111000828/reviews",
            "language": "en",
            "profile_photo_url": "https://lh3.googleusercontent.com/-ESWpjzXUaqw/AAAAAAAAAAI/AAAAAAAA_D0/Qq3pGeEJtfQ/s128-c0x00000000-cc-rp-mo-ba4/photo.jpg",
            "rating": 5,
            "relative_time_description": "10 months ago",
            "text": "Nice place for events",
            "time": 1539193221
        },
        {
            "author_name": "\u03a0\u03b1\u03bd\u03b4\u03ce\u03c1\u03b1 \u039c\u03b9\u03c3\u03b1\u03b7\u03bb\u03af\u03b4\u03bf\u03c5",
            "author_url": "https://www.google.com/maps/contrib/100233199057691332077/reviews",
            "language": "el",
            "profile_photo_url": "https://lh4.googleusercontent.com/-i1EjN6UmXL4/AAAAAAAAAAI/AAAAAAAAAAA/ACHi3rdbAebIf4rSIBB_Phrv0c1-1dJmeA/s128-c0x00000000-cc-rp-mo-ba5/photo.jpg",
            "rating": 4,
            "relative_time_description": "2 weeks ago",
            "text": "\u039a\u03b1\u03bb\u03cc\u03c2 \u03c7\u03ce\u03c1\u03bf\u03c2, \u03c9\u03c1\u03b1\u03af\u03b1 \u03b8\u03ad\u03b1 \u03ba\u03bf\u03bd\u03c4\u03ac \u03c3\u03c4\u03bf \u03bc\u03b5\u03c4\u03c1\u03cc \u03a3\u03c5\u03bd\u03c4\u03ac\u03b3\u03bc\u03b1\u03c4\u03bf\u03c2",
            "time": 1563744150
        }
    ],
    "type": "point_of_interest"
}