{
    "id": "21f7576abeec5e01443abb88054a48433975658d",
    "location": {
        "lat": 37.9913028,
        "lng": 23.7310791
    },
    "name": "Halcyon, cinema, Julian",
    "rating": 4,
    "reviews": [
        {
            "author_name": "george Tsavlidis",
            "author_url": "https://www.google.com/maps/contrib/107245443925721545165/reviews",
            "profile_photo_url": "https://lh6.googleusercontent.com/-ge3BQARi4Gs/AAAAAAAAAAI/AAAAAAAAAAA/ACHi3rfA60YsaSLmGCC4EKRh0AeEQi0i4Q/s128-c0x00000000-cc-rp-mo-ba3/photo.jpg",
            "rating": 4,
            "relative_time_description": "4 months ago",
            "text": "",
            "time": 1553672210
        }
    ],
    "type": "movie_theater"
}

