{
    "id": "9ca73d07231aa3a29f03ba510886e09a50c7fdcb",
    "location": {
        "lat": 37.9771301,
        "lng": 23.7261126
    },
    "name": "Mister. E Escape Rooms",
    "rating": 4.6,
    "reviews": [
        {
            "author_name": "Christina Gkaragkouni",
            "author_url": "https://www.google.com/maps/contrib/117804112669929002243/reviews",
            "language": "en",
            "profile_photo_url": "https://lh3.googleusercontent.com/-3pZwy7wpOKk/AAAAAAAAAAI/AAAAAAAAAAA/ACHi3re6cxO7XFZ6PSuvJDttBeUR9XmGHQ/s128-c0x00000000-cc-rp-mo-ba4/photo.jpg",
            "rating": 3,
            "relative_time_description": "4 months ago",
            "text": "We went to the Curse. The room has an actress who is too good! She scared us a lot and she was really convincing. What I did not like that much, was the fact that it was one compact room and that you ran a lot without being able to solve puzzles, so you miss time there. \nThe stuff was very friendly and the helps they give are to tge point.",
            "time": 1554809170
        },
        {
            "author_name": "Manav Pal",
            "author_url": "https://www.google.com/maps/contrib/113426441919347206082/reviews",
            "language": "en",
            "profile_photo_url": "https://lh4.googleusercontent.com/-ghIQvHATzNs/AAAAAAAAAAI/AAAAAAAAACI/6_QslQGryNY/s128-c0x00000000-cc-rp-mo-ba4/photo.jpg",
            "rating": 5,
            "relative_time_description": "4 months ago",
            "text": "Rooms are very scary and realistic while also drawing you in further and further. Staff were friendly and very helpful.",
            "time": 1554808380
        },
        {
            "author_name": "Juan Alfonso G d P",
            "author_url": "https://www.google.com/maps/contrib/112638820805419630244/reviews",
            "language": "en",
            "profile_photo_url": "https://lh4.googleusercontent.com/-jpm7hnq_Ah4/AAAAAAAAAAI/AAAAAAAAXHE/oiu8x-Z0B9o/s128-c0x00000000-cc-rp-mo-ba4/photo.jpg",
            "rating": 5,
            "relative_time_description": "10 months ago",
            "text": "Out of the more than 50 games I've already played in the Escape Room universe, this is one of the most original ones. In fact, it was the most intense I've experienced until now.\n\nThe story, the fog, the lights, the music... the decoration... everything was top!!!\n\nWarning: The fear factor was real, even tho we played just the 'spooky' version. This game isn't recommended for people with heart problems or feraful, if they don't want to have a bad / last time. Just saying. And this is not an activity for children!!! (except if they are brave as hell).\n\nOh, and another advantage: during this activity we lost weight! :P\n\nGe\u00f4rgos, the brilliant mind behind the design of this game (to be considered the pioneer in Survival games in Greece, and probably in all over Europe) was especially kind with us. He explained us everything before entering the 'warehouse' and he was about to let us go to our apartment to change the shoes my mates were wearing, but at the end we decided to play with no shoes (it's ok to do that as the floor is pretty clean).\nTho I strongly recommend to wear comfortable clothings and a good pair of sport shoes. You'll need them!!\n\nSemi-spoiler Alert: the game we played is called Curse, that is about entering a warehouse where there's \"something\" alive that will chase you and if it touches you, you're 'dead'. So basically you'll run as if there's no tomorrow.\nThe actress behind the \"thing\" is breathtaking. A great professional doing her best to make this scary for real.\nWe couldn't end the game on time because of a mistake we made at the end of the game (not me tho \u00ac\u00ac), but the hints we receivved during the game were very clever and useful, so we had to thank our master, a very nice girl, as well (which name I can't recall grrrr!).\n\nSomething I can assure is that the next time I'll be visiting Athens, this will be my first stop after getting rid of my luggage :D For that time I'll bring braver reinforcements to play Amnesia!\n\nThank you so much for everything Jorge!!!",
            "time": 1537865409
        },
        {
            "author_name": "Vasilis Apostolou",
            "author_url": "https://www.google.com/maps/contrib/113156599859002491515/reviews",
            "language": "en",
            "profile_photo_url": "https://lh3.googleusercontent.com/-rfLyqqE1OlU/AAAAAAAAAAI/AAAAAAAAGaY/OMYcgkRwAQ4/s128-c0x00000000-cc-rp-mo-ba2/photo.jpg",
            "rating": 5,
            "relative_time_description": "a year ago",
            "text": "We tried the Amnesia room. Definitely recommend. Very intense experience.",
            "time": 1520542258
        },
        {
            "author_name": "Dina Xassapi",
            "author_url": "https://www.google.com/maps/contrib/108253630894917491410/reviews",
            "language": "en",
            "profile_photo_url": "https://lh6.googleusercontent.com/-SwG2dZU77EQ/AAAAAAAAAAI/AAAAAAAAAAA/ACHi3re-M-gEGFZSS4-NK_LiWof3FXtYsA/s128-c0x00000000-cc-rp-mo/photo.jpg",
            "rating": 5,
            "relative_time_description": "10 months ago",
            "text": "after 96 games, by far the best escape room ever, Amnesia + Curse",
            "time": 1538391726
        }
    ],
    "type": "point_of_interest"
}