{
    "id": "fe30e1b1b41127babb7657bdaa7a8412be441325",
    "location": {
        "lat": 37.975314,
        "lng": 23.66821
    },
    "name": "VILLAGE CINEMAS - RENTIS",
    "rating": 4.3,
    "reviews": [
        {
            "author_name": "KONSTANTINOS K",
            "author_url": "https://www.google.com/maps/contrib/108238799663097991119/reviews",
            "language": "en",
            "profile_photo_url": "https://lh4.googleusercontent.com/-cWj_6QXm7ZY/AAAAAAAAAAI/AAAAAAAAry0/mM2v8jByEp0/s128-c0x00000000-cc-rp-mo-ba5/photo.jpg",
            "rating": 5,
            "relative_time_description": "2 months ago",
            "text": "Moovie Theatre inside a Mall. A few moovie rooms with big enough screens. Parking available. 10 to 15 minutes drive from Athens centre. No problems overall :)",
            "time": 1557086475
        },
        {
            "author_name": "marianna g",
            "author_url": "https://www.google.com/maps/contrib/117495908422043775519/reviews",
            "language": "en",
            "profile_photo_url": "https://lh3.googleusercontent.com/-T6PkGU_7NUo/AAAAAAAAAAI/AAAAAAAAAAA/ACHi3rd9WVTgrcZPngl7_4Vs3enlETToTg/s128-c0x00000000-cc-rp-mo-ba3/photo.jpg",
            "rating": 5,
            "relative_time_description": "2 weeks ago",
            "text": "U can spend nice time with your kids here",
            "time": 1562753241
        },
        {
            "author_name": "MarKouk",
            "author_url": "https://www.google.com/maps/contrib/115396419664795557062/reviews",
            "language": "en",
            "profile_photo_url": "https://lh4.googleusercontent.com/-7aa9xBoLYT8/AAAAAAAAAAI/AAAAAAAAAFM/DOf2V_KxeZM/s128-c0x00000000-cc-rp-mo-ba3/photo.jpg",
            "rating": 5,
            "relative_time_description": "a month ago",
            "text": "Great place to have fun, enjoy a meal or just shop.",
            "time": 1560074913
        },
        {
            "author_name": "Theodoros Papantoniou",
            "author_url": "https://www.google.com/maps/contrib/107439087400162432877/reviews",
            "language": "en",
            "profile_photo_url": "https://lh3.googleusercontent.com/-q_rRwbloQVI/AAAAAAAAAAI/AAAAAAAAVKg/v7jwltaI-68/s128-c0x00000000-cc-rp-mo-ba4/photo.jpg",
            "rating": 4,
            "relative_time_description": "2 months ago",
            "text": "One of the biggest! I enjoyed the Dolby atmos thing!",
            "time": 1558037720
        },
        {
            "author_name": "iliana Myro",
            "author_url": "https://www.google.com/maps/contrib/101838717528535580124/reviews",
            "language": "en",
            "profile_photo_url": "https://lh6.googleusercontent.com/-jEnQ9NhRjbQ/AAAAAAAAAAI/AAAAAAAAACs/Ho3vemjFSaw/s128-c0x00000000-cc-rp-mo-ba3/photo.jpg",
            "rating": 5,
            "relative_time_description": "a month ago",
            "text": "Good place very big and nice",
            "time": 1560169231
        }
    ],
    "type": "movie_theater"
}

