{
    "id": "908982ed0888bb7ebc428a444817434c42eed01a",
    "location": {
        "lat": 37.9780595,
        "lng": 23.7210702
    },
    "name": "@ Art Space Asomaton",
    "rating": 4.9,
    "reviews": [
        {
            "author_name": "Tatiana Pounenti",
            "author_url": "https://www.google.com/maps/contrib/101307320841735371027/reviews",
            "language": "el",
            "profile_photo_url": "https://lh6.googleusercontent.com/-jLkncP5BVYE/AAAAAAAAAAI/AAAAAAAAAAA/ACHi3rcDEI_CPfTXHviaGluPAzeD8587_g/s128-c0x00000000-cc-rp-mo/photo.jpg",
            "rating": 5,
            "relative_time_description": "8 months ago",
            "text": "\u03a0\u03bf\u03bb\u03cd \u03c9\u03c1\u03b1\u03af\u03bf \u03c0\u03b5\u03c1\u03b9\u03b2\u03ac\u03bb\u03bb\u03bf\u03bd \u03ba\u03b1\u03b9 \u03c0\u03bf\u03bb\u03cd \u03c6\u03b9\u03bb\u03cc\u03be\u03b5\u03bd\u03b7 \u03b1\u03c4\u03bc\u03cc\u03c3\u03c6\u03b1\u03b9\u03c1\u03b1!",
            "time": 1543759592
        },
        {
            "author_name": "Panos Kou",
            "author_url": "https://www.google.com/maps/contrib/111205422037768741361/reviews",
            "language": "el",
            "profile_photo_url": "https://lh4.googleusercontent.com/-Qzr5DZtbYiw/AAAAAAAAAAI/AAAAAAAAAAA/ACHi3rdzYRVQ046bhCLhRZmhv2Kn6Kdl9g/s128-c0x00000000-cc-rp-mo-ba6/photo.jpg",
            "rating": 5,
            "relative_time_description": "a year ago",
            "text": "\u03a6\u03b9\u03bb\u03cc\u03be\u03b5\u03bd\u03bf \u03b6\u03b5\u03c3\u03c4\u03cc \u03bc\u03ad\u03c1\u03bf\u03c2, \u03b5\u03be\u03c5\u03c0\u03b7\u03c1\u03b5\u03c4\u03b9\u03ba\u03cc \u03c0\u03c1\u03bf\u03c3\u03c9\u03c0\u03b9\u03ba\u03cc, \u03ba\u03b1\u03bb\u03ae \u03b1\u03ba\u03bf\u03c5\u03c3\u03c4\u03b9\u03ba\u03ae \u03c4\u03bf\u03c5 \u03c7\u03ce\u03c1\u03bf\u03c5.",
            "time": 1508608477
        },
        {
            "author_name": "leonidas lio",
            "author_url": "https://www.google.com/maps/contrib/108976041460243666806/reviews",
            "language": "el",
            "profile_photo_url": "https://lh6.googleusercontent.com/-lGXI-U-UhHg/AAAAAAAAAAI/AAAAAAAAAAA/ACHi3rdjIRX5LKinrB-0Y9Fgoshjoa27mA/s128-c0x00000000-cc-rp-mo-ba5/photo.jpg",
            "rating": 5,
            "relative_time_description": "2 years ago",
            "text": "\u03a9\u03c1\u03b1\u03af\u03bf\u03c2 \u03c7\u03ce\u03c1\u03bf\u03c2 \u03c0\u03bf\u03c5 \u03b4\u03af\u03bd\u03b5\u03b9 \u03c4\u03b7\u03bd \u03b5\u03c5\u03ba\u03b1\u03b9\u03c1\u03af\u03b1 \u03c3\u03b5 \u03bd\u03ad\u03bf\u03c5\u03c2 \u03ba\u03b1\u03bb\u03bb\u03b9\u03c4\u03ad\u03c7\u03bd\u03b5\u03c2 \u03bd\u03b1 \u03b1\u03bd\u03b1\u03b4\u03b5\u03b9\u03c7\u03c4\u03bf\u03cd\u03bd. \u03a0\u03c1\u03bf\u03c3\u03b9\u03c4\u03ad\u03c2 \u03c4\u03b9\u03bc\u03ad\u03c2 \u03ba\u03b1\u03b9 \u03b5\u03c5\u03b3\u03b5\u03bd\u03b9\u03ba\u03cc \u03c0\u03c1\u03bf\u03c3\u03c9\u03c0\u03b9\u03ba\u03cc! \u0391\u03be\u03af\u03b6\u03b5\u03b9 \u03bd\u03b1 \u03c4\u03bf \u03b5\u03c0\u03b9\u03c3\u03ba\u03b5\u03c6\u03c4\u03b5\u03af\u03c4\u03b5!",
            "time": 1497216403
        },
        {
            "author_name": "\u03a0\u03b1\u03bd\u03b1\u03b3\u03b9\u03ce\u03c4\u03b7\u03c2 \u03a3\u03c4\u03b1\u03b8\u03ad\u03b1\u03c2",
            "author_url": "https://www.google.com/maps/contrib/117288466795733427471/reviews",
            "profile_photo_url": "https://lh3.googleusercontent.com/-Awoev5Neb1o/AAAAAAAAAAI/AAAAAAAAAAA/ACHi3reA7wcok7uzIZ-El8MEV544AylYNw/s128-c0x00000000-cc-rp-mo/photo.jpg",
            "rating": 5,
            "relative_time_description": "8 months ago",
            "text": "",
            "time": 1543762514
        },
        {
            "author_name": "\u039d\u03b9\u03ba\u03cc\u03bb\u03b1\u03bf\u03c2",
            "author_url": "https://www.google.com/maps/contrib/114588421376526929818/reviews",
            "profile_photo_url": "https://lh4.googleusercontent.com/-q7A4xjDSvIE/AAAAAAAAAAI/AAAAAAAADxo/jdPRNYizzuQ/s128-c0x00000000-cc-rp-mo-ba5/photo.jpg",
            "rating": 5,
            "relative_time_description": "a year ago",
            "text": "",
            "time": 1509122307
        }
    ],
    "type": "movie_theater"
}