{
    "id": "0bdb565a850f953b472a31256bf3d6ba34f00074",
    "location": {
        "lat": 37.9869422,
        "lng": 23.7623996
    },
    "name": "\u0391\u039d\u0395\u03a3\u0399\u03a3",
    "rating": 4.4,
    "reviews": [
        {
            "author_name": "The Mirmigkotripas",
            "author_url": "https://www.google.com/maps/contrib/112668590424877656891/reviews",
            "language": "en",
            "profile_photo_url": "https://lh6.googleusercontent.com/-H27a6ycXcmw/AAAAAAAAAAI/AAAAAAAACGI/BDOMW7W7kR4/s128-c0x00000000-cc-rp-mo/photo.jpg",
            "rating": 4,
            "relative_time_description": "a month ago",
            "text": "The open cinema was amazing , the only problem was that at 9 pm the sun was still out and we couldn't see but thankfully it got dark soon.",
            "time": 1562131679
        },
        {
            "author_name": "kostas kritikos",
            "author_url": "https://www.google.com/maps/contrib/114507173351446121580/reviews",
            "language": "en",
            "profile_photo_url": "https://lh6.googleusercontent.com/-tuHDHEUOXtw/AAAAAAAAAAI/AAAAAAAAAAA/ACHi3rc27rw_v9dTOzpqWu-vwbc7EiIsrw/s128-c0x00000000-cc-rp-mo-ba3/photo.jpg",
            "rating": 4,
            "relative_time_description": "5 months ago",
            "text": "Small theatre, very good seats with unobstructed view to the scene. Drink or food not allowed and not even sold. There is only a water cooler outside",
            "time": 1551876947
        },
        {
            "author_name": "Dan Man",
            "author_url": "https://www.google.com/maps/contrib/105980961715025356826/reviews",
            "language": "en",
            "profile_photo_url": "https://lh3.googleusercontent.com/-2aNcUOGzLuU/AAAAAAAAAAI/AAAAAAAAAAA/ACHi3reJdxaa0XWgfCLR93Cmjo-1nKJklA/s128-c0x00000000-cc-rp-mo-ba3/photo.jpg",
            "rating": 4,
            "relative_time_description": "5 months ago",
            "text": "Very nice and cozy theater! It gives you the feeling that you are part of the scene. A bit limited view from the back seats, due to the ceiling being low.",
            "time": 1550345489
        },
        {
            "author_name": "George Kambouris",
            "author_url": "https://www.google.com/maps/contrib/100254179036660799125/reviews",
            "language": "en",
            "profile_photo_url": "https://lh6.googleusercontent.com/-KQc-lTFrHzc/AAAAAAAAAAI/AAAAAAAAAAA/ACHi3rcL_AJeJklSMZHfgeBWywitt4j-SQ/s128-c0x00000000-cc-rp-mo-ba4/photo.jpg",
            "rating": 3,
            "relative_time_description": "6 months ago",
            "text": "Amazing acting, especially how roles are interacted continuously. The play itself conveys few meanings and is not of much interest. The attitude of the actors towards the audience regarding mobile phones during the performance is rude.",
            "time": 1547974006
        },
        {
            "author_name": "Nassos Kourentas",
            "author_url": "https://www.google.com/maps/contrib/114450341842732385195/reviews",
            "language": "en",
            "profile_photo_url": "https://lh4.googleusercontent.com/-QZ5qvOaFXTQ/AAAAAAAAAAI/AAAAAAAAAAA/xbCjXuBb_sY/s128-c0x00000000-cc-rp-mo-ba5/photo.jpg",
            "rating": 2,
            "relative_time_description": "3 weeks ago",
            "text": "Comment about the summer cinema: a beautiful construction which, however, is extremely downgraded by the fact that the sound level or intentionally kept low to about complains but the neighboring blocks of flats \ud83d\ude41",
            "time": 1562523156
        }
    ],
    "type": "movie_theater"
}

