{
    "id": "d10766c755e858a9cfe44e1e0f6b4fe388726acc",
    "location": {
        "lat": 37.9831316,
        "lng": 23.7112167
    },
    "name": "Vault Theatre Plus",
    "rating": 4.4,
    "reviews": [
        {
            "author_name": "droperosthia",
            "author_url": "https://www.google.com/maps/contrib/107678973768038478530/reviews",
            "language": "en",
            "profile_photo_url": "https://lh5.googleusercontent.com/-txFr9CzX5P0/AAAAAAAAAAI/AAAAAAAAAC8/76H24BRxj3U/s128-c0x00000000-cc-rp-mo-ba3/photo.jpg",
            "rating": 5,
            "relative_time_description": "7 months ago",
            "text": "Great place with a lot of shows going on every day!",
            "time": 1545635401
        },
        {
            "author_name": "Phoebus Giannopoulos",
            "author_url": "https://www.google.com/maps/contrib/110297048522461415999/reviews",
            "language": "en",
            "profile_photo_url": "https://lh3.googleusercontent.com/-_IgbVVNHpIA/AAAAAAAAAAI/AAAAAAAAHZA/_lVIckvyqzc/s128-c0x00000000-cc-rp-mo-ba3/photo.jpg",
            "rating": 4,
            "relative_time_description": "7 months ago",
            "text": "Great shows, smoky entrance.",
            "time": 1544995576
        },
        {
            "author_name": "Dionysios Pollatos",
            "author_url": "https://www.google.com/maps/contrib/104347776803761958000/reviews",
            "language": "en",
            "profile_photo_url": "https://lh4.googleusercontent.com/-62mxRUsO-ZA/AAAAAAAAAAI/AAAAAAAAAAA/ACHi3rf-4IykHSoVd7kEZPu9qo8peJ-ZzA/s128-c0x00000000-cc-rp-mo-ba3/photo.jpg",
            "rating": 5,
            "relative_time_description": "a year ago",
            "text": "Short seats for somebody 180+ cm.. I attended a play about King John from William Shakespeare. Excellent",
            "time": 1522360893
        },
        {
            "author_name": "\u0391\u03c4\u03af\u03b8\u03b1\u03c3\u03b5\u03c2 \u03b9\u03b4\u03ad\u03b5\u03c2 \u03ba\u03b1\u03b9 \u03b1\u03c5\u03b3\u03ac \u03bc\u03ac\u03c4\u03b9\u03b1",
            "author_url": "https://www.google.com/maps/contrib/117996417697125777881/reviews",
            "language": "en",
            "profile_photo_url": "https://lh6.googleusercontent.com/-jzK78BqP-ec/AAAAAAAAAAI/AAAAAAAAAKI/4-QwU9Vd9Mg/s128-c0x00000000-cc-rp-mo-ba3/photo.jpg",
            "rating": 4,
            "relative_time_description": "a year ago",
            "text": "I love the people who run Vault. The place is warm and the music perfect.very good cocktails",
            "time": 1514876176
        },
        {
            "author_name": "\u039c\u03af\u03b1 \u039c\u03b7\u03c4\u03c1\u03bf\u03c0\u03bf\u03cd\u03bb\u03bf\u03c5",
            "author_url": "https://www.google.com/maps/contrib/105363816892937600032/reviews",
            "language": "en",
            "profile_photo_url": "https://lh5.googleusercontent.com/-i8GaKWhfc60/AAAAAAAAAAI/AAAAAAAAAWc/OV88t1jmRTI/s128-c0x00000000-cc-rp-mo/photo.jpg",
            "rating": 2,
            "relative_time_description": "2 months ago",
            "text": "Rude stuff",
            "time": 1557601507
        }
    ],
    "type": "point_of_interest"
}

