{
    "id": "5a929b78caa2185bbe2ee072c4ef7ee08521fead",
    "location": {
        "lat": 37.9964953,
        "lng": 23.7319523
    },
    "name": "Ilion Cinema & Stage",
    "rating": 4.5,
    "reviews": [
        {
            "author_name": "Nectaria Gizani",
            "author_url": "https://www.google.com/maps/contrib/103287837644545587145/reviews",
            "language": "en",
            "profile_photo_url": "https://lh6.googleusercontent.com/-aV5rjGWWORk/AAAAAAAAAAI/AAAAAAAAABQ/w6mPzf6sfHM/s128-c0x00000000-cc-rp-mo-ba3/photo.jpg",
            "rating": 5,
            "relative_time_description": "5 months ago",
            "text": "Interesting architecture of a past glory with modern seats and adequate screen",
            "time": 1551635521
        },
        {
            "author_name": "Vassia Axarli",
            "author_url": "https://www.google.com/maps/contrib/107078588055397548366/reviews",
            "language": "en",
            "profile_photo_url": "https://lh5.googleusercontent.com/-XeEx_icQfyc/AAAAAAAAAAI/AAAAAAAASN8/gyGltwvIVXY/s128-c0x00000000-cc-rp-mo-ba4/photo.jpg",
            "rating": 5,
            "relative_time_description": "9 months ago",
            "text": "Amazing cinema with a bit of a theatrical style! Old fashion, central neighborhood of Athens, half prices every Wednesday and Thursday, beautiful movies!",
            "time": 1540712545
        },
        {
            "author_name": "Vasiliki Vicky Lalaiti",
            "author_url": "https://www.google.com/maps/contrib/101383369224320511254/reviews",
            "language": "en",
            "profile_photo_url": "https://lh3.googleusercontent.com/-VgwUHptgXL4/AAAAAAAAAAI/AAAAAAAAKnw/IS4EICpSHzI/s128-c0x00000000-cc-rp-mo/photo.jpg",
            "rating": 3,
            "relative_time_description": "5 months ago",
            "text": "It's an old theater. It is ok.",
            "time": 1549956943
        },
        {
            "author_name": "Julie Fradelou",
            "author_url": "https://www.google.com/maps/contrib/103994656944825633413/reviews",
            "language": "el",
            "profile_photo_url": "https://lh3.googleusercontent.com/-VVKLMY2aFAk/AAAAAAAAAAI/AAAAAAAAses/_CAlHtlcwr0/s128-c0x00000000-cc-rp-mo-ba2/photo.jpg",
            "rating": 5,
            "relative_time_description": "4 months ago",
            "text": "Old fashioned \u03c3\u03b9\u03bd\u03b5\u03bc\u03b1 \u03c3\u03c4\u03bf \u03ba\u03ad\u03bd\u03c4\u03c1\u03bf \u03c4\u03b7\u03c2 \u0391\u03b8\u03ae\u03bd\u03b1\u03c2 \u03bc\u03b5 \u03c0\u03ac\u03c1\u03b1 \u03c0\u03bf\u03bb\u03cd \u03bb\u03af\u03b3\u03bf \u03ba\u03bf\u03c3\u03bc\u03bf. \u03a4\u03bf \u03b5\u03c0\u03b9\u03c3\u03ba\u03ad\u03c6\u03c4\u03b7\u03ba\u03b1 \u03b3\u03b9\u03b1 \u03bd\u03b1 \u03b4\u03c9 \u03c4\u03b1\u03b9\u03bd\u03af\u03b1 \u03c0\u03bf\u03c5 \u03bc\u03cc\u03bb\u03b9\u03c2 \u03b5\u03af\u03c7\u03b5 \u03ba\u03b5\u03c1\u03b4\u03af\u03c3\u03b5\u03b9 \u03c4\u03bf \u03cc\u03c3\u03ba\u03b1\u03c1 \u03ba\u03b1\u03bb\u03cd\u03c4\u03b5\u03c1\u03b7\u03c2 \u03c4\u03b1\u03b9\u03bd\u03af\u03b1\u03c2 \u03ba\u03b1\u03b9 \u03bf\u03b9 \u03b8\u03b5\u03b1\u03c4\u03ad\u03c2 \u03ae\u03bc\u03b1\u03c3\u03c4\u03b1\u03bd 7 \u03c3\u03b5 \u03cc\u03bb\u03b7 \u03c4\u03b7\u03bd \u03b1\u03af\u03b8\u03bf\u03c5\u03c3\u03b1. \u039f \u03ae\u03c7\u03bf\u03c2 \u03ae\u03c4\u03b1\u03bd \u03c7\u03b1\u03bc\u03b7\u03bb\u03cc\u03c2 \u03c3\u03b5 \u03ad\u03bd\u03c4\u03b1\u03c3\u03b7 \u03ba\u03b1\u03b9 \u03b7 \u03b1\u03af\u03b8\u03bf\u03c5\u03c3\u03b1 \u03b5\u03af\u03c7\u03b5 \u03ba\u03b1\u03b9 \u03b5\u03be\u03ce\u03c3\u03c4\u03b7 \u03bc\u03b5 \u03b8\u03ad\u03c3\u03b5\u03b9\u03c2 \u03ba\u03ac\u03c4\u03b9 \u03c0\u03bf\u03c5 \u03c3\u03c0\u03ac\u03bd\u03b9\u03b1 \u03b2\u03c1\u03af\u03c3\u03ba\u03b5\u03b9\u03c2 \u03c3\u03b5 \u03c3\u03b9\u03bd\u03b5\u03bc\u03ac. \u03a9\u03c1\u03b1\u03b9\u03b1 \u03b5\u03bc\u03c0\u03b5\u03b9\u03c1\u03af\u03b1 \u03b1\u03bb\u03bb\u03ac \u03ba\u03c1\u03af\u03bc\u03b1 \u03c0\u03bf\u03c5 \u03b4\u03b5\u03bd \u03b5\u03af\u03c7\u03b5 \u03ba\u03cc\u03c3\u03bc\u03bf.",
            "time": 1552304462
        },
        {
            "author_name": "Gogos G.",
            "author_url": "https://www.google.com/maps/contrib/103517751506158028227/reviews",
            "language": "el",
            "profile_photo_url": "https://lh6.googleusercontent.com/-Dd0or7UrcIw/AAAAAAAAAAI/AAAAAAAAC1U/UW3QQU2ZApk/s128-c0x00000000-cc-rp-mo-ba5/photo.jpg",
            "rating": 4,
            "relative_time_description": "6 months ago",
            "text": "\u0388\u03bd\u03b1\u03c2 \u03b1\u03c0\u03cc \u03c4\u03bf\u03c5\u03c2 \u03c0\u03b1\u03bb\u03b9\u03bf\u03cd\u03c2 \u03ba\u03b9\u03bd\u03b7\u03bc\u03b1\u03c4\u03bf\u03b3\u03c1\u03ac\u03c6\u03bf\u03c5\u03c2 \u03c4\u03b7\u03c2 \u0391\u03b8\u03ae\u03bd\u03b1\u03c2 \u03cc\u03c0\u03bf\u03c5 \u03bc\u03b5\u03c4\u03b1\u03c4\u03c1\u03ad\u03c0\u03b5\u03c4\u03b1\u03b9 \u03ba\u03b1\u03b9 \u03c3\u03b5 \u03b8\u03b5\u03b1\u03c4\u03c1\u03b9\u03ba\u03ae \u03c3\u03ba\u03b7\u03bd\u03ae.\u03a4\u03b5\u03c1\u03ac\u03c3\u03c4\u03b9\u03b1 \u03b1\u03af\u03b8\u03bf\u03c5\u03c3\u03b1 \u03bc\u03b5 \u03ba\u03bb\u03b9\u03bc\u03b1\u03c4\u03b9\u03c3\u03bc\u03cc,\u03b4\u03b9\u03b1\u03b8\u03ad\u03c4\u03b5\u03b9 \u03ba\u03b1\u03b9 \u03b5\u03be\u03ce\u03c3\u03c4\u03b7.\u03a0\u03bf\u03bb\u03cd \u03ba\u03b1\u03bb\u03ad\u03c2 \u03c4\u03b9\u03bc\u03ad\u03c2 \u03c3\u03c4\u03bf \u03bc\u03c0\u03b1\u03c1 \u03cc\u03c3\u03bf\u03bd \u03b1\u03c6\u03bf\u03c1\u03ac \u03c0\u03bf\u03c0 \u03ba\u03bf\u03c1\u03bd,\u03c3\u03bd\u03b1\u03ba\u03c2 \u03ba\u03c4\u03bb.\u039a\u03ac\u03b8\u03b5 \u03a4\u03b5\u03c4\u03ac\u03c1\u03c4\u03b7 \u03ba\u03b1\u03b9 \u03a0\u03ad\u03bc\u03c0\u03c4\u03b7 \u03ad\u03c7\u03b5\u03b9 1+1 \u03b5\u03af\u03c3\u03bf\u03b4\u03bf \u03bc\u03b5 7\u20ac! \u03a4\u03b1 \u03ba\u03b1\u03b8\u03af\u03c3\u03bc\u03b1\u03c4\u03b1 \u03b1\u03c0\u03ad\u03c7\u03bf\u03c5\u03bd \u03c0\u03bf\u03bb\u03cd \u03b1\u03c0\u03cc \u03c4\u03b7\u03bd \u03bf\u03b8\u03cc\u03bd\u03b7 \u03bf\u03c0\u03cc\u03c4\u03b5 \u03b7 \u03c0\u03c1\u03ce\u03c4\u03b7 \u03c3\u03b5\u03b9\u03c1\u03ac \u03b5\u03af\u03bd\u03b1\u03b9 \u03b9\u03b4\u03b1\u03bd\u03b9\u03ba\u03ae \u03c3\u03b5 \u03b1\u03bd\u03c4\u03af\u03b8\u03b5\u03c3\u03b7 \u03bc\u03b5 \u03ac\u03bb\u03bb\u03bf\u03c5\u03c2 \u03ba\u03b9\u03bd\u03b7\u03bc\u03b1\u03c4\u03bf\u03b3\u03c1\u03ac\u03c6\u03bf\u03c5\u03c2.\u0394\u03b5\u03bd \u03c5\u03c0\u03ac\u03c1\u03c7\u03b5\u03b9 \u03c7\u03ce\u03c1\u03bf\u03c2 \u03c0\u03ac\u03c1\u03ba\u03b9\u03bd\u03b3\u03ba.",
            "time": 1548933528
        }
    ],
    "type": "movie_theater"
}

