{
    "id": "8761cd546e881da993c7831337ea80075f2e5074",
    "location": {
        "lat": 37.9557452,
        "lng": 23.6966588
    },
    "name": "\u0395\u03a4\u039f\u03a5\u0391\u039b \u0391\u039b\u0395\u039e\u0391\u039d\u0394\u03a1\u0391 - \u0395\u03a4\u039f\u03a5\u0391\u039b \u0391\u039b\u0395\u039e\u0391\u039d\u0394\u03a1\u0391 1",
    "rating": 4.4,
    "reviews": [
        {
            "author_name": "Stelios",
            "author_url": "https://www.google.com/maps/contrib/109547471041650623328/reviews",
            "language": "en",
            "profile_photo_url": "https://lh4.googleusercontent.com/-vWZKQj5xC_8/AAAAAAAAAAI/AAAAAAAAiG0/XLJyi3PpagA/s128-c0x00000000-cc-rp-mo-ba5/photo.jpg",
            "rating": 5,
            "relative_time_description": "3 months ago",
            "text": "One of the oldest cinemas in Kallithea owned by polite and friendly people. After they restructured the place and going from one big screen to two smaller ones, its even better. A vibrant, lively place, screening late releases as well as past. Their weekends offers are unbeatable in terms of price for cartoon/animated movies.",
            "time": 1554207498
        },
        {
            "author_name": "Constantinos Kansiz",
            "author_url": "https://www.google.com/maps/contrib/108886702784511518217/reviews",
            "language": "en",
            "profile_photo_url": "https://lh4.googleusercontent.com/-JqEz1tzsnaY/AAAAAAAAAAI/AAAAAAAAAAA/ACHi3rcznJtVv_aMVmOUU29RqiSdcGJ4PA/s128-c0x00000000-cc-rp-mo-ba4/photo.jpg",
            "rating": 4,
            "relative_time_description": "5 months ago",
            "text": "One of the last remaining non multiplex movie theaters remaining in Kallithea. Clean and quiet.",
            "time": 1550499744
        },
        {
            "author_name": "Thanos Pagkidis",
            "author_url": "https://www.google.com/maps/contrib/101487626765420758511/reviews",
            "language": "en",
            "profile_photo_url": "https://lh6.googleusercontent.com/-vDiJ2uiDyxE/AAAAAAAAAAI/AAAAAAAAS_k/PfFrZ6MLfaU/s128-c0x00000000-cc-rp-mo-ba3/photo.jpg",
            "rating": 5,
            "relative_time_description": "4 months ago",
            "text": "It was a good experience.",
            "time": 1552406029
        },
        {
            "author_name": "GIANNIS KASTRINAKIS",
            "author_url": "https://www.google.com/maps/contrib/101129177743652923804/reviews",
            "language": "en",
            "profile_photo_url": "https://lh6.googleusercontent.com/-VCbhsEfcxeg/AAAAAAAAAAI/AAAAAAAAAAA/ACHi3rf-DvPT4vy_u1MjaVcAi_hyRjOrlg/s128-c0x00000000-cc-rp-mo/photo.jpg",
            "rating": 5,
            "relative_time_description": "2 months ago",
            "text": "best",
            "time": 1556863903
        },
        {
            "author_name": "Frankline Franck",
            "author_url": "https://www.google.com/maps/contrib/113055124582214673883/reviews",
            "language": "en",
            "profile_photo_url": "https://lh5.googleusercontent.com/-Emx0w0HsNPg/AAAAAAAAAAI/AAAAAAAACoQ/90cVQGk008I/s128-c0x00000000-cc-rp-mo-ba2/photo.jpg",
            "rating": 4,
            "relative_time_description": "a year ago",
            "text": "Very nice people and friendly environment!!",
            "time": 1515847556
        }
    ],
    "type": "movie_theater"
}

