{
    "id": "77689304a4a3cfa8580c4b6064cea6d1c7e28cb6",
    "location": {
        "lat": 37.9831316,
        "lng": 23.7112167
    },
    "name": "Vault theater",
    "rating": 4.3,
    "reviews": [
        {
            "author_name": "droperosthia",
            "author_url": "https://www.google.com/maps/contrib/107678973768038478530/reviews",
            "language": "en",
            "profile_photo_url": "https://lh5.googleusercontent.com/-txFr9CzX5P0/AAAAAAAAAAI/AAAAAAAAAC8/76H24BRxj3U/s128-c0x00000000-cc-rp-mo-ba3/photo.jpg",
            "rating": 5,
            "relative_time_description": "5 months ago",
            "text": "Very cool place with a lot of theatrical shows",
            "time": 1549188014
        },
        {
            "author_name": "Amnesia Maze",
            "author_url": "https://www.google.com/maps/contrib/115399798648356135985/reviews",
            "language": "en",
            "profile_photo_url": "https://lh5.googleusercontent.com/-w1CjwMWJ1T4/AAAAAAAAAAI/AAAAAAAAAAA/ACHi3rd-F0OSl7DcfZjYh0GeZuNeicJA8g/s128-c0x00000000-cc-rp-mo/photo.jpg",
            "rating": 1,
            "relative_time_description": "a year ago",
            "text": "Not a theatre! Just bar Cafe",
            "time": 1506367014
        },
        {
            "author_name": "Jas Pap",
            "author_url": "https://www.google.com/maps/contrib/112551463433094285173/reviews",
            "language": "en",
            "profile_photo_url": "https://lh5.googleusercontent.com/-9XgPmzej98Y/AAAAAAAAAAI/AAAAAAAAABA/T56Gos16cG0/s128-c0x00000000-cc-rp-mo-ba5/photo.jpg",
            "rating": 5,
            "relative_time_description": "a year ago",
            "text": "Theater with a variety of plays",
            "time": 1511564164
        },
        {
            "author_name": "\u03a3\u03c4\u03b5\u03bb\u03b9\u03bf\u03c2 \u039c\u03c0\u03b5\u03c1\u03bd\u03b9\u03b4\u03b1\u03ba\u03b7\u03c2",
            "author_url": "https://www.google.com/maps/contrib/104262412488235920836/reviews",
            "language": "el",
            "profile_photo_url": "https://lh5.googleusercontent.com/-mlyYS2EUimM/AAAAAAAAAAI/AAAAAAAAAAA/ACHi3rfS69nJkp_9SvQ3xCdr83VlBnx6_g/s128-c0x00000000-cc-rp-mo-ba6/photo.jpg",
            "rating": 5,
            "relative_time_description": "6 months ago",
            "text": "\u0388\u03bd\u03b1\u03c2 \u03c0\u03bf\u03bb\u03c5\u03c7\u03ce\u03c1\u03bf\u03c2 \u03c0\u03bf\u03bb\u03b9\u03c4\u03b9\u03c3\u03bc\u03bf\u03cd \u03c0\u03bf\u03c5 \u03c0\u03c1\u03bf\u03c3\u03c6\u03ad\u03c1\u03b5\u03b9 \u03b5\u03c5\u03ba\u03b1\u03b9\u03c1\u03af\u03b5\u03c2 \u03c3\u03b5 \u03bd\u03ad\u03bf\u03c5\u03c2 \u03ba\u03b1\u03bb\u03bb\u03b9\u03c4\u03ad\u03c7\u03bd\u03b5\u03c2 \u03bd\u03b1 \u03c0\u03b1\u03c1\u03bf\u03c5\u03c3\u03b9\u03ac\u03c3\u03bf\u03c5\u03bd \u03c4\u03bf \u03ad\u03c1\u03b3\u03bf \u03c4\u03bf\u03c5\u03c2. \u03a3\u03c5\u03c7\u03bd\u03ad\u03c2 \u03b5\u03ba\u03b8\u03ad\u03c3\u03b5\u03b9\u03c2 \u03b6\u03c9\u03b3\u03c1\u03b1\u03c6\u03b9\u03ba\u03ae\u03c2 \u03ba\u03b1\u03b9 \u03b3\u03bb\u03c5\u03c0\u03c4\u03b9\u03ba\u03ae\u03c2. \u03a0\u03bb\u03bf\u03cd\u03c3\u03b9\u03bf \u03c0\u03c1\u03cc\u03b3\u03c1\u03b1\u03bc\u03bc\u03b1 \u03c3\u03b5 \u03b8\u03b5\u03b1\u03c4\u03c1\u03b9\u03ba\u03ad\u03c2 \u03c0\u03b1\u03c1\u03b1\u03c3\u03c4\u03ac\u03c3\u03b5\u03b9\u03c2 \u03ba\u03b1\u03b9 \u03c0\u03b1\u03c1\u03b1\u03c3\u03c4\u03ac\u03c3\u03b5\u03b9\u03c2 \u03c7\u03bf\u03c1\u03bf\u03cd. \u0395\u03c5\u03b3\u03b5\u03bd\u03b9\u03ba\u03cc \u03ba\u03b1\u03b9 \u03c0\u03c1\u03cc\u03b8\u03c5\u03bc\u03bf \u03c0\u03c1\u03bf\u03c3\u03c9\u03c0\u03b9\u03ba\u03cc \u03c0\u03ac\u03bd\u03c4\u03b1 \u03bc\u03b5 \u03c7\u03b1\u03bc\u03cc\u03b3\u03b5\u03bb\u03bf \u03ba\u03b1\u03b9 \u03c7\u03b9\u03bf\u03cd\u03bc\u03bf\u03c1.",
            "time": 1548622742
        },
        {
            "author_name": "George Thalassinos",
            "author_url": "https://www.google.com/maps/contrib/100183021119478884867/reviews",
            "language": "el",
            "profile_photo_url": "https://lh6.googleusercontent.com/-FDYuT6Die_s/AAAAAAAAAAI/AAAAAAAAE9Q/fO7qJQPwJ54/s128-c0x00000000-cc-rp-mo-ba3/photo.jpg",
            "rating": 5,
            "relative_time_description": "8 months ago",
            "text": "\u03a0\u03bf\u03bb\u03cd \u03b9\u03b4\u03b9\u03b1\u03af\u03c4\u03b5\u03c1\u03bf\u03c2 \u03c7\u03ce\u03c1\u03bf\u03c2, \u03b5\u03c5\u03c7\u03ac\u03c1\u03b9\u03c3\u03c4\u03bf\u03c2, \u03bc\u03b5 \u03bc\u03c0\u03b1\u03c1\u03ac\u03ba\u03b9 \u03ba\u03b1\u03b9 \u03b1\u03c5\u03bb\u03af\u03c4\u03c3\u03b1 \u03ba\u03b1\u03b9 \u03c0\u03b1\u03c1\u03b5\u0390\u03c3\u03c4\u03b9\u03ba\u03b7 \u03b1\u03c4\u03bc\u03cc\u03c3\u03c6\u03b1\u03b9\u03c1\u03b1.\n\u0397 \u03c0\u03b1\u03c1\u03ac\u03c3\u03c4\u03b1\u03c3\u03b7 \u03ae\u03c4\u03b1\u03bd \u03c3\u03c4\u03b7 \u03c3\u03ba\u03b7\u03bd\u03ae \u03c4\u03bf\u03c5 3\u03bf\u03c5 \u03bf\u03c1\u03cc\u03c6\u03bf\u03c5, \u03c3\u03b5 \u03c7\u03ce\u03c1\u03bf \u03c0\u03bf\u03bb\u03cd \u03bc\u03b9\u03ba\u03c1\u03cc \u03b1\u03bb\u03bb\u03ac \u03c0\u03bf\u03bb\u03cd \u03b6\u03b5\u03c3\u03c4\u03cc.\n\u039c\u03b9\u03ba\u03c1\u03ac \u03c3\u03c7\u03ae\u03bc\u03b1\u03c4\u03b1, \u03bc\u03b9\u03ba\u03c1\u03ad\u03c2 \u03b1\u03c0\u03bf\u03c3\u03c4\u03ac\u03c3\u03b5\u03b9\u03c2, \u03bc\u03b5\u03b3\u03ac\u03bb\u03b7 \u03b5\u03c0\u03b1\u03c6\u03ae. \n\u03a4\u03bf \u03b5\u03c5\u03c7\u03b1\u03c1\u03b9\u03c3\u03c4\u03ae\u03b8\u03b7\u03ba\u03b1 \u03b9\u03b4\u03b9\u03b1\u03af\u03c4\u03b5\u03c1\u03b1.\n\n\u03a5\u0393 \u0397 \u03c0\u03b1\u03c1\u03ac\u03c3\u03c4\u03b1\u03c3\u03b7 \u03ae\u03c4\u03b1\u03bd \u03ba\u03b9 \u03b1\u03c5\u03c4\u03ae \u03c0\u03bf\u03bb\u03cd \u03ba\u03b1\u03bb\u03ae \u03b1\u03bb\u03bb\u03ac \u03c0\u03b9\u03c3\u03c4\u03b5\u03cd\u03c9 \u03cc\u03c4\u03b9 \u03b4\u03b5\u03bd \u03ba\u03ac\u03bd\u03bf\u03c5\u03bc\u03b5 review \u03c3\u03c4\u03bf \u03ba\u03b1\u03bb\u03bb\u03b9\u03c4\u03b5\u03c7\u03bd\u03b9\u03ba\u03cc \u03ba\u03bf\u03bc\u03bc\u03ac\u03c4\u03b9",
            "time": 1541857659
        }
    ],
    "type": "point_of_interest"
}

