{
    "id": "032513ffb43b64d9eb5b5ecc293e0fd3ec039b28",
    "location": {
        "lat": 37.9860852,
        "lng": 23.7366071
    },
    "name": "Sir Lock's House | Escape Rooms",
    "rating": 4.5,
    "reviews": [
        {
            "author_name": "George Sarigiannis",
            "author_url": "https://www.google.com/maps/contrib/105970354338866375935/reviews",
            "language": "en",
            "profile_photo_url": "https://lh6.googleusercontent.com/-jY3SgVrtYhE/AAAAAAAAAAI/AAAAAAAAAmk/j14go0gsjiA/s128-c0x00000000-cc-rp-mo-ba3/photo.jpg",
            "rating": 5,
            "relative_time_description": "6 months ago",
            "text": "Really fun and challenging escape room. Great stuff. Keep up the good work",
            "time": 1549282805
        },
        {
            "author_name": "Tasos Ploumis",
            "author_url": "https://www.google.com/maps/contrib/117424550575454377139/reviews",
            "language": "en",
            "profile_photo_url": "https://lh5.googleusercontent.com/-zo3MFgU6_iQ/AAAAAAAAAAI/AAAAAAAAZx4/YSM0RPXWF0k/s128-c0x00000000-cc-rp-mo-ba3/photo.jpg",
            "rating": 5,
            "relative_time_description": "2 years ago",
            "text": "A nice one, firsr escape room experience, one to remember, friendly staff",
            "time": 1497859678
        },
        {
            "author_name": "Alex Tzef",
            "author_url": "https://www.google.com/maps/contrib/108843691004659553444/reviews",
            "language": "en",
            "profile_photo_url": "https://lh4.googleusercontent.com/-7TZJ6bZP6ps/AAAAAAAAAAI/AAAAAAAAAhc/r4mAgzNbavk/s128-c0x00000000-cc-rp-mo-ba3/photo.jpg",
            "rating": 3,
            "relative_time_description": "2 years ago",
            "text": "Great place, polite people but the Da Vinci story wasnt as good as we expected it to be.Some gaps and inconsistencies made the story not as solid as we hoped. Still had a good time.Only major issue was not getting a receipt for a total of 60\u20ac...",
            "time": 1478904287
        },
        {
            "author_name": "Alex Kyriakidis",
            "author_url": "https://www.google.com/maps/contrib/113151782944094026957/reviews",
            "language": "en",
            "profile_photo_url": "https://lh6.googleusercontent.com/-n12dkIyXG_Q/AAAAAAAAAAI/AAAAAAAADDo/rwdj2xE9imQ/s128-c0x00000000-cc-rp-mo-ba2/photo.jpg",
            "rating": 5,
            "relative_time_description": "2 years ago",
            "text": "One of the best escape venues in Athens",
            "time": 1484656423
        },
        {
            "author_name": "Evangelos Lampropoulos",
            "author_url": "https://www.google.com/maps/contrib/104445374598539304568/reviews",
            "language": "el",
            "profile_photo_url": "https://lh3.googleusercontent.com/-XH4UPq1uHek/AAAAAAAAAAI/AAAAAAAAAGQ/zejnpKJ_55o/s128-c0x00000000-cc-rp-mo-ba3/photo.jpg",
            "rating": 5,
            "relative_time_description": "a year ago",
            "text": "\u03a9\u03c1\u03b1\u03af\u03b1 games, \u03b1\u03ba\u03cc\u03bc\u03b7 \u03c0\u03b9\u03bf \u03c9\u03c1\u03b1\u03af\u03bf\u03b9 game master \u03ba \u03b7\u03b8\u03bf\u03c0\u03bf\u03b9\u03cc\u03c2 !",
            "time": 1519252356
        }
    ],
    "type": "point_of_interest"
}