{
    "id": "9e178387d058f615b765dc95c0eac83d97316c86",
    "location": {
        "lat": 37.962673,
        "lng": 23.724054
    },
    "name": "Cinema Mikrokosmos",
    "rating": 4.3,
    "reviews": [
        {
            "author_name": "Anna Syrri",
            "author_url": "https://www.google.com/maps/contrib/107415545024296243445/reviews",
            "language": "en",
            "profile_photo_url": "https://lh3.googleusercontent.com/-EdvZ44DEcDs/AAAAAAAAAAI/AAAAAAAAAY8/02iOxAqcYf8/s128-c0x00000000-cc-rp-mo-ba3/photo.jpg",
            "rating": 5,
            "relative_time_description": "2 months ago",
            "text": "One of the best cinemas in Athens. Always the best pictures",
            "time": 1557608918
        },
        {
            "author_name": "John Davis",
            "author_url": "https://www.google.com/maps/contrib/101818661892770983481/reviews",
            "language": "en",
            "profile_photo_url": "https://lh3.googleusercontent.com/-9H14WoqNJhQ/AAAAAAAAAAI/AAAAAAAABCg/_Fk3MBJxSK4/s128-c0x00000000-cc-rp-mo-ba3/photo.jpg",
            "rating": 4,
            "relative_time_description": "6 months ago",
            "text": "Usually has a good choice of films, and the seating is comfortable. Pleasant bar in foyer, too.",
            "time": 1546723258
        },
        {
            "author_name": "Zack Polymenakos",
            "author_url": "https://www.google.com/maps/contrib/101620776515900826133/reviews",
            "language": "en",
            "profile_photo_url": "https://lh6.googleusercontent.com/-p-hea6-zq1I/AAAAAAAAAAI/AAAAAAAAAAA/ACHi3rex6tizDirMPPIsjGGirDQNnSHdlg/s128-c0x00000000-cc-rp-mo/photo.jpg",
            "rating": 5,
            "relative_time_description": "3 months ago",
            "text": "Best Indy cinema theater in athens",
            "time": 1554191983
        },
        {
            "author_name": "Nikolas K",
            "author_url": "https://www.google.com/maps/contrib/103532891434489875126/reviews",
            "language": "en",
            "profile_photo_url": "https://lh3.googleusercontent.com/-vlL_LS5mZ64/AAAAAAAAAAI/AAAAAAAAAjc/dPOewUtZKH8/s128-c0x00000000-cc-rp-mo-ba5/photo.jpg",
            "rating": 5,
            "relative_time_description": "6 months ago",
            "text": "Nice cinema with very interesting movie choices",
            "time": 1546884637
        },
        {
            "author_name": "Katerina Roussaki",
            "author_url": "https://www.google.com/maps/contrib/117806221077204001137/reviews",
            "language": "en",
            "profile_photo_url": "https://lh3.googleusercontent.com/-Phmv0DT_NsI/AAAAAAAAAAI/AAAAAAAAAAA/ACHi3reOVaxK6QOyKUIPaYQ3kWT4JAVG0g/s128-c0x00000000-cc-rp-mo-ba2/photo.jpg",
            "rating": 4,
            "relative_time_description": "5 months ago",
            "text": "Very friendly, has a good choice of films comfortable sitting",
            "time": 1548873037
        }
    ],
    "type": "movie_theater"
}

