{
    "id": "a6253d3fe4c2257929815a24c4a87bae6302a45c",
    "location": {
        "lat": 37.9828971,
        "lng": 23.712931
    },
    "name": "\u0398\u03ad\u03b1\u03c4\u03c1\u03bf ELIART",
    "rating": 4.2,
    "reviews": [
        {
            "author_name": "Rhodell Fields",
            "author_url": "https://www.google.com/maps/contrib/117819012155828194138/reviews",
            "language": "en",
            "profile_photo_url": "https://lh6.googleusercontent.com/-97k8-lvxjRI/AAAAAAAAAAI/AAAAAAAAAAA/ACHi3rcgBAm-KLniMh3vpv65azpE0evjoA/s128-c0x00000000-cc-rp-mo-ba5/photo.jpg",
            "rating": 5,
            "relative_time_description": "a year ago",
            "text": "Great little theater with quality plays. Feels very warm and personal. I believe it hosts music live events as well which would be very cool because of the homey vibe and the closeness.",
            "time": 1523730064
        },
        {
            "author_name": "droperosthia",
            "author_url": "https://www.google.com/maps/contrib/107678973768038478530/reviews",
            "language": "en",
            "profile_photo_url": "https://lh5.googleusercontent.com/-txFr9CzX5P0/AAAAAAAAAAI/AAAAAAAAAC8/76H24BRxj3U/s128-c0x00000000-cc-rp-mo-ba3/photo.jpg",
            "rating": 5,
            "relative_time_description": "7 months ago",
            "text": "Always a pleasure to visit!",
            "time": 1545634387
        },
        {
            "author_name": "Alexandros Tsikolatas",
            "author_url": "https://www.google.com/maps/contrib/109864225359654485630/reviews",
            "language": "en",
            "profile_photo_url": "https://lh3.googleusercontent.com/-w5bwf3EbENE/AAAAAAAAAAI/AAAAAAAAAqE/nC-a1nKDQcg/s128-c0x00000000-cc-rp-mo-ba6/photo.jpg",
            "rating": 3,
            "relative_time_description": "a year ago",
            "text": "Gazi stand up comedy! Nice show, small theatre, chairs need improvement. Easy to park area. Clean toilets.",
            "time": 1521232642
        },
        {
            "author_name": "Vasilis Pap",
            "author_url": "https://www.google.com/maps/contrib/117920848377763320690/reviews",
            "language": "en",
            "profile_photo_url": "https://lh5.googleusercontent.com/-9SqKCZbC8Nk/AAAAAAAAAAI/AAAAAAAAAAA/ACHi3rfzdHKDJFXRlgbUVqZEgCb3TE0jcw/s128-c0x00000000-cc-rp-mo-ba4/photo.jpg",
            "rating": 4,
            "relative_time_description": "a year ago",
            "text": "Very small theatre, but a quiet place for a nice play. Also up until March there is a very nice mystery play every Saturday.",
            "time": 1513190253
        },
        {
            "author_name": "\u0395\u03bb\u03ad\u03bd\u03b7 \u039c\u03b1\u03c1\u03ae",
            "author_url": "https://www.google.com/maps/contrib/106962432012986161221/reviews",
            "language": "en",
            "profile_photo_url": "https://lh6.googleusercontent.com/-bmLIVlQT-Lw/AAAAAAAAAAI/AAAAAAAAGBs/WFw5fOAJZAQ/s128-c0x00000000-cc-rp-mo-ba2/photo.jpg",
            "rating": 5,
            "relative_time_description": "7 months ago",
            "text": "Small but cozy",
            "time": 1546244197
        }
    ],
    "type": "point_of_interest"
}

