{
    "id": "ea2d30b5bc9d8128bedf01ea77602b11a1adb6fc",
    "location": {
        "lat": 38.0000668,
        "lng": 23.7330534
    },
    "name": "Katia Dandoulaki",
    "rating": 4.3,
    "reviews": [
        {
            "author_name": "Bill Papadodemas",
            "author_url": "https://www.google.com/maps/contrib/118088819401099195077/reviews",
            "language": "en",
            "profile_photo_url": "https://lh4.googleusercontent.com/-uoI38H7P0vg/AAAAAAAAAAI/AAAAAAAAHRQ/DQdl7_EGBpA/s128-c0x00000000-cc-rp-mo-ba3/photo.jpg",
            "rating": 5,
            "relative_time_description": "5 months ago",
            "text": "Public theatre with a very good traceable location, good content.",
            "time": 1550575405
        },
        {
            "author_name": "Fanny Filandra",
            "author_url": "https://www.google.com/maps/contrib/105622826811541819487/reviews",
            "language": "en",
            "profile_photo_url": "https://lh3.googleusercontent.com/-0cbVG253GtU/AAAAAAAAAAI/AAAAAAAAAAA/ACHi3rcrbppWbzXJFSKMLtW9cEzWKDDwSA/s128-c0x00000000-cc-rp-mo-ba5/photo.jpg",
            "rating": 5,
            "relative_time_description": "7 months ago",
            "text": "Great director of great actors! Nice performance.",
            "time": 1546246218
        },
        {
            "author_name": "Panos Bakopoulos",
            "author_url": "https://www.google.com/maps/contrib/102900146646650931038/reviews",
            "language": "en",
            "profile_photo_url": "https://lh6.googleusercontent.com/-VegQrFzGODg/AAAAAAAAAAI/AAAAAAAAAAA/ACHi3rdRPrJ38jsm---XRm7fcOpI1qdOOQ/s128-c0x00000000-cc-rp-mo/photo.jpg",
            "rating": 4,
            "relative_time_description": "6 months ago",
            "text": "It was a nice place but the sound was realy bad",
            "time": 1547282001
        },
        {
            "author_name": "Kyriakos Kyriakidis",
            "author_url": "https://www.google.com/maps/contrib/110342171721355722435/reviews",
            "language": "en",
            "profile_photo_url": "https://lh6.googleusercontent.com/-i54bHWQHs5A/AAAAAAAAAAI/AAAAAAAAAAA/ACHi3rf3wAfqASiIpT8x6gqCcmYOBPEgtA/s128-c0x00000000-cc-rp-mo-ba2/photo.jpg",
            "rating": 4,
            "relative_time_description": "5 months ago",
            "text": "Nice theatre. Nice location.",
            "time": 1550220700
        },
        {
            "author_name": "auk",
            "author_url": "https://www.google.com/maps/contrib/108053707305645989551/reviews",
            "language": "en",
            "profile_photo_url": "https://lh5.googleusercontent.com/-Kff-YqoSLxk/AAAAAAAAAAI/AAAAAAAAB5M/Ic5zh25NNRU/s128-c0x00000000-cc-rp-mo-ba4/photo.jpg",
            "rating": 5,
            "relative_time_description": "2 months ago",
            "text": "Excellent place!",
            "time": 1558808519
        }
    ],
    "type": "point_of_interest"
}

