{
    "id": "613e60c4e58a7459483f4db4255a0e103e8e82d7",
    "location": {
        "lat": 37.9764019,
        "lng": 23.7107981
    },
    "name": "\u0391\u03c1\u03c7\u03b9\u03c4\u03b5\u03ba\u03c4\u03bf\u03bd\u03b9\u03ba\u03ae Live",
    "rating": 4,
    "reviews": [
        {
            "author_name": "Constantinos Rocos",
            "author_url": "https://www.google.com/maps/contrib/110404976806171697468/reviews",
            "language": "en",
            "profile_photo_url": "https://lh4.googleusercontent.com/-yhjqDJP6IkQ/AAAAAAAAAAI/AAAAAAAAAIo/OqImxZ78hGE/s128-c0x00000000-cc-rp-mo-ba3/photo.jpg",
            "rating": 5,
            "relative_time_description": "3 months ago",
            "text": "Excellent venue with great sound!",
            "time": 1557581004
        },
        {
            "author_name": "illoominated civilization",
            "author_url": "https://www.google.com/maps/contrib/103541835433142751681/reviews",
            "language": "en",
            "profile_photo_url": "https://lh5.googleusercontent.com/-57ECxQULAH4/AAAAAAAAAAI/AAAAAAAAACQ/E1kOtVjihPM/s128-c0x00000000-cc-rp-mo-ba4/photo.jpg",
            "rating": 4,
            "relative_time_description": "2 weeks ago",
            "text": "Raaaave parties in the winter season!",
            "time": 1563753281
        },
        {
            "author_name": "Sangeeta Monga",
            "author_url": "https://www.google.com/maps/contrib/102932456771263073549/reviews",
            "language": "en",
            "profile_photo_url": "https://lh4.googleusercontent.com/-40RCe1QnBI8/AAAAAAAAAAI/AAAAAAAAAAA/ACHi3rfgOslkKEgvM0HTWfXZUA242z4nWA/s128-c0x00000000-cc-rp-mo-ba3/photo.jpg",
            "rating": 5,
            "relative_time_description": "7 months ago",
            "text": "We watched Indian Bollywood dance in theatre. It's a good place.",
            "time": 1545155516
        },
        {
            "author_name": "farzin soleimani",
            "author_url": "https://www.google.com/maps/contrib/115947865731279708729/reviews",
            "language": "en",
            "profile_photo_url": "https://lh3.googleusercontent.com/-OQqlzKiIB-0/AAAAAAAAAAI/AAAAAAAAAAA/ACHi3re9vd5QC2lVT-vTs8pK42fbEMH9tQ/s128-c0x00000000-cc-rp-mo/photo.jpg",
            "rating": 5,
            "relative_time_description": "7 months ago",
            "text": "Good gp.",
            "time": 1545875730
        },
        {
            "author_name": "Nikostratos Fotellis",
            "author_url": "https://www.google.com/maps/contrib/110859336354249624462/reviews",
            "language": "en",
            "profile_photo_url": "https://lh3.googleusercontent.com/-_jAdltovG30/AAAAAAAAAAI/AAAAAAAAIGg/efyd9x-8-OQ/s128-c0x00000000-cc-rp-mo-ba5/photo.jpg",
            "rating": 3,
            "relative_time_description": "a year ago",
            "text": "A place that I believe it hosts different events and therefore the music goes accordingly. I haven't been there more than once so I can't  have a objective opinion . What I know is that It has a huge dancefloor that you can dance.",
            "time": 1514986574
        }
    ],
    "type": "point_of_interest"
}