{
    "id": "551507513d96db1b30efb03c80f92c8ba127d7fa",
    "location": {
        "lat": 38.0122858,
        "lng": 23.6957168
    },
    "name": "Cine \u03a6\u039f\u0399\u0392\u039f\u03a3",
    "rating": 4.6,
    "reviews": [
        {
            "author_name": "John Frank",
            "author_url": "https://www.google.com/maps/contrib/104984710096993687419/reviews",
            "language": "en",
            "profile_photo_url": "https://lh3.googleusercontent.com/-_zBYhS-F8Nk/AAAAAAAAAAI/AAAAAAAAAAA/ACHi3rd1l4qdbh2IRZGUSH2l5q7qVb0qAg/s128-c0x00000000-cc-rp-mo-ba3/photo.jpg",
            "rating": 4,
            "relative_time_description": "a week ago",
            "text": "Classic local cinema. A must for locals. The only downside for me is the small screen. Nowadays Samsung has bigger screens.",
            "time": 1563131592
        },
        {
            "author_name": "Panagiotis Kpz",
            "author_url": "https://www.google.com/maps/contrib/111692056150117876455/reviews",
            "language": "en",
            "profile_photo_url": "https://lh6.googleusercontent.com/-pgdVtLxfIhQ/AAAAAAAAAAI/AAAAAAAAALA/5GqV3trDc8o/s128-c0x00000000-cc-rp-mo-ba4/photo.jpg",
            "rating": 4,
            "relative_time_description": "a year ago",
            "text": "Your neighborhood movie theater! You don't always want to go to those huge malls with many screens and big merch stores. Sometimes you just want to see a good movie with good friends and smell the butter from the making of popcorn that always reminds us the movies. Love it!",
            "time": 1524954821
        },
        {
            "author_name": "iron ryu",
            "author_url": "https://www.google.com/maps/contrib/110892272072646165865/reviews",
            "language": "en",
            "profile_photo_url": "https://lh4.googleusercontent.com/-QYq7pdcmt1o/AAAAAAAAAAI/AAAAAAAAACY/6ZgryYHQXXU/s128-c0x00000000-cc-rp-mo/photo.jpg",
            "rating": 4,
            "relative_time_description": "2 months ago",
            "text": "Very cozy",
            "time": 1557339803
        },
        {
            "author_name": "Evangelos Chatzicharalampous",
            "author_url": "https://www.google.com/maps/contrib/114693685635745411248/reviews",
            "language": "en",
            "profile_photo_url": "https://lh4.googleusercontent.com/-HhFTT0C7x1s/AAAAAAAAAAI/AAAAAAAAHuo/8ZgTQmhZEKQ/s128-c0x00000000-cc-rp-mo-ba5/photo.jpg",
            "rating": 5,
            "relative_time_description": "a year ago",
            "text": "One of the oldest and yet most amazing cinema theatres you can visit in Athens. At a very close distance from the subway, and a super cosy atmosphere. Even if you go early for a movie, you can stroll down the main market street starting in front of the cinema.",
            "time": 1511948439
        },
        {
            "author_name": "Michail Mavrommatis",
            "author_url": "https://www.google.com/maps/contrib/109212084945939406897/reviews",
            "language": "en",
            "profile_photo_url": "https://lh4.googleusercontent.com/-6Ccj8ZhNZbA/AAAAAAAAAAI/AAAAAAAAAEk/DV6gr-u32SY/s128-c0x00000000-cc-rp-mo-ba3/photo.jpg",
            "rating": 4,
            "relative_time_description": "a year ago",
            "text": "Nice sound, good video quality. Comfortable seats.",
            "time": 1527620013
        }
    ],
    "type": "movie_theater"
}

