{
    "id": "a897afa2249221f5ae30a42ef0a4ac1183673ffb",
    "location": {
        "lat": 37.9715364,
        "lng": 23.733044
    },
    "name": "Amalias 36",
    "rating": 4.6,
    "reviews": [
        {
            "author_name": "Tad Bixby",
            "author_url": "https://www.google.com/maps/contrib/113435051781802538100/reviews",
            "language": "en",
            "profile_photo_url": "https://lh6.googleusercontent.com/-NMog_Dp-Y0I/AAAAAAAAAAI/AAAAAAAALm0/1I0Sdhazf_U/s128-c0x00000000-cc-rp-mo-ba7/photo.jpg",
            "rating": 5,
            "relative_time_description": "4 months ago",
            "text": "Esthetically perfect place to display all kinds of art. Loved Xenia's feather works.",
            "time": 1553175929
        },
        {
            "author_name": "Consuelo gonzalez cao",
            "author_url": "https://www.google.com/maps/contrib/104231297154855454961/reviews",
            "language": "en",
            "profile_photo_url": "https://lh3.googleusercontent.com/-UTtv2LD9PQs/AAAAAAAAAAI/AAAAAAAAAAA/ACHi3rchyiqR3e1kxk2gERDs_mwzeoiSFw/s128-c0x00000000-cc-rp-mo-ba3/photo.jpg",
            "rating": 5,
            "relative_time_description": "4 months ago",
            "text": "Interesting place...you can see modern art",
            "time": 1555148003
        },
        {
            "author_name": "mike johnson",
            "author_url": "https://www.google.com/maps/contrib/116146724479210223540/reviews",
            "language": "en",
            "profile_photo_url": "https://lh3.googleusercontent.com/-A3aPs0cg6_8/AAAAAAAAAAI/AAAAAAAAAxw/zHB7Rova59U/s128-c0x00000000-cc-rp-mo-ba5/photo.jpg",
            "rating": 3,
            "relative_time_description": "a year ago",
            "text": "Nice building but not very convenient exhibition area",
            "time": 1525509867
        },
        {
            "author_name": "Pavlina Louki",
            "author_url": "https://www.google.com/maps/contrib/113258087446236048570/reviews",
            "language": "en",
            "profile_photo_url": "https://lh6.googleusercontent.com/-5fUbELBal1Y/AAAAAAAAAAI/AAAAAAAAAAA/ACHi3rf9DN14Ng-OnUs4szdZhhgFlhYA6Q/s128-c0x00000000-cc-rp-mo/photo.jpg",
            "rating": 5,
            "relative_time_description": "a year ago",
            "text": "Exchellent place for parties & events!",
            "time": 1508571076
        },
        {
            "author_name": "Kostas Harvatis",
            "author_url": "https://www.google.com/maps/contrib/113199629074083720725/reviews",
            "language": "en",
            "profile_photo_url": "https://lh4.googleusercontent.com/-0Fijg639f1E/AAAAAAAAAAI/AAAAAAAACAU/fE0jp0bltVw/s128-c0x00000000-cc-rp-mo/photo.jpg",
            "rating": 5,
            "relative_time_description": "6 years ago",
            "text": "Excellent art venue in the center of Athens!",
            "time": 1365687167
        }
    ],
    "type": "point_of_interest"
}