{
    "id": "bb4ed2eb9df04be32b649e3924523075a520ba98",
    "location": {
        "lat": 37.966203,
        "lng": 23.7082043
    },
    "name": "Xenarchou park",
    "rating": 4.2,
    "reviews": [
        {
            "author_name": "Efi Kos",
            "author_url": "https://www.google.com/maps/contrib/109264238297960021060/reviews",
            "language": "el",
            "profile_photo_url": "https://lh6.googleusercontent.com/-UGJUQV5kubc/AAAAAAAAAAI/AAAAAAAAAAA/ACHi3rfjQyl5u0qHE1QiwqKbqsPvy1eszA/s128-c0x00000000-cc-rp-mo/photo.jpg",
            "rating": 5,
            "relative_time_description": "6 months ago",
            "text": "\u038c\u03c4\u03b9 \u03ba\u03b1\u03bb\u03cd\u03c4\u03b5\u03c1\u03bf \u03b3\u03b9\u03b1 \u03c4\u03b7\u03bd \u03bf\u03b9\u03ba\u03bf\u03b3\u03ad\u03bd\u03b5\u03b9\u03b1 \u03c4\u03bf\u03c5\u03c2 \u03bd\u03ad\u03bf\u03c5\u03c2 \u03c4\u03b1 \u03c0\u03b1\u03b9\u03b4\u03b9\u03ac!",
            "time": 1549057217
        },
        {
            "author_name": "Harris Paleologos",
            "author_url": "https://www.google.com/maps/contrib/117882649918853104233/reviews",
            "language": "el",
            "profile_photo_url": "https://lh6.googleusercontent.com/-vrcnB_h3gyA/AAAAAAAAAAI/AAAAAAAAAMw/1gKu2dEjCHk/s128-c0x00000000-cc-rp-mo-ba4/photo.jpg",
            "rating": 4,
            "relative_time_description": "4 months ago",
            "text": "\u039c\u03c5\u03c1\u03c9\u03b4\u03b9\u03ac \u03b1\u03c0\u03cc \u03c0\u03b1\u03bb\u03b9\u03ac \u0391\u03b8\u03ae\u03bd\u03b1!",
            "time": 1554965508
        },
        {
            "author_name": "Dim ko",
            "author_url": "https://www.google.com/maps/contrib/100420551787703362518/reviews",
            "language": "el",
            "profile_photo_url": "https://lh5.googleusercontent.com/-w1I1F75WwXo/AAAAAAAAAAI/AAAAAAAAxGw/LW48aWRZdCU/s128-c0x00000000-cc-rp-mo-ba5/photo.jpg",
            "rating": 5,
            "relative_time_description": "a year ago",
            "text": "\u0395\u03af\u03bd\u03b1\u03b9 \u03cc\u03bd\u03c4\u03bf\u03c2 \u03ad\u03bd\u03b1 \u03c0\u03ac\u03c1\u03ba\u03bf. \u03a0\u03b5\u03c1\u03af\u03c0\u03bf\u03c5. \u039a\u03b1\u03bb\u03cc \u03b3\u03b9\u03b1 \u03c0\u03ac\u03c1\u03ba\u03b9\u03bd\u03b3\u03ba.",
            "time": 1520272713
        },
        {
            "author_name": "Hotel and Travel",
            "author_url": "https://www.google.com/maps/contrib/116978257798286134356/reviews",
            "profile_photo_url": "https://lh3.googleusercontent.com/-xt0-bVeNf7Q/AAAAAAAAAAI/AAAAAAAAAAA/ACHi3rfZUUZ7WeorsR4UhkAxb415GCd8cw/s128-c0x00000000-cc-rp-mo-ba4/photo.jpg",
            "rating": 4,
            "relative_time_description": "3 months ago",
            "text": "",
            "time": 1555745861
        },
        {
            "author_name": "Basilis A",
            "author_url": "https://www.google.com/maps/contrib/104329756506018656903/reviews",
            "profile_photo_url": "https://lh3.googleusercontent.com/-s8sudWnWdRs/AAAAAAAAAAI/AAAAAAAALBE/wCQIcBiBSUM/s128-c0x00000000-cc-rp-mo-ba4/photo.jpg",
            "rating": 5,
            "relative_time_description": "4 months ago",
            "text": "",
            "time": 1553425538
        }
    ],
    "type": "park"
}