{
    "id": "8b8eb047921466a7516a9665e41ceeeb6845d453",
    "location": {
        "lat": 37.9706041,
        "lng": 23.7468007
    },
    "name": "Skrow Theater",
    "rating": 4.5,
    "reviews": [
        {
            "author_name": "Afroditi",
            "author_url": "https://www.google.com/maps/contrib/101281227050224119017/reviews",
            "language": "en",
            "profile_photo_url": "https://lh6.googleusercontent.com/-Gb3mnP9FMgo/AAAAAAAAAAI/AAAAAAAAQfk/qUvEvj4GrEo/s128-c0x00000000-cc-rp-mo-ba2/photo.jpg",
            "rating": 4,
            "relative_time_description": "6 months ago",
            "text": "Small and cosy theatre. The fact that you get to sit very close to the stage offers a sense of intimacy and more active involvement with the play and the actors.",
            "time": 1547284650
        },
        {
            "author_name": "Dimitrios Souflis",
            "author_url": "https://www.google.com/maps/contrib/111245051201866758468/reviews",
            "language": "en",
            "profile_photo_url": "https://lh6.googleusercontent.com/-V_6cMciBfns/AAAAAAAAAAI/AAAAAAAAAAA/7Te9K0RJEjI/s128-c0x00000000-cc-rp-mo/photo.jpg",
            "rating": 4,
            "relative_time_description": "7 months ago",
            "text": "Re: the show for children\nThe show was liked by the kids, and all of them stayed on for the collective drawing activity afterwards. As far as adults are concerned, they must know that there's no caf\u00e9 to get something before or after the show.",
            "time": 1546707193
        },
        {
            "author_name": "\u039a\u03a5\u03a1\u0399\u0391\u039a\u0397 \u0398",
            "author_url": "https://www.google.com/maps/contrib/107690830420734499588/reviews",
            "language": "en",
            "profile_photo_url": "https://lh5.googleusercontent.com/-JUD_kXoeBgA/AAAAAAAAAAI/AAAAAAAAAAA/ACHi3rcTN2O97IsldekkbLOBqvBl8QfNaA/s128-c0x00000000-cc-rp-mo/photo.jpg",
            "rating": 5,
            "relative_time_description": "4 months ago",
            "text": "I love this place !!!",
            "time": 1553216687
        },
        {
            "author_name": "Debbie Theodosiou",
            "author_url": "https://www.google.com/maps/contrib/109612965001522393132/reviews",
            "language": "en",
            "profile_photo_url": "https://lh3.googleusercontent.com/-XZ_cXvrUzR8/AAAAAAAAAAI/AAAAAAAAC2M/A6IRBXTG9nc/s128-c0x00000000-cc-rp-mo-ba4/photo.jpg",
            "rating": 5,
            "relative_time_description": "2 years ago",
            "text": "One of my favourite athenian theatres!located at the busy neighborhood of Pangrati  close to nice bars but parking is not easy at all in the area! :( ",
            "time": 1490719852
        },
        {
            "author_name": "stathis doganis",
            "author_url": "https://www.google.com/maps/contrib/113889694958162327226/reviews",
            "language": "en",
            "profile_photo_url": "https://lh4.googleusercontent.com/-Ycqseg11wcE/AAAAAAAAAAI/AAAAAAAAAFY/ZdTyjeLwAP4/s128-c0x00000000-cc-rp-mo-ba4/photo.jpg",
            "rating": 5,
            "relative_time_description": "3 years ago",
            "text": "A small and cozy theatre",
            "time": 1466752103
        }
    ],
    "type": "point_of_interest"
}

