{
    "id": "4de2740dbc5391caa2bf7c74c967531aa59d2100",
    "location": {
        "lat": 37.9711988,
        "lng": 23.7376848
    },
    "name": "Egli Film (summer)",
    "rating": 4.4,
    "reviews": [
        {
            "author_name": "FANI KOMSELI",
            "author_url": "https://www.google.com/maps/contrib/103750814161809924776/reviews",
            "language": "en",
            "profile_photo_url": "https://lh6.googleusercontent.com/-v5nNWsgvQqU/AAAAAAAAAAI/AAAAAAAAAEk/vAXwQXO-9Bo/s128-c0x00000000-cc-rp-mo-ba5/photo.jpg",
            "rating": 4,
            "relative_time_description": "2 years ago",
            "text": "Very nice summer cinema in Athens!  Comfortable chairs, new movies.  Very nice experience!",
            "time": 1498630666
        },
        {
            "author_name": "\u0393\u03b5\u03c9\u03c1\u03b3\u03af\u03b1 \u03a3\u03b9\u03ac\u03b3\u03ba\u03b1",
            "author_url": "https://www.google.com/maps/contrib/100863015510306254993/reviews",
            "language": "el",
            "profile_photo_url": "https://lh3.googleusercontent.com/-OycvoNMXMSU/AAAAAAAAAAI/AAAAAAAAH0Y/41_OOvXKf1g/s128-c0x00000000-cc-rp-mo-ba4/photo.jpg",
            "rating": 4,
            "relative_time_description": "2 months ago",
            "text": "\u0388\u03bd\u03b1\u03c2 \u03b8\u03b5\u03c1\u03b9\u03bd\u03cc\u03c2 \u03ba\u03b9\u03bd\u03b7\u03bc\u03b1\u03c4\u03bf\u03b3\u03c1\u03ac\u03c6\u03bf\u03c2 \u03c3\u03c4\u03bf\u03bd \u0395\u03b8\u03bd\u03b9\u03ba\u03cc \u039a\u03ae\u03c0\u03bf, \u03b4\u03af\u03c0\u03bb\u03b1 \u03b1\u03c0' \u03c4\u03bf \u0396\u03ac\u03c0\u03c0\u03b5\u03b9\u03bf, \u03b4\u03b5 \u03bc\u03c0\u03bf\u03c1\u03b5\u03af \u03c0\u03b1\u03c1\u03ac \u03bd\u03b1 \u03b5\u03af\u03bd\u03b1\u03b9 \u03c9\u03c1\u03b1\u03af\u03bf\u03c2 \u03ba\u03b1\u03b9 \u03ae\u03c3\u03c5\u03c7\u03bf\u03c2. \u0395\u03af\u03bd\u03b1\u03b9 \u03b5\u03c5\u03c1\u03cd\u03c7\u03c9\u03c1\u03bf\u03c2, \u03bc\u03b5 \u03ba\u03b1\u03bb\u03ac \u03ba\u03b1\u03b8\u03af\u03c3\u03bc\u03b1\u03c4\u03b1 \u03ba\u03b1\u03b9 \u03ba\u03b1\u03bb\u03ad\u03c2 \u03b5\u03c0\u03b9\u03bb\u03bf\u03b3\u03ad\u03c2 \u03c3\u03c4\u03bf \u03bc\u03c0\u03b1\u03c1 \u03b3\u03b9\u03b1 \u03cc\u03c3\u03bf\u03c5\u03c2 \u03b8\u03ad\u03bb\u03bf\u03c5\u03bd \u03bd\u03b1 \u03c0\u03b9\u03bf\u03cd\u03bd \u03ba\u03b1\u03b9 \u03bd\u03b1 \u03c4\u03c3\u03b9\u03bc\u03c0\u03ae\u03c3\u03bf\u03c5\u03bd \u03ba\u03ac\u03c4\u03b9. \u03a4\u03bf \u03bc\u03cc\u03bd\u03bf \u03b1\u03c1\u03bd\u03b7\u03c4\u03b9\u03ba\u03cc \u03b5\u03af\u03bd\u03b1\u03b9 \u03b7 \u03c4\u03b9\u03bc\u03ae \u03b5\u03b9\u03c3\u03cc\u03b4\u03bf\u03c5, \u03bc\u03b9\u03b1\u03c2 \u03ba\u03b1\u03b9 \u03a0\u03b1\u03c1\u03b1\u03c3\u03ba\u03b5\u03c5\u03bf\u03c3\u03b1\u03b2\u03b2\u03b1\u03c4\u03bf\u03ba\u03cd\u03c1\u03b9\u03b1\u03ba\u03b1 \u03b4\u03b5\u03bd \u03ad\u03c7\u03b5\u03b9 \u03bc\u03b5\u03b9\u03c9\u03bc\u03ad\u03bd\u03bf \u03b5\u03b9\u03c3\u03b9\u03c4\u03ae\u03c1\u03b9\u03bf \u03ba\u03b1\u03b9 \u03c4\u03bf \u03ba\u03b1\u03bd\u03bf\u03bd\u03b9\u03ba\u03cc \u03b5\u03af\u03bd\u03b1\u03b9 \u03c4\u03c3\u03b9\u03bc\u03c0\u03b7\u03bc\u03ad\u03bd\u03bf.",
            "time": 1558210991
        },
        {
            "author_name": "CHRON SAMAEL",
            "author_url": "https://www.google.com/maps/contrib/109175231349608416741/reviews",
            "language": "el",
            "profile_photo_url": "https://lh6.googleusercontent.com/-ywZMHAIw_ME/AAAAAAAAAAI/AAAAAAAAAC8/5EccV-RnCys/s128-c0x00000000-cc-rp-mo-ba5/photo.jpg",
            "rating": 4,
            "relative_time_description": "3 weeks ago",
            "text": "\u03a0\u03b1\u03bd\u03ad\u03bc\u03bf\u03c1\u03c6\u03bf\u03c2, \u03b5\u03c5\u03c7\u03ac\u03c1\u03b9\u03c3\u03c4\u03bf\u03c2 \u03c7\u03ce\u03c1\u03bf\u03c2 \u03c3\u03c4\u03bf \u03ba\u03ad\u03bd\u03c4\u03c1\u03bf \u03c4\u03b7\u03c2 \u0391\u03b8\u03ae\u03bd\u03b1\u03c2, \u03c3\u03c4\u03bf \u0396\u03ac\u03c0\u03c0\u03b5\u03b9\u03bf.",
            "time": 1562013500
        },
        {
            "author_name": "FILIPPOS KAL",
            "author_url": "https://www.google.com/maps/contrib/103657599147412828445/reviews",
            "language": "el",
            "profile_photo_url": "https://lh4.googleusercontent.com/-80kUm6zE5_U/AAAAAAAAAAI/AAAAAAAAGrw/SdUG3sgEHvU/s128-c0x00000000-cc-rp-mo-ba3/photo.jpg",
            "rating": 5,
            "relative_time_description": "a week ago",
            "text": "\u0391\u03c0\u03cc \u03c4\u03bf\u03c5\u03c2 \u03c0\u03b9\u03bf \u03cc\u03bc\u03bf\u03c1\u03c6\u03bf\u03c5\u03c2 \u03b8\u03b5\u03c1\u03b9\u03bd\u03bf\u03cd\u03c2 \u03ba\u03b9\u03bd\u03b7\u03bc\u03b1\u03c4\u03bf\u03b3\u03c1\u03ac\u03c6\u03bf\u03c5\u03c2 ever",
            "time": 1563344745
        },
        {
            "author_name": "Katerina N",
            "author_url": "https://www.google.com/maps/contrib/102620314230664384228/reviews",
            "language": "el",
            "profile_photo_url": "https://lh5.googleusercontent.com/-ghbD_7DNd24/AAAAAAAAAAI/AAAAAAAAAAA/ACHi3reWOXOTyynB7SqzAHjZx47HTnsFFw/s128-c0x00000000-cc-rp-mo-ba3/photo.jpg",
            "rating": 5,
            "relative_time_description": "a month ago",
            "text": "\u03a0\u03bf\u03bb\u03c5 \u03bf\u03bc\u03bf\u03c1\u03c6\u03bf\u03c2 \u03c7\u03c9\u03c1\u03bf\u03c2 \u03c3\u03c4\u03bf \u03ba\u03b5\u03bd\u03c4\u03c1\u03bf \u03c4\u03b7\u03c2 \u03b1\u03b8\u03b7\u03bd\u03b1\u03c2. \u0395\u03c5\u03c1\u03c5\u03c7\u03c9\u03c1\u03bf\u03c2 \u03bc\u03b5 \u03b5\u03c5\u03b3\u03b5\u03bd\u03b9\u03ba\u03bf \u03c0\u03c1\u03bf\u03c3\u03c9\u03c0\u03b9\u03ba\u03bf.",
            "time": 1559973122
        }
    ],
    "type": "movie_theater"
}

