{
    "id": "ff10b309cc6efbb635b6eb851208cbc9566092cf",
    "location": {
        "lat": 37.985572,
        "lng": 23.735765
    },
    "name": "Cinema Riviera",
    "rating": 4.6,
    "reviews": [
        {
            "author_name": "Despina Mileou",
            "author_url": "https://www.google.com/maps/contrib/114100680021954594508/reviews",
            "language": "en",
            "profile_photo_url": "https://lh6.googleusercontent.com/-ROaUt53mXqs/AAAAAAAAAAI/AAAAAAAAADE/wco41f1RIyQ/s128-c0x00000000-cc-rp-mo/photo.jpg",
            "rating": 5,
            "relative_time_description": "3 weeks ago",
            "text": "One of the most beautiful cinemas in Athens",
            "time": 1562206869
        },
        {
            "author_name": "\u0391\u03c0\u03bf\u03c3\u03c4\u03bf\u03bb\u03bf\u03c2 \u0396\u03c9\u03c4\u03bf\u03c2",
            "author_url": "https://www.google.com/maps/contrib/114284665285058401756/reviews",
            "language": "en",
            "profile_photo_url": "https://lh3.googleusercontent.com/-oX3IGs00Eo8/AAAAAAAAAAI/AAAAAAAAAic/vWNG1ld8xdQ/s128-c0x00000000-cc-rp-mo/photo.jpg",
            "rating": 5,
            "relative_time_description": "in the last week",
            "text": "Perfect place",
            "time": 1563921115
        },
        {
            "author_name": "Mama Mama",
            "author_url": "https://www.google.com/maps/contrib/105225632070057562854/reviews",
            "language": "en",
            "profile_photo_url": "https://lh4.googleusercontent.com/-N5m_GnsS3n8/AAAAAAAAAAI/AAAAAAAAADY/tV-TOTT1sj8/s128-c0x00000000-cc-rp-mo-ba3/photo.jpg",
            "rating": 5,
            "relative_time_description": "a month ago",
            "text": "Good place",
            "time": 1560325137
        },
        {
            "author_name": "Anna Exouzidou",
            "author_url": "https://www.google.com/maps/contrib/112393685112555376399/reviews",
            "language": "en",
            "profile_photo_url": "https://lh3.googleusercontent.com/-OFa10FtxeDY/AAAAAAAAAAI/AAAAAAAAAJM/dcmnerXIqAM/s128-c0x00000000-cc-rp-mo-ba3/photo.jpg",
            "rating": 5,
            "relative_time_description": "11 months ago",
            "text": "A little oasis in a very crowded area in Athens centre . Very good and interested films selections . The area  where this cinema is located is very popular to young people and you can find easily  very nice place for a drink or to eat afterwards.",
            "time": 1534260108
        },
        {
            "author_name": "Ephemeral Movies",
            "author_url": "https://www.google.com/maps/contrib/116520929107156808151/reviews",
            "language": "en",
            "profile_photo_url": "https://lh6.googleusercontent.com/-A25Rdeu98ko/AAAAAAAAAAI/AAAAAAAAABw/xVYgLu2lde4/s128-c0x00000000-cc-rp-mo-ba5/photo.jpg",
            "rating": 5,
            "relative_time_description": "a year ago",
            "text": "Its a great open cinema. Great retro movies.",
            "time": 1532116959
        }
    ],
    "type": "movie_theater"
}




