{
    "id": "f641b3d19d11d5e31f4ecb63d928aa3007033f67",
    "location": {
        "lat": 37.9590995,
        "lng": 23.7092346
    },
    "name": "Stage Music Studios",
    "rating": 4.8,
    "reviews": [
        {
            "author_name": "elimon",
            "author_url": "https://www.google.com/maps/contrib/108306398347444334829/reviews",
            "language": "en",
            "profile_photo_url": "https://lh4.googleusercontent.com/-9OaLmgiBtbk/AAAAAAAAAAI/AAAAAAAAACE/wbXNOWj6p-0/s128-c0x00000000-cc-rp-mo/photo.jpg",
            "rating": 5,
            "relative_time_description": "6 months ago",
            "text": "Perfect",
            "time": 1549823994
        },
        {
            "author_name": "\u0398\u03ac\u03bd\u03bf\u03c2 \u0394\u03b7\u03bc\u03b7\u03c4\u03c1\u03bf\u03b3\u03b9\u03ac\u03bd\u03bd\u03b7\u03c2",
            "author_url": "https://www.google.com/maps/contrib/101557622000292670407/reviews",
            "language": "el",
            "profile_photo_url": "https://lh3.googleusercontent.com/-z8UG5maHJFU/AAAAAAAAAAI/AAAAAAAAAEE/qcgpKEXYCXQ/s128-c0x00000000-cc-rp-mo-ba3/photo.jpg",
            "rating": 5,
            "relative_time_description": "3 weeks ago",
            "text": "\u03a6\u03bf\u03b2\u03b5\u03c1\u03cc \u03c3\u03c4\u03bf\u03cd\u03bd\u03c4\u03b9\u03bf, \u03c0\u03c1\u03bf\u03c3\u03b5\u03b3\u03bc\u03ad\u03bd\u03bf\u03c2 \u03c7\u03ce\u03c1\u03bf\u03c2 \u03ba\u03b1\u03b9 \u03b5\u03c0\u03b1\u03b3\u03b3\u03b5\u03bb\u03bc\u03b1\u03c4\u03b9\u03c3\u03bc\u03bf\u03c2 \u03c0\u03ac\u03bd\u03c9 \u03b1\u03c0\u03bf \u03cc\u03bb\u03b1.",
            "time": 1563290290
        },
        {
            "author_name": "Coco Retsi",
            "author_url": "https://www.google.com/maps/contrib/107951815918952773739/reviews",
            "language": "el",
            "profile_photo_url": "https://lh3.googleusercontent.com/-4amrlKgHguI/AAAAAAAAAAI/AAAAAAAAG78/B3wPAySLdY4/s128-c0x00000000-cc-rp-mo/photo.jpg",
            "rating": 5,
            "relative_time_description": "a month ago",
            "text": "\u03a0\u03bf\u03bb\u03cd \u03ba\u03b1\u03bb\u03cc\u03c2 \u03b5\u03be\u03bf\u03c0\u03bb\u03b9\u03c3\u03bc\u03cc\u03c2, \u03c0\u03b1\u03bd\u03ad\u03bc\u03bf\u03c1\u03c6\u03bf\u03c2 \u03c7\u03ce\u03c1\u03bf\u03c2, \u0391\u03bd\u03b4\u03c1\u03ad\u03b1\u03c2 \u03b5\u03c5\u03b3\u03b5\u03bd\u03b9\u03ba\u03cc\u03c4\u03b1\u03c4\u03bf\u03c2 \u03ba\u03b1\u03b9 \u03b5\u03be\u03c5\u03c0\u03b7\u03c1\u03b5\u03c4\u03b9\u03ba\u03cc\u03c2",
            "time": 1561537798
        },
        {
            "author_name": "Renos SilentWedding",
            "author_url": "https://www.google.com/maps/contrib/113122213957496611554/reviews",
            "language": "el",
            "profile_photo_url": "https://lh4.googleusercontent.com/-CHlGNHvxbGY/AAAAAAAAAAI/AAAAAAAAAAA/ACHi3rfzb9qv5BaA_-8eoZrRWPDEAWrGww/s128-c0x00000000-cc-rp-mo-ba3/photo.jpg",
            "rating": 5,
            "relative_time_description": "4 months ago",
            "text": "\u03a6\u03bf\u03b2\u03b5\u03c1\u03cc\u03c2 \u03c7\u03ce\u03c1\u03bf\u03c2 \u03bc\u03b5 \u03c0\u03bf\u03bb\u03cd \u03ba\u03b1\u03bb\u03cc \u03ae\u03c7\u03bf \u03ba\u03b1\u03b9 \u03b1\u03c0\u03af\u03c3\u03c4\u03b5\u03c5\u03c4\u03b7 \u03b5\u03be\u03c5\u03c0\u03b7\u03c1\u03ad\u03c4\u03b7\u03c3\u03b7!!!!",
            "time": 1554502267
        },
        {
            "author_name": "Chris Zita",
            "author_url": "https://www.google.com/maps/contrib/114103212676306531709/reviews",
            "language": "el",
            "profile_photo_url": "https://lh6.googleusercontent.com/-vfOrUXxoZ9o/AAAAAAAAAAI/AAAAAAAAADk/nBZ8-fiFMEU/s128-c0x00000000-cc-rp-mo-ba2/photo.jpg",
            "rating": 5,
            "relative_time_description": "4 months ago",
            "text": "\u03a4\u03ad\u03bb\u03b5\u03b9\u03bf\u03c2 \u03c7\u03ce\u03c1\u03bf\u03c2, \u03c4\u03c1\u03b5\u03b9\u03c2 \u03b1\u03af\u03b8\u03bf\u03c5\u03c3\u03b5\u03c2, \u03c5\u03c0\u03ad\u03c1\u03bf\u03c7\u03bf\u03c2 \u03bf \u0391\u03bd\u03c4\u03c1\u03ad\u03b1\u03c2, \u03c6\u03b9\u03bb\u03b9\u03ba\u03cc\u03c2, \u03b4\u03bf\u03c4\u03b9\u03ba\u03cc\u03c2 \u03ba\u03b1\u03b9 \u03c0\u03c1\u03b1\u03b3\u03bc\u03b1\u03c4\u03b9\u03ba\u03cc\u03c2 \u03b5\u03c0\u03b1\u03b3\u03b3\u03b5\u03bb\u03bc\u03b1\u03c4\u03af\u03b1\u03c2",
            "time": 1552760720
        }
    ],
    "type": "electronics_store"
}