{
    "id": "05cb42173c918410eb97d7fa341f2034274203a7",
    "location": {
        "lat": 37.9757146,
        "lng": 23.7110613
    },
    "name": "Piraeus 117 Academy",
    "rating": 4.4,
    "reviews": [
        {
            "author_name": "Mary Patrikiou",
            "author_url": "https://www.google.com/maps/contrib/108004509860928840335/reviews",
            "language": "en",
            "profile_photo_url": "https://lh5.googleusercontent.com/-R3rQzmLJDT0/AAAAAAAAAAI/AAAAAAAACVQ/xRkoCRXMZjw/s128-c0x00000000-cc-rp-mo-ba2/photo.jpg",
            "rating": 2,
            "relative_time_description": "4 weeks ago",
            "text": "// This review is *specifically* for the venue setup during the sold out Louis CK show 13 Jul 2019 //\nThe organisers crammed too many people in the venue, on a hot summer day. Chairs placed barely millimetres from each other, my knees were touching the back of the guy in front of me, or on occasion the girl next to me. And I am not even a tall person!!!! The temperature was unbearable, everyone was sweating. Borderline panic attack. If the show was not incredible, I would have literally left to breathe properly again. For \u20ac35 ticket, it could have all been far more comfortable and respectful.",
            "time": 1563099375
        },
        {
            "author_name": "George Zachopoulos",
            "author_url": "https://www.google.com/maps/contrib/100193948411851326560/reviews",
            "language": "en",
            "profile_photo_url": "https://lh3.googleusercontent.com/-57zE9gaek0Y/AAAAAAAAAAI/AAAAAAAAAH4/mA_cxf_dy9c/s128-c0x00000000-cc-rp-mo-ba4/photo.jpg",
            "rating": 4,
            "relative_time_description": "2 weeks ago",
            "text": "Cosy concert place in need of ventilation improvement",
            "time": 1564164796
        },
        {
            "author_name": "Arria Na",
            "author_url": "https://www.google.com/maps/contrib/117179107041956966959/reviews",
            "language": "en",
            "profile_photo_url": "https://lh6.googleusercontent.com/-vD3HZXXDRew/AAAAAAAAAAI/AAAAAAAAAC0/XBPEorTTH9A/s128-c0x00000000-cc-rp-mo-ba4/photo.jpg",
            "rating": 4,
            "relative_time_description": "5 months ago",
            "text": "I was there for the Kovacs concert. The event was well organized, the place is spacious and simple in general. The wardrobe in the entrance got full early so many of us were obliged to spend the whole time.of the concert standing with our coats. You can buy small variety of drinks inside (highly priced in general- they make some offers like 3 ciders for 10 euros).",
            "time": 1550367792
        },
        {
            "author_name": "\u03a7\u03c1\u03b9\u03c3\u03c4\u03af\u03bd\u03b1-\u03a0\u03c9\u03bb\u03af\u03bd\u03b1 \u039b\u03b1\u03bc\u03c0\u03c1\u03b9\u03bd\u03bf\u03cd",
            "author_url": "https://www.google.com/maps/contrib/107066209812348909005/reviews",
            "language": "en",
            "profile_photo_url": "https://lh3.googleusercontent.com/-IKYs4ogmo-s/AAAAAAAAAAI/AAAAAAAAEe8/DBzASLpXVrw/s128-c0x00000000-cc-rp-mo-ba4/photo.jpg",
            "rating": 5,
            "relative_time_description": "4 weeks ago",
            "text": "Nice venue when the ventilation system works!",
            "time": 1563047121
        },
        {
            "author_name": "ElVigarmo",
            "author_url": "https://www.google.com/maps/contrib/101694295133577339816/reviews",
            "language": "en",
            "profile_photo_url": "https://lh6.googleusercontent.com/-utG_vnp2kQo/AAAAAAAAAAI/AAAAAAAAa6Y/xyJ8tu3MVkI/s128-c0x00000000-cc-rp-mo-ba4/photo.jpg",
            "rating": 5,
            "relative_time_description": "a month ago",
            "text": "A very good place for live states",
            "time": 1560607069
        }
    ],
    "type": "point_of_interest"
}