{
    "id": "398e7759ea015e6d9de1574fcaab3dac2d48d393",
    "location": {
        "lat": 37.9799088,
        "lng": 23.71123
    },
    "name": "Contemporary Theatre of Athens",
    "rating": 4.4,
    "reviews": [
        {
            "author_name": "George Kambouris",
            "author_url": "https://www.google.com/maps/contrib/100254179036660799125/reviews",
            "language": "en",
            "profile_photo_url": "https://lh6.googleusercontent.com/-KQc-lTFrHzc/AAAAAAAAAAI/AAAAAAAAAAA/ACHi3rcL_AJeJklSMZHfgeBWywitt4j-SQ/s128-c0x00000000-cc-rp-mo-ba4/photo.jpg",
            "rating": 5,
            "relative_time_description": "3 months ago",
            "text": "Amazing performance. I haven't seen such a good acting in years. I have been deeply touched",
            "time": 1555267222
        },
        {
            "author_name": "Stavros Karagkounis",
            "author_url": "https://www.google.com/maps/contrib/101048236807054499998/reviews",
            "language": "en",
            "profile_photo_url": "https://lh5.googleusercontent.com/-fcbee5xNf1c/AAAAAAAAAAI/AAAAAAAAXoI/ZqNR7ePq2Q0/s128-c0x00000000-cc-rp-mo-ba3/photo.jpg",
            "rating": 5,
            "relative_time_description": "3 months ago",
            "text": "A very good and moving play.",
            "time": 1554406751
        },
        {
            "author_name": "Rabih Saade",
            "author_url": "https://www.google.com/maps/contrib/103270063379766325658/reviews",
            "language": "en",
            "profile_photo_url": "https://lh5.googleusercontent.com/-glikaUfNO0A/AAAAAAAAAAI/AAAAAAABCjg/rzdTNywfQXs/s128-c0x00000000-cc-rp-mo-ba5/photo.jpg",
            "rating": 4,
            "relative_time_description": "3 months ago",
            "text": "Good theater play was so so",
            "time": 1554238723
        },
        {
            "author_name": "Dionysia Adamopoulou",
            "author_url": "https://www.google.com/maps/contrib/104761678527136056858/reviews",
            "language": "en",
            "profile_photo_url": "https://lh5.googleusercontent.com/-52n5NsfhMy8/AAAAAAAAAAI/AAAAAAAAAAA/ACHi3reYLz6fmn0_GJcdi4FvKaGPErKMEQ/s128-c0x00000000-cc-rp-mo-ba3/photo.jpg",
            "rating": 5,
            "relative_time_description": "a month ago",
            "text": "Nice plays",
            "time": 1559992076
        },
        {
            "author_name": "Nikolas Ker",
            "author_url": "https://www.google.com/maps/contrib/112042810744427114702/reviews",
            "language": "en",
            "profile_photo_url": "https://lh4.googleusercontent.com/-rNDV8DMpTlE/AAAAAAAAAAI/AAAAAAAAAAc/_Wp1vqv4E88/s128-c0x00000000-cc-rp-mo-ba4/photo.jpg",
            "rating": 5,
            "relative_time_description": "2 months ago",
            "text": "Excellent theater",
            "time": 1557584018
        }
    ],
    "type": "point_of_interest"
}

