{
    "id": "3371d4664a0e035fa9a5d1c720d859ee1c954baa",
    "location": {
        "lat": 37.9828397,
        "lng": 23.7333867
    },
    "name": "\u039a\u03b9\u03bd\u03b7\u03bc\u03b1\u03c4\u03bf\u03b3\u03c1\u03b1\u03c6\u03bf\u03c2 \"\u0395\u039b\u039b\u0397\"",
    "rating": 4.1,
    "reviews": [
        {
            "author_name": "vagos l",
            "author_url": "https://www.google.com/maps/contrib/106016857943648652126/reviews",
            "language": "en",
            "profile_photo_url": "https://lh6.googleusercontent.com/-ASOK91CWSdA/AAAAAAAAAAI/AAAAAAAAAjI/xlyWH8GSVQ4/s128-c0x00000000-cc-rp-mo-ba3/photo.jpg",
            "rating": 5,
            "relative_time_description": "5 months ago",
            "text": "All time classik",
            "time": 1549557530
        },
        {
            "author_name": "Dimostenis Yagcioglu",
            "author_url": "https://www.google.com/maps/contrib/114119572700866371849/reviews",
            "language": "el",
            "profile_photo_url": "https://lh3.googleusercontent.com/-JZHOlWKq1eQ/AAAAAAAAAAI/AAAAAAAAAAA/bEFu5fKEcn0/s128-c0x00000000-cc-rp-mo/photo.jpg",
            "rating": 5,
            "relative_time_description": "2 months ago",
            "text": "\u03a0\u03b1\u03c1\u03b1\u03b4\u03bf\u03c3\u03b9\u03b1\u03ba\u03cc\u03c2, \u03ba\u03bb\u03b1\u03c3\u03c3\u03b9\u03ba\u03cc\u03c2, \u03ba\u03b9\u03bd\u03b7\u03bc\u03b1\u03c4\u03bf\u03b3\u03c1\u03ac\u03c6\u03bf\u03c2, \u03bf \u03bf\u03c0\u03bf\u03af\u03bf\u03c2 \u03c3\u03c7\u03b5\u03b4\u03cc\u03bd \u03c0\u03ac\u03bd\u03c4\u03b1 \u03b5\u03c0\u03b9\u03bb\u03ad\u03b3\u03b5\u03b9 \u03ba\u03b1\u03bb\u03ad\u03c2, \u03c0\u03bf\u03b9\u03bf\u03c4\u03b9\u03ba\u03ad\u03c2 \u03c4\u03b1\u03b9\u03bd\u03af\u03b5\u03c2. \u0391\u03be\u03af\u03b6\u03b5\u03b9 \u03bd\u03b1 \u03c4\u03bf\u03bd \u03c5\u03c0\u03bf\u03c3\u03c4\u03b7\u03c1\u03af\u03b6\u03bf\u03c5\u03bc\u03b5, \u03c0\u03b7\u03b3\u03b1\u03af\u03bd\u03bf\u03bd\u03c4\u03b1\u03c2 \u03bd\u03b1 \u03b4\u03bf\u03cd\u03bc\u03b5 \u03c4\u03b9\u03c2 \u03c4\u03b1\u03b9\u03bd\u03af\u03b5\u03c2 \u03c0\u03bf\u03c5 \u03c0\u03c1\u03bf\u03b2\u03ac\u03bb\u03bb\u03b5\u03b9, \u03cc\u03c0\u03bf\u03c4\u03b5 \u03bc\u03c0\u03bf\u03c1\u03bf\u03cd\u03bc\u03b5.",
            "time": 1557345945
        },
        {
            "author_name": "Eleni Tsigarida",
            "author_url": "https://www.google.com/maps/contrib/106577212830877545054/reviews",
            "language": "el",
            "profile_photo_url": "https://lh3.googleusercontent.com/-KFpDVjaCG8k/AAAAAAAAAAI/AAAAAAAAICM/xB3n-PpxYro/s128-c0x00000000-cc-rp-mo-ba2/photo.jpg",
            "rating": 5,
            "relative_time_description": "3 months ago",
            "text": "\u0388\u03bd\u03b1\u03c2 \u03b9\u03c3\u03c4\u03bf\u03c1\u03b9\u03ba\u03cc\u03c2 \u03ba\u03b9\u03bd\u03b7\u03bc\u03b1\u03c4\u03bf\u03b3\u03c1\u03ac\u03c6\u03bf\u03c2. \u03a4\u03cc\u03c3\u03bf \u03c0\u03b9\u03bf \u03c9\u03c1\u03b1\u03af\u03bf\u03c2 \u03b1\u03c0\u03cc \u03c4\u03b7\u03bd \u03c0\u03bb\u03b1\u03c3\u03c4\u03b9\u03ba\u03bf\u03c5\u03c1\u03b1 \u03c4\u03c9\u03bd multi...",
            "time": 1556612825
        },
        {
            "author_name": "CHRON SAMAEL",
            "author_url": "https://www.google.com/maps/contrib/109175231349608416741/reviews",
            "language": "el",
            "profile_photo_url": "https://lh6.googleusercontent.com/-ywZMHAIw_ME/AAAAAAAAAAI/AAAAAAAAAC8/5EccV-RnCys/s128-c0x00000000-cc-rp-mo-ba5/photo.jpg",
            "rating": 3,
            "relative_time_description": "3 months ago",
            "text": "\u039a\u03bb\u03b1\u03c3\u03c3\u03b9\u03ba\u03cc\u03c2 \u03ba\u03b9\u03bd\u03b7\u03bc\u03b1\u03c4\u03bf\u03b3\u03c1\u03ac\u03c6\u03bf\u03c2 \u03bc\u03b5 \u03b5\u03c0\u03b9\u03bb\u03b5\u03b3\u03bc\u03ad\u03bd\u03b1 \u03ad\u03c1\u03b3\u03b1.\n\u03a9\u03c3\u03c4\u03cc\u03c3\u03bf, \u03b1\u03c0\u03cc \u03c4\u03bf 1990 \u03c0\u03bf\u03c5 \u03c0\u03b7\u03b3\u03b1\u03af\u03bd\u03c9 \u03c4\u03b1 \u03af\u03b4\u03b9\u03b1 \u03ba\u03b1\u03b8\u03af\u03c3\u03bc\u03b1\u03c4\u03b1 \u03b2\u03c1\u03b5 \u03c0\u03b1\u03b9\u03b4\u03b9\u03ac!\n\u039c\u03b9\u03b1 \u03bc\u03b9\u03ba\u03c1\u03ae \u03b1\u03bd\u03b1\u03ba\u03b1\u03af\u03bd\u03b9\u03c3\u03b7 \u03c4\u03b7 \u03c7\u03c1\u03b5\u03b9\u03ac\u03b6\u03b5\u03c4\u03b1\u03b9.",
            "time": 1554320860
        },
        {
            "author_name": "Alex Karras",
            "author_url": "https://www.google.com/maps/contrib/110046292759618070820/reviews",
            "language": "el",
            "profile_photo_url": "https://lh3.googleusercontent.com/-j4ggjh2SHaY/AAAAAAAAAAI/AAAAAAAAAPc/Jg2LoeCYptw/s128-c0x00000000-cc-rp-mo-ba4/photo.jpg",
            "rating": 2,
            "relative_time_description": "3 months ago",
            "text": "\u0391\u03c0\u03b1\u03c1\u03ac\u03b4\u03b5\u03ba\u03c4\u03b5\u03c2 \u03ba\u03b1\u03b9 \u03ac\u03b2\u03bf\u03bb\u03b5\u03c2 \u03b8\u03ad\u03c3\u03b5\u03b9\u03c2. \u0397 \u03c4\u03bf\u03c5\u03b1\u03bb\u03ad\u03c4\u03b1 \u03b1\u03c0\u03bb\u03ac \u03c4\u03c1\u03b1\u03b3\u03b9\u03ba\u03ae!",
            "time": 1554228352
        }
    ],
    "type": "movie_theater"
}

