{
    "id": "1b98ab6a4b40411967f2820f54e5287504ccfff5",
    "location": {
        "lat": 37.9669526,
        "lng": 23.7489628
    },
    "name": "Village 5 Cinemas - Pagrati",
    "rating": 4.3,
    "reviews": [
        {
            "author_name": "Chris Papadogiannis",
            "author_url": "https://www.google.com/maps/contrib/102537740093249455457/reviews",
            "language": "en",
            "profile_photo_url": "https://lh5.googleusercontent.com/-xxXOhe4vE3s/AAAAAAAAAAI/AAAAAAAAARw/mMbjQTnuTCw/s128-c0x00000000-cc-rp-mo-ba2/photo.jpg",
            "rating": 4,
            "relative_time_description": "2 months ago",
            "text": "Perfect but lack of Dolby atmos",
            "time": 1556972442
        },
        {
            "author_name": "\u0393\u03b5\u03ce\u03c1\u03b3\u03b9\u03bf\u03c2 \u0398\u03b5\u03bf\u03c7\u03ac\u03c1\u03b7\u03c2",
            "author_url": "https://www.google.com/maps/contrib/105754191424998040664/reviews",
            "language": "el",
            "profile_photo_url": "https://lh4.googleusercontent.com/-Zq6qHkhCNvc/AAAAAAAAAAI/AAAAAAAAAAA/ACHi3relNkl9lpyZ_2Zt7b00PjD2WqxYyg/s128-c0x00000000-cc-rp-mo-ba2/photo.jpg",
            "rating": 5,
            "relative_time_description": "2 months ago",
            "text": "\u03a0\u03bf\u03bb\u03c5 \u03ba\u03b1\u03b8\u03b1\u03c1\u03bf\u03c2 \u03ba\u03b9\u03bd\u03b7\u03bc\u03b1\u03c4\u03bf\u03b3\u03c1\u03b1\u03c6\u03bf\u03c2. \u03a6\u03b5\u03c1\u03bd\u03b5\u03b9 \u03c3\u03c7\u03b5\u03b4\u03bf\u03bd \u03bf\u03bb\u03b5\u03c2 \u03c4\u03b9\u03c2 \u03c4\u03b1\u03b9\u03bd\u03b9\u03b5\u03c2 \u03ba\u03b1\u03b9 \u03b4\u03b5 \u03b3\u03b9\u03bd\u03b5\u03c4\u03b1\u03b9 \u03ba\u03b1\u03b9 \u03c7\u03b1\u03bc\u03bf\u03c2 \u03b1\u03c0\u03bf \u03ba\u03bf\u03c3\u03bc\u03bf. \u03a4\u03bf\u03bd \u03c3\u03c5\u03bd\u03b4\u03c5\u03b1\u03b6\u03b5\u03b9\u03c2 \u03b5\u03c5\u03ba\u03bf\u03bb\u03b1 \u03bc\u03b5 \u03bc\u03b9\u03b1 \u03b2\u03bf\u03bb\u03c4\u03b1 \u03b3\u03b9\u03b1 \u03c0\u03bf\u03c4\u03bf \u03b7 \u03c6\u03b1\u03b3\u03b7\u03c4\u03bf \u03c3\u03c4\u03bf \u03c0\u03b1\u03b3\u03ba\u03c1\u03b1\u03c4\u03b9",
            "time": 1558705745
        },
        {
            "author_name": "Thanasis Hadgis",
            "author_url": "https://www.google.com/maps/contrib/118341843617729811216/reviews",
            "language": "el",
            "profile_photo_url": "https://lh4.googleusercontent.com/-nL4iQWIT6nY/AAAAAAAAAAI/AAAAAAAAAAA/ACHi3rcTCiRCpe6b6k63pNPv067ZFfGOnQ/s128-c0x00000000-cc-rp-mo-ba3/photo.jpg",
            "rating": 4,
            "relative_time_description": "8 months ago",
            "text": "\u039a\u03b1\u03bb\u03cc \u03c3\u03b9\u03bd\u03b5\u03bc\u03ac \u03b3\u03b9\u03b1 \u03c6\u03bf\u03b9\u03c4\u03b7\u03c4\u03ad\u03c2 \u03ba\u03b1\u03b9 \u03bd\u03ad\u03bf\u03c5\u03c2..\u03a6\u03b5\u03c1\u03bd\u03b5\u03b9 \u03ba\u03c5\u03c1\u03af\u03c9\u03c2 blockbusters....\u0393\u03b5\u03bc\u03af\u03b6\u03b5\u03b9 \u03c4\u03b9\u03c2 \u03a4\u03b5\u03c4\u03ac\u03c1\u03c4\u03b5\u03c2....",
            "time": 1543265400
        },
        {
            "author_name": "Photoprint",
            "author_url": "https://www.google.com/maps/contrib/117557957404190810548/reviews",
            "language": "el",
            "profile_photo_url": "https://lh5.googleusercontent.com/-sBV_m1tuom8/AAAAAAAAAAI/AAAAAAAAWqw/U67hI8iC8gc/s128-c0x00000000-cc-rp-mo-ba4/photo.jpg",
            "rating": 2,
            "relative_time_description": "5 months ago",
            "text": "\u0388\u03c7\u03b5\u03b9 \u03c0\u03b1\u03c1\u03b7\u03ba\u03bc\u03b1\u03c3\u03b5\u03b9...",
            "time": 1549352879
        },
        {
            "author_name": "Dimitris Bouras",
            "author_url": "https://www.google.com/maps/contrib/103349672036942386351/reviews",
            "profile_photo_url": "https://lh3.googleusercontent.com/-Gq9k4ZJ60r4/AAAAAAAAAAI/AAAAAAAAHT0/oN-OTkpnZnQ/s128-c0x00000000-cc-rp-mo-ba3/photo.jpg",
            "rating": 5,
            "relative_time_description": "3 weeks ago",
            "text": "",
            "time": 1562046002
        }
    ],
    "type": "movie_theater"
}

