{
    "id": "02e2bbbdfe263e9c56d8850f91f19795b9139128",
    "location": {
        "lat": 37.969655,
        "lng": 23.7130089
    },
    "name": "Z\u00e9phyros",
    "rating": 4.4,
    "reviews": [
        {
            "author_name": "Nikoleta Lyta",
            "author_url": "https://www.google.com/maps/contrib/107571998756620328570/reviews",
            "language": "en",
            "profile_photo_url": "https://lh3.googleusercontent.com/-c4Qn1LO5HgU/AAAAAAAAAAI/AAAAAAAAAAA/ACHi3re7uCnDh6f9-LAlNWAVs0iJ3edthA/s128-c0x00000000-cc-rp-mo-ba3/photo.jpg",
            "rating": 5,
            "relative_time_description": "6 months ago",
            "text": "One of the best cinemas in Athens with the best old movies",
            "time": 1546985527
        },
        {
            "author_name": "KATERINA ILIAKI",
            "author_url": "https://www.google.com/maps/contrib/110457192192996018076/reviews",
            "language": "en",
            "profile_photo_url": "https://lh4.googleusercontent.com/-X5tlbF8SBkM/AAAAAAAAAAI/AAAAAAAAAAA/ACHi3reLa7I58xgn0blL5PswEt4U02AG0w/s128-c0x00000000-cc-rp-mo-ba2/photo.jpg",
            "rating": 5,
            "relative_time_description": "7 months ago",
            "text": "Amazing open air cinema",
            "time": 1546449270
        },
        {
            "author_name": "kostas xiloparkiotis",
            "author_url": "https://www.google.com/maps/contrib/101092479193066250396/reviews",
            "language": "en",
            "profile_photo_url": "https://lh3.googleusercontent.com/-QlCcsoyUynI/AAAAAAAAAAI/AAAAAAAAUaQ/o2Egkm_dr14/s128-c0x00000000-cc-rp-mo-ba4/photo.jpg",
            "rating": 5,
            "relative_time_description": "11 months ago",
            "text": "One of the most beautiful open air cinemas",
            "time": 1535614843
        },
        {
            "author_name": "Andreas Propanoid",
            "author_url": "https://www.google.com/maps/contrib/107439630121909694406/reviews",
            "language": "en",
            "profile_photo_url": "https://lh6.googleusercontent.com/-ol_gVC3TSxE/AAAAAAAAAAI/AAAAAAAALWg/5jPYhCj6Wgg/s128-c0x00000000-cc-rp-mo-ba4/photo.jpg",
            "rating": 5,
            "relative_time_description": "11 months ago",
            "text": "So good, gets the vibe, athens summer",
            "time": 1536005963
        },
        {
            "author_name": "George N",
            "author_url": "https://www.google.com/maps/contrib/108029526758740118676/reviews",
            "language": "en",
            "profile_photo_url": "https://lh5.googleusercontent.com/-1GQwsqc5OkI/AAAAAAAAAAI/AAAAAAAFsX0/XwyS8CQm07Y/s128-c0x00000000-cc-rp-mo-ba4/photo.jpg",
            "rating": 4,
            "relative_time_description": "a year ago",
            "text": "nice lil open air cinema in petralona.They are relaxed and friendly, they mostly play artsy movies!",
            "time": 1527678923
        }
    ],
    "type": "movie_theater"
}

