{
    "id": "93e60a9903bc25f081f7e1cc82758f0dd42dc1db",
    "location": {
        "lat": 37.9783559,
        "lng": 23.7211535
    },
    "name": "Tin Pan Alley \u03a7\u03ce\u03c1\u03bf\u03c2 \u0395\u03ba\u03b4\u03b7\u03bb\u03ce\u03c3\u03b5\u03c9\u03bd \u0391\u03b8\u03ae\u03bd\u03b1",
    "rating": 4.5,
    "reviews": [
        {
            "author_name": "Mohammad Hasan Osama",
            "author_url": "https://www.google.com/maps/contrib/112349449302612178916/reviews",
            "language": "en",
            "profile_photo_url": "https://lh5.googleusercontent.com/-RpVO0qsmwGU/AAAAAAAAAAI/AAAAAAAAJkQ/hU_q8F6DdfU/s128-c0x00000000-cc-rp-mo-ba3/photo.jpg",
            "rating": 5,
            "relative_time_description": "5 months ago",
            "text": "Good venue setting for parties",
            "time": 1550098462
        },
        {
            "author_name": "Kelly Sklavounos",
            "author_url": "https://www.google.com/maps/contrib/115873993748000622202/reviews",
            "language": "en",
            "profile_photo_url": "https://lh6.googleusercontent.com/-gDp7-OtyZc8/AAAAAAAAAAI/AAAAAAAAABE/Z6comq6NnDs/s128-c0x00000000-cc-rp-mo-ba2/photo.jpg",
            "rating": 5,
            "relative_time_description": "a year ago",
            "text": "Nice space for parties and company events! Young, fresh design and quite accessible for those that don\u2019t own a car.",
            "time": 1526243165
        },
        {
            "author_name": "Christos Geropantas",
            "author_url": "https://www.google.com/maps/contrib/109325639323215161248/reviews",
            "language": "en",
            "profile_photo_url": "https://lh4.googleusercontent.com/-r29lVGfP_5s/AAAAAAAAAAI/AAAAAAAAAAA/ACHi3rcyAk0ckxoiQS0ddq-eLEcsoylueA/s128-c0x00000000-cc-rp-mo/photo.jpg",
            "rating": 5,
            "relative_time_description": "2 years ago",
            "text": "The fastest response on our demands. The venue is really of unique taste and we had our company events prepared smoothly. The 3D projection mapping presentation was breathtaking. Will use it again.",
            "time": 1486129852
        },
        {
            "author_name": "Teo Vassilopoulos",
            "author_url": "https://www.google.com/maps/contrib/110631070258544506509/reviews",
            "language": "en",
            "profile_photo_url": "https://lh3.googleusercontent.com/-KNLIV_EovAU/AAAAAAAAAAI/AAAAAAAApsk/833vwhZ4Lpc/s128-c0x00000000-cc-rp-mo/photo.jpg",
            "rating": 5,
            "relative_time_description": "a year ago",
            "text": "The best choise for your event! Sound light and vision art in one place!",
            "time": 1522855044
        },
        {
            "author_name": "Serafim Trahanis",
            "author_url": "https://www.google.com/maps/contrib/109626442171889846140/reviews",
            "language": "en",
            "profile_photo_url": "https://lh5.googleusercontent.com/-aA2rtmCYFpI/AAAAAAAAAAI/AAAAAAAAHMI/naXbS6njV1c/s128-c0x00000000-cc-rp-mo-ba3/photo.jpg",
            "rating": 5,
            "relative_time_description": "a year ago",
            "text": "Nice place for company meetings",
            "time": 1531234536
        }
    ],
    "type": "point_of_interest"
}