{
    "id": "897012436d499bc45450db8e524886623922b010",
    "location": {
        "lat": 37.9677697,
        "lng": 23.7175415
    },
    "name": "The Dora Stratou dance Theatre",
    "rating": 4.5,
    "reviews": [
        {
            "author_name": "Paola Ojeda",
            "author_url": "https://www.google.com/maps/contrib/116081040656402906724/reviews",
            "language": "en",
            "profile_photo_url": "https://lh5.googleusercontent.com/-Bf2agk1e7Wg/AAAAAAAAAAI/AAAAAAAABto/DqlltlZ4OLk/s128-c0x00000000-cc-rp-mo-ba4/photo.jpg",
            "rating": 5,
            "relative_time_description": "a week ago",
            "text": "Nice and beautiful place in the middle of the nature and of the cultural Athens center, ideal for watch and share culture, teatre, dance, events.... Has also cafeteria and WC. In summer is very good visit it!",
            "time": 1564002870
        },
        {
            "author_name": "Sangeeta Monga",
            "author_url": "https://www.google.com/maps/contrib/102932456771263073549/reviews",
            "language": "en",
            "profile_photo_url": "https://lh4.googleusercontent.com/-40RCe1QnBI8/AAAAAAAAAAI/AAAAAAAAAAA/ACHi3rfgOslkKEgvM0HTWfXZUA242z4nWA/s128-c0x00000000-cc-rp-mo-ba3/photo.jpg",
            "rating": 5,
            "relative_time_description": "2 weeks ago",
            "text": "Went to see  Bollywood multicultural festival!! It's happened every year in July. Beautiful place!!",
            "time": 1563267996
        },
        {
            "author_name": "E Dias",
            "author_url": "https://www.google.com/maps/contrib/106572242401950733864/reviews",
            "language": "en",
            "profile_photo_url": "https://lh6.googleusercontent.com/-voATiCOzPHM/AAAAAAAAAAI/AAAAAAAAABA/GE_fA34uUw4/s128-c0x00000000-cc-rp-mo/photo.jpg",
            "rating": 1,
            "relative_time_description": "a month ago",
            "text": "It was terrible.  The event was cancelled due to weather.  However, we stayed in the area for another hour and the 5-7 minute rain stopped and it was fine for the remainder of the evening.  I bought our tickets on Tripadvisor.  Even though the Dora Stratou person said that we could receive a refund, we were refused one as well as proof of cancellation at the ticket office. The organization is poorly managed and prepared.  There is a lack of interest to make this event successful on their part.  Because we left Athens early the next day, I am out of 60 euros.  We would like to support students and Greek culture, but this is not the event or the organization to accomplish such goal.  Also they should advertise with the other cultural events in Athens, but they do not.",
            "time": 1560457649
        },
        {
            "author_name": "Terence Fuhr",
            "author_url": "https://www.google.com/maps/contrib/110699785234652821972/reviews",
            "language": "en",
            "profile_photo_url": "https://lh4.googleusercontent.com/-SPR-_P20C_g/AAAAAAAAAAI/AAAAAAAAB3A/1EW2kRXyiKg/s128-c0x00000000-cc-rp-mo/photo.jpg",
            "rating": 5,
            "relative_time_description": "3 weeks ago",
            "text": "Beautiful outdoor stage, incredible costumes and music, and interesting traditional Greek dances.",
            "time": 1563001609
        },
        {
            "author_name": "Traveller From TX",
            "author_url": "https://www.google.com/maps/contrib/110109551427021095116/reviews",
            "language": "en",
            "profile_photo_url": "https://lh3.googleusercontent.com/-IQs2SoNYOM4/AAAAAAAAAAI/AAAAAAAAAAA/ACHi3rdSUdztrxR3oXVR2-KEwMyAdPMoLQ/s128-c0x00000000-cc-rp-mo-ba4/photo.jpg",
            "rating": 5,
            "relative_time_description": "3 weeks ago",
            "text": "If you have time go see the dance.",
            "time": 1562964185
        }
    ],
    "type": "point_of_interest"
}

