{
    "id": "25a1a637970b212da3ff02d9c3749b75781fa9fe",
    "location": {
        "lat": 37.9634398,
        "lng": 23.7171643
    },
    "name": "\u03a0\u03b5\u03b6\u03cc\u03b4\u03c1\u03bf\u03bc\u03bf\u03c2 \u039c\u03b1\u03c4\u03c1\u03cc\u03b6\u03bf\u03c5",
    "rating": 5,
    "reviews": [
        {
            "author_name": "Panagiotis R",
            "author_url": "https://www.google.com/maps/contrib/104479829594450507096/reviews",
            "language": "el",
            "profile_photo_url": "https://lh3.googleusercontent.com/-BYGS0XtM6zU/AAAAAAAAAAI/AAAAAAAAABk/hPDPF6vxuQs/s128-c0x00000000-cc-rp-mo-ba4/photo.jpg",
            "rating": 5,
            "relative_time_description": "6 months ago",
            "text": "\u0389\u03c3\u03c5\u03c7\u03bf \u03bc\u03ad\u03c1\u03bf\u03c2 \u03b3\u03b9\u03b1 \u03ba\u03b1\u03c6\u03ad.",
            "time": 1547401619
        }
    ],
    "type": "park"
}