{
    "id": "65bd0a15b1a63eb1f14e4ee999270ec34ee33691",
    "location": {
        "lat": 37.982301,
        "lng": 23.7258641
    },
    "name": "ROMANTSO",
    "rating": 4.2,
    "reviews": [
        {
            "author_name": "Antigoni Koll",
            "author_url": "https://www.google.com/maps/contrib/116883501454328430740/reviews",
            "language": "en",
            "profile_photo_url": "https://lh3.googleusercontent.com/-WZyKNvxRuz8/AAAAAAAAAAI/AAAAAAAAACo/qEg1Yb2fGGg/s128-c0x00000000-cc-rp-mo-ba4/photo.jpg",
            "rating": 5,
            "relative_time_description": "a week ago",
            "text": "Nice electronic music right in the heart of Athens. We had a good time on the rooftop -  bar.",
            "time": 1564326389
        },
        {
            "author_name": "Panos Tzemis",
            "author_url": "https://www.google.com/maps/contrib/111795675978111000828/reviews",
            "language": "en",
            "profile_photo_url": "https://lh3.googleusercontent.com/-ESWpjzXUaqw/AAAAAAAAAAI/AAAAAAAA_D0/Qq3pGeEJtfQ/s128-c0x00000000-cc-rp-mo-ba4/photo.jpg",
            "rating": 3,
            "relative_time_description": "a month ago",
            "text": "It's ok not my style... More street style",
            "time": 1562765836
        },
        {
            "author_name": "Eugene \u03a4sakos",
            "author_url": "https://www.google.com/maps/contrib/110875047371110319566/reviews",
            "language": "en",
            "profile_photo_url": "https://lh6.googleusercontent.com/-xlakZ1Vh2zk/AAAAAAAAAAI/AAAAAAAAAD8/PtOwhUeH51k/s128-c0x00000000-cc-rp-mo-ba3/photo.jpg",
            "rating": 4,
            "relative_time_description": "3 months ago",
            "text": "Nice industrial space for electro parties BUT please do something about the huge glass windows that let the street/day lights in the party.. it should look more like a cave.. upstairs is the bar (4.5e beer, 7e long drink) and downstairs a large dancing area. Pretty international and lgbt friendly!",
            "time": 1555831282
        },
        {
            "author_name": "David Fusiek",
            "author_url": "https://www.google.com/maps/contrib/107389353231861795460/reviews",
            "language": "en",
            "profile_photo_url": "https://lh3.googleusercontent.com/-CPTCveHwPJU/AAAAAAAAAAI/AAAAAAAAAAs/-P95Fo_4Ww0/s128-c0x00000000-cc-rp-mo-ba3/photo.jpg",
            "rating": 4,
            "relative_time_description": "7 months ago",
            "text": "It is a nice place with many stages, nice design and mostly nice parties. It is a nice alternative to listen techno without paying a lots of money. Also it gathers the underground people of Athens, a thing that can be nice or bad in the same time.",
            "time": 1546084597
        },
        {
            "author_name": "Christos Sigalos",
            "author_url": "https://www.google.com/maps/contrib/104082379376967973164/reviews",
            "language": "en",
            "profile_photo_url": "https://lh5.googleusercontent.com/-ZHIzcKmLc4M/AAAAAAAAAAI/AAAAAAAAAEk/rBJq7X6AEbE/s128-c0x00000000-cc-rp-mo-ba3/photo.jpg",
            "rating": 5,
            "relative_time_description": "5 months ago",
            "text": "Great place for a drink or live show. I will definitely visit again.",
            "time": 1552466220
        }
    ],
    "type": "art_gallery"
}