{
    "id": "1835ae90cad7b86ec1831aedccd26b42fd781623",
    "location": {
        "lat": 37.9688893,
        "lng": 23.7194653
    },
    "name": "Filopappou Hill",
    "rating": 4.7,
    "reviews": [
        {
            "author_name": "Satish Chandran",
            "author_url": "https://www.google.com/maps/contrib/111757298443404873095/reviews",
            "language": "en",
            "profile_photo_url": "https://lh4.googleusercontent.com/-kFBCxN84b0U/AAAAAAAAAAI/AAAAAAAADzA/pmkU_I4jBlo/s128-c0x00000000-cc-rp-mo-ba7/photo.jpg",
            "rating": 5,
            "relative_time_description": "3 weeks ago",
            "text": "After getting a bit lost at first and second attempts, I finally managed to climb the hill and get up to this place. Great views of the city from the top. Kids would enjoy the climb. Make sure you have plenty of water, just in case. Highly recommended. Good views. No entry fee.",
            "time": 1563193913
        },
        {
            "author_name": "Peter Orfankos",
            "author_url": "https://www.google.com/maps/contrib/109713562535987564506/reviews",
            "language": "en",
            "profile_photo_url": "https://lh6.googleusercontent.com/-XKJynPunNFU/AAAAAAAAAAI/AAAAAAAAAAA/ACHi3rfB0AXvPJ305CftTUaxZ3PFQJbGCw/s128-c0x00000000-cc-rp-mo-ba3/photo.jpg",
            "rating": 5,
            "relative_time_description": "3 weeks ago",
            "text": "I believe this is one of the best viewpoints in Athens. The view of the Acropolis is truly breathtaking from here. There\u2019s a lovely path leading up to the top and there\u2019s plenty of other historically significant sites around too (besides the obvious one, that you\u2019re most likely going up to look at).\nThe best way to get here is to take the Metro to \u201cThissio\u201d and walk up from there. It\u2019s a beautiful walk I can\u2019t recommend it enough.",
            "time": 1563641654
        },
        {
            "author_name": "mariana bernardo",
            "author_url": "https://www.google.com/maps/contrib/101539715614636822167/reviews",
            "language": "en",
            "profile_photo_url": "https://lh5.googleusercontent.com/-IyW4Ggwq06o/AAAAAAAAAAI/AAAAAAAAABM/zadkKTunnaI/s128-c0x00000000-cc-rp-mo-ba3/photo.jpg",
            "rating": 5,
            "relative_time_description": "3 weeks ago",
            "text": "Beautiful park. Even in the summer it isn't difficult to climb and get to the top of the hill. There are numerous places where you can see the magnificent Parthenon and even its theater (still used today).",
            "time": 1563548050
        },
        {
            "author_name": "Michail Drakakis",
            "author_url": "https://www.google.com/maps/contrib/100812484011724837148/reviews",
            "language": "en",
            "profile_photo_url": "https://lh6.googleusercontent.com/-KzlToJISjcA/AAAAAAAAAAI/AAAAAAAAAIc/pq49_afED98/s128-c0x00000000-cc-rp-mo-ba4/photo.jpg",
            "rating": 5,
            "relative_time_description": "a week ago",
            "text": "It's a amazing small little hill in the middle city center, perfect for working out or just a walk. \nBe careful to leave before dark, because after is a little dangerous. Many people got mugged over there. So never alone and with caution.",
            "time": 1564574295
        },
        {
            "author_name": "Kosmas Manetas",
            "author_url": "https://www.google.com/maps/contrib/100166236707712922923/reviews",
            "language": "en",
            "profile_photo_url": "https://lh4.googleusercontent.com/-PbxstQ0pcgc/AAAAAAAAAAI/AAAAAAAAAAA/ACHi3reu_TTyHRM1E4fKR4eBiKkQUYqOsQ/s128-c0x00000000-cc-rp-mo-ba2/photo.jpg",
            "rating": 5,
            "relative_time_description": "a week ago",
            "text": "Some great places and views around the hill.. Can take long to explore it's full potential. I personally like to sit at a place with nice view as the sun goes down and the city lights up.. spent some quality hours up there..",
            "time": 1564842863
        }
    ],
    "type": "park"
}