{
    "id": "573ed2f426f5a043f543aadbccaf23b4b9631fbd",
    "location": {
        "lat": 37.9904678,
        "lng": 23.716175
    },
    "name": "Epi Kolono",
    "rating": 4.5,
    "reviews": [
        {
            "author_name": "V B",
            "author_url": "https://www.google.com/maps/contrib/101890711666120919111/reviews",
            "language": "en",
            "profile_photo_url": "https://lh3.googleusercontent.com/-JLGeBsZfac0/AAAAAAAAAAI/AAAAAAAABEc/79Sa7c-oDZ8/s128-c0x00000000-cc-rp-mo-ba3/photo.jpg",
            "rating": 5,
            "relative_time_description": "a month ago",
            "text": "Very good main stage, wherever you are seated you can see the actors. Good bar to get a beer and talk about the play. The black box stage is a bit narrow for the number of seats that it has. Also the plays/stages/actors are top notch. I recommend.",
            "time": 1560239594
        },
        {
            "author_name": "Evgenia Exarchou",
            "author_url": "https://www.google.com/maps/contrib/117123550642564922185/reviews",
            "language": "en",
            "profile_photo_url": "https://lh3.googleusercontent.com/-HlTJ6w1gDeM/AAAAAAAAAAI/AAAAAAAAAAA/ACHi3reLt6AodXQM9-DANPZu1rGCLNTA1w/s128-c0x00000000-cc-rp-mo/photo.jpg",
            "rating": 5,
            "relative_time_description": "6 months ago",
            "text": "Perfect atmosphere, great performances! Really cosy bar-cafe to take your drink before the play.",
            "time": 1547362224
        },
        {
            "author_name": "Petros G. Sideris",
            "author_url": "https://www.google.com/maps/contrib/105069524673269251550/reviews",
            "language": "en",
            "profile_photo_url": "https://lh6.googleusercontent.com/-yvAHkB5Hqog/AAAAAAAAAAI/AAAAAAAAef4/NB9v-tp3Boc/s128-c0x00000000-cc-rp-mo-ba3/photo.jpg",
            "rating": 4,
            "relative_time_description": "5 months ago",
            "text": "Small and intimate as you will find that anywhere you sit you're close to the stage. \n\nBar was nice touch",
            "time": 1549567274
        },
        {
            "author_name": "Dionysis Mitropoulos",
            "author_url": "https://www.google.com/maps/contrib/111029920249451413304/reviews",
            "language": "en",
            "profile_photo_url": "https://lh3.googleusercontent.com/-1S6koCijvYw/AAAAAAAAAAI/AAAAAAAAAPQ/e1VlT_ubvJM/s128-c0x00000000-cc-rp-mo/photo.jpg",
            "rating": 5,
            "relative_time_description": "2 months ago",
            "text": "Very nice place",
            "time": 1557596425
        },
        {
            "author_name": "Zanyar Naser",
            "author_url": "https://www.google.com/maps/contrib/101072289092520874377/reviews",
            "language": "en",
            "profile_photo_url": "https://lh3.googleusercontent.com/-GRdegrEw1fA/AAAAAAAAAAI/AAAAAAAAFfA/0pEwyiKawWQ/s128-c0x00000000-cc-rp-mo-ba2/photo.jpg",
            "rating": 3,
            "relative_time_description": "a month ago",
            "text": "Good bar",
            "time": 1560330476
        }
    ],
    "type": "point_of_interest"
}

