{
    "id": "7465a02c9c0785ab162c402285d20f874666e012",
    "location": {
        "lat": 37.979843,
        "lng": 23.726649
    },
    "name": "Athens Escape Rooms",
    "rating": 4.7,
    "reviews": [
        {
            "author_name": "Raven Sin",
            "author_url": "https://www.google.com/maps/contrib/114400569186643013232/reviews",
            "language": "en",
            "profile_photo_url": "https://lh3.googleusercontent.com/-Ud9RptNhrqY/AAAAAAAAAAI/AAAAAAAAACE/3Uzvdewnr-g/s128-c0x00000000-cc-rp-mo-ba4/photo.jpg",
            "rating": 5,
            "relative_time_description": "2 years ago",
            "text": "Great experience nice rooms and riddles great adventure fantastic!!!!!Take your friends and go",
            "time": 1478705402
        },
        {
            "author_name": "Byron Dokimakis",
            "author_url": "https://www.google.com/maps/contrib/103324010352291848234/reviews",
            "language": "en",
            "profile_photo_url": "https://lh5.googleusercontent.com/-iw_H3_LI_p8/AAAAAAAAAAI/AAAAAAAAHTE/srk3Xc8yu6Q/s128-c0x00000000-cc-rp-mo-ba3/photo.jpg",
            "rating": 5,
            "relative_time_description": "a year ago",
            "text": "Freakin scary.",
            "time": 1522446513
        },
        {
            "author_name": "Alekos GrN",
            "author_url": "https://www.google.com/maps/contrib/105111564222436318381/reviews",
            "language": "el",
            "profile_photo_url": "https://lh6.googleusercontent.com/-8eTQ2P5hJkY/AAAAAAAAAAI/AAAAAAAAAjA/gxvYmgiENfQ/s128-c0x00000000-cc-rp-mo/photo.jpg",
            "rating": 5,
            "relative_time_description": "a month ago",
            "text": "\u03a0\u03bf\u03bb\u03cd \u03ba\u03b1\u03bb\u03cc! \u2714",
            "time": 1562873224
        },
        {
            "author_name": "\u039c\u03b1\u03c1\u03af\u03b1 \u0392\u03bf\u03c5\u03b3\u03b9\u03bf\u03c5\u03ba\u03bb\u03ac\u03ba\u03b7",
            "author_url": "https://www.google.com/maps/contrib/113721802331290607676/reviews",
            "language": "el",
            "profile_photo_url": "https://lh5.googleusercontent.com/-oD45rJLOPLc/AAAAAAAAAAI/AAAAAAAAAAA/ACHi3rcRPhxYA5a6-wyhNMUgwmrWYUowkA/s128-c0x00000000-cc-rp-mo/photo.jpg",
            "rating": 5,
            "relative_time_description": "5 months ago",
            "text": "\u03a0\u03bf\u03bb\u03cd \u03c9\u03c1\u03b1\u03af\u03bf \u03b4\u03c9\u03bc\u03b1\u03c4\u03b9\u03bf!!! \u03a3\u03c5\u03c3\u03c4\u03ae\u03bd\u03c9 \u03b1\u03bd\u03b5\u03c0\u03b9\u03c6\u03cd\u03bb\u03b1\u03ba\u03c4\u03b1 \ud83d\ude31\ud83d\udc7b\ud83d\udc4d",
            "time": 1550352435
        },
        {
            "author_name": "Geo P",
            "author_url": "https://www.google.com/maps/contrib/104618291287439179994/reviews",
            "language": "el",
            "profile_photo_url": "https://lh5.googleusercontent.com/-37Wy6_-Mxwc/AAAAAAAAAAI/AAAAAAAAAHI/bCjON37vUaM/s128-c0x00000000-cc-rp-mo-ba2/photo.jpg",
            "rating": 5,
            "relative_time_description": "9 months ago",
            "text": "\u03a0\u03b1\u03af\u03be\u03b1\u03bc\u03b5 \u03c4\u03bf conjuring. \u0388\u03bd\u03b1 \u03b1\u03c0\u03cc \u03c4\u03b1 \u03ba\u03b1\u03bb\u03cd\u03c4\u03b5\u03c1\u03b1 \u03b4\u03c9\u03bc\u03ac\u03c4\u03b9\u03b1 \u03c0\u03bf\u03c5 \u03ad\u03c7\u03bf\u03c5\u03bc\u03b5 \u03c0\u03b1\u03af\u03be\u03b5\u03b9. \u039f\u03b9 \u03b7\u03b8\u03bf\u03c0\u03bf\u03b9\u03bf\u03af \u03cc\u03bb\u03bf\u03b9 \u03b1\u03c0\u03af\u03c3\u03c4\u03b5\u03c5\u03c4\u03bf\u03b9 \u03ba\u03b1\u03b9 \u03bf \u03c7\u03ce\u03c1\u03bf\u03c2 \u03c3\u03b5 \u03b2\u03ac\u03b6\u03b5\u03b9 \u03b1\u03bc\u03ad\u03c3\u03c9\u03c2 \u03c3\u03c4\u03bf \u03ba\u03bb\u03af\u03bc\u03b1.",
            "time": 1542106080
        }
    ],
    "type": "point_of_interest"
}