{
    "id": "0d3723fc5419bb47c189bf23d7f9b72343822b66",
    "location": {
        "lat": 37.9776058,
        "lng": 23.742071
    },
    "name": "Embassy Nova Odeon",
    "rating": 3.9,
    "reviews": [
        {
            "author_name": "Nikolas K",
            "author_url": "https://www.google.com/maps/contrib/103532891434489875126/reviews",
            "language": "en",
            "profile_photo_url": "https://lh3.googleusercontent.com/-vlL_LS5mZ64/AAAAAAAAAAI/AAAAAAAAAjc/dPOewUtZKH8/s128-c0x00000000-cc-rp-mo-ba5/photo.jpg",
            "rating": 4,
            "relative_time_description": "6 months ago",
            "text": "A very nice cinema that could use some renovation.",
            "time": 1546884486
        },
        {
            "author_name": "Marialena Filippidi",
            "author_url": "https://www.google.com/maps/contrib/112978884021402889394/reviews",
            "language": "en",
            "profile_photo_url": "https://lh6.googleusercontent.com/-s_8DcVdvxP0/AAAAAAAAAAI/AAAAAAAAFCc/XarDSTkh_DM/s128-c0x00000000-cc-rp-mo-ba4/photo.jpg",
            "rating": 3,
            "relative_time_description": "4 months ago",
            "text": "Typical old movie theater, small screen compared to the size of the room.",
            "time": 1552477944
        },
        {
            "author_name": "Ioanna Ant.",
            "author_url": "https://www.google.com/maps/contrib/100073913059470053216/reviews",
            "language": "en",
            "profile_photo_url": "https://lh3.googleusercontent.com/-xfTYMxasXAU/AAAAAAAAAAI/AAAAAAAAAB4/uWFu4g693qc/s128-c0x00000000-cc-rp-mo-ba2/photo.jpg",
            "rating": 3,
            "relative_time_description": "a year ago",
            "text": "The screen is very small. The seats aren't comfortable at all. The staff is great though.",
            "time": 1519497228
        },
        {
            "author_name": "Alexandros Couclelis",
            "author_url": "https://www.google.com/maps/contrib/116866703014686501115/reviews",
            "language": "en",
            "profile_photo_url": "https://lh4.googleusercontent.com/-rheVgO6MPZQ/AAAAAAAAAAI/AAAAAAAAE00/84EIMOUxwtc/s128-c0x00000000-cc-rp-mo-ba5/photo.jpg",
            "rating": 5,
            "relative_time_description": "3 years ago",
            "text": "Good place to go if you're in central Athens. This is not a multiplex, however the films selected are usually very good.  Ideal if you want to combine with shopping or with having dinner or drinks in Kolonaki ",
            "time": 1454895022
        },
        {
            "author_name": "Christos Katelas",
            "author_url": "https://www.google.com/maps/contrib/113330594821910278871/reviews",
            "language": "en",
            "profile_photo_url": "https://lh3.googleusercontent.com/-Aa8ED6X_vtU/AAAAAAAAAAI/AAAAAAAAAEQ/4gWXkdPbdJI/s128-c0x00000000-cc-rp-mo/photo.jpg",
            "rating": 1,
            "relative_time_description": "2 years ago",
            "text": "17 minutes of commercial, the film started with 17 minutes delay.  The seats impossibly uncomfortable , litter on the floor and stains front chewing gum on the seats. no intermission, a very bad experience in all. Not to mention that the screen was small... ",
            "time": 1488675366
        }
    ],
    "type": "movie_theater"
}

