{
    "id": "7f19a515159a15150acdcaf4c5c311090a6892cb",
    "location": {
        "lat": 37.98095410000001,
        "lng": 23.7127135
    },
    "name": "\u039b\u03b1\u03b9\u03c2 (\u03b8\u03b5\u03c1\u03b9\u03bd\u03bf\u03c2)\u03a4\u03b1\u03b9\u03bd\u03b9\u03bf\u03b8\u03b7\u03ba\u03b7 \u03c4\u03b7\u03c2 \u0395\u03bb\u03bb\u03b1\u03b4\u03bf\u03c2",
    "rating": 4.6,
    "reviews": [
        {
            "author_name": "Elena Avlichou",
            "author_url": "https://www.google.com/maps/contrib/107819457497168329448/reviews",
            "language": "en",
            "profile_photo_url": "https://lh4.googleusercontent.com/-bLj1UoLHY2U/AAAAAAAAAAI/AAAAAAAAAFQ/hGyH1VblFmE/s128-c0x00000000-cc-rp-mo-ba4/photo.jpg",
            "rating": 5,
            "relative_time_description": "8 months ago",
            "text": "Very nice place. And it has a small museum too!",
            "time": 1541416908
        },
        {
            "author_name": "Chris Palikaras",
            "author_url": "https://www.google.com/maps/contrib/117675197511401948610/reviews",
            "language": "en",
            "profile_photo_url": "https://lh3.googleusercontent.com/-nTNomRXp3Rc/AAAAAAAAAAI/AAAAAAABFOM/Ypw6NsS7FLw/s128-c0x00000000-cc-rp-mo-ba5/photo.jpg",
            "rating": 4,
            "relative_time_description": "2 years ago",
            "text": "Nice & modern open air cinema very close to the center of the city! \ud83c\udfa5 7\u20ac/ticket",
            "time": 1497298265
        },
        {
            "author_name": "\u0391\u03bd\u03c4\u03ce\u03bd\u03b7\u03c2 \u03a0\u03b1\u03c0\u03ac\u03b6\u03bf\u03b3\u03bb\u03bf\u03c5",
            "author_url": "https://www.google.com/maps/contrib/111446948355536780447/reviews",
            "language": "el",
            "profile_photo_url": "https://lh5.googleusercontent.com/-E25MJkDNHH0/AAAAAAAAAAI/AAAAAAAAAKs/00Wj_J22S2M/s128-c0x00000000-cc-rp-mo-ba4/photo.jpg",
            "rating": 4,
            "relative_time_description": "a month ago",
            "text": "\u0398\u03b1 \u03ae\u03c4\u03b1\u03bd \u03c4\u03ad\u03bb\u03b5\u03b9\u03bf\u03c2 \u03b8\u03b5\u03c1\u03b9\u03bd\u03cc\u03c2 \u03ba\u03b9\u03bd\u03b7\u03bc\u03b1\u03c4\u03bf\u03b3\u03c1\u03ac\u03c6\u03bf\u03c2, \u03b1\u03bb\u03bb\u03ac \u03b4\u03c5\u03c3\u03c4\u03c5\u03c7\u03ce\u03c2 \u03b7 \u03c6\u03b1\u03c3\u03b1\u03c1\u03af\u03b1 \u03b1\u03c0\u03cc \u03c4\u03b1 \u03c4\u03b7\u03bd \u03ba\u03af\u03bd\u03b7\u03c3\u03b7 \u03c3\u03c4\u03b7\u03bd \u0399\u03b5\u03c1\u03ac \u039f\u03b4\u03cc \u03ba\u03b1\u03c4\u03b1\u03c3\u03c4\u03c1\u03ad\u03c6\u03b5\u03b9 \u03c4\u03b7\u03bd \u03b1\u03c4\u03bc\u03cc\u03c3\u03c6\u03b1\u03b9\u03c1\u03b1.",
            "time": 1559844693
        },
        {
            "author_name": "John Tsaousis",
            "author_url": "https://www.google.com/maps/contrib/113099893511516349895/reviews",
            "language": "el",
            "profile_photo_url": "https://lh4.googleusercontent.com/-sYxZZ5AZjGQ/AAAAAAAAAAI/AAAAAAAAAFg/3m5d6GMfcOg/s128-c0x00000000-cc-rp-mo-ba4/photo.jpg",
            "rating": 5,
            "relative_time_description": "4 months ago",
            "text": "\u039f\u03c0\u03c9\u03c3\u03b4\u03ae\u03c0\u03bf\u03c4\u03b5 \u03b1\u03be\u03af\u03b6\u03b5\u03b9 \u03c4\u03b7\u03bd \u03b5\u03c0\u03af\u03c3\u03ba\u03b5\u03c8\u03ae \u03c3\u03b1\u03c2! \u03a3\u03b5 \u03c4\u03b1\u03c1\u03ac\u03c4\u03c3\u03b1 \u03c4\u03bf\u03c5 \u039a\u03b5\u03c1\u03b1\u03bc\u03b5\u03b9\u03ba\u03bf\u03cd, \u03bc\u03b5 \u03c0\u03bf\u03bb\u03cd \u03ba\u03b1\u03bb\u03ad\u03c2 \u03b5\u03c0\u03b9\u03bb\u03bf\u03b3\u03ad\u03c2 \u03c3\u03c4\u03b9\u03c2 \u03c4\u03b1\u03b9\u03bd\u03af\u03b5\u03c2. \u0398\u03b1 \u03b2\u03c1\u03b5\u03af\u03c4\u03b5 \u03c0\u03b1\u03c1\u03b1\u03b3\u03c9\u03b3\u03ad\u03c2 \u03bc\u03b7 \u03b5\u03bc\u03c0\u03bf\u03c1\u03b9\u03ba\u03ad\u03c2 \u03ba\u03b1\u03b9 \u03bc\u03b7 \u03b1\u03bc\u03b5\u03c1\u03b9\u03ba\u03b1\u03bd\u03b9\u03ba\u03ad\u03c2, \u03ad\u03bd\u03b1 \u03bc\u03c0\u03ac\u03c1 \u03b3\u03b9\u03b1 \u03c0\u03bf\u03c0 \u03ba\u03bf\u03c1\u03bd, \u03bc\u03c0\u03cd\u03c1\u03b1 \u03ba\u03b1\u03b9 \u03b1\u03bb\u03bb\u03ac \u03b5\u03af\u03b4\u03b7, \u03ba\u03b1\u03b9 \u03c6\u03c5\u03c3\u03b9\u03ba\u03ac \u03cc\u03bb\u03b1 \u03bc\u03b5 \u03c0\u03bf\u03bb\u03cd \u03c6\u03b8\u03b7\u03bd\u03cc \u03b5\u03b9\u03c3\u03b9\u03c4\u03ae\u03c1\u03b9\u03bf! \u03a9\u03c1\u03b1\u03af\u03b1 \u03b5\u03c0\u03b9\u03bb\u03bf\u03b3\u03ae \u03b3\u03b9\u03b1 \u03ba\u03b1\u03bb\u03bf\u03ba\u03b1\u03b9\u03c1\u03b9\u03bd\u03ae \u03b2\u03c1\u03b1\u03b4\u03b9\u03bd\u03ae \u03ad\u03be\u03bf\u03b4\u03bf, \u03b1\u03c6\u03bf\u03cd \u03c3\u03c4\u03b7\u03bd \u03c0\u03b5\u03c1\u03b9\u03bf\u03c7\u03ae \u03c5\u03c0\u03ac\u03c1\u03c7\u03bf\u03c5\u03bd \u03ba\u03b1\u03b9 \u03c0\u03bf\u03bb\u03bb\u03ad\u03c2 \u03b5\u03c0\u03b9\u03bb\u03bf\u03b3\u03ad\u03c2 \u03b3\u03b9\u03b1 \u03c6\u03b1\u03b3\u03b7\u03c4\u03cc \u03ba\u03b1\u03b9 \u03b5\u03cd\u03ba\u03bf\u03bb\u03b7 \u03c0\u03c1\u03cc\u03c3\u03b2\u03b1\u03c3\u03b7 \u03bc\u03b5 \u03bc\u03b5\u03c4\u03c1\u03cc.",
            "time": 1554042382
        },
        {
            "author_name": "\u039b\u03b5\u03c5\u03c4\u03b5\u03c1\u03b7\u03c2 \u039d\u03b9\u03ba\u03bf\u03bb\u03b1\u03ba\u03b1\u03ba\u03b7\u03c2",
            "author_url": "https://www.google.com/maps/contrib/111278189288719971689/reviews",
            "language": "el",
            "profile_photo_url": "https://lh6.googleusercontent.com/-0dWQKprfJso/AAAAAAAAAAI/AAAAAAAAAAA/ACHi3rcuaJNrJceJvulBYOPciaOpLcqQuw/s128-c0x00000000-cc-rp-mo-ba3/photo.jpg",
            "rating": 5,
            "relative_time_description": "a week ago",
            "text": "\u03a0\u03bf\u03bb\u03c5 \u03c0\u03c1\u03bf\u03c3\u03b5\u03b3\u03bc\u03b5\u03bd\u03bf\u03c2 \u03c7\u03c9\u03c1\u03bf\u03c2 \u03ba\u03b1\u03b9 \u03c0\u03b1\u03bd\u03c4\u03b1 \u03bc\u03b5 \u03be\u03b5\u03c7\u03c9\u03c1\u03b9\u03c3\u03c4\u03ad\u03c2 \u03c4\u03b1\u03b9\u03bd\u03b9\u03b5\u03c2.",
            "time": 1563740853
        }
    ],
    "type": "point_of_interest"
}

