{
    "id": "de49b2b078253e77f3245559f2fcf03e1a6ffa0e",
    "location": {
        "lat": 37.978942,
        "lng": 23.745515
    },
    "name": "Cine \u0391\u03b8\u03b7\u03bd\u03b1\u03af\u03b1",
    "rating": 4.2,
    "reviews": [
        {
            "author_name": "Karitas",
            "author_url": "https://www.google.com/maps/contrib/117704577143118320336/reviews",
            "language": "en",
            "profile_photo_url": "https://lh3.googleusercontent.com/-0WFCXPRHta8/AAAAAAAAAAI/AAAAAAAAAAA/ACHi3rdUMaFnxoWU3HbXUO3NYEHiyZ4TLw/s128-c0x00000000-cc-rp-mo-ba4/photo.jpg",
            "rating": 5,
            "relative_time_description": "a week ago",
            "text": "I really like this neighbourhood outdoor cinema. It often shows great oldies but tonight my hubby & I saw the Stocholm Syndrom, a relatively new movie that we really enjoyed!   At this cinema ....make sure to try their cheese pie ... it's one if the best in town!",
            "time": 1563799735
        },
        {
            "author_name": "Aristides Psyllos",
            "author_url": "https://www.google.com/maps/contrib/118023238346151549587/reviews",
            "language": "en",
            "profile_photo_url": "https://lh3.googleusercontent.com/-UoYv8CaKOvo/AAAAAAAAAAI/AAAAAAAAAAA/WYfuDuYRHuM/s128-c0x00000000-cc-rp-mo-ba4/photo.jpg",
            "rating": 4,
            "relative_time_description": "a week ago",
            "text": "A lovely summer cinema with great new films",
            "time": 1563521721
        },
        {
            "author_name": "nikos k",
            "author_url": "https://www.google.com/maps/contrib/100821126375358876458/reviews",
            "language": "en",
            "profile_photo_url": "https://lh6.googleusercontent.com/-Zfm-0iBtjGg/AAAAAAAAAAI/AAAAAAAAAb0/7KR3c_Klp54/s128-c0x00000000-cc-rp-mo/photo.jpg",
            "rating": 4,
            "relative_time_description": "2 weeks ago",
            "text": "Nice cinema, great atmosphere",
            "time": 1562997567
        },
        {
            "author_name": "Constantin Athitakis",
            "author_url": "https://www.google.com/maps/contrib/104565191446287050544/reviews",
            "language": "en",
            "profile_photo_url": "https://lh5.googleusercontent.com/-zFBhR-jeV5U/AAAAAAAAAAI/AAAAAAAAAG0/ZY2bzDd4AS8/s128-c0x00000000-cc-rp-mo-ba3/photo.jpg",
            "rating": 3,
            "relative_time_description": "a year ago",
            "text": "The cinema is located in the centre of Athens which makes it a perfect location. But apart from that the place is rather small and too cloudy. Too many seats without any tables between to enjoy your drink or snacks as in most summer cinemas. Otherwise quality of sound and image is rather nice, not top quality but satisfactory. I would only recommend it  for its location and only.",
            "time": 1532238424
        },
        {
            "author_name": "Elena Avlichou",
            "author_url": "https://www.google.com/maps/contrib/107819457497168329448/reviews",
            "language": "en",
            "profile_photo_url": "https://lh4.googleusercontent.com/-bLj1UoLHY2U/AAAAAAAAAAI/AAAAAAAAAFQ/hGyH1VblFmE/s128-c0x00000000-cc-rp-mo-ba4/photo.jpg",
            "rating": 5,
            "relative_time_description": "3 weeks ago",
            "text": "Positive experience :)",
            "time": 1562211475
        }
    ],
    "type":"movie_theater"
}

