{
    "id": "6607945ccb3bff533521306c39270e50449b6f3b",
    "location": {
        "lat": 37.9731215,
        "lng": 23.7020024
    },
    "name": "Cinema Nea Maskot (Therinos)",
    "rating": 4.1,
    "reviews": [
        {
            "author_name": "Pierros Zevolis",
            "author_url": "https://www.google.com/maps/contrib/102006500319082251439/reviews",
            "language": "en",
            "profile_photo_url": "https://lh4.googleusercontent.com/-kaeI-frSATw/AAAAAAAAAAI/AAAAAAAEfvw/BxdOwqKiMgk/s128-c0x00000000-cc-rp-mo-ba8/photo.jpg",
            "rating": 4,
            "relative_time_description": "a year ago",
            "text": "Pretty nice and inexpensive open air cinema at the Tauros city. The sound and the screen is pretty good. Big and comfortable parking at a park in front of the cinema. The area which is located is a quiet one, nice place to watch a movie on the summer days. Coffees and drinks are available.",
            "time": 1519264562
        },
        {
            "author_name": "GEORGIOS FRAGKIADAKIS",
            "author_url": "https://www.google.com/maps/contrib/104435527107804516820/reviews",
            "language": "en",
            "profile_photo_url": "https://lh4.googleusercontent.com/-VFvB4heCVCQ/AAAAAAAAAAI/AAAAAAAAAKc/d3B_dXbaN1A/s128-c0x00000000-cc-rp-mo-ba3/photo.jpg",
            "rating": 4,
            "relative_time_description": "a year ago",
            "text": "Located inside a park this cinema has green surroundings, while isolated from resendential area. As a result it doesn't suffer from low sound volume, a common issue with summer cinemas. As long as you can find the right entrance, parking is near, easy and free.",
            "time": 1505146523
        },
        {
            "author_name": "bam psoli",
            "author_url": "https://www.google.com/maps/contrib/109158659346099476302/reviews",
            "language": "en",
            "profile_photo_url": "https://lh5.googleusercontent.com/-m00YPOF08ts/AAAAAAAAAAI/AAAAAAAAAAA/ACHi3rdSPeqNVaf1UFys6G4Y4p0j4hPjbw/s128-c0x00000000-cc-rp-mo/photo.jpg",
            "rating": 3,
            "relative_time_description": "11 months ago",
            "text": "Bad facilities but decent prices",
            "time": 1533607741
        },
        {
            "author_name": "marina abartzidou",
            "author_url": "https://www.google.com/maps/contrib/116659871640930525889/reviews",
            "language": "el",
            "profile_photo_url": "https://lh3.googleusercontent.com/-X1g0oPB8sEM/AAAAAAAAAAI/AAAAAAAAXN8/Pzn6s3NZCxc/s128-c0x00000000-cc-rp-mo-ba4/photo.jpg",
            "rating": 4,
            "relative_time_description": "a week ago",
            "text": "\u039c\u03b9\u03ba\u03c1\u03cc \u03b1\u03bb\u03bb\u03ac \u03ba\u03b1\u03bb\u03cc \u03b8\u03b5\u03c1\u03b9\u03bd\u03cc \u03c3\u03b9\u03bd\u03b5\u03bc\u03b1\u03b4\u03b1\u03ba\u03b9. \u0393\u03b5\u03bd\u03b9\u03ba\u03ac \u03bf \u03c7\u03ce\u03c1\u03bf\u03c2 \u03b8\u03b1 \u03bc\u03c0\u03bf\u03c1\u03bf\u03cd\u03c3\u03b5 \u03bd\u03b1 \u03ae\u03c4\u03b1\u03bd \u03c0\u03b9\u03bf \u03c0\u03b5\u03c1\u03b9\u03c0\u03bf\u03b9\u03b7\u03bc\u03ad\u03bd\u03bf\u03c2. \u0386\u03bd\u03b5\u03c4\u03bf \u03c0\u03ac\u03c1\u03ba\u03b9\u03bd\u03b3\u03ba. \u0395\u03af\u03bd\u03b1\u03b9 \u03bc\u03ad\u03c3\u03b1 \u03c3\u03c4\u03bf \u03c0\u03b1\u03bb\u03b9\u03cc \u03c0\u03ac\u03c1\u03ba\u03bf \u03bc\u03b5 \u03c4\u03bf\u03bd \u03c0\u03bf\u03b4\u03ae\u03bb\u03b1\u03c4\u03bf \u03b4\u03c1\u03cc\u03bc\u03bf.",
            "time": 1563659181
        },
        {
            "author_name": "\u0394\u03ae\u03bc\u03b7\u03c4\u03c1\u03b1 \u039a\u03b1\u03c1\u03cd\u03b3\u03b9\u03b1\u03bd\u03bd\u03b7",
            "author_url": "https://www.google.com/maps/contrib/100179302104469385043/reviews",
            "language": "el",
            "profile_photo_url": "https://lh6.googleusercontent.com/-yP36emyjeS8/AAAAAAAAAAI/AAAAAAAAAAA/TbJmHVcNLR8/s128-c0x00000000-cc-rp-mo-ba4/photo.jpg",
            "rating": 4,
            "relative_time_description": "in the last week",
            "text": "\u03a9\u03c1\u03b1\u03af\u03bf\u03c2 \u03c7\u03ce\u03c1\u03bf\u03c2,  \u03bc\u03cc\u03bd\u03bf \u03c4\u03bf\u03c5\u03c2 \u03c4\u03bf\u03af\u03c7\u03bf\u03c5\u03c2 \u03b1\u03c0\u03cc \u03c4\u03c3\u03b9\u03bc\u03b5\u03bd\u03c4\u03cc\u03bb\u03b9\u03b8\u03bf \u03bd\u03b1 \u03ba\u03ac\u03bb\u03c5\u03c0\u03c4\u03b1\u03bd \u03ba\u03b1\u03b9 \u03b8\u03b1 \u03ae\u03c4\u03b1\u03bd \u03b5\u03be\u03b1\u03b9\u03c1\u03b5\u03c4\u03b9\u03ba\u03cc.",
            "time": 1564292784
        }
    ],
    "type": "movie_theater"
}

