{
    "id": "4fb6674d3c7fa48641db46b002f64c51dd7ae5e0",
    "location": {
        "lat": 37.9797546,
        "lng": 23.7131385
    },
    "name": "\u0398\u03ad\u03b1\u03c4\u03c1\u03bf \u0386\u03b2\u03b1\u03c4\u03bf\u03bd/Avaton Theatre",
    "rating": 4.4,
    "reviews": [
        {
            "author_name": "Amantin Mehilli - Panos",
            "author_url": "https://www.google.com/maps/contrib/104025002021291279411/reviews",
            "language": "en",
            "profile_photo_url": "https://lh6.googleusercontent.com/-rr6xopp7q1Q/AAAAAAAAAAI/AAAAAAAAASQ/fCHa6308HKE/s128-c0x00000000-cc-rp-mo-ba3/photo.jpg",
            "rating": 5,
            "relative_time_description": "7 months ago",
            "text": "Cute. Very small buy cozy.",
            "time": 1545350196
        },
        {
            "author_name": "Teo Reilly",
            "author_url": "https://www.google.com/maps/contrib/106753709250122369696/reviews",
            "language": "en",
            "profile_photo_url": "https://lh6.googleusercontent.com/-SqWa6ZFu0XI/AAAAAAAAAAI/AAAAAAAANlY/-nBI2V442PQ/s128-c0x00000000-cc-rp-mo-ba3/photo.jpg",
            "rating": 4,
            "relative_time_description": "a year ago",
            "text": "Small and cozy . Nice place though a little bit more stage and room for the people would have been nicer .",
            "time": 1518432418
        },
        {
            "author_name": "DX",
            "author_url": "https://www.google.com/maps/contrib/112302740940910788026/reviews",
            "language": "en",
            "profile_photo_url": "https://lh6.googleusercontent.com/-Ntz9dMhTu1g/AAAAAAAAAAI/AAAAAAAACcU/KT97rGDipMc/s128-c0x00000000-cc-rp-mo-ba5/photo.jpg",
            "rating": 5,
            "relative_time_description": "5 months ago",
            "text": "Nice",
            "time": 1549805837
        },
        {
            "author_name": "Nikos Little Prince",
            "author_url": "https://www.google.com/maps/contrib/108391479787914307707/reviews",
            "language": "en",
            "profile_photo_url": "https://lh4.googleusercontent.com/-v48SRwXSru8/AAAAAAAAAAI/AAAAAAAAkRI/2kxJDye_5Rw/s128-c0x00000000-cc-rp-mo-ba4/photo.jpg",
            "rating": 3,
            "relative_time_description": "3 years ago",
            "text": "A small and cozy theatre. Missing comfort though.",
            "time": 1464190778
        },
        {
            "author_name": "Giorgos Papaefthimiou",
            "author_url": "https://www.google.com/maps/contrib/107196030468077186037/reviews",
            "language": "en",
            "profile_photo_url": "https://lh6.googleusercontent.com/-kt8ysFBWwMk/AAAAAAAAAAI/AAAAAAAAGrI/bky3wanZADc/s128-c0x00000000-cc-rp-mo-ba4/photo.jpg",
            "rating": 5,
            "relative_time_description": "3 years ago",
            "text": "Comedian acts are performed in this small casual theater.",
            "time": 1468874999
        }
    ],
    "type": "point_of_interest"
}

