{
    "id": "87464c894bbb2289fabaadb6c4810218e6b5bfd5",
    "location": {
        "lat": 37.9681891,
        "lng": 23.7478439
    },
    "name": "KOTIRA ADAMANTIA TOU PANAGIOTI",
    "rating": 4.4,
    "reviews": [
        {
            "author_name": "elena ketselidou",
            "author_url": "https://www.google.com/maps/contrib/101621648274963359230/reviews",
            "language": "en",
            "profile_photo_url": "https://lh5.googleusercontent.com/-jQoTw_zoHdU/AAAAAAAAAAI/AAAAAAAAh30/7UL4L-7z5ig/s128-c0x00000000-cc-rp-mo-ba4/photo.jpg",
            "rating": 4,
            "relative_time_description": "a month ago",
            "text": "Ice cream and open air movies",
            "time": 1560970960
        },
        {
            "author_name": "Theodora Pass",
            "author_url": "https://www.google.com/maps/contrib/112208045360284900032/reviews",
            "language": "en",
            "profile_photo_url": "https://lh6.googleusercontent.com/-VS6ylRm9MLU/AAAAAAAAAAI/AAAAAAAAAZU/cUnoSrJ7jyo/s128-c0x00000000-cc-rp-mo-ba3/photo.jpg",
            "rating": 5,
            "relative_time_description": "10 months ago",
            "text": "A nice open air cinema, in the heart of Pagkrati neighborhood, Athens. Feels like a secret hideout as it's not visible from the street. We saw an old movie, The Ladykillers, which was ok for a summer night. The sound is a bit low, I am guessing because it's a residential area. There is no kiosk inside the cinema, so you have to buy water (or anything else) before entering.",
            "time": 1536734880
        },
        {
            "author_name": "George Solidakis",
            "author_url": "https://www.google.com/maps/contrib/116222437576027909522/reviews",
            "language": "en",
            "profile_photo_url": "https://lh5.googleusercontent.com/-q0vu_M_KjIE/AAAAAAAAAAI/AAAAAAAAAAA/ACHi3rcZ3rwoU_2hyUOXdzNcmcALUyNDRg/s128-c0x00000000-cc-rp-mo-ba4/photo.jpg",
            "rating": 5,
            "relative_time_description": "a year ago",
            "text": "An excellent place,  As the name suggests. Oasis. Lovely staff and outstanding movies . Of the kind you will not see in other movie theatres and certainly not in the multiplexes.",
            "time": 1530740626
        },
        {
            "author_name": "Fotini Koumalatsou",
            "author_url": "https://www.google.com/maps/contrib/112492749167088235059/reviews",
            "language": "en",
            "profile_photo_url": "https://lh3.googleusercontent.com/-8HZOL-mcL84/AAAAAAAAAAI/AAAAAAAAC-0/WibSSMPy6Gs/s128-c0x00000000-cc-rp-mo-ba4/photo.jpg",
            "rating": 5,
            "relative_time_description": "3 months ago",
            "text": "Quality movies only \ud83d\udc4c",
            "time": 1554678990
        },
        {
            "author_name": "Markos Stefanou",
            "author_url": "https://www.google.com/maps/contrib/111136606124647931052/reviews",
            "language": "en",
            "profile_photo_url": "https://lh6.googleusercontent.com/-ELBS4W_b_F4/AAAAAAAAAAI/AAAAAAAAAns/i6nUbiFIlVs/s128-c0x00000000-cc-rp-mo-ba3/photo.jpg",
            "rating": 5,
            "relative_time_description": "a year ago",
            "text": "Very Polite stuff, small and cozy :)",
            "time": 1503434297
        }
    ],
    "type": "movie_theater"
}

