{
    "id": "1ac5348f3d6f3d2ff2ed2f22a4594ffe89a2c851",
    "location": {
        "lat": 37.9489938,
        "lng": 23.7386177
    },
    "name": "Atlantis Cinema",
    "rating": 4.4,
    "reviews": [
        {
            "author_name": "ioannis papastefanou",
            "author_url": "https://www.google.com/maps/contrib/116064211956317586998/reviews",
            "language": "en",
            "profile_photo_url": "https://lh5.googleusercontent.com/-iDEfK5hjt-M/AAAAAAAAAAI/AAAAAAAAAAA/ACHi3refCzJkiRr4s8zRTRDDD_OCGr3zGw/s128-c0x00000000-cc-rp-mo-ba4/photo.jpg",
            "rating": 5,
            "relative_time_description": "5 months ago",
            "text": "Very comfortable seats, excellent service also at the cantine, sound also excellent .",
            "time": 1550990242
        },
        {
            "author_name": "SugarArt Santorini",
            "author_url": "https://www.google.com/maps/contrib/109329290713518009936/reviews",
            "language": "en",
            "profile_photo_url": "https://lh4.googleusercontent.com/-rgrtZmXkDuI/AAAAAAAAAAI/AAAAAAAAAAA/ACHi3rcMBSS-Xe_UJ68_qRvgjvkEVRVHZQ/s128-c0x00000000-cc-rp-mo-ba3/photo.jpg",
            "rating": 5,
            "relative_time_description": "6 months ago",
            "text": "Great big cinema as they where in the old days! Very comfy chairs!",
            "time": 1546807868
        },
        {
            "author_name": "\u0392\u03b1\u03c3\u03af\u03bb\u03b7\u03c2 \u0392\u03b1\u03c3\u03b9\u03bb\u03ac\u03ba\u03b7\u03c2",
            "author_url": "https://www.google.com/maps/contrib/103233133975665223269/reviews",
            "language": "en",
            "profile_photo_url": "https://lh5.googleusercontent.com/-BB1SR2YkNeE/AAAAAAAAAAI/AAAAAAAAAAA/ACHi3reCMZ52WX-t9gRJVOj-uMlz6yE5PA/s128-c0x00000000-cc-rp-mo-ba4/photo.jpg",
            "rating": 5,
            "relative_time_description": "8 months ago",
            "text": "Great cinema with quality movies ! Very comfy as well, and with 10 minute break at the middle of the movie ! Recommend",
            "time": 1543268831
        },
        {
            "author_name": "MICHELLE BERRY",
            "author_url": "https://www.google.com/maps/contrib/117577237357362139159/reviews",
            "language": "en",
            "profile_photo_url": "https://lh4.googleusercontent.com/-grhJvqXeqq8/AAAAAAAAAAI/AAAAAAAAGnM/4eEcokUc-i0/s128-c0x00000000-cc-rp-mo-ba4/photo.jpg",
            "rating": 4,
            "relative_time_description": "5 months ago",
            "text": "Great old fashioned cinema, plenty of seats",
            "time": 1550928578
        },
        {
            "author_name": "Makis Dagos",
            "author_url": "https://www.google.com/maps/contrib/115585671969040218677/reviews",
            "language": "en",
            "profile_photo_url": "https://lh5.googleusercontent.com/-fKGpCaif7PI/AAAAAAAAAAI/AAAAAAAAAAA/ACHi3rcRdEeniMO-V8L4qhB9BHuCsVgGKg/s128-c0x00000000-cc-rp-mo/photo.jpg",
            "rating": 5,
            "relative_time_description": "9 months ago",
            "text": "very nice room excellent selection of movies delicious popcorn!",
            "time": 1541235191
        }
    ],
    "type": "movie_theater"
}

