{
    "id": "9d9a7402307d04271850572a9cdf12b4b07c49c6",
    "location": {
        "lat": 37.9885051,
        "lng": 23.7427935
    },
    "name": "EKRAN summer cinema",
    "rating": 4.2,
    "reviews": [
        {
            "author_name": "Susan from Athens",
            "author_url": "https://www.google.com/maps/contrib/114344310840641320345/reviews",
            "language": "en",
            "profile_photo_url": "https://lh4.googleusercontent.com/-THcTZ1i0yaw/AAAAAAAAAAI/AAAAAAAAABM/BY4HfhWdcL4/s128-c0x00000000-cc-rp-mo-ba5/photo.jpg",
            "rating": 5,
            "relative_time_description": "a year ago",
            "text": "Small local open air summer cinema. Lovely local flavour and a true Greek experience. This has a small neighbourhood vibe and eats and drinks are part of the experience. Beware where you sit, however, as smoking is permitted. Definitely a must for a hot summer evening. Remember your mosquito repellent.",
            "time": 1531221058
        },
        {
            "author_name": "Constantina Palaiologou",
            "author_url": "https://www.google.com/maps/contrib/108586128320939853319/reviews",
            "language": "en",
            "profile_photo_url": "https://lh6.googleusercontent.com/-hn8yO0tH64s/AAAAAAAAAAI/AAAAAAAAAcc/kAcJ-cadnqc/s128-c0x00000000-cc-rp-mo-ba2/photo.jpg",
            "rating": 4,
            "relative_time_description": "a month ago",
            "text": "Nice place.",
            "time": 1561695647
        },
        {
            "author_name": "\u039c\u03b1\u03ba\u03b7\u03c2 \u03a4\u03b5\u03bc\u03c0\u03b5\u03c1\u03b9\u03ba\u03b9\u03b4\u03b7\u03c2",
            "author_url": "https://www.google.com/maps/contrib/118025503925579547439/reviews",
            "language": "en",
            "profile_photo_url": "https://lh6.googleusercontent.com/-jJ8_AKUmAT8/AAAAAAAAAAI/AAAAAAAACa8/rCbTChfYSIE/s128-c0x00000000-cc-rp-mo-ba4/photo.jpg",
            "rating": 5,
            "relative_time_description": "11 months ago",
            "text": "One of the oldest and most beautiful summer cinemas in the city. The best place to enjoy a movie on a hot summer night!",
            "time": 1534882416
        },
        {
            "author_name": "Matthew Berridge",
            "author_url": "https://www.google.com/maps/contrib/103075155435063154063/reviews",
            "language": "en",
            "profile_photo_url": "https://lh6.googleusercontent.com/-pxFAitMUFgg/AAAAAAAAAAI/AAAAAAAAAAA/ACHi3resOxpFM9RLxna1pkeusrcAjc1B9A/s128-c0x00000000-cc-rp-mo/photo.jpg",
            "rating": 4,
            "relative_time_description": "a year ago",
            "text": "Great atmosphere, excellent setting.",
            "time": 1531434873
        },
        {
            "author_name": "Dimitris Tsiropoulos",
            "author_url": "https://www.google.com/maps/contrib/112275309604506940259/reviews",
            "language": "en",
            "profile_photo_url": "https://lh6.googleusercontent.com/-wRY1PrmdrKM/AAAAAAAAAAI/AAAAAAAAANE/TPCAKSjko8U/s128-c0x00000000-cc-rp-mo-ba2/photo.jpg",
            "rating": 4,
            "relative_time_description": "3 months ago",
            "text": "Beautiful",
            "time": 1556264718
        }
    ],
    "type": "movie_theater"
}

