{
    "id": "af2009b9f9877666aacae734164626af3961bb3c",
    "location": {
        "lat": 37.98082,
        "lng": 23.7124795
    },
    "name": "Archia Tainion Ellados Tainiothiki Ellados",
    "rating": 4.5,
    "reviews": [
        {
            "author_name": "Vanias Apergis",
            "author_url": "https://www.google.com/maps/contrib/101942097182608520695/reviews",
            "language": "en",
            "profile_photo_url": "https://lh6.googleusercontent.com/-6hUkVRDSsXY/AAAAAAAAAAI/AAAAAAAAAAA/hDRdQXlNru0/s128-c0x00000000-cc-rp-mo-ba3/photo.jpg",
            "rating": 4,
            "relative_time_description": "a year ago",
            "text": "Nice Place. I hope people will start finding their way here. Preserves a great deal of the Greek Film Industry archives and has an excellent cinema.",
            "time": 1516739763
        },
        {
            "author_name": "Olga Boukalis",
            "author_url": "https://www.google.com/maps/contrib/100130456606823140674/reviews",
            "language": "en",
            "profile_photo_url": "https://lh4.googleusercontent.com/-60MrnjSVDs4/AAAAAAAAAAI/AAAAAAAAAAA/ACHi3rdZWn6bVlbU7ZDqyjf71P4d4OpNRA/s128-c0x00000000-cc-rp-mo/photo.jpg",
            "rating": 5,
            "relative_time_description": "a year ago",
            "text": "Excellent!!! The atmosphere, classic and calm. Staff are very professional and polite willing to explain details for all dishes. The food is perfect and the portions are huge! Love it!!",
            "time": 1514416405
        },
        {
            "author_name": "luigi marras",
            "author_url": "https://www.google.com/maps/contrib/100923636460318553638/reviews",
            "language": "en",
            "profile_photo_url": "https://lh4.googleusercontent.com/-deV1fJg1FW8/AAAAAAAAAAI/AAAAAAAAAAA/ACHi3reZMYWXtDuWSImfRkEA38rb0ZQhOQ/s128-c0x00000000-cc-rp-mo/photo.jpg",
            "rating": 5,
            "relative_time_description": "10 months ago",
            "text": "Excellent work, serious research",
            "time": 1536870283
        },
        {
            "author_name": "Dimitris Befas",
            "author_url": "https://www.google.com/maps/contrib/107422527709802025361/reviews",
            "language": "en",
            "profile_photo_url": "https://lh3.googleusercontent.com/-leUhDhKoOek/AAAAAAAAAAI/AAAAAAAAHDI/RZbEKRNW5d8/s128-c0x00000000-cc-rp-mo-ba4/photo.jpg",
            "rating": 4,
            "relative_time_description": "2 years ago",
            "text": "Old school cine. Super summer roof cine. Exceptional movies festivals take place here as also rare movies are been played.",
            "time": 1487602450
        },
        {
            "author_name": "Khaled Kandel",
            "author_url": "https://www.google.com/maps/contrib/115007823434571260880/reviews",
            "language": "en",
            "profile_photo_url": "https://lh5.googleusercontent.com/-dYEE9LyEcYE/AAAAAAAAAAI/AAAAAAAAKx8/FXrTsDMkmOs/s128-c0x00000000-cc-rp-mo-ba5/photo.jpg",
            "rating": 5,
            "relative_time_description": "2 years ago",
            "text": "Great place to see movies in said and open air cinema at the rouf is amazeing",
            "time": 1479614278
        }
    ],
    "type": "movie_museum"
}

