{
    "id": "fa2c6fa572bc0f065377e301088802748efa5bf5",
    "location": {
        "lat": 38.0148435,
        "lng": 23.7371183
    },
    "name": "Cinema Lila (Therinos)",
    "rating": 4.5,
    "reviews": [
        {
            "author_name": "Alexander Chalkidis",
            "author_url": "https://www.google.com/maps/contrib/100725620291242068554/reviews",
            "language": "en",
            "profile_photo_url": "https://lh3.googleusercontent.com/-omnCwUQGGfQ/AAAAAAAAAAI/AAAAAAAGxRE/zIC688KMpsk/s128-c0x00000000-cc-rp-mo-ba7/photo.jpg",
            "rating": 4,
            "relative_time_description": "3 weeks ago",
            "text": "This outdoor cinema uses a barco digital projector which isn't quite bright enough at the start of the first movie.  The seats are fairly comfortable and the idea to provide mosquito repellant excellent.  Good range of food, over priced as always.",
            "time": 1562317298
        },
        {
            "author_name": "Lily Botton",
            "author_url": "https://www.google.com/maps/contrib/106005196947855224353/reviews",
            "language": "en",
            "profile_photo_url": "https://lh4.googleusercontent.com/-8VdnS2O_7eM/AAAAAAAAAAI/AAAAAAAAAAA/ACHi3rcopJRjN6mgsr3MPp4cschUxDpoBA/s128-c0x00000000-cc-rp-mo-ba3/photo.jpg",
            "rating": 5,
            "relative_time_description": "2 weeks ago",
            "text": "One of the best open cinemas",
            "time": 1562825509
        },
        {
            "author_name": "Emmanouil Vougioukas",
            "author_url": "https://www.google.com/maps/contrib/101246706884018333631/reviews",
            "language": "el",
            "profile_photo_url": "https://lh6.googleusercontent.com/-0Q-8elnY5lg/AAAAAAAAAAI/AAAAAAAAADU/E5jfnuw3-3o/s128-c0x00000000-cc-rp-mo-ba4/photo.jpg",
            "rating": 5,
            "relative_time_description": "2 weeks ago",
            "text": "\u0395\u03c5\u03c7\u03b1\u03c1\u03b9\u03c3\u03c4\u03bf \u03c0\u03b5\u03c1\u03b9\u03b2\u03ac\u03bb\u03bb\u03bf\u03bd \u03bc\u03b5 \u03c0\u03c1\u03bf\u03c3\u03b5\u03b3\u03bc\u03ad\u03bd\u03b5\u03c2 \u03c4\u03b1\u03b9\u03bd\u03af\u03b5\u03c2 \ud83c\udfa5. \u0391\u03bd\u03b8\u03c1\u03c9\u03c0\u03b9\u03bd\u03b7 \u03ba\u03bb\u03af\u03bc\u03b1\u03ba\u03b1. \u03a3\u03c5\u03bd\u03b4\u03c5\u03ac\u03b6\u03b5\u03c4\u03b1\u03b9 \u03bc\u03b5 \u03c0\u03b5\u03c1\u03af\u03c0\u03b1\u03c4\u03bf \u03c3\u03c4\u03b7 \u03b3\u03b5\u03b9\u03c4\u03bf\u03bd\u03b9\u03ac, \u03ba\u03b1\u03b8\u03ce\u03c2 \u03c4\u03bf \u03c0\u03ac\u03c1\u03ba\u03b9\u03bd\u03b3\u03ba \u03b5\u03af\u03bd\u03b1\u03b9 \u03b4\u03cd\u03c3\u03ba\u03bf\u03bb\u03bf \u03c3\u03c4\u03b7\u03bd \u03c0\u03b5\u03c1\u03b9\u03bf\u03c7\u03ae. \u0388\u03bd\u03b1 \u03b2\u03c1\u03ac\u03b4\u03c5 \u03bc\u03bf\u03c5 \u03b5\u03af\u03c7\u03b5 \u03c0\u03ad\u03c3\u03b5\u03b9 \u03b1\u03c0\u03cc \u03c4\u03b7\u03bd \u03c4\u03c3\u03ad\u03c0\u03b7 \u03ad\u03bd\u03b1 \u03b1\u03ba\u03c1\u03b9\u03b2\u03cc \u03ba\u03bf\u03bc\u03c0\u03bf\u03bb\u03cc\u03b9, \u03cc\u03c4\u03b1\u03bd \u03c4\u03bf \u03b1\u03bd\u03b1\u03b6\u03ae\u03c4\u03b7\u03c3\u03b1 \u03c4\u03b7\u03bd \u03b5\u03c0\u03bf\u03bc\u03ad\u03bd\u03b7, \u03c4\u03bf \u03b5\u03af\u03c7\u03b1\u03bd \u03ba\u03c1\u03b1\u03c4\u03ae\u03c3\u03b5\u03b9 \u03ba\u03b1\u03b9 \u03bc\u03bf\u03c5 \u03c4\u03bf \u03b5\u03c0\u03ad\u03c3\u03c4\u03c1\u03b5\u03c8\u03b1\u03bd.  \u039c\u03b5\u03c4\u03ac \u03c4\u03bf \u03c3\u03c7\u03bf\u03bb\u03b1\u03c3\u03bc\u03b1, \u03c5\u03c0\u03ac\u03c1\u03c7\u03bf\u03c5\u03bd \u03c3\u03b5 5' \u03b1\u03c0\u03cc\u03c3\u03c4\u03b1\u03c3\u03b7 2-3 \u03b1\u03be\u03b9\u03cc\u03bb\u03bf\u03b3\u03b1 \u03c3\u03c4\u03ad\u03ba\u03b9\u03b1, \u03b3\u03b9\u03b1 \u03cc\u03bb\u03b1 \u03c4\u03b1 \u03b3\u03bf\u03cd\u03c3\u03c4\u03b1...",
            "time": 1562871045
        },
        {
            "author_name": "\u0393\u03b9\u03ce\u03c1\u03b3\u03bf\u03c2 \u039a\u03bf\u03c5\u03c4\u03bf\u03cd\u03b6\u03bf\u03c2",
            "author_url": "https://www.google.com/maps/contrib/115537068661236931582/reviews",
            "language": "el",
            "profile_photo_url": "https://lh6.googleusercontent.com/-F6f0IcJVbDM/AAAAAAAAAAI/AAAAAAAAQA0/9UXhz8oaBj0/s128-c0x00000000-cc-rp-mo-ba4/photo.jpg",
            "rating": 2,
            "relative_time_description": "in the last week",
            "text": "\u03a9\u03c1\u03b1\u03af\u03bf\u03c2 \u03c7\u03ce\u03c1\u03bf\u03c2, \u03b1\u03bb\u03bb\u03ac \u03a0\u039f\u039b\u03a5 \u03c7\u03b1\u03bc\u03b7\u03bb\u03cc\u03c2 \u03ae\u03c7\u03bf\u03c2. \u03a0\u03c1\u03ad\u03c0\u03b5\u03b9 \u03bd\u03b1 \u03ba\u03c1\u03b1\u03c4\u03ac\u03c2 \u03c4\u03b7\u03bd \u03b1\u03bd\u03ac\u03c3\u03b1 \u03c3\u03bf\u03c5 \u03b3\u03b9\u03b1 \u03bd\u03b1 \u03b1\u03ba\u03bf\u03cd\u03c3\u03b5\u03b9\u03c2 \u03c4\u03b9 \u03bb\u03ad\u03b5\u03b9 \u03b7 \u03c4\u03b1\u03b9\u03bd\u03af\u03b1...",
            "time": 1564002593
        },
        {
            "author_name": "Gogos G.",
            "author_url": "https://www.google.com/maps/contrib/103517751506158028227/reviews",
            "language": "el",
            "profile_photo_url": "https://lh6.googleusercontent.com/-Dd0or7UrcIw/AAAAAAAAAAI/AAAAAAAAC1U/UW3QQU2ZApk/s128-c0x00000000-cc-rp-mo-ba5/photo.jpg",
            "rating": 5,
            "relative_time_description": "a month ago",
            "text": "\u0388\u03bd\u03b1\u03c2 \u03b5\u03c5\u03c7\u03ac\u03c1\u03b9\u03c3\u03c4\u03b1 \u03b4\u03b9\u03b1\u03ba\u03bf\u03c3\u03bc\u03b7\u03bc\u03ad\u03bd\u03bf\u03c2, \u03ae\u03c3\u03c5\u03c7\u03bf\u03c2 \u03ba\u03b1\u03b9 \u03c3\u03c7\u03b5\u03c4\u03b9\u03ba\u03ac \u03bc\u03b5\u03b3\u03ac\u03bb\u03bf\u03c2 \u03b8\u03b5\u03c1\u03b9\u03bd\u03cc\u03c2 \u03ba\u03b9\u03bd\u03b7\u03bc\u03b1\u03c4\u03bf\u03b3\u03c1\u03ac\u03c6\u03bf\u03c2 \u03c4\u03b7\u03c2 \u03b3\u03b5\u03b9\u03c4\u03bf\u03bd\u03b9\u03ac\u03c2 \u03bc\u03b5 \u03ac\u03bd\u03b5\u03c4\u03b1 \u03ba\u03b1\u03b8\u03af\u03c3\u03bc\u03b1\u03c4\u03b1 \u03ba\u03b1\u03b9 \u03bb\u03af\u03b3\u03b1 \u03c4\u03c1\u03b1\u03c0\u03b5\u03b6\u03ac\u03ba\u03b9\u03b1. \u039a\u03ac\u03b8\u03b5 \u03a4\u03c1\u03af\u03c4\u03b7 \u03ba\u03b1\u03b9 \u03a4\u03b5\u03c4\u03ac\u03c1\u03c4\u03b7 \u03ad\u03c7\u03b5\u03b9 \u03c0\u03c1\u03bf\u03c3\u03c6\u03bf\u03c1\u03ac 1+1 \u03ba\u03b1\u03b9 \u03b5\u03c0\u03af\u03c3\u03b7\u03c2 \u03c3\u03c5\u03bc\u03bc\u03b5\u03c4\u03ad\u03c7\u03b5\u03b9 \u03c3\u03c4\u03b7\u03bd \u03c0\u03c1\u03bf\u03c3\u03c6\u03bf\u03c1\u03ac \u03c4\u03bf\u03c5 Athinorama Club... \u0395\u03c5\u03b3\u03b5\u03bd\u03b9\u03ba\u03cc \u03c0\u03c1\u03bf\u03c3\u03c9\u03c0\u03b9\u03ba\u03cc. \u0394\u03b5\u03bd \u03c5\u03c0\u03ac\u03c1\u03c7\u03b5\u03b9 WiFi. \u0394\u03cd\u03c3\u03ba\u03bf\u03bb\u03bf \u03c4\u03bf \u03c0\u03ac\u03c1\u03ba\u03b9\u03bd\u03b3\u03ba \u03b3\u03b9\u03b1 \u03b1\u03c5\u03c4\u03bf\u03ba\u03af\u03bd\u03b7\u03c4\u03bf \u03b5\u03ba\u03b5\u03af \u03b3\u03cd\u03c1\u03c9 \u03b3\u03b5\u03bd\u03b9\u03ba\u03ac.",
            "time": 1561150268
        }
    ],
    "type": "movie_theater"
}

