{
    "id": "5a8c3bc439c85831d85efd1564c4b8dc5a505cb8",
    "location": {
        "lat": 37.971214,
        "lng": 23.704436
    },
    "name": "ANODOS Live stage",
    "rating": 3,
    "reviews": [
        {
            "author_name": "Haris Aslanidis",
            "author_url": "https://www.google.com/maps/contrib/107903154900771807243/reviews",
            "language": "en",
            "profile_photo_url": "https://lh3.googleusercontent.com/-iENAZ8N0E4c/AAAAAAAAAAI/AAAAAAAADGc/jJZ93l8T5Zg/s128-c0x00000000-cc-rp-mo-ba5/photo.jpg",
            "rating": 5,
            "relative_time_description": "4 months ago",
            "text": "Love this guy! He's crazy! And down to earth person. \nHad a perfect entertaining night with nice songs, laughs and fun.\nI would go again.",
            "time": 1553777643
        },
        {
            "author_name": "SNC Mannesmann Hellas SH",
            "author_url": "https://www.google.com/maps/contrib/102354509485720347524/reviews",
            "language": "en",
            "profile_photo_url": "https://lh3.googleusercontent.com/-KhKFCIn5ZhQ/AAAAAAAAAAI/AAAAAAAAAAA/ACHi3reGvI3-m18dUX-ZVUKxdtdpD8Rivg/s128-c0x00000000-cc-rp-mo-ba5/photo.jpg",
            "rating": 5,
            "relative_time_description": "3 years ago",
            "text": "Good for nightlife",
            "time": 1467926737
        },
        {
            "author_name": "Dimitris Georgiadis",
            "author_url": "https://www.google.com/maps/contrib/102463656649792998445/reviews",
            "language": "en",
            "profile_photo_url": "https://lh5.googleusercontent.com/-kUc0KlyqMAM/AAAAAAAAAAI/AAAAAAAAAEc/heU6GE_Z5K4/s128-c0x00000000-cc-rp-mo-ba5/photo.jpg",
            "rating": 2,
            "relative_time_description": "3 years ago",
            "text": "Not",
            "time": 1452943957
        },
        {
            "author_name": "Pavlos Koulouris",
            "author_url": "https://www.google.com/maps/contrib/113278868399387066077/reviews",
            "language": "el",
            "profile_photo_url": "https://lh4.googleusercontent.com/-sqJYrpgeHqw/AAAAAAAAAAI/AAAAAAAAAAA/ACHi3rewoZrTByKioXEgtHV-CAMbsAFXbQ/s128-c0x00000000-cc-rp-mo/photo.jpg",
            "rating": 5,
            "relative_time_description": "4 months ago",
            "text": "\u03a7\u03c4\u03b5\u03c2 \u03c4\u03bf \u03b2\u03c1\u03b1\u03b4\u03c5 \u03b2\u03c1\u03b5\u03b8\u03b7\u03ba\u03b1\u03bc\u03b5 \u03c3\u03c4\u03bf   ANODOS \u03ba\u03b1\u03b9 \u03c0\u03b1\u03c1\u03b1\u03ba\u03bf\u03bb\u03bf\u03c5\u03b8\u03b7\u03c3\u03b1\u03bc\u03b5 \u03c4\u03bf \u03c0\u03c1\u03bf\u03b3\u03c1\u03b1\u03bc\u03bc\u03b1( \u03c0\u03b1\u03c0\u03b1\u03ba\u03c9\u03bd\u03c3\u03c4\u03b1\u03bd\u03c4\u03b9\u03bd\u03bf\u03c5- \u03bd\u03b5\u03b3\u03ba\u03b1)\u03c0\u03c1\u03b1\u03b3\u03bc\u03b1\u03c4\u03b9\u03ba\u03b1 \u03bc\u03b5\u03b9\u03bd\u03b1\u03bc\u03b5 \u03b9\u03ba\u03b1\u03bd\u03bf\u03c0\u03bf\u03b9\u03b7\u03bc\u03b5\u03bd\u03b7 \u03bc\u03b5 \u03c4\u03bf \u03c3\u03c7\u03b7\u03bc\u03b1 \u03b1\u03bb\u03bb\u03b1 \u03ba\u03b1\u03b9 \u03bc\u03b5 \u03c4\u03bf service \u03c4\u03bf\u03c5 \u03ba\u03b1\u03c4\u03b1\u03c3\u03c4\u03b7\u03bc\u03b1\u03c4\u03bf\u03c2.\u0391\u03c0\u03bf \u03c4\u03b7\u03bd \u03c5\u03c0\u03bf\u03b4\u03bf\u03c7\u03b7 \u03c4\u03bf\u03c5  metr.\u03c3\u03c4\u03bf\u03bd \u03b5\u03be\u03c9\u03c3\u03c4\u03b7 \u03c4\u03b7\u03bd \u03b5\u03be\u03c5\u03c0\u03b7\u03c1\u03b5\u03c4\u03b7\u03c3\u03b7 \u03c4\u03c9\u03bd \u03c3\u03b5\u03c1\u03b2\u03b9\u03c4\u03bf\u03c1\u03c9\u03bd \u03bc\u03b5\u03c7\u03c1\u03b9 \u03ba\u03b1\u03b9 \u03c4\u03b7 \u03b5\u03be\u03c9\u03c6\u03bb\u03b7\u03c3\u03b7 \u03c4\u03bf\u03c5 \u03bb\u03bf\u03b3\u03b1\u03c1\u03b9\u03b1\u03c3\u03bc\u03bf\u03c5.\u03bf\u03c4\u03b9 \u03bc\u03b1\u03c2 \u03b5\u03b9\u03c0\u03b1\u03bd \u03c4\u03b7\u03bb\u03b5\u03c6\u03c9\u03bd\u03b9\u03ba\u03b1 \u03b1\u03c5\u03c4\u03b1 \u03ba\u03b1\u03b9 \u03b9\u03c3\u03c7\u03c5\u03b1\u03bd \u03bc\u03b5\u03c7\u03c1\u03b9 \u03c4\u03b5\u03bb\u03bf\u03c5\u03c2.\u03c0\u03b1\u03c1\u03bf\u03bb\u03bf \u03c0\u03bf\u03c5 \u03b4\u03b5\u03bd \u03b5\u03b9\u03c7\u03b1\u03bc\u03b5 \u03ba\u03bb\u03b5\u03b9\u03c3\u03b5\u03b9 \u03c4\u03c1\u03b1\u03c0\u03b5\u03b6\u03b9 \u03b5\u03be\u03c5\u03c0\u03b7\u03c1\u03b5\u03c4\u03b7\u03b8\u03b7\u03ba\u03b1\u03bc\u03b5 \u03b1\u03bc\u03b5\u03c3\u03b1 .\u03b1\u03c5\u03c4\u03bf \u03b4\u03b5\u03c7\u03bd\u03b5\u03b9 \u03b5\u03c0\u03b1\u03b3\u03b3\u03b5\u03bb\u03bc\u03b1\u03c4\u03b9\u03c3\u03bc\u03bf \u03ba\u03b1\u03b9 \u03bf\u03c7\u03b9 \u03b1\u03c1\u03c0\u03b1\u03ba\u03c4\u03b5\u03c2 \u03bf\u03c0\u03c9\u03c2 \u03c3\u03c5\u03bc\u03b2\u03b1\u03b9\u03bd\u03b5\u03b9 \u03b1\u03bb\u03bb\u03bf\u03c5.\u039c\u03a0\u03a1\u0391\u0392\u039f \u03a3\u0391\u03a3",
            "time": 1553455936
        },
        {
            "author_name": "des kx",
            "author_url": "https://www.google.com/maps/contrib/103190436116660286610/reviews",
            "language": "el",
            "profile_photo_url": "https://lh4.googleusercontent.com/-vacsDqi-moY/AAAAAAAAAAI/AAAAAAAAAAA/ACHi3rdeoTsIUtFyx8PQDkk7zXjJb8SCSQ/s128-c0x00000000-cc-rp-mo/photo.jpg",
            "rating": 1,
            "relative_time_description": "5 months ago",
            "text": "\u039d\u03c4\u03c1\u03bf\u03c0\u03ae!\n\u0391\u03bd \u03bc\u03c0\u03bf\u03c1\u03bf\u03cd\u03c3\u03b1 \u03b8\u03b1 \u03ad\u03b2\u03b1\u03b6\u03b1 \u03bc\u03b7\u03b4\u03b5\u03bd... \u0394\u03b5\u03c5\u03c4\u03b5\u03c1\u03b7  \u03c6\u03bf\u03c1\u03ac \u03b5\u03ba\u03b5\u03b9 \u03ba\u03b1\u03b9 \u03c4\u03b5\u03bb\u03b5\u03c5\u03c4\u03b1\u03b9\u03b1..2/3/19 (\u039d\u03b5\u03b3\u03ba\u03b1_\u03a0\u03b1\u03c0\u03b1\u03ba\u03c9\u03bd\u03c3\u03c4\u03b1\u03bd\u03c4\u03b9\u03bd\u03bf\u03c5)\n\u0397 \u03ba\u03c1\u03b1\u03c4\u03b7\u03c3\u03b7 \u03c0\u03bf\u03c5 \u03ba\u03ac\u03bd\u03bf\u03c5\u03bc\u03b5 \u03b4\u03b5\u03bd \u03b5\u03c7\u03b5\u03b9 \u03ba\u03b1\u03bd\u03ad\u03bd\u03b1 \u03bd\u03bf\u03b7\u03bc\u03b1 \u03b1\u03c6\u03bf\u03cd \u03c0\u03b7\u03b3\u03b1\u03af\u03bd\u03bf\u03bd\u03c4\u03b1\u03c2 \u03b5\u03ba\u03b5\u03af \u03c3\u03b5 \u03b2\u03ac\u03b6\u03bf\u03c5\u03bd \u03cc\u03c0\u03bf\u03c5 \u03b8\u03ad\u03bb\u03bf\u03c5\u03bd.\n\u039c\u03b9\u03bb\u03ac\u03c9 \u03b3\u03b9\u03b1 \u03c4\u03bf\u03c5\u03c2 \u03c5\u03c0\u03b5\u03cd\u03b8\u03c5\u03bd\u03bf\u03c5\u03c2 \"\u03bc\u03b5\u03c4\u03c1\" (\u03ba\u03b1\u03bc\u03af\u03b1 \u03c3\u03c7\u03ad\u03c3\u03b7 \u03bc\u03b5 \u03c4\u03b7\u03bd \u03bf\u03c5\u03c3\u03b9\u03b1 \u03c4\u03bf\u03c5 \u03cc\u03c1\u03bf\u03c5 ). \u0391\u03b3\u03b5\u03bd\u03b5\u03af\u03c2 , \u03b1\u03c0\u03b1\u03be\u03b9\u03c9\u03c4\u03b9\u03ba\u03bf\u03b9, \u03b5\u03c1\u03b9\u03c3\u03c4\u03b9\u03ba\u03bf\u03af, \u03b1\u03c0\u03b1\u03c1\u03ac\u03b4\u03b5\u03ba\u03c4\u03bf\u03b9. \u0393\u03b9\u03b1\u03c4\u03af \u03bc\u03ac\u03bb\u03bb\u03bf\u03bd \u03cc\u03c3\u03bf\u03b9 \u03b4\u03b5\u03bd \u03c4\u03bf\u03c5\u03c2 \u03c7\u03b1\u03c1\u03c4\u03b6\u03b7\u03bb\u03b9\u03ba\u03c9\u03bd\u03bf\u03c5\u03bc\u03b5  \u03b4\u03b5\u03bd \u03b5\u03af\u03bc\u03b1\u03c3\u03c4\u03b5 \u03c0\u03b5\u03bb\u03ac\u03c4\u03b5\u03c2 \u03ba\u03b1\u03b9 \u03bc\u03b1\u03c2 \u03ba\u03ac\u03bd\u03bf\u03c5\u03bd  \u03ba\u03b1\u03b9 \u03c7\u03ac\u03c1\u03b7 \u03bd\u03b1 \u03bc\u03b1\u03c2 \u03b4\u03b5\u03af\u03be\u03bf\u03c5\u03bd \u03c4\u03bf \u03c4\u03c1\u03b1\u03c0\u03ad\u03b6\u03b9 \u03c4\u03bf \u03bf\u03c0\u03bf\u03af\u03bf \u03ba\u03bb\u03b5\u03af\u03c3\u03b1\u03bc\u03b5 \u03ba\u03b1\u03b9 \u03b5\u03c0\u03b9\u03b2\u03b5\u03b2\u03b1\u03b9\u03ce\u03c3\u03b1\u03bc\u03b5 \u03b4\u03cd\u03bf \u03bc\u03ad\u03c1\u03b5\u03c2 \u03c0\u03c1\u03b9\u03bd.\n\u0395\u03bd \u03c0\u03c1\u03bf\u03ba\u03b5\u03b9\u03bc\u03ad\u03bd\u03c9, \u03b1\u03c6\u03bf\u03cd \u03bc\u03b1\u03c2 \u03c0\u03ae\u03b3\u03b1\u03bd \u03c0\u03ac\u03bd\u03c9 \u03ba\u03b1\u03b9 \u03c4\u03c3\u03b1\u03ba\u03ce\u03b8\u03b7\u03ba\u03b1\u03bc\u03b5  \u03bc\u03b5 \u03c4\u03bf\u03bd \u03c0\u03ac\u03bd\u03c9 \u03bc\u03b5\u03c4\u03c1,  \u03ba\u03b1\u03c4\u03b5\u03b2\u03ae\u03ba\u03b1\u03bc\u03b5 \u03ba\u03ac\u03c4\u03c9 \u03b3\u03b9\u03b1\u03c4\u03af \u03b5\u03ba\u03b5\u03af \u03ae\u03c4\u03b1\u03bd \u03b7 \u03ba\u03c1\u03ac\u03c4\u03b7\u03c3\u03b7 \u03bc\u03b1\u03c2.\u03a4\u03bf \u03b3\u03b5\u03b3\u03bf\u03bd\u03cc\u03c2 \u03cc\u03c4\u03b9 \u03c6\u03c4\u03ac\u03c3\u03b1\u03bc\u03b5 \u03b1\u03c1\u03b3\u03ac \u03b4\u03b5\u03bd \u03af\u03c3\u03c7\u03c5\u03b5 \u03b2\u03b5\u03b2\u03b1\u03af\u03c9\u03c2 \u03b1\u03c6\u03bf\u03cd \u03b7 \u03ce\u03c1\u03b1 \u03ae\u03c4\u03b1\u03bd \u03b1\u03ba\u03cc\u03bc\u03b1 10:30 \u03ba\u03b1\u03b9 \u03c4\u03bf \u03c0\u03c1\u03cc\u03b3\u03c1\u03b1\u03bc\u03bc\u03b1 \u03b4\u03b5\u03bd \u03b5\u03af\u03c7\u03b5 \u03b1\u03c1\u03c7\u03af\u03c3\u03b5\u03b9.\u0395\u03c0\u03b9\u03c3\u03b7\u03c2 \u03b5\u03af\u03c7\u03b1\u03bc\u03b5 \u03ba\u03c1\u03ac\u03c4\u03b7\u03c3\u03b7. (\u03a0\u03ad\u03c1\u03c5\u03c3\u03b9 \u03c0\u03ae\u03b3\u03b1\u03bc\u03b5 \u03b1\u03c0\u03bf \u03c4\u03b9\u03c2 10 \u03c0\u03b1\u03c1\u03b1 \u03ba\u03b1\u03b9 \u03bc\u03b1\u03c2 \u03ad\u03b2\u03b1\u03bb\u03b1\u03bd \u03c3\u03b5 \u03c4\u03c1\u03b1\u03c0\u03ad\u03b6\u03b9 \u03c0\u03bf\u03c5 \u03b4\u03b5\u03bd \u03ad\u03b2\u03bb\u03b5\u03c0\u03b5\u03c2 \u03c4\u03af\u03c0\u03bf\u03c4\u03b1,  \u03c0\u03b1\u03c1\u03cc\u03bb\u03bf \u03c0\u03bf\u03c5 \u03b5\u03af\u03bc\u03b1\u03c3\u03c4\u03b5 \u03c3\u03c7\u03b5\u03b4\u03cc\u03bd \u03c0\u03c1\u03ce\u03c4\u03bf\u03b9). \u03a6\u03ad\u03c4\u03bf\u03c2 \u03c0\u03ae\u03b3\u03b1\u03bc\u03b5 \u03c5\u03c0\u03bf\u03c8\u03b9\u03b1\u03c3\u03bc\u03b5\u03bd\u03bf\u03b9.\u039f \u03bc\u03b5\u03c4\u03c1 \u03ba\u03ac\u03c4\u03c9 \u03bc\u03b1\u03c2 \u03ad\u03b4\u03b5\u03b9\u03be\u03b5 \u03bc\u03b5 \u03ba\u03cc\u03c0\u03bf \u03ad\u03bd\u03b1 \u03c4\u03c1\u03b1\u03c0\u03b5\u03b6\u03ac\u03ba\u03b9 \u03c3\u03c4\u03b7 \u03b3\u03c9\u03bd\u03af\u03b1 \u03c0\u03af\u03c3\u03c9 ,\u03c0\u03ac\u03bd\u03c9 \u03c3\u03b5 \u03bc\u03b9\u03b1 \u03ac\u03bb\u03bb\u03b7 \u03c0\u03b1\u03c1\u03ad\u03b1.\u0395\u03bd\u03bd\u03bf\u03b5\u03b9\u03c4\u03b1\u03b9 \u03b4\u03b5\u03bd \u03ba\u03b1\u03b8\u03b9\u03c3\u03b1\u03bc\u03b5.\u03a4\u03bf \u03b5\u03c0\u03cc\u03bc\u03b5\u03bd\u03bf \u03c4\u03c1\u03b1\u03c0\u03ad\u03b6\u03b9 \u03b4\u03b5\u03bd \u03bc\u03b1\u03c2 \u03c7\u03c9\u03c1\u03b1\u03b3\u03b5 \u03bc\u03b5 \u03ba\u03b1\u03bd\u03ad\u03bd\u03b1 \u03c4\u03c1\u03cc\u03c0\u03bf. \u0395\u03c0\u03b5\u03b9\u03c4\u03b1 \u03b1\u03c0\u03cc \u03ba\u03b1\u03c5\u03b3\u03b1\u03b4\u03b5\u03c2 \u03ba\u03b1\u03b9 \u03c6\u03c9\u03bd\u03ad\u03c2 \u03b2\u03c1\u03ae\u03ba\u03b1\u03bc\u03b5 \u03c4\u03c1\u03b1\u03c0\u03ad\u03b6\u03b9, \u03b1\u03c6\u03bf\u03cd \u03b1\u03ba\u03bf\u03c5\u03c3\u03b1\u03bc\u03b5 \u03bf\u03c4\u03b9 \u03ba\u03ac\u03c0\u03bf\u03b9\u03b1 \u03ac\u03bb\u03bb\u03b1 \u03ac\u03b4\u03b5\u03b9\u03b1 \u03c0\u03bf\u03c5 \u03b2\u03bb\u03b5\u03c0\u03b1\u03bc\u03b5 \u03ae\u03c4\u03b1\u03bd \"\u03c5\u03c0\u03bf\u03c7\u03c1\u03ad\u03c9\u03c3\u03b7\", \u03cc\u03c7\u03b9 \u03cc\u03c4\u03b9 \u03c0\u03b9\u03bf \u03ac\u03bd\u03b5\u03c4\u03bf \u03b1\u03bb\u03bb\u03ac \u03c4\u03bf\u03c5\u03bb\u03ac\u03c7\u03b9\u03c3\u03c4\u03bf\u03bd \u03b4\u03b5\u03bd \u03b5\u03af\u03c7\u03b1\u03bc\u03b5 \u03c0\u03bb\u03ac\u03c4\u03b7 \u03c4\u03b7\u03bd \u03c0\u03af\u03c3\u03c4\u03b1 \u03ba\u03b1\u03b9 \u03b2\u03bb\u03ad\u03c0\u03b1\u03bc\u03b5, \u03c3\u03b5 \u03b1\u03bd\u03c4\u03af\u03b8\u03b5\u03c3\u03b7 \u03bc\u03b5 \u03c0\u03c1\u03bf\u03b7\u03b3\u03bf\u03cd\u03bc\u03b5\u03bd\u03bf\u03c5\u03c2 \u03c0\u03b5\u03bb\u03ac\u03c4\u03b5\u03c2 \u03c0\u03bf\u03c5 \u03ba\u03ac\u03b8\u03b9\u03c3\u03b1\u03bd \u03cc\u03c0\u03bf\u03c5 \u03bd\u03b1'\u03bd\u03b1\u03b9 -\u03c3\u03c5\u03bc\u03c6\u03c9\u03bd\u03b1 \u03c0\u03ac\u03bd\u03c4\u03b1 \u03bc\u03b5 \u03c4\u03b7\u03bd \u03ba\u03c1\u03ac\u03c4\u03b7\u03c3\u03b7 \u03c4\u03bf\u03c5\u03c2 \u03ba\u03b1\u03b9 \u03b4\u03c5\u03c3\u03c4\u03c5\u03c7\u03ce\u03c2 \u03c4\u03bf \u03bf\u03c7\u03b9 \u03c0\u03b1\u03c7\u03bf\u03c5\u03bb\u03cc \u03c4\u03bf\u03c5\u03c2  \u03c0\u03bf\u03c1\u03c4\u03bf\u03c6\u03cc\u03bb\u03b9, \u03c3\u03b1\u03bd \u03c4\u03bf \u03b4\u03b9\u03ba\u03cc \u03bc\u03b1\u03c2.\n\n\u0395\u03c1\u03c9\u03c4\u03ae\u03c3\u03b5\u03b9\u03c2 \u03b3\u03b9\u03b1 \u03c4\u03b7\u03bd \"\u03b5\u03c0\u03b9\u03c7\u03b5\u03af\u03c1\u03b7\u03c3\u03b7\" :\n1)\u0393\u03b9\u03b1\u03c4\u03af \u03c0\u03c1\u03ad\u03c0\u03b5\u03b9 \u03ad\u03c7\u03bf\u03bd\u03c4\u03b1\u03c2 \u03c0\u03bb\u03b7\u03c1\u03ce\u03c3\u03b5\u03b9 \u03c4\u03cc\u03c3\u03b1 \u03c7\u03c1\u03ae\u03bc\u03b1\u03c4\u03b1 \u03ba\u03ac\u03c0\u03bf\u03b9\u03bf\u03c2 \u03ba\u03b1\u03ba\u03bf\u03ae\u03b8\u03b7\u03c2 \u03bd\u03b1 \u03bc\u03bf\u03c5 \u03c7\u03b1\u03bb\u03ac\u03c3\u03b5\u03b9 \u03c4\u03b7 \u03b4\u03b9\u03ac\u03b8\u03b5\u03c3\u03b7 ,\u03b5\u03c0\u03b5\u03b9\u03b4\u03ae  \u03b5\u03af\u03bd\u03b1\u03b9 \u03bf \"\u03bc\u03b5\u03c4\u03c1\"?\n2)\u03a0\u03cc\u03c4\u03b5 \u03b1\u03ba\u03c1\u03b9\u03b2\u03ce\u03c2 \u03b8\u03b5\u03c9\u03c1\u03bf\u03cd\u03bc\u03b1\u03b9  \u03c0\u03b5\u03bb\u03ac\u03c4\u03b7\u03c2 ?\n3)\u03a4\u03b9 \u03bd\u03cc\u03b7\u03bc\u03b1 \u03ad\u03c7\u03b5\u03b9 \u03b7 \u03ba\u03c1\u03ac\u03c4\u03b7\u03c3\u03b7 \u03ba\u03b1\u03b9 \u03b7 \u03b5\u03c0\u03b9\u03b2\u03b5\u03b2\u03b1\u03af\u03c9\u03c3\u03b7 \u03c4\u03b7\u03c2 \u03b1\u03c0\u03cc \u03c4\u03b7\u03bd \"\u03b5\u03c0\u03b9\u03c7\u03b5\u03af\u03c1\u03b7\u03c3\u03b7\" ?\n4)\u0386\u03c1\u03b1\u03b3\u03b5 \u03bf\u03b9 \u03ba\u03b1\u03bb\u03bb\u03b9\u03c4\u03ad\u03c7\u03bd\u03b5\u03c2 \u03b3\u03bd\u03c9\u03c1\u03af\u03b6\u03bf\u03c5\u03bd \u03c4\u03b7\u03bd \u03ba\u03b1\u03c4\u03ac\u03c3\u03c4\u03b1\u03c3\u03b7 \u03b1\u03c5\u03c4\u03ae?\n5)\u03a0\u03bf\u03b9\u03bf\u03c2 \u03b8\u03b1 \u03bc\u03bf\u03c5 \u03b1\u03c0\u03b1\u03bd\u03c4\u03ae\u03c3\u03b5\u03b9 \u03b3\u03b9\u03b1 \u03c0\u03bf\u03b9\u03bf \u03bb\u03cc\u03b3\u03bf \u03c0\u03c1\u03ad\u03c0\u03b5\u03b9 \u03bf \"\u03bc\u03b5\u03c4\u03c1\" \u03bd\u03b1 \u03b2\u03b3\u03ac\u03b6\u03b5\u03b9 \u03c0\u03b5\u03c1\u03b9\u03c3\u03c3\u03cc\u03c4\u03b5\u03c1\u03b1 \u03c7\u03c1\u03ae\u03bc\u03b1\u03c4\u03b1 \u03b1\u03c0\u03cc \u03cc\u03bb\u03bf\u03c5\u03c2 \u03b5\u03ba\u03b5\u03af \u03b3\u03b9\u03b1 \u03bd\u03b1 \u03ba\u03b1\u03b8\u03af\u03c3\u03b5\u03b9 \u03ba\u03ac\u03c0\u03bf\u03b9\u03bf\u03c2 \u03c3\u03c4\u03bf \u03c4\u03c1\u03b1\u03c0\u03ad\u03b6\u03b9 \u03c0\u03bf\u03c5 \u03ad\u03ba\u03b1\u03bd\u03b5 \u03ba\u03c1\u03ac\u03c4\u03b7\u03c3\u03b7 \u03ba\u03b1\u03b9 \u03b4\u03b9\u03ba\u03b1\u03b9\u03bf\u03c5\u03c4\u03b1\u03b9? \u039a\u03b1\u03b9 \u03c4\u03b5\u03bb\u03b9\u03ba\u03ac \u03b3\u03b9\u03b1\u03c4\u03af \u03c0\u03c1\u03ad\u03c0\u03b5\u03b9 \u03bd\u03b1 \u03c0\u03bb\u03b7\u03c1\u03ce\u03c3\u03c9 \u03ad\u03bd\u03b1\u03bd \u03ac\u03be\u03b5\u03c3\u03c4\u03bf ? \u03a4\u03bf\u03c5 \u03c4\u03b1 \u03c7\u03c1\u03c9\u03c3\u03c4\u03ac\u03c9 \u03ba\u03b1\u03b9 \u03b1\u03c0\u03cc \u03c7\u03b8\u03b5\u03c2 ?\n\n\u0386\u03bb\u03bb\u03b1 \u03b1\u03c1\u03bd\u03b7\u03c4\u03b9\u03ba\u03b1 :\n\u039f \u03c7\u03ce\u03c1\u03bf\u03c2 \u03b8\u03b1 \u03ae\u03c4\u03b1\u03bd \u03ba\u03b1\u03bb\u03cc\u03c2 \u03b1\u03bd \u03c4\u03b1 \u03c4\u03c1\u03b1\u03c0\u03ad\u03b6\u03b9\u03b1 \u03ae\u03c4\u03b1\u03bd \u03cc\u03c3\u03b1 \u03ad\u03c0\u03c1\u03b5\u03c0\u03b5 \u03ba\u03b1\u03b9 \u03cc\u03c7\u03b9 \u03b1\u03c5\u03c4\u03cc \u03c0\u03bf\u03c5 \u03b5\u03c0\u03b9\u03ba\u03c1\u03b1\u03c4\u03b5\u03af \u03c4\u03ce\u03c1\u03b1\n\u03a0\u03bf\u03bb\u03bb\u03ae \u03c6\u03b1\u03c3\u03b1\u03c1\u03af\u03b1\n\u039a\u03ac\u03ba\u03bf\u03c2 \u03b5\u03be\u03b1\u03b5\u03c1\u03b9\u03c3\u03bc\u03cc\u03c2\n\n\u03a4\u03b1 \u03b8\u03b5\u03c4\u03b9\u03ba\u03ac : \n\u03a0\u03ae\u03c1\u03b1\u03bc\u03b5 \u03b1\u03c0\u03cc\u03b4\u03b5\u03b9\u03be\u03b7\n\u039f \u03c3\u03b5\u03c1\u03b2\u03b9\u03c4\u03cc\u03c1\u03bf\u03c2 \u03bc\u03b1\u03c2 \u03ae\u03c4\u03b1\u03bd \u03b5\u03c5\u03b3\u03b5\u03bd\u03b5\u03c3\u03c4\u03b1\u03c4\u03bf\u03c2 - \u03ba\u03b1\u03b9 \u03c7\u03c9\u03c1\u03af\u03c2 \u03b5\u03be\u03c4\u03c1\u03b1\u03b4\u03b1\u03ba\u03b9\u03b1 \n\u03a4\u03bf \u03c0\u03c1\u03cc\u03b3\u03c1\u03b1\u03bc\u03bc\u03b1 \u03bc\u03b1\u03c2 \u03b1\u03c0\u03bf\u03b6\u03b7\u03bc\u03af\u03c9\u03c3\u03b5-\u03ba\u03b1\u03b9 \u03bf\u03b9 \u03b4\u03cd\u03bf \u03ba\u03b1\u03bb\u03bb\u03b9\u03c4\u03ad\u03c7\u03bd\u03b5\u03c2 \u03ae\u03c4\u03b1\u03bd \u03c5\u03c0\u03b5\u03c1\u03bf\u03c7\u03bf\u03b9 \u03ba\u03b1\u03b9 \u03b1\u03c0\u03bf\u03bb\u03b1\u03c5\u03c3\u03c4\u03b9\u03ba\u03bf\u03af \u03bc\u03b5 \u03c6\u03bf\u03b2\u03b5\u03c1\u03ae \u03c3\u03ba\u03b7\u03bd\u03b9\u03ba\u03ae \u03c0\u03b1\u03c1\u03bf\u03c5\u03c3\u03af\u03b1",
            "time": 1551726157
        }
    ],
    "type": "point_of_interest"
}