{
    "id": "c5dfe5b6dfd156503d47c30971726d755051a488",
    "location": {
        "lat": 37.9817703,
        "lng": 23.7191715
    },
    "name": "Cine Kerameikos S.A.",
    "rating": 4.2,
    "reviews": [
        {
            "author_name": "Life Style",
            "author_url": "https://www.google.com/maps/contrib/113446606510393620912/reviews",
            "language": "en",
            "profile_photo_url": "https://lh6.googleusercontent.com/-nT-qzHfdcK4/AAAAAAAAAAI/AAAAAAAAABw/Mewaj7_hXNg/s128-c0x00000000-cc-rp-mo-ba3/photo.jpg",
            "rating": 1,
            "relative_time_description": "7 months ago",
            "text": "Smoking is allowed inside!\nI am smelling like ashtray!\nVery bad experience for non smoker!\nEvent: Vinyl is back",
            "time": 1544373559
        },
        {
            "author_name": "Stavros Stamatoukos",
            "author_url": "https://www.google.com/maps/contrib/101263317316374330077/reviews",
            "language": "en",
            "profile_photo_url": "https://lh6.googleusercontent.com/-XOqKtQ3VC8A/AAAAAAAAAAI/AAAAAAAAMbQ/JHX7t9mevh4/s128-c0x00000000-cc-rp-mo-ba5/photo.jpg",
            "rating": 4,
            "relative_time_description": "2 years ago",
            "text": "A two stages Concert Hall at an interesting urban area of Athens",
            "time": 1479471832
        },
        {
            "author_name": "\u0391\u03bb\u03ad\u03be\u03b1\u03bd\u03b4\u03c1\u03bf\u03c2 \u03a0\u03b1\u03c1\u03c9\u03c4\u03af\u03b4\u03b7\u03c2",
            "author_url": "https://www.google.com/maps/contrib/110396079024358025659/reviews",
            "language": "en",
            "profile_photo_url": "https://lh4.googleusercontent.com/-T8Ka9PNXLrM/AAAAAAAAAAI/AAAAAAAAams/Ql6rIGQWAxI/s128-c0x00000000-cc-rp-mo-ba4/photo.jpg",
            "rating": 5,
            "relative_time_description": "a year ago",
            "text": "Tangolovers festival",
            "time": 1521050554
        },
        {
            "author_name": "ant drom",
            "author_url": "https://www.google.com/maps/contrib/100093825472819928758/reviews",
            "language": "en",
            "profile_photo_url": "https://lh4.googleusercontent.com/-TmQCqMXfC1o/AAAAAAAAAAI/AAAAAAAAM2s/8QvjHGNGTdE/s128-c0x00000000-cc-rp-mo/photo.jpg",
            "rating": 5,
            "relative_time_description": "7 months ago",
            "text": "Perfect !!!",
            "time": 1544276832
        },
        {
            "author_name": "\u03a7\u03c1\u03cd\u03c3\u03b1\u03bd\u03b8\u03bf\u03c2 \u0394\u03ac\u03c1\u03bc\u03b1\u03c2",
            "author_url": "https://www.google.com/maps/contrib/103373388697567628153/reviews",
            "language": "en",
            "profile_photo_url": "https://lh4.googleusercontent.com/-kM0C8yNrVhg/AAAAAAAAAAI/AAAAAAAAQJc/QmzkvdYi3xE/s128-c0x00000000-cc-rp-mo-ba4/photo.jpg",
            "rating": 5,
            "relative_time_description": "2 years ago",
            "text": "A lot of space for conferences",
            "time": 1474140585
        }
    ],
    "type": "movie_theater"
}

