{
    "id": "72d2bd6133708d8eb32bad4542198cdea852baa2",
    "location": {
        "lat": 37.9859671,
        "lng": 23.7223946
    },
    "name": "Vempo Theater",
    "rating": 4.3,
    "reviews": [
        {
            "author_name": "Captain Mike",
            "author_url": "https://www.google.com/maps/contrib/108701135937302064561/reviews",
            "language": "en",
            "profile_photo_url": "https://lh6.googleusercontent.com/-_sOkg_OVnvQ/AAAAAAAAAAI/AAAAAAAAAB8/PSBmmbmrxGw/s128-c0x00000000-cc-rp-mo/photo.jpg",
            "rating": 4,
            "relative_time_description": "a week ago",
            "text": "The building is quite nice, the service is good but all the performances I watched wasn't the best. Good place. Four stars",
            "time": 1564079431
        },
        {
            "author_name": "Ioannis Papageorgiou",
            "author_url": "https://www.google.com/maps/contrib/103046471018459120035/reviews",
            "language": "en",
            "profile_photo_url": "https://lh6.googleusercontent.com/-66P6X95PTMg/AAAAAAAAAAI/AAAAAAAAAAA/ACHi3rfolAPNtMAJyQZ-WEvODSV1S5c9AA/s128-c0x00000000-cc-rp-mo-ba4/photo.jpg",
            "rating": 4,
            "relative_time_description": "3 weeks ago",
            "text": "Nice (although a bit old building) place, A/C full speed working is an asset. Team running the business very supporting to the organizers",
            "time": 1562830458
        },
        {
            "author_name": "George G",
            "author_url": "https://www.google.com/maps/contrib/107751511981047393616/reviews",
            "language": "en",
            "profile_photo_url": "https://lh3.googleusercontent.com/-qvfJ2X4yDiI/AAAAAAAAAAI/AAAAAAAAAAA/ACHi3reGGa9_s7biv3EIMhprom1ef5evgw/s128-c0x00000000-cc-rp-mo-ba3/photo.jpg",
            "rating": 4,
            "relative_time_description": "3 weeks ago",
            "text": "Nice Theater. Satisfaction depends on the casting.",
            "time": 1563011447
        },
        {
            "author_name": "kostas seagull",
            "author_url": "https://www.google.com/maps/contrib/116002735620212538981/reviews",
            "language": "en",
            "profile_photo_url": "https://lh4.googleusercontent.com/-WX4k9dxQTrI/AAAAAAAAAAI/AAAAAAAAAMY/W2K5rvSZL0U/s128-c0x00000000-cc-rp-mo-ba4/photo.jpg",
            "rating": 5,
            "relative_time_description": "4 weeks ago",
            "text": "One of the best theaters.. the temple!",
            "time": 1562327772
        },
        {
            "author_name": "Katerina Sidiropoulou",
            "author_url": "https://www.google.com/maps/contrib/116172381814114578641/reviews",
            "language": "en",
            "profile_photo_url": "https://lh4.googleusercontent.com/-VvN3KzfAQTA/AAAAAAAAAAI/AAAAAAAAAi4/AymxE8abLjo/s128-c0x00000000-cc-rp-mo-ba4/photo.jpg",
            "rating": 5,
            "relative_time_description": "3 weeks ago",
            "text": "Dance Legend Show 2019 - Troy \nIt was amazing!!!! \u2764\ufe0f \u2764\ufe0f \u2764\ufe0f \u2764\ufe0f",
            "time": 1563089249
        }
    ],
    "type": "point_of_interest"
}

