{
    "id": "9028d83398d9a48ceff116f628a41ff127dec01e",
    "location": {
        "lat": 37.9721945,
        "lng": 23.7470774
    },
    "name": "Petit Palais Cinema",
    "rating": 4.2,
    "reviews": [
        {
            "author_name": "ipek \u00f6zsev",
            "author_url": "https://www.google.com/maps/contrib/100957317847753864457/reviews",
            "language": "en",
            "profile_photo_url": "https://lh4.googleusercontent.com/-RCtHXhSZU6E/AAAAAAAAAAI/AAAAAAAAHXU/yX1XNA0RBfE/s128-c0x00000000-cc-rp-mo-ba4/photo.jpg",
            "rating": 4,
            "relative_time_description": "2 months ago",
            "text": "Cute. Cosy. Not to crawded",
            "time": 1556705254
        },
        {
            "author_name": "giannis bratis",
            "author_url": "https://www.google.com/maps/contrib/100606815321577602446/reviews",
            "language": "en",
            "profile_photo_url": "https://lh5.googleusercontent.com/-MJE08UOWw7E/AAAAAAAAAAI/AAAAAAAA2eY/3nwbSPgOSQ8/s128-c0x00000000-cc-rp-mo-ba3/photo.jpg",
            "rating": 3,
            "relative_time_description": "6 months ago",
            "text": "Movie theater from the 80s.Really nice but they have to do something about the heating of the place, it's very cold I was forced to wear my jacket inside the projection room.",
            "time": 1547247049
        },
        {
            "author_name": "Sara Cortellazzi",
            "author_url": "https://www.google.com/maps/contrib/103463487119406857331/reviews",
            "language": "en",
            "profile_photo_url": "https://lh6.googleusercontent.com/-dr6YI6Pq88A/AAAAAAAAAAI/AAAAAAAAn-0/6jR8z4YXGUg/s128-c0x00000000-cc-rp-mo/photo.jpg",
            "rating": 3,
            "relative_time_description": "5 months ago",
            "text": "Nice vintage cinema",
            "time": 1549346234
        },
        {
            "author_name": "\u039c\u03b1\u03c1\u03af\u03b1 \u0394\u03ae\u03bc\u03b1",
            "author_url": "https://www.google.com/maps/contrib/101053975541665980828/reviews",
            "language": "en",
            "profile_photo_url": "https://lh6.googleusercontent.com/-3tlSFRmNmnU/AAAAAAAAAAI/AAAAAAAAAtM/vF9F7Rw-YSs/s128-c0x00000000-cc-rp-mo-ba3/photo.jpg",
            "rating": 4,
            "relative_time_description": "a year ago",
            "text": "Nice local cinema with a balcony. Interesting selection of movies. Good ticket prices.",
            "time": 1516565381
        },
        {
            "author_name": "kostas kritikos",
            "author_url": "https://www.google.com/maps/contrib/114507173351446121580/reviews",
            "language": "en",
            "profile_photo_url": "https://lh6.googleusercontent.com/-tuHDHEUOXtw/AAAAAAAAAAI/AAAAAAAAAAA/ACHi3rc27rw_v9dTOzpqWu-vwbc7EiIsrw/s128-c0x00000000-cc-rp-mo-ba3/photo.jpg",
            "rating": 2,
            "relative_time_description": "10 months ago",
            "text": "Great movies always but the place desperately calls for a renovation",
            "time": 1537047866
        }
    ],
    "type": "movie_theater"
}

