{
    "id": "72acdd821bf4f9d41a92778abef4cfbbc02fadf0",
    "location": {
        "lat": 37.981223,
        "lng": 23.7093577
    },
    "name": "OLVIO theater",
    "rating": 4.4,
    "reviews": [
        {
            "author_name": "Aleka Thanou",
            "author_url": "https://www.google.com/maps/contrib/117558351694123443468/reviews",
            "language": "en",
            "profile_photo_url": "https://lh6.googleusercontent.com/-FR3g29qrZRM/AAAAAAAAAAI/AAAAAAAAAMw/k9mC1Rxz1MQ/s128-c0x00000000-cc-rp-mo-ba2/photo.jpg",
            "rating": 5,
            "relative_time_description": "3 weeks ago",
            "text": "Cozy little theatre in the \ud83d\udc93 of Athens! Nice bar with interesting and relaxing atmosphere!",
            "time": 1562198749
        },
        {
            "author_name": "Your Daily Introvert",
            "author_url": "https://www.google.com/maps/contrib/113349344943683143797/reviews",
            "language": "en",
            "profile_photo_url": "https://lh3.googleusercontent.com/-L__9KC_JeJ0/AAAAAAAAAAI/AAAAAAAAAUo/idMi9E5vPM0/s128-c0x00000000-cc-rp-mo-ba3/photo.jpg",
            "rating": 4,
            "relative_time_description": "2 weeks ago",
            "text": "Great venue with air-condition and bar with bait prices.",
            "time": 1562795161
        },
        {
            "author_name": "Nassos Kourentas",
            "author_url": "https://www.google.com/maps/contrib/114450341842732385195/reviews",
            "language": "en",
            "profile_photo_url": "https://lh4.googleusercontent.com/-QZ5qvOaFXTQ/AAAAAAAAAAI/AAAAAAAAAAA/xbCjXuBb_sY/s128-c0x00000000-cc-rp-mo-ba5/photo.jpg",
            "rating": 3,
            "relative_time_description": "a month ago",
            "text": "Extremely modern conditions offering the chance to non-professionals exert their artistic/acting talent",
            "time": 1559984347
        },
        {
            "author_name": "\u0391\u03bd\u03b4\u03c1\u03ad\u03b1\u03c2 \u03a0\u03b1\u03c0\u03b1\u03bd\u03b5\u03bf\u03c6\u03cd\u03c4\u03bf\u03c5",
            "author_url": "https://www.google.com/maps/contrib/116632448129093429047/reviews",
            "language": "en",
            "profile_photo_url": "https://lh4.googleusercontent.com/-OaeXCZcMfRY/AAAAAAAAAAI/AAAAAAAAAB0/FEALHJtZMt8/s128-c0x00000000-cc-rp-mo-ba3/photo.jpg",
            "rating": 4,
            "relative_time_description": "2 months ago",
            "text": "Nice place, beautiful decoration, easy parking on Spirou Patsi",
            "time": 1558593501
        },
        {
            "author_name": "Spyros Kintzios",
            "author_url": "https://www.google.com/maps/contrib/103531151082031321400/reviews",
            "language": "en",
            "profile_photo_url": "https://lh5.googleusercontent.com/-BVw-EyAWf4o/AAAAAAAAAAI/AAAAAAAAAAA/ACHi3rc2RnYMsqwiDRCuyAWVu_09V4GmYA/s128-c0x00000000-cc-rp-mo/photo.jpg",
            "rating": 5,
            "relative_time_description": "3 months ago",
            "text": "Warm, nice settled theater that hosts very interesting plays!",
            "time": 1554753128
        }
    ],
    "type": "point_of_interest"
}

