{
    "id": "807d90ee61ee2ba1aa5f91cc9eb2b7c42736195f",
    "location": {
        "lat": 37.9348033,
        "lng": 23.6931794
    },
    "name": "Village Cinemas Faliro",
    "rating": 4.3,
    "reviews": [
        {
            "author_name": "olfa olfa",
            "author_url": "https://www.google.com/maps/contrib/100403956534014670929/reviews",
            "language": "en",
            "profile_photo_url": "https://lh4.googleusercontent.com/-zgT6d2Bxz9I/AAAAAAAAAAI/AAAAAAAACAg/lFOQXN2J8dU/s128-c0x00000000-cc-rp-mo-ba2/photo.jpg",
            "rating": 5,
            "relative_time_description": "2 months ago",
            "text": "You have different choice of movies. There's restaurants outside, you can play different games waiting the movie. Excellent quality of sound and picture.",
            "time": 1558542026
        },
        {
            "author_name": "Miran Sarkissian",
            "author_url": "https://www.google.com/maps/contrib/101585495923328372639/reviews",
            "language": "en",
            "profile_photo_url": "https://lh6.googleusercontent.com/-qu5ou6EwVNk/AAAAAAAAAAI/AAAAAAAAAAA/ACHi3rdMA3JY4DoS95Z-LKxBbVkgjlyR6w/s128-c0x00000000-cc-rp-mo-ba4/photo.jpg",
            "rating": 5,
            "relative_time_description": "5 months ago",
            "text": "This is a modern cluster of movie theaters with state of the art viewing and sound facilities. In addition, very comfortable reclining armchairs and plenty of room in every one of the theater units. Being a cinephil for decades I can unequivocally state Village Faliro movie theaters can match any similar facilities around the world.",
            "time": 1550474295
        },
        {
            "author_name": "Amanda Maridakis",
            "author_url": "https://www.google.com/maps/contrib/112434603316247130642/reviews",
            "language": "en",
            "profile_photo_url": "https://lh4.googleusercontent.com/-GcC9qnbB3BE/AAAAAAAAAAI/AAAAAAAAAC8/4TfNh8l9upY/s128-c0x00000000-cc-rp-mo-ba3/photo.jpg",
            "rating": 4,
            "relative_time_description": "3 months ago",
            "text": "Great movie theater, not the greatest parking area. Overall pretty good.",
            "time": 1555296419
        },
        {
            "author_name": "Claudia Souza",
            "author_url": "https://www.google.com/maps/contrib/101291053640993639169/reviews",
            "language": "en",
            "profile_photo_url": "https://lh3.googleusercontent.com/-XA8Z4qE6L44/AAAAAAAAAAI/AAAAAAAAHfg/Hn7xQKplD_U/s128-c0x00000000-cc-rp-mo-ba4/photo.jpg",
            "rating": 5,
            "relative_time_description": "2 months ago",
            "text": "Pipoocaaaa... Popcorn... Filme... Cinema... Amazing",
            "time": 1558886322
        },
        {
            "author_name": "George Charitos",
            "author_url": "https://www.google.com/maps/contrib/103904998231385349262/reviews",
            "language": "en",
            "profile_photo_url": "https://lh5.googleusercontent.com/-fjiLY2lRYfo/AAAAAAAAAAI/AAAAAAAAAIE/Y2y7PswkclQ/s128-c0x00000000-cc-rp-mo-ba3/photo.jpg",
            "rating": 4,
            "relative_time_description": "4 months ago",
            "text": "Good place to view new movies , you can also get food to eat in the cinema , the only problem is when you watch 24:00 and after movies when you get out everything is closed",
            "time": 1552158373
        }
    ],
    "type": "movie_theater"
}

