{
    "id": "82e29fd8c9b07a1a0192cd22b30ee4cab6d468cf",
    "location": {
        "lat": 37.9918149,
        "lng": 23.7284882
    },
    "name": "Alkyonis Art Cinema P.c.",
    "rating": 4,
    "reviews": [
        {
            "author_name": "Thodoris Chalkidis",
            "author_url": "https://www.google.com/maps/contrib/110089290396255634513/reviews",
            "language": "en",
            "profile_photo_url": "https://lh3.googleusercontent.com/-ronDchenFbI/AAAAAAAAAAI/AAAAAAABHbQ/Fhfut1y50rM/s128-c0x00000000-cc-rp-mo-ba5/photo.jpg",
            "rating": 4,
            "relative_time_description": "a year ago",
            "text": "It's just a good small cinema",
            "time": 1522348731
        },
        {
            "author_name": "Luc Praslan",
            "author_url": "https://www.google.com/maps/contrib/117876183634172321808/reviews",
            "language": "en",
            "profile_photo_url": "https://lh5.googleusercontent.com/-lrlzTn2jaNM/AAAAAAAAAAI/AAAAAAAAAAA/ACHi3rffaubUMZxYa1C8P7nGUBW_wi-QoA/s128-c0x00000000-cc-rp-mo/photo.jpg",
            "rating": 5,
            "relative_time_description": "2 years ago",
            "text": "I happened upon the cinema by chance. The feature film had already been running for five minutes when the proprietor kindly ushered me in, free of charge, to watch the film; I Girasoli, 1970. Efkharisto papa!",
            "time": 1498077832
        },
        {
            "author_name": "Nikolaos Chasanis",
            "author_url": "https://www.google.com/maps/contrib/109686320976600069200/reviews",
            "language": "en",
            "profile_photo_url": "https://lh5.googleusercontent.com/-pzLu2wMV9u8/AAAAAAAAAAI/AAAAAAAAE3g/L7jXWKC9Iz8/s128-c0x00000000-cc-rp-mo-ba2/photo.jpg",
            "rating": 5,
            "relative_time_description": "2 years ago",
            "text": "Great Cinema",
            "time": 1485955001
        },
        {
            "author_name": "Youseef Gaar",
            "author_url": "https://www.google.com/maps/contrib/106072230572517377861/reviews",
            "language": "en",
            "profile_photo_url": "https://lh5.googleusercontent.com/-GlIqGUOZ_oI/AAAAAAAAAAI/AAAAAAAABkI/3IOaXhnzuZ0/s128-c0x00000000-cc-rp-mo-ba3/photo.jpg",
            "rating": 5,
            "relative_time_description": "2 years ago",
            "text": "Cool",
            "time": 1499288323
        },
        {
            "author_name": "\u0399\u03c0\u03c4\u03ac\u03bc\u03b5\u03bd\u03bf \u03a7\u03ac\u03bb\u03b9",
            "author_url": "https://www.google.com/maps/contrib/100392596878343266425/reviews",
            "language": "el",
            "profile_photo_url": "https://lh4.googleusercontent.com/-Au_EbOidI7o/AAAAAAAAAAI/AAAAAAAAC5s/9d_nAFLR-eg/s128-c0x00000000-cc-rp-mo-ba5/photo.jpg",
            "rating": 3,
            "relative_time_description": "8 months ago",
            "text": "\u0395\u03bd\u03ce \u03c0\u03c1\u03bf\u03b2\u03ac\u03bb\u03bb\u03bf\u03bd\u03c4\u03b1\u03b9 \u03b5\u03bd\u03b4\u03b9\u03b1\u03c6\u03ad\u03c1\u03bf\u03c5\u03c3\u03b5\u03c2 \u03c4\u03b1\u03b9\u03bd\u03af\u03b5\u03c2. \u03a0\u03c1\u03ce\u03c4\u03bf\u03bd \u03bf \u03c7\u03bf\u03c1\u03cc\u03c2 \u03ae\u03c4\u03b1\u03bd \u03b1\u03c3\u03c5\u03b3\u03c7\u03ce\u03c1\u03b7\u03c4\u03b1 \u03b2\u03c1\u03ce\u03bc\u03b9\u03ba\u03bf\u03c2 \u03ba\u03b1\u03b9 \u0394\u03b5\u03cd\u03c4\u03b5\u03c1\u03bf\u03bd \u03bf \u03ae\u03c7\u03bf\u03c2 \u03b1\u03c0\u03b1\u03c1\u03ac\u03b4\u03b5\u03ba\u03c4\u03bf\u03c2(\u03c4\u03c1\u03af\u03b6\u03b1\u03bd \u03c4\u03b1 \u03b7\u03c7\u03b5\u03af\u03b1 \u03c3\u03c4\u03b1 \u03bc\u03c0\u03ac\u03c3\u03b1). \u0393\u03b5\u03bd\u03b9\u03ba\u03ac \u03c5\u03c0\u03ac\u03c1\u03c7\u03b5\u03b9 \u03bc\u03b9\u03b1 \u03b1\u03af\u03c3\u03b8\u03b7\u03c3\u03b7 \u03c0\u03b1\u03c1\u03b1\u03af\u03c4\u03b7\u03c3\u03b7\u03c2. \u0391\u03c0\u03cc \u03c4\u03b7\u03bd \u03ac\u03bb\u03bb\u03b7 \u03c4\u03b1 \u03c3\u03b9\u03bd\u03b5\u03bc\u03ac \u03c0\u03bf\u03c5 \u03c0\u03c1\u03bf\u03b2\u03ac\u03bb\u03bb\u03bf\u03c5\u03bd \u03c0\u03bf\u03b9\u03bf\u03c4\u03b9\u03ba\u03ad\u03c2 \u03c4\u03b1\u03b9\u03bd\u03af\u03b5\u03c2 \u03c7\u03c1\u03b5\u03b9\u03ac\u03b6\u03bf\u03bd\u03c4\u03b1\u03b9 \u03c5\u03c0\u03bf\u03c3\u03c4\u03ae\u03c1\u03b9\u03be\u03b7.",
            "time": 1540749767
        }
    ],
    "type": "movie_theater"
}

