{
    "id": "91a3aa18ebd57d57438e54d3467d2353f7e0f682",
    "location": {
        "lat": 37.9650559,
        "lng": 23.715205
    },
    "name": "Plateia Filopappou",
    "rating": 5,
    "reviews": [
        {
            "author_name": "Panagiotis R",
            "author_url": "https://www.google.com/maps/contrib/104479829594450507096/reviews",
            "language": "el",
            "profile_photo_url": "https://lh3.googleusercontent.com/-BYGS0XtM6zU/AAAAAAAAAAI/AAAAAAAAABk/hPDPF6vxuQs/s128-c0x00000000-cc-rp-mo-ba4/photo.jpg",
            "rating": 5,
            "relative_time_description": "7 months ago",
            "text": "\u0393\u03c1\u03b1\u03c6\u03b9\u03ba\u03ae \u03c0\u03b5\u03c1\u03b9\u03bf\u03c7\u03ae...",
            "time": 1546540019
        }
    ],
    "type": "park"
}