{
    "id": "a91a050c9f8632d31746d6946f263dbb02dac313",
    "location": {
        "lat": 37.9849258,
        "lng": 23.7252066
    },
    "name": "National Theatre of Greece",
    "rating": 4.7,
    "reviews": [
        {
            "author_name": "Dino Koutsolioutsos",
            "author_url": "https://www.google.com/maps/contrib/114958388856156953558/reviews",
            "language": "en",
            "profile_photo_url": "https://lh3.googleusercontent.com/-K91g75AExn0/AAAAAAAAAAI/AAAAAAAAAKM/RnxUerx1Kdk/s128-c0x00000000-cc-rp-mo-ba3/photo.jpg",
            "rating": 5,
            "relative_time_description": "4 months ago",
            "text": "Well restored national theater of Athens. Two venues inside the same building, the old historic one, beautifully kept, and a smaller space for more experimental theater. Always top level theater performances of the National Theater. You just can't go wrong by attending a theater performances there. Always too quality level word, and totally not staid!!!",
            "time": 1551600744
        },
        {
            "author_name": "Salma Radwan",
            "author_url": "https://www.google.com/maps/contrib/116160763222925048734/reviews",
            "language": "en",
            "profile_photo_url": "https://lh3.googleusercontent.com/-Im0FbjVu3xw/AAAAAAAAAAI/AAAAAAAAAIQ/HKWP6FcVsbI/s128-c0x00000000-cc-rp-mo/photo.jpg",
            "rating": 5,
            "relative_time_description": "a month ago",
            "text": "The translation displayed on the screen was very dark .. I couldn't understand the whole play for that simple reason.. hopefully enlightening the screen a little bit",
            "time": 1560859398
        },
        {
            "author_name": "Ioannis Paisis",
            "author_url": "https://www.google.com/maps/contrib/100798324337210552131/reviews",
            "language": "en",
            "profile_photo_url": "https://lh4.googleusercontent.com/-Xb5y38oIXYY/AAAAAAAAAAI/AAAAAAAAAOA/WLYG0kXYShA/s128-c0x00000000-cc-rp-mo-ba6/photo.jpg",
            "rating": 5,
            "relative_time_description": "3 weeks ago",
            "text": "A great neoclassical building that houses exceptional quality performances. Tickets are inexpensive.",
            "time": 1561843264
        },
        {
            "author_name": "georgia simeonidou",
            "author_url": "https://www.google.com/maps/contrib/116089409402734154371/reviews",
            "language": "en",
            "profile_photo_url": "https://lh3.googleusercontent.com/-2pyxBYSdvkg/AAAAAAAAAAI/AAAAAAAAAmY/amuzydRil3g/s128-c0x00000000-cc-rp-mo-ba2/photo.jpg",
            "rating": 5,
            "relative_time_description": "4 months ago",
            "text": "My favorite theater in Athens. The building is amazing and the time you spend there always with hight quality. The area is not that safe but it worth it. Take the metro and choose omonia metro station. It is like 2\u2019 walking from there. Do not hesitate to take an outside photo and of course to enjoy any event, just to realize the unique feeling. Sometimes there are offers on the tickets.",
            "time": 1552463379
        },
        {
            "author_name": "panajotis p.",
            "author_url": "https://www.google.com/maps/contrib/100138085689349065730/reviews",
            "language": "en",
            "profile_photo_url": "https://lh3.googleusercontent.com/-XTC_Vs8TLcg/AAAAAAAAAAI/AAAAAAAABL0/CRviU62xxQc/s128-c0x00000000-cc-rp-mo/photo.jpg",
            "rating": 5,
            "relative_time_description": "3 months ago",
            "text": "Amazing theater, educating shows. Check the program of the shows regularly",
            "time": 1555538844
        }
    ],
    "type": "point_of_interest"
}

