{
    "id": "5fa5b854038c8d035903d241b7f63c8b9214bb81",
    "location": {
        "lat": 37.979802,
        "lng": 23.7135118
    },
    "name": "EXIT NOW",
    "rating": 4.7,
    "reviews": [
        {
            "author_name": "Nikolaos Kapnoulas",
            "author_url": "https://www.google.com/maps/contrib/102017627668489423311/reviews",
            "language": "en",
            "profile_photo_url": "https://lh4.googleusercontent.com/-LhW2-Ls6_mU/AAAAAAAAAAI/AAAAAAAAAAA/ACHi3rfm4I2TxhiJpHl36IdAQsKAisvMkQ/s128-c0x00000000-cc-rp-mo-ba4/photo.jpg",
            "rating": 5,
            "relative_time_description": "6 months ago",
            "text": "Great escape rooms @ Gazi . Must visit \u2623\ufe0f\u2622\ufe0f",
            "time": 1548833415
        },
        {
            "author_name": "Minos Christodoulakis",
            "author_url": "https://www.google.com/maps/contrib/103263398121887582325/reviews",
            "language": "en",
            "profile_photo_url": "https://lh4.googleusercontent.com/-Ybr7jcjSbug/AAAAAAAAAAI/AAAAAAAAAAA/ACHi3rea8EQdxGOOEMdd6DWZ8E7I6FI-oQ/s128-c0x00000000-cc-rp-mo-ba2/photo.jpg",
            "rating": 5,
            "relative_time_description": "a year ago",
            "text": "Actors make it way more interesting\nWell done!",
            "time": 1524424083
        },
        {
            "author_name": "stelios kabouris",
            "author_url": "https://www.google.com/maps/contrib/109752760367574786550/reviews",
            "language": "en",
            "profile_photo_url": "https://lh3.googleusercontent.com/-mndl_H5LWrk/AAAAAAAAAAI/AAAAAAAAAAs/BUH2uD8jnnQ/s128-c0x00000000-cc-rp-mo/photo.jpg",
            "rating": 5,
            "relative_time_description": "2 months ago",
            "text": "Top",
            "time": 1559598327
        },
        {
            "author_name": "Maik Val.",
            "author_url": "https://www.google.com/maps/contrib/114463031079342588929/reviews",
            "language": "en",
            "profile_photo_url": "https://lh6.googleusercontent.com/-z-7VtnHrkmY/AAAAAAAAAAI/AAAAAAAAJiE/39z7vRZti5c/s128-c0x00000000-cc-rp-mo-ba3/photo.jpg",
            "rating": 4,
            "relative_time_description": "2 years ago",
            "text": "We went as a company group splitted into 3 teams. I've joined the one for dracula room. Our game master was very good at her role and the room's set up was satisfactory with scaling difficulty, but not linear plot at each case \ud83d\ude09",
            "time": 1491039858
        },
        {
            "author_name": "GEORGE ROUSSOS",
            "author_url": "https://www.google.com/maps/contrib/115829503934456053297/reviews",
            "language": "en",
            "profile_photo_url": "https://lh4.googleusercontent.com/-bv3UIsbJRaI/AAAAAAAAAAI/AAAAAAAAAAA/ACHi3rd7dcvU1wpQOaleZPLaux_sDabMRA/s128-c0x00000000-cc-rp-mo/photo.jpg",
            "rating": 5,
            "relative_time_description": "3 years ago",
            "text": "One of the best experiences!! Our team had great fun and we are visiting again soon!",
            "time": 1469455019
        }
    ],
    "type": "point_of_interest"
}