{
    "id": "8104a30929fe66dbf97c43bdddd9ae255ade8444",
    "location": {
        "lat": 37.9792924,
        "lng": 23.7152216
    },
    "name": "Gazi Music Hall",
    "rating": 4.2,
    "reviews": [
        {
            "author_name": "Apostolos Apokremiotis",
            "author_url": "https://www.google.com/maps/contrib/108233930271259441058/reviews",
            "language": "en",
            "profile_photo_url": "https://lh3.googleusercontent.com/-qGzaJ9N_j9o/AAAAAAAAAAI/AAAAAAAAAHY/fOC7PPpuiqk/s128-c0x00000000-cc-rp-mo-ba2/photo.jpg",
            "rating": 1,
            "relative_time_description": "a month ago",
            "text": "Awful acoustics for a concert since the the Mezzanine is cutting off any sound except the bass which travels though the ground, and there is no slope that is obviously crucial in order for the stage to be visible. The air conditioning is not nearly enough for the maximum amount of people that can fit and there aren't enough exits in case of danger. People who leave positive reviews are either on the front row or on the Mezzanine and have no clue about acoustics or safety precautions.",
            "time": 1562247780
        },
        {
            "author_name": "George Varakis",
            "author_url": "https://www.google.com/maps/contrib/111908948059425814706/reviews",
            "language": "en",
            "profile_photo_url": "https://lh4.googleusercontent.com/-ZltUnIObuVA/AAAAAAAAAAI/AAAAAAAAAAA/ACHi3reryTLFEiPDYnixgpUk-uEByUW5Ew/s128-c0x00000000-cc-rp-mo-ba2/photo.jpg",
            "rating": 1,
            "relative_time_description": "a month ago",
            "text": "Absolutely awful and unsuitable place for a metal concert. The volume was very low and the sound quality awful at most spots of the overly crowded arena. Saw dream theater and what would otherwise have been a fantastic show, turned into a parody due to the location",
            "time": 1562154151
        },
        {
            "author_name": "\u0422\u0430\u0442\u044c\u044f\u043d\u0430 \u0414\u0430\u0432\u0438\u0434\u0438\u0447",
            "author_url": "https://www.google.com/maps/contrib/109912200371735682680/reviews",
            "language": "en",
            "profile_photo_url": "https://lh6.googleusercontent.com/-SudNw8UGfso/AAAAAAAAAAI/AAAAAAAAM8o/9qN2Oc30tgI/s128-c0x00000000-cc-rp-mo-ba3/photo.jpg",
            "rating": 5,
            "relative_time_description": "a month ago",
            "text": "Perfect concert organisation. Good sound. Cool place!",
            "time": 1562102227
        },
        {
            "author_name": "Dimitris Koronios",
            "author_url": "https://www.google.com/maps/contrib/112283602213264306785/reviews",
            "language": "en",
            "profile_photo_url": "https://lh4.googleusercontent.com/-uYS1GG211Gg/AAAAAAAAAAI/AAAAAAAAAAA/ACHi3re4ubP_agBrTlOTjUtwi8VddyEofw/s128-c0x00000000-cc-rp-mo/photo.jpg",
            "rating": 1,
            "relative_time_description": "a month ago",
            "text": "Saw Dream Theater there. I have to say, the place was really unsuitable for a heavy metal concert, especially in the middle of the scorching Greek summer. The show was supposed to happen in Alsos Theater (much more suitable imo) but they changed the venue to this place, supposedly due to attendance being quite high.\n\nWell, this place actually was quite small, so that made no sense at all. Also \u2013and I'm not sure if the venue is responsible for this\u2013 volume was way too low! It's a metal concert, people! Turn it UP!\n\nBad venue experience for a band that was super awesome!",
            "time": 1562141993
        },
        {
            "author_name": "\u039c\u03b5\u03bd\u03b5\u03bb\u03b1\u03bf\u03c2 \u03a0\u03b5\u03c4\u03bf\u03c5\u03c3\u03b7\u03c2",
            "author_url": "https://www.google.com/maps/contrib/108207310722059257119/reviews",
            "language": "en",
            "profile_photo_url": "https://lh4.googleusercontent.com/--qButlgG2TA/AAAAAAAAAAI/AAAAAAAAABA/lLNFXOCiYxs/s128-c0x00000000-cc-rp-mo-ba4/photo.jpg",
            "rating": 3,
            "relative_time_description": "a month ago",
            "text": "The concerts are often overcrowded and the it's very hot inside. Also the sound is not very good, of you are not at the front of the stage.",
            "time": 1562189495
        }
    ],
    "type": "point_of_interest"
}