{
    "id": "41b506b36904138b9f871c8ddd327ad87aed5848",
    "location": {
        "lat": 37.9718846,
        "lng": 23.7309036
    },
    "name": "Cinema Pari (Therinos)",
    "rating": 4.5,
    "reviews": [
        {
            "author_name": "James McMaster",
            "author_url": "https://www.google.com/maps/contrib/105112741100867470644/reviews",
            "language": "en",
            "profile_photo_url": "https://lh5.googleusercontent.com/-22DNbbLgMIo/AAAAAAAAAAI/AAAAAAAACOc/Nxzlks84ZeY/s128-c0x00000000-cc-rp-mo-ba5/photo.jpg",
            "rating": 5,
            "relative_time_description": "4 months ago",
            "text": "Marvellous and a great place to be.I love Greece",
            "time": 1551958197
        },
        {
            "author_name": "Tim Schoeman",
            "author_url": "https://www.google.com/maps/contrib/118282648149220544642/reviews",
            "language": "en",
            "profile_photo_url": "https://lh5.googleusercontent.com/-SMsjGFzUMyk/AAAAAAAAAAI/AAAAAAAAAAA/ACHi3rcjIdmEx0JKaYQQLtz4MsrEUs-EYg/s128-c0x00000000-cc-rp-mo-ba3/photo.jpg",
            "rating": 5,
            "relative_time_description": "a month ago",
            "text": "Amazing views",
            "time": 1561211486
        },
        {
            "author_name": "Hakuna Dakata",
            "author_url": "https://www.google.com/maps/contrib/109419944243304648443/reviews",
            "language": "en",
            "profile_photo_url": "https://lh5.googleusercontent.com/-JDQIp9PNvdQ/AAAAAAAAAAI/AAAAAAAADRo/e1gchy6chqc/s128-c0x00000000-cc-rp-mo-ba4/photo.jpg",
            "rating": 1,
            "relative_time_description": "a year ago",
            "text": "Avoid at any cost during weekends. The movie that was supposed to start at 23.05 ended up starting at 22.35, because the canteen wanted to make money money money.",
            "time": 1531609635
        },
        {
            "author_name": "Tony H",
            "author_url": "https://www.google.com/maps/contrib/107601964127931881717/reviews",
            "language": "en",
            "profile_photo_url": "https://lh5.googleusercontent.com/-TimYLXpp5lM/AAAAAAAAAAI/AAAAAAAAAAA/ACHi3rfNwvcsF3ud67wwyD3zWPqgKvTFdQ/s128-c0x00000000-cc-rp-mo-ba4/photo.jpg",
            "rating": 5,
            "relative_time_description": "a year ago",
            "text": "Must go to theatre with gorgeous view of the acropolis...they serve alcohol and even hand out blankets if your feeling cool...very romantic",
            "time": 1507122724
        },
        {
            "author_name": "Khalid Almuzainy",
            "author_url": "https://www.google.com/maps/contrib/100746865282098243728/reviews",
            "language": "en",
            "profile_photo_url": "https://lh3.googleusercontent.com/-h5ACBSCqoyA/AAAAAAAAAAI/AAAAAAAAAg4/x2GZq3wBXoo/s128-c0x00000000-cc-rp-mo-ba3/photo.jpg",
            "rating": 5,
            "relative_time_description": "7 months ago",
            "text": "Nice",
            "time": 1545062407
        }
    ],
    "type": "movie_theater"
}

