{
    "id": "71b3758176d4786e7b675fcb02a03e73acfc53bb",
    "location": {
        "lat": 37.9864117,
        "lng": 23.7333926
    },
    "name": "An Club",
    "rating": 4.4,
    "reviews": [
        {
            "author_name": "Michael Georgoulopoulos",
            "author_url": "https://www.google.com/maps/contrib/117706775492667681357/reviews",
            "language": "en",
            "profile_photo_url": "https://lh3.googleusercontent.com/-ae_YiQquR3k/AAAAAAAAAAI/AAAAAAAAAT8/WmV3TekjRE4/s128-c0x00000000-cc-rp-mo/photo.jpg",
            "rating": 5,
            "relative_time_description": "3 months ago",
            "text": "Awesome place. Energetic live performances. AN is a must-experience at least once in your life",
            "time": 1555583770
        },
        {
            "author_name": "Antonios A",
            "author_url": "https://www.google.com/maps/contrib/113101698876431232175/reviews",
            "language": "en",
            "profile_photo_url": "https://lh3.googleusercontent.com/-epZKtD16tZo/AAAAAAAAAAI/AAAAAAAAACc/-lo77n1yAA4/s128-c0x00000000-cc-rp-mo-ba3/photo.jpg",
            "rating": 3,
            "relative_time_description": "a month ago",
            "text": "Historic venue with fairly professional approach to it.",
            "time": 1561501065
        },
        {
            "author_name": "M Garvik",
            "author_url": "https://www.google.com/maps/contrib/100971082816879733622/reviews",
            "language": "en",
            "profile_photo_url": "https://lh4.googleusercontent.com/-CJooNbIpc94/AAAAAAAAAAI/AAAAAAAAA54/pQHn-IPq8Dg/s128-c0x00000000-cc-rp-mo-ba3/photo.jpg",
            "rating": 4,
            "relative_time_description": "3 weeks ago",
            "text": "Very cool rock club !",
            "time": 1563164879
        },
        {
            "author_name": "Ronnie Halinoja",
            "author_url": "https://www.google.com/maps/contrib/105753612710314826874/reviews",
            "language": "en",
            "profile_photo_url": "https://lh3.googleusercontent.com/-6Ruh3z7E5Hc/AAAAAAAAAAI/AAAAAAAAAAA/ACHi3rcB5F7n8v1i67ZY1qSvQyrakfIcww/s128-c0x00000000-cc-rp-mo-ba3/photo.jpg",
            "rating": 5,
            "relative_time_description": "4 months ago",
            "text": "Thanks An Club for a great concert! Great venue. Perkele had a awsome night!",
            "time": 1554625664
        },
        {
            "author_name": "Ministry Of Concrete",
            "author_url": "https://www.google.com/maps/contrib/104965505848999467712/reviews",
            "language": "en",
            "profile_photo_url": "https://lh5.googleusercontent.com/-z67Ey5YdMls/AAAAAAAAAAI/AAAAAAAAFuc/N9EGYc4qbUI/s128-c0x00000000-cc-rp-mo-ba3/photo.jpg",
            "rating": 5,
            "relative_time_description": "5 months ago",
            "text": "The most original underground live space in Athens. Hosts independent international artists from all genres as well as local heroes.",
            "time": 1551776270
        }
    ],
    "type": "point_of_interest"
}