{
    "id": "88a50094e694c2a8082fac114c1f63405878230b",
    "location": {
        "lat": 37.9823866,
        "lng": 23.7285347
    },
    "name": "Cinema Averof",
    "rating": 2.9,
    "reviews": [
        {
            "author_name": "ct4 ct4",
            "author_url": "https://www.google.com/maps/contrib/104246534980166647569/reviews",
            "language": "en",
            "profile_photo_url": "https://lh5.googleusercontent.com/-vRGowswSZcQ/AAAAAAAAAAI/AAAAAAAAD7Q/9R3UgbPTQ6U/s128-c0x00000000-cc-rp-mo/photo.jpg",
            "rating": 3,
            "relative_time_description": "5 months ago",
            "text": "I went yesterday there alone,I just wanted to see what place is that,I like cause have only older man's mostly daddy's,okay it wasn't so clean but who cares.",
            "time": 1549886065
        },
        {
            "author_name": "\u039d\u03b9\u03ba\u03cc\u03bb\u03b1\u03bf\u03c2 \u039d\u03c4\u03b1\u03bd\u03c4\u03b1\u03bb\u03ae\u03c2",
            "author_url": "https://www.google.com/maps/contrib/100738710544834037412/reviews",
            "language": "en",
            "profile_photo_url": "https://lh5.googleusercontent.com/-M-vEXWgYdi0/AAAAAAAAAAI/AAAAAAACYNM/2HQd0GUMH4Y/s128-c0x00000000-cc-rp-mo-ba6/photo.jpg",
            "rating": 5,
            "relative_time_description": "3 years ago",
            "text": "Mainstream gay dating point for 30+ \nStraight and gay movies \nSmoking lounge \nFree condoms by the community \nSafe and no escorts ",
            "time": 1465985756
        },
        {
            "author_name": "antonio roberti",
            "author_url": "https://www.google.com/maps/contrib/116556336673590004284/reviews",
            "language": "it",
            "profile_photo_url": "https://lh5.googleusercontent.com/-xhTYPaCMWF0/AAAAAAAAAAI/AAAAAAAAAAA/ACHi3rfJ4J-UI15Ik-mHoV-AXrwPt6CVCw/s128-c0x00000000-cc-rp-mo-ba4/photo.jpg",
            "rating": 4,
            "relative_time_description": "2 weeks ago",
            "text": "Buon cinema, persone mature, anche molto...",
            "time": 1563097491
        },
        {
            "author_name": "Spiros Pyrsos",
            "author_url": "https://www.google.com/maps/contrib/117648569135442108672/reviews",
            "language": "el",
            "profile_photo_url": "https://lh4.googleusercontent.com/-Ddlrdq6017s/AAAAAAAAAAI/AAAAAAAAEbs/EkFGA7LepNk/s128-c0x00000000-cc-rp-mo-ba4/photo.jpg",
            "rating": 3,
            "relative_time_description": "3 years ago",
            "text": "\u0391\u03bd \u03c0\u03b5\u03c1\u03ac\u03c3\u03b5\u03b9\u03c2 \u03b1\u03c0\u03bf \u03ad\u03be\u03c9 \u03ba\u03b1\u03c4\u03b1\u03bb\u03b1\u03b2\u03b1\u03af\u03bd\u03b5\u03b9\u03c2... \u03bf\u03c4\u03b9 \u03b4\u03b5\u03bd \u03c0\u03b1\u03af\u03b6\u03b5\u03b9 blockbuster \u03c4\u03b1\u03b9\u03bd\u03af\u03b5\u03c2 \u03b5\u03b4\u03c9.. 2 \u03ad\u03c1\u03b3\u03b1 \u03c3\u03b5\u03be \u03bc\u03cc\u03bd\u03bf :p ",
            "time": 1450699317
        },
        {
            "author_name": "Dhimiter Sadiraj",
            "author_url": "https://www.google.com/maps/contrib/103540191663749901241/reviews",
            "language": "el",
            "profile_photo_url": "https://lh6.googleusercontent.com/-ynZ0e3wJoMM/AAAAAAAAAAI/AAAAAAAAAAA/ACHi3rfDTl40OE9WaLVW44Vmldq07Nh1Ag/s128-c0x00000000-cc-rp-mo-ba3/photo.jpg",
            "rating": 1,
            "relative_time_description": "2 years ago",
            "text": "Megales ilikies",
            "time": 1496741635
        }
    ],
    "type": "movie_theater"
}

