{
    "id": "330eb2687b079af49011d106d9f98e5f698b2f2d",
    "location": {
        "lat": 37.9836105,
        "lng": 23.7333743
    },
    "name": "TRES",
    "rating": 3.5,
    "reviews": [
        {
            "author_name": "Emre Mutlu",
            "author_url": "https://www.google.com/maps/contrib/112139655299645423786/reviews",
            "language": "en",
            "profile_photo_url": "https://lh4.googleusercontent.com/-xh_VtoIe-2s/AAAAAAAAAAI/AAAAAAAAA5I/AvQRRx0Xk1c/s128-c0x00000000-cc-rp-mo-ba2/photo.jpg",
            "rating": 1,
            "relative_time_description": "4 months ago",
            "text": "Does it really worth the money?",
            "time": 1554838843
        },
        {
            "author_name": "panajotis p.",
            "author_url": "https://www.google.com/maps/contrib/100138085689349065730/reviews",
            "language": "en",
            "profile_photo_url": "https://lh3.googleusercontent.com/-XTC_Vs8TLcg/AAAAAAAAAAI/AAAAAAAABL0/CRviU62xxQc/s128-c0x00000000-cc-rp-mo/photo.jpg",
            "rating": 3,
            "relative_time_description": "5 months ago",
            "text": "Excellent events good service water is expensive drinks at a fair price",
            "time": 1551654098
        },
        {
            "author_name": "Takis Vais",
            "author_url": "https://www.google.com/maps/contrib/118000379144925645288/reviews",
            "language": "en",
            "profile_photo_url": "https://lh4.googleusercontent.com/-ggFJF8bM_yg/AAAAAAAAAAI/AAAAAAAALYk/AiSfwIIe_cg/s128-c0x00000000-cc-rp-mo-ba4/photo.jpg",
            "rating": 2,
            "relative_time_description": "a year ago",
            "text": "Sound was horrible and there was no ventilation or air-condition.",
            "time": 1525292041
        },
        {
            "author_name": "Teteo Tolis",
            "author_url": "https://www.google.com/maps/contrib/113888630859472929083/reviews",
            "language": "el",
            "profile_photo_url": "https://lh3.googleusercontent.com/-NoKdrKHsNMM/AAAAAAAAAAI/AAAAAAAAQaU/0W6Sht8mpHg/s128-c0x00000000-cc-rp-mo/photo.jpg",
            "rating": 2,
            "relative_time_description": "5 months ago",
            "text": "\u03a0\u03ae\u03b3\u03b1\u03bc\u03b5 \u03c3\u03c4\u03bf \u03b1\u03c0\u03bf\u03ba\u03c1\u03b9\u03ac\u03c4\u03b9\u03ba\u03bf \u03c0\u03ac\u03c1\u03c4\u03c5 \u03c0\u03b1\u03c1\u03ad\u03b1 \u03c0\u03ad\u03bd\u03c4\u03b5 \u03b1\u03c4\u03cc\u03bc\u03c9\u03bd. \u0394\u03b5\u03bd \u03c0\u03b5\u03c1\u03ac\u03c3\u03b1\u03bc\u03b5 \u03ba\u03b1\u03b8\u03cc\u03bb\u03bf\u03c5 \u03ba\u03b1\u03bb\u03ac.\n\u0391\u03c0\u03cc \u03c4\u03b7\u03bd \u03ce\u03c1\u03b1 \u03c0\u03bf\u03c5 \u03c6\u03c4\u03ac\u03c3\u03b1\u03bc\u03b5 \u03bc\u03ad\u03c7\u03c1\u03b9 \u03c4\u03b7\u03bd \u03ce\u03c1\u03b1 \u03c0\u03bf\u03c5 \u03c6\u03cd\u03b3\u03b1\u03bc\u03b5 (\u03b5\u03ba\u03bd\u03b5\u03c5\u03c1\u03b9\u03c3\u03bc\u03ad\u03bd\u03bf\u03b9) \u03c0\u03b5\u03c1\u03b9\u03bc\u03ad\u03bd\u03b1\u03bc\u03b5 \u03c3\u03b5 \u03bc\u03af\u03b1 \u03c4\u03b5\u03c1\u03ac\u03c3\u03c4\u03b9\u03b1 \u03bf\u03c5\u03c1\u03ac \u03b3\u03b9\u03b1 \u03c0\u03bf\u03c4\u03cc \u03bc\u03c0\u03c1\u03bf\u03c3\u03c4\u03ac \u03b1\u03c0\u03cc \u03c4\u03bf \u03bc\u03c0\u03b1\u03c1 \u03c4\u03bf \u03bf\u03c0\u03bf\u03af\u03bf \u03c0\u03c1\u03bf\u03c3\u03c0\u03b1\u03b8\u03bf\u03cd\u03c3\u03b1\u03bd \u03bd\u03b1 \u03c3\u03b5\u03c1\u03b2\u03af\u03c1\u03bf\u03c5\u03bd \u03b4\u03cd\u03bf \u03bc\u03cc\u03bd\u03bf \u03c3\u03b5\u03c1\u03b2\u03b9\u03c4\u03cc\u03c1\u03b5\u03c2 \u03c3\u03b5 \u03c0\u03ac\u03bd\u03c9 \u03b1\u03c0\u03cc 200 \u03ac\u03c4\u03bf\u03bc\u03b1 \u03bf\u03c5\u03c1\u03ac. \n\u039f\u03b9 \u03bf\u03c0\u03bf\u03af\u03b5\u03c2 \u03b2\u03c1\u03af\u03b6\u03bf\u03bd\u03c4\u03bf\u03c5\u03c3\u03c4\u03b1\u03bd \u03bc\u03b5 \u03ad\u03bd\u03b1\u03bd \u03c5\u03c0\u03b5\u03cd\u03b8\u03c5\u03bd\u03bf \u03ba\u03b1\u03b9 \u03c4\u03bf\u03bd \u03ba\u03cc\u03c3\u03bc\u03bf \u03c0\u03bf\u03c5 \u03b5\u03af\u03c7\u03b5 \u03c0\u03b1\u03c1\u03ac\u03c0\u03bf\u03bd\u03bf \u03b4\u03b9\u03cc\u03c4\u03b9 \u03bf \u03c5\u03c0\u03b5\u03cd\u03b8\u03c5\u03bd\u03bf\u03c2 \u03b4\u03b5\u03bd \u03b5\u03af\u03c7\u03b5 \u03b2\u03ac\u03bb\u03b5\u03b9 \u03ba\u03ac\u03c0\u03bf\u03b9\u03bf\u03bd \u03bd\u03b1 \u03c4\u03bf\u03c5\u03c2 \u03c0\u03c1\u03bf\u03bc\u03b7\u03b8\u03b5\u03cd\u03b5\u03b9 \u03bc\u03c0\u03cd\u03c1\u03b1 \u03ba\u03b1\u03b9 \u03c0\u03bf\u03c4\u03ac \u03b1\u03c0\u03cc \u03c4\u03b7\u03bd \u03b1\u03c0\u03bf\u03b8\u03ae\u03ba\u03b7.\n\u03bc\u03b5 \u03b1\u03c0\u03bf\u03c4\u03ad\u03bb\u03b5\u03c3\u03bc\u03b1 \u03c4\u03bf \u03c4\u03b1\u03b3\u03bc\u03ad\u03bd\u03bf \u03c0\u03bf\u03c4\u03cc \u03c4\u03c9\u03bd 6 \u03b5\u03c5\u03c1\u03ce \u03c0\u03bf\u03c5 \u03c0\u03bb\u03ae\u03c1\u03c9\u03bd\u03b5 \u03bf \u03ba\u03cc\u03c3\u03bc\u03bf\u03c2 \u03c3\u03c4\u03b7\u03bd \u03b5\u03af\u03c3\u03bf\u03b4\u03bf \u03bd\u03b1 \u03bc\u03b7\u03bd \u03c4\u03bf \u03ad\u03c0\u03b1\u03b9\u03c1\u03bd\u03b5 \u03c0\u03bf\u03c4\u03ad \u03ba\u03b1\u03b9 \u03bd\u03b1 \u03b4\u03b9\u03b1\u03bc\u03b1\u03c1\u03c4\u03cd\u03c1\u03b5\u03c4\u03b1\u03b9 \u03c3\u03c4\u03b9\u03c2 \u03ba\u03bf\u03c0\u03ad\u03bb\u03b5\u03c2 \u03bf\u03b9 \u03bf\u03c0\u03bf\u03af\u03b5\u03c2 \u03b4\u03bf\u03cd\u03bb\u03b5\u03c5\u03b1\u03bd \u03c5\u03c0\u03cc \u03c0\u03bf\u03bb\u03cd \u03ba\u03b1\u03ba\u03ad\u03c2 \u03c3\u03c5\u03bd\u03b8\u03ae\u03ba\u03b5\u03c2 \u03ba\u03b1\u03b9 \u03bc\u03b5 \u03c0\u03bf\u03bb\u03cd \u03c3\u03c4\u03c1\u03b5\u03c2.\n\u039f \u03c7\u03bf\u03c1\u03cc\u03c2 \u03b2\u03c1\u03ce\u03bc\u03b1\u03b3\u03b5 \u03c4\u03c3\u03b9\u03b3\u03b1\u03c1\u03af\u03bb\u03b1 \u03ba\u03b1\u03b9 \u03b5\u03af\u03c7\u03b5 \u03ba\u03b1\u03ba\u03cc \u03b5\u03be\u03b1\u03b5\u03c1\u03b9\u03c3\u03bc\u03cc.\n\u03a4\u03bf \u03c0\u03ac\u03c4\u03c9\u03bc\u03b1 \u03c3\u03c4\u03bf \u03bf\u03c0\u03bf\u03af\u03bf \u03c0\u03b5\u03c1\u03c0\u03b1\u03c4\u03bf\u03cd\u03c3\u03b1\u03bc\u03b5 \u03b2\u03bf\u03cd\u03bb\u03b9\u03b1\u03b6\u03b5 (\u03c4\u03bf \u03c0\u03ac\u03c4\u03c9\u03bc\u03b1 \u03bc\u03c0\u03c1\u03bf\u03c3\u03c4\u03ac \u03b1\u03c0\u03cc \u03c4\u03bf \u03bc\u03c0\u03b1\u03c1) \n\u03a4\u03b1 \u03b7\u03c7\u03b5\u03af\u03b1 \u03b5\u03af\u03c7\u03b1\u03bd \u03c4\u03cc\u03c3\u03bf \u03ba\u03b1\u03ba\u03b1 \u03c0\u03c1\u03af\u03bc\u03b1 \u03c0\u03bf\u03c5 \u03c3\u03bf\u03c5 \u03c0\u03bf\u03bd\u03bf\u03cd\u03c3\u03b1\u03bd \u03c4\u03b1 \u03b1\u03c5\u03c4\u03b9\u03ac \u03b1\u03ba\u03cc\u03bc\u03b1 \u03ba\u03b1\u03b9 \u03c0\u03bf\u03c5 \u03ae\u03c4\u03b1\u03bd \u03c7\u03b1\u03bc\u03b7\u03bb\u03ac (\u03c0\u03b5\u03c1\u03af\u03c0\u03bf\u03c5 \u03cc\u03c4\u03b9 \u03c3\u03c5\u03bc\u03b2\u03b1\u03af\u03bd\u03b5\u03b9 \u03bc\u03b5 \u03ba\u03b1\u03ba\u03ac \u03b7\u03c7\u03b5\u03af\u03b1 \u03cc\u03c4\u03b1\u03bd \u03c4\u03b1 \u03b2\u03ac\u03b6\u03b5\u03b9\u03c2 \u03c3\u03c4\u03bf \u03c4\u03ad\u03c1\u03bc\u03b1) \u03c0\u03b9\u03b8\u03b1\u03bd\u03cc\u03c4\u03b1\u03c4\u03b1 \u03ae\u03c4\u03b1\u03bd \u03b1\u03c1\u03c5\u03b8\u03bc\u03af\u03c3\u03c4\u03b1?\n\u03a4\u03b1 retro video games \u03c4\u03b1 \u03bf\u03c0\u03bf\u03af\u03b1 \u03b4\u03b9\u03b1\u03c6\u03ae\u03bc\u03b9\u03b6\u03b1\u03bd \u03ae\u03c4\u03b1\u03bd \u03b1\u03c0\u03bb\u03ac \u03ad\u03bd\u03b1 \u03c4\u03c1\u03b1\u03c0\u03ad\u03b6\u03b9 \u03bc\u03b5 \u03bc\u03b5\u03c1\u03b9\u03ba\u03ac \u03b5\u03ba\u03b8\u03ad\u03bc\u03b1\u03c4\u03b1 \u03ba\u03b1\u03b9 \u03c4\u03c1\u03af\u03b1 \u03ba\u03bb\u03b1\u03c3\u03b9\u03ba\u03ac \u03bf\u03c5\u03c6\u03ac\u03b4\u03b9\u03ba\u03b1.\n\u038c\u03bb\u03bf\u03c2 \u03bf \u03ba\u03cc\u03c3\u03bc\u03bf\u03c2 \u03ba\u03c1\u03b1\u03c4\u03bf\u03cd\u03c3\u03b5 \u03c4\u03b1 \u03c0\u03c1\u03ac\u03b3\u03bc\u03b1\u03c4\u03b1 \u03c4\u03bf\u03c5 \u03ba\u03b1\u03b9 \u03c4\u03b1 \u03bc\u03c0\u03bf\u03c5\u03c6\u03ac\u03bd \u03c4\u03bf\u03c5 \u03c3\u03c4\u03bf \u03c7\u03ad\u03c1\u03b9 \u03bc\u03b5 \u03b1\u03c0\u03bf\u03c4\u03ad\u03bb\u03b5\u03c3\u03bc\u03b1 \u03bd\u03b1 \u03bc\u03b7\u03bd \u03bc\u03c0\u03bf\u03c1\u03bf\u03cd\u03bd \u03bd\u03b1 \u03c7\u03bf\u03c1\u03ad\u03c8\u03bf\u03c5\u03bd. \u03a5\u03c0\u03ae\u03c1\u03c7\u03b5 \u03bc\u03b5\u03bd \u03c7\u03ce\u03c1\u03bf\u03c2 \u03c0\u03bf\u03c5 \u03c6\u03c5\u03bb\u03bf\u03cd\u03c3\u03b1\u03bd \u03c4\u03b1 \u03bc\u03c0\u03bf\u03c5\u03c6\u03ac\u03bd \u03c4\u03bf\u03c5 \u03ba\u03cc\u03c3\u03bc\u03bf\u03c5 \u03ba\u03b1\u03b9 \u03c4\u03b1 \u03c0\u03c1\u03ac\u03b3\u03bc\u03b1\u03c4\u03ac \u03c4\u03bf\u03c5\u03c2 \u03b1\u03bb\u03bb\u03ac \u03b1\u03c5\u03c4\u03cc\u03c2 \u03bf \u03c7\u03ce\u03c1\u03bf\u03c2 \u03ae\u03c4\u03b1\u03bd \u03bc\u03b5\u03c1\u03b9\u03ba\u03ad\u03c2 \u03ba\u03c1\u03b5\u03bc\u03ac\u03c3\u03c4\u03c1\u03b5\u03c2 \u03c3\u03b5 \u03bc\u03af\u03b1 \u03b1\u03c0\u03bf\u03b8\u03ae\u03ba\u03b7 \u03c7\u03c9\u03c1\u03af\u03c2 \u03ba\u03b1\u03bc\u03af\u03b1 \u03bf\u03c5\u03c3\u03b9\u03b1\u03c3\u03c4\u03b9\u03ba\u03ae \u03b1\u03c3\u03c6\u03ac\u03bb\u03b5\u03b9\u03b1 \u03ba\u03b1\u03b9 \u03bd\u03bf\u03c5\u03bc\u03b5\u03c1\u03ac\u03ba\u03b9. \u039c\u03b5 \u03bb\u03af\u03b3\u03b1 \u03bb\u03cc\u03b3\u03b9\u03b1 \u03b8\u03b1 \u03bc\u03c0\u03bf\u03c1\u03bf\u03cd\u03c3\u03b5 \u03c0\u03bf\u03bb\u03cd \u03b5\u03cd\u03ba\u03bf\u03bb\u03b1 \u03bd\u03b1 \u03b3\u03af\u03bd\u03b5\u03b9 \u03ad\u03bd\u03b1 \u03bb\u03ac\u03b8\u03bf\u03c2 \u03ba\u03b1\u03b9 \u03ba\u03ac\u03c0\u03bf\u03b9\u03bf\u03c2 \u03bd\u03b1 \u03c3\u03bf\u03c5 \u03c0\u03ac\u03c1\u03b5\u03b9 \u03c4\u03bf \u03bc\u03c0\u03bf\u03c5\u03c6\u03ac\u03bd. \u039a\u03b1\u03b9 \u03c3\u03b1\u03bd \u03b5\u03c0\u03cc\u03bc\u03b5\u03bd\u03bf \u03ae\u03c4\u03b1\u03bd \u03c0\u03bf\u03bb\u03cd \u03bb\u03bf\u03b3\u03b9\u03ba\u03cc \u03ba\u03b1\u03bd\u03b5\u03af\u03c2 \u03bd\u03b1 \u03bc\u03b7\u03bd \u03b5\u03bc\u03c0\u03b9\u03c3\u03c4\u03b5\u03cd\u03b5\u03c4\u03b1\u03b9 \u03ad\u03bd\u03b1 \u03c4\u03ad\u03c4\u03bf\u03b9\u03bf \u03c7\u03ce\u03c1\u03bf. \n\u0395\u03c0\u03af\u03c3\u03b7\u03c2 \u03bc\u03af\u03b1 \u03ba\u03b1\u03bb\u03ae \u03bb\u03cd\u03c3\u03b7 \u03b3\u03b9\u03b1 \u03c4\u03bf \u03c0\u03ac\u03c4\u03c9\u03bc\u03b1 \u03c0\u03bf\u03c5 \u03ba\u03cc\u03bb\u03bb\u03b1\u03b3\u03b5 \u03b1\u03c0\u03bf \u03c4\u03b9\u03c2 \u03c7\u03c5\u03bc\u03b5\u03bd\u03b5\u03c2  \u03c0\u03bf\u03c1\u03c4\u03bf\u03ba\u03b1\u03bb\u03ac\u03b4\u03b5\u03c2.. \u03b8\u03b1 \u03bc\u03c0\u03bf\u03c1\u03bf\u03cd\u03c3\u03b1\u03bd  \u03c4\u03b1 \u03c0\u03bf\u03c4\u03ac \u03c3\u03c4\u03b1 \u03c0\u03bb\u03b1\u03c3\u03c4\u03b9\u03ba\u03ac \u03c0\u03bf\u03c4\u03b7\u03c1\u03ac\u03ba\u03b9\u03b1 \u03bd\u03b1 \u03ad\u03c7\u03bf\u03c5\u03bd\u03b5 ...\u03ba\u03b1\u03c0\u03ac\u03ba\u03b9.\n\n\u03a4\u03bf \u03bc\u03cc\u03bd\u03bf \u03b8\u03b5\u03c4\u03b9\u03ba\u03cc \u03ae\u03c4\u03b1\u03bd \u03bf \u03ba\u03cc\u03c3\u03bc\u03bf\u03c2 \u03c0\u03bf\u03c5 \u03b5\u03af\u03c7\u03b5 \u03c0\u03ac\u03c1\u03b1 \u03c0\u03bf\u03bb\u03cd \u03b3\u03bf\u03cd\u03c3\u03c4\u03bf \u03ba\u03b1\u03b9 \u03c0\u03ac\u03c1\u03b1 \u03c0\u03bf\u03bb\u03cd \u03c9\u03c1\u03b1\u03af\u03bf \u03c3\u03c4\u03bf\u03bb\u03ad\u03c2! \u0391\u03bb\u03bb\u03ac \u03b4\u03b5\u03bd \u03ad\u03c7\u03b5\u03b9 \u03ba\u03b1\u03bc\u03af\u03b1 \u03c3\u03c7\u03ad\u03c3\u03b7 \u03bc\u03b5 \u03c4\u03bf \u03bc\u03b1\u03b3\u03b1\u03b6\u03af!\n\n\u0391\u03bd\u03b1\u03c1\u03c9\u03c4\u03b9\u03ad\u03bc\u03b1\u03b9 \u03c4\u03b9 \u03b1\u03c0\u03cc \u03cc\u03bb\u03b1 \u03b1\u03c5\u03c4\u03ac \u03b5\u03b2\u03b1\u03bb\u03b1\u03bd \u03bf\u03b9 \u03c7\u03bf\u03c1\u03b7\u03b3\u03bf\u03af \u03c0\u03bf\u03c5 \u03b5\u03af\u03c7\u03b5 \u03c4\u03bf event (???)",
            "time": 1552185611
        },
        {
            "author_name": "Nikos Karras",
            "author_url": "https://www.google.com/maps/contrib/100566657167143415535/reviews",
            "language": "el",
            "profile_photo_url": "https://lh5.googleusercontent.com/-S9D0NLATtGA/AAAAAAAAAAI/AAAAAAAACT0/3ZR_2IIOWbI/s128-c0x00000000-cc-rp-mo-ba5/photo.jpg",
            "rating": 4,
            "relative_time_description": "3 months ago",
            "text": "\u039f \u03c7\u03ce\u03c1\u03bf\u03c2 \u03c7\u03c1\u03b5\u03b9\u03ac\u03b6\u03b5\u03c4\u03b1\u03b9 \u03c1\u03b9\u03b6\u03b9\u03ba\u03ae \u03b1\u03bd\u03b1\u03ba\u03b1\u03af\u03bd\u03b9\u03c3\u03b7!",
            "time": 1556995154
        }
    ],
    "type": "point_of_interest"
}