{
    "id": "3cd6daeb7c524174dd5e49a902c36667af9f63c9",
    "location": {
        "lat": 37.9672511,
        "lng": 23.7499397
    },
    "name": "Cinema Palas",
    "rating": 4.2,
    "reviews": [
        {
            "author_name": "elena ketselidou",
            "author_url": "https://www.google.com/maps/contrib/101621648274963359230/reviews",
            "language": "en",
            "profile_photo_url": "https://lh5.googleusercontent.com/-jQoTw_zoHdU/AAAAAAAAAAI/AAAAAAAAh30/7UL4L-7z5ig/s128-c0x00000000-cc-rp-mo-ba4/photo.jpg",
            "rating": 5,
            "relative_time_description": "in the last week",
            "text": "Original vintage open air cinema",
            "time": 1564220780
        },
        {
            "author_name": "dimos gaganis",
            "author_url": "https://www.google.com/maps/contrib/103212109575441453265/reviews",
            "language": "en",
            "profile_photo_url": "https://lh4.googleusercontent.com/-wjOG58TB2y8/AAAAAAAAAAI/AAAAAAAAAAA/ACHi3rc8G44TxT0bgGTTgVrh6QIiIqpd0g/s128-c0x00000000-cc-rp-mo/photo.jpg",
            "rating": 1,
            "relative_time_description": "6 months ago",
            "text": "Amazing cinema, but so run down that it is not visitable",
            "time": 1548007494
        },
        {
            "author_name": "Carito Anieles",
            "author_url": "https://www.google.com/maps/contrib/111528204711883736393/reviews",
            "language": "en",
            "profile_photo_url": "https://lh4.googleusercontent.com/-vDCxl6euqTM/AAAAAAAAAAI/AAAAAAAAAAA/ACHi3rd3dxOJh0i5A0KMI0ESztR-9fouVw/s128-c0x00000000-cc-rp-mo-ba2/photo.jpg",
            "rating": 5,
            "relative_time_description": "9 months ago",
            "text": "I like so much this legendary cinema it's great to know that they still keep the original place as when it started :)",
            "time": 1539929486
        },
        {
            "author_name": "niki kavoukli",
            "author_url": "https://www.google.com/maps/contrib/116057248276745075086/reviews",
            "language": "en",
            "profile_photo_url": "https://lh5.googleusercontent.com/-7hBCq6B3aL0/AAAAAAAAAAI/AAAAAAAAACU/T6DRjM10Wnk/s128-c0x00000000-cc-rp-mo-ba4/photo.jpg",
            "rating": 5,
            "relative_time_description": "a year ago",
            "text": "Favourite place since I was a child. Wonderful owner! It stands there, an art nouveau cinema, since 1925! A historic place still beautiful and full of good energy! Love to watch movies there! Also the price of one ticket for three movies whenever (10\u20ac),  is extraordinary!!!",
            "time": 1516036891
        },
        {
            "author_name": "Ioannis Gongakis",
            "author_url": "https://www.google.com/maps/contrib/107201408650614514662/reviews",
            "language": "en",
            "profile_photo_url": "https://lh3.googleusercontent.com/-QA1QBgIFVsE/AAAAAAAAAAI/AAAAAAAAAPA/vcYLWinWoos/s128-c0x00000000-cc-rp-mo-ba5/photo.jpg",
            "rating": 3,
            "relative_time_description": "a year ago",
            "text": "This place is owned by an aged couple. Maybe the oldest cinema in Greece. Does not offer a variety of movies or snacks and coffee, but is very cheap and wide. Usually not crowded. Can watch three movies with a single \u20ac10 ticket. Any movie, anytime. A good choice for romantic and nostalgic people. Parking is hard before 21:00, @ Pangration zone.",
            "time": 1516309746
        }
    ],
    "type": "movie_theater"
}

