{
    "id": "7335b9cc0c1d9830d798c767c070bc2a63fc52e7",
    "location": {
        "lat": 37.9726944,
        "lng": 23.716562
    },
    "name": "Alsos Petralonon",
    "rating": 4.1,
    "reviews": [
        {
            "author_name": "Believer JPK",
            "author_url": "https://www.google.com/maps/contrib/117870442076447791547/reviews",
            "language": "el",
            "profile_photo_url": "https://lh5.googleusercontent.com/-FpTXtEvF-qk/AAAAAAAAAAI/AAAAAAAAAFc/ymhGXgFTsbU/s128-c0x00000000-cc-rp-mo-ba3/photo.jpg",
            "rating": 5,
            "relative_time_description": "a month ago",
            "text": "\u0388\u03bc\u03b5\u03bd\u03b1 \u03a7\u03c1\u03cc\u03bd\u03b9\u03b1 \u03c3\u03c4\u03ae \u03c3\u03c5\u03b3\u03ba\u03b5\u03ba\u03c1\u03b9\u03bc\u03ad\u03bd\u03b7 \u03c0\u03b5\u03c1\u03b9\u03bf\u03c7\u03ae...",
            "time": 1562864453
        },
        {
            "author_name": "Believer JPK I.KOUBIS",
            "author_url": "https://www.google.com/maps/contrib/104023907099357664063/reviews",
            "language": "el",
            "profile_photo_url": "https://lh4.googleusercontent.com/-tnD56v7xWxU/AAAAAAAAAAI/AAAAAAAABHI/RFIFJ__4TZM/s128-c0x00000000-cc-rp-mo-ba3/photo.jpg",
            "rating": 5,
            "relative_time_description": "2 months ago",
            "text": "\u039c\u03b9\u03ac \u03b2\u03cc\u03bb\u03c4\u03b1 \u03c3\u03c4\u03bf \u03ac\u03bb\u03c3\u03bf\u03c2 \u03b1\u03c5\u03c4\u03cc \u03b1\u03bd\u03b1\u03b6\u03c9\u03bf\u03b3\u03bf\u03bd\u03b5\u03af \u03c4\u03cc\u03bd \u03cc\u03c1\u03b3\u03b1\u03bd\u03b9\u03c3\u03bc\u03cc \u03bc\u03b1\u03c2...",
            "time": 1558929263
        },
        {
            "author_name": "markos blks",
            "author_url": "https://www.google.com/maps/contrib/100892670379450232261/reviews",
            "language": "el",
            "profile_photo_url": "https://lh6.googleusercontent.com/-_ZKpZe51t9g/AAAAAAAAAAI/AAAAAAAAAAA/ACHi3rdt6QOyDiRV_JsqYzAqXKFP3THiCg/s128-c0x00000000-cc-rp-mo-ba4/photo.jpg",
            "rating": 5,
            "relative_time_description": "3 months ago",
            "text": "\u03a0\u03bf\u03bb\u03cd \u03c9\u03c1\u03b1\u03af\u03b1 \u03b2\u03cc\u03bb\u03c4\u03b1 \u03cc\u03c4\u03b9 \u03c0\u03c1\u03ad\u03c0\u03b5\u03b9 \u03b3\u03b9\u03b1 \u03c0\u03b5\u03c1\u03c0\u03ac\u03c4\u03b7\u03bc\u03b1",
            "time": 1555583448
        },
        {
            "author_name": "\u03a3\u03c4\u03ad\u03c6\u03b1\u03bd\u03bf\u03c2 \u03a4\u03c3\u03b9\u03ba\u03b9\u03bc\u03b7\u03c2",
            "author_url": "https://www.google.com/maps/contrib/104347411853216457631/reviews",
            "language": "el",
            "profile_photo_url": "https://lh3.googleusercontent.com/-t3t9GBqtNG8/AAAAAAAAAAI/AAAAAAAAAAA/ACHi3rdi2G1lB3TSwPcXofwRmbPeFdmBVA/s128-c0x00000000-cc-rp-mo/photo.jpg",
            "rating": 2,
            "relative_time_description": "2 months ago",
            "text": "\u03b5\u03c0\u03b9\u03ba\u03af\u03bd\u03b4\u03c5\u03bd\u03bf \u03ba\u03b1\u03b9 \u03c0\u03b1\u03c1\u03b1\u03c4\u03b7\u03bc\u03ad\u03bd\u03bf \u03b1\u03c0\u03cc \u03c4\u03bf \u0394\u03ae\u03bc\u03bf",
            "time": 1558684333
        },
        {
            "author_name": "Dionisis Antonopoulos",
            "author_url": "https://www.google.com/maps/contrib/108184244773945072203/reviews",
            "language": "bg",
            "profile_photo_url": "https://lh4.googleusercontent.com/-z39B8SOt6oQ/AAAAAAAAAAI/AAAAAAAAAAA/ACHi3re7-qHvw2QNAcrrHaCYsH7SSyxS9w/s128-c0x00000000-cc-rp-mo/photo.jpg",
            "rating": 5,
            "relative_time_description": "a month ago",
            "text": "Oooo",
            "time": 1561015651
        }
    ],
    "type": "park"
}