{
    "id": "1cb6feb1efaf394848c6628f1254a97007eae2b4",
    "location": {
        "lat": 37.9814928,
        "lng": 23.7268612
    },
    "name": "Cinema Athinaikon",
    "rating": 3.4,
    "reviews": [
        {
            "author_name": "GreeceYou Lei",
            "author_url": "https://www.google.com/maps/contrib/107632606669737740218/reviews",
            "language": "en",
            "profile_photo_url": "https://lh5.googleusercontent.com/-3_ehL01BBT4/AAAAAAAAAAI/AAAAAAAAANk/dIWoAkNPkzg/s128-c0x00000000-cc-rp-mo-ba5/photo.jpg",
            "rating": 3,
            "relative_time_description": "2 years ago",
            "text": "adult place with an elegant name",
            "time": 1492229874
        },
        {
            "author_name": "MERCIER Thierry",
            "author_url": "https://www.google.com/maps/contrib/112707971355361565377/reviews",
            "language": "fr",
            "profile_photo_url": "https://lh4.googleusercontent.com/-bAynTNMpqB8/AAAAAAAAAAI/AAAAAAAAABE/jy5QENyndWU/s128-c0x00000000-cc-rp-mo-ba3/photo.jpg",
            "rating": 5,
            "relative_time_description": "7 months ago",
            "text": "Curieux lieu de rencontres gay fugaces et locales...",
            "time": 1545298660
        },
        {
            "author_name": "\u039d\u03b9\u03ba\u03cc\u03bb\u03b1\u03bf\u03c2 \u039d\u03c4\u03b1\u03bd\u03c4\u03b1\u03bb\u03ae\u03c2",
            "author_url": "https://www.google.com/maps/contrib/100738710544834037412/reviews",
            "language": "el",
            "profile_photo_url": "https://lh5.googleusercontent.com/-M-vEXWgYdi0/AAAAAAAAAAI/AAAAAAACYNM/2HQd0GUMH4Y/s128-c0x00000000-cc-rp-mo-ba6/photo.jpg",
            "rating": 5,
            "relative_time_description": "a year ago",
            "text": "\u039a\u03bb\u03b1\u03c3\u03c3\u03b9\u03ba\u03cc \u03ba\u03b1\u03b9 \u03b1\u03b3\u03b1\u03c0\u03b7\u03bc\u03ad\u03bd\u03bf.\n\u0392\u03ad\u03b2\u03b1\u03b9\u03b1 \u03bb\u03b5\u03b9\u03c4\u03bf\u03c5\u03c1\u03b3\u03b5\u03af \u03cc\u03c0\u03c9\u03c2 \u03cc\u03c4\u03b1\u03bd \u03ac\u03bd\u03bf\u03b9\u03be\u03b5 \u03ba\u03b1\u03b9 \u03b1\u03c0\u03b1\u03b9\u03c4\u03b5\u03af\u03c4\u03b1\u03b9 \u03bc\u03b9\u03b1 \u03b1\u03bd\u03b1\u03ba\u03b1\u03af\u03bd\u03b9\u03c3\u03b7 .\n\u039c\u03b5 \u03ba\u03cc\u03c3\u03bc\u03bf  ( \u03ba\u03c5\u03c1\u03af\u03c9\u03c2 \u03c4\u03b1 \u03c0\u03c1\u03c9\u03b9\u03bd\u03ac \u03ba\u03b1\u03b9 \u03c4\u03bf \u03bc\u03b5\u03c3\u03b7\u03bc\u03ad\u03c1\u03b9 ) \u03ba\u03ac\u03b8\u03b5 \u03b7\u03bb\u03b9\u03ba\u03af\u03b1\u03c2 \u03ba\u03b1\u03b9 \u03b5\u03b8\u03bd\u03b9\u03ba\u03cc\u03c4\u03b7\u03c4\u03b1\u03c2..\n\u039f\u03b9 \u03c0\u03c1\u03bf\u03b2\u03bf\u03bb\u03ad\u03c2 \u03c4\u03b1\u03b9\u03bd\u03b9\u03ce\u03bd \u03b5\u03af\u03bd\u03b1\u03b9 \u03b3\u03b9\u03b1 \u03b5\u03bd\u03ae\u03bb\u03b9\u03ba\u03b5\u03c2 \u03ba\u03b1\u03b9 \u03c4\u03b1 \u03b8\u03ad\u03bc\u03b1\u03c4\u03b1 \u03b4\u03b9\u03b1\u03c6\u03ad\u03c1\u03bf\u03c5\u03bd \u03bc\u03b9\u03b1\u03c2 \u03ba\u03b1\u03b9 \u03c0\u03c1\u03bf\u03b2\u03ac\u03bb\u03b5\u03b9 \u03c0\u03ad\u03bd\u03c4\u03b5 \u03c4\u03b1\u03b9\u03bd\u03af\u03b5\u03c2 \u03c4\u03b7\u03bd \u03b7\u03bc\u03ad\u03c1\u03b1 .\n\u03a4\u03bf \u03ba\u03af\u03bd\u03b7\u03bc\u03b1 \u03c3\u03c4\u03b7\u03c1\u03af\u03b6\u03b5\u03b9 \u03c4\u03ad\u03c4\u03bf\u03b9\u03bf\u03c5\u03c2 \u03c7\u03ce\u03c1\u03bf\u03c5\u03c2 \u03cc\u03c0\u03bf\u03c5 \u03c0\u03b1\u03c1\u03ad\u03c7\u03b5\u03b9 \u03c0\u03c1\u03bf\u03c6\u03c5\u03bb\u03b1\u03ba\u03c4\u03b9\u03ba\u03ac \u03b4\u03c9\u03c1\u03b5\u03ac\u03bd \u03b3\u03b9\u03b1 \u03c4\u03bf\u03bd \u03c0\u03bb\u03b7\u03b8\u03c5\u03c3\u03bc\u03cc \u03c0\u03bf\u03c5 \u03b4\u03b5\u03bd \u03bc\u03c0\u03bf\u03c1\u03b5\u03af \u03bd\u03b1 \u03ad\u03c7\u03b5\u03b9.",
            "time": 1514018910
        },
        {
            "author_name": "\u0395\u03c5\u03ac\u03b3\u03b3\u03b5\u03bb\u03bf\u03c2 \u039f\u03c1\u03c6\u03b1\u03bd\u03b5\u03bb\u03bb\u03b7\u03c2",
            "author_url": "https://www.google.com/maps/contrib/117179091504739729635/reviews",
            "language": "el",
            "profile_photo_url": "https://lh6.googleusercontent.com/-ySFo7u7jza8/AAAAAAAAAAI/AAAAAAAAAAA/ACHi3rd1PZfFGWcfPJYcaUa6_2accNv1GA/s128-c0x00000000-cc-rp-mo/photo.jpg",
            "rating": 3,
            "relative_time_description": "a year ago",
            "text": "\u03a0\u03b1\u03bb\u03b9\u03b1 \u03ae\u03c4\u03b1\u03bd \u03c0\u03bf\u03bb\u03cd \u03ba\u03b1\u03bb\u03cc \u03c4\u03ce\u03c1\u03b1 \u03ad\u03c7\u03c9 \u03bd\u03b1 \u03c0\u03ac\u03c9 \u03ba\u03b1\u03b9\u03c1\u03cc \u03ba\u03b1\u03b9 \u03b4\u03b5\u03bd \u03be\u03ad\u03c1\u03c9 \u03c4\u03b9 \u03c0\u03b1\u03af\u03b6\u03b5\u03b9",
            "time": 1522374642
        },
        {
            "author_name": "Jacques Drosso",
            "author_url": "https://www.google.com/maps/contrib/107992091764723924856/reviews",
            "language": "el",
            "profile_photo_url": "https://lh4.googleusercontent.com/-pEK40oII240/AAAAAAAAAAI/AAAAAAAAAAA/ACHi3rfgmeUY4AH7fOCUvRuWwqKU4gsCIQ/s128-c0x00000000-cc-rp-mo-ba2/photo.jpg",
            "rating": 1,
            "relative_time_description": "a month ago",
            "text": "\u0392\u03c1\u03ce\u03bc\u03b9\u03ba\u03bf",
            "time": 1560121370
        }
    ],
    "type": "movie_theater"
}

