{
    "id": "3929684177595ba767fbef982bb327a416111574",
    "location": {
        "lat": 37.9988292,
        "lng": 23.7364214
    },
    "name": "Kykladon Street Theatre \"Leyteris Vogiatzis\"",
    "rating": 4.3,
    "reviews": [
        {
            "author_name": "Rigas Goulimaris",
            "author_url": "https://www.google.com/maps/contrib/109808502121812049423/reviews",
            "language": "en",
            "profile_photo_url": "https://lh6.googleusercontent.com/-sL0UPWV-UuE/AAAAAAAAAAI/AAAAAAAAABA/TC3N_yrB8H4/s128-c0x00000000-cc-rp-mo-ba4/photo.jpg",
            "rating": 5,
            "relative_time_description": "4 months ago",
            "text": "This is a very cute small theatre. The space is limited, the stage is relatively small and there aren't that many seats, many of which are at the side of the stage. Still, the closeness to the stage creates a very intimate feeling and there will be many plays that will benefit from this. In addition to that, the lobby of the theatre is worth spending a little time in, and don't forget to go to the room at the far end of the lobby, it will be a nice surprise in terms of decoration and concept. If you are going, do not, for any reason, go by car. There is nowhere to park anywhere near. The people who worked there when I went were nice and polite.",
            "time": 1552333013
        },
        {
            "author_name": "Alexandros Tsikolatas",
            "author_url": "https://www.google.com/maps/contrib/109864225359654485630/reviews",
            "language": "en",
            "profile_photo_url": "https://lh3.googleusercontent.com/-w5bwf3EbENE/AAAAAAAAAAI/AAAAAAAAAqE/nC-a1nKDQcg/s128-c0x00000000-cc-rp-mo-ba6/photo.jpg",
            "rating": 4,
            "relative_time_description": "a year ago",
            "text": "Kind stuff, great performance Maria's Brown wedding. Small theatre, comfortable seats. Very hard to park area.",
            "time": 1518271797
        },
        {
            "author_name": "mike johnson",
            "author_url": "https://www.google.com/maps/contrib/116146724479210223540/reviews",
            "language": "en",
            "profile_photo_url": "https://lh3.googleusercontent.com/-A3aPs0cg6_8/AAAAAAAAAAI/AAAAAAAAAxw/zHB7Rova59U/s128-c0x00000000-cc-rp-mo-ba5/photo.jpg",
            "rating": 5,
            "relative_time_description": "a year ago",
            "text": "The best small theatre in Athens with historical performances and the view of one of the best theatre creator in Greece.",
            "time": 1508215160
        },
        {
            "author_name": "Basharat Hussain",
            "author_url": "https://www.google.com/maps/contrib/102150578964317604971/reviews",
            "language": "en",
            "profile_photo_url": "https://lh6.googleusercontent.com/-_R8vVPHKvI4/AAAAAAAAAAI/AAAAAAAAAAA/ACHi3rfCHmwMOA2BJf0nIoEbKA6BxYuJ3Q/s128-c0x00000000-cc-rp-mo-ba2/photo.jpg",
            "rating": 5,
            "relative_time_description": "2 years ago",
            "text": "I love",
            "time": 1497690267
        },
        {
            "author_name": "Farhan Ali",
            "author_url": "https://www.google.com/maps/contrib/107039496915237650808/reviews",
            "language": "en",
            "profile_photo_url": "https://lh3.googleusercontent.com/-ZdTsuteNrmc/AAAAAAAAAAI/AAAAAAAAAAA/ACHi3reEZJPj8uaCqsIIge0x8OZqW7OSVw/s128-c0x00000000-cc-rp-mo/photo.jpg",
            "rating": 5,
            "relative_time_description": "a year ago",
            "text": "Victoria",
            "time": 1523431916
        }
    ],
    "type": "point_of_interest"
}

