{
    "id": "18ec7945887fe50985af0527c7cffb2500df0c1c",
    "location": {
        "lat": 37.9790529,
        "lng": 23.7129755
    },
    "name": "Temple",
    "rating": 4.3,
    "reviews": [
        {
            "author_name": "Neyzan",
            "author_url": "https://www.google.com/maps/contrib/100410509935372984330/reviews",
            "language": "en",
            "profile_photo_url": "https://lh6.googleusercontent.com/-Jl8sxRcgHag/AAAAAAAAAAI/AAAAAAAAAOE/mIDTqAc1D1k/s128-c0x00000000-cc-rp-mo/photo.jpg",
            "rating": 5,
            "relative_time_description": "3 months ago",
            "text": "Great venue. Brings awesome brutal bands and has that close knit metal brotherhood atmosphere.",
            "time": 1557093855
        },
        {
            "author_name": "Andrew Kouniakis",
            "author_url": "https://www.google.com/maps/contrib/110957672232878791913/reviews",
            "language": "en",
            "profile_photo_url": "https://lh4.googleusercontent.com/-LWi12ujKR3Y/AAAAAAAAAAI/AAAAAAAACFI/cpVQ4_wH3hs/s128-c0x00000000-cc-rp-mo-ba4/photo.jpg",
            "rating": 4,
            "relative_time_description": "5 months ago",
            "text": "Nice event venue, clean, in a neighborhood filled with such stores. The place is a bit small but hosts events of great caliber nonetheless.",
            "time": 1551169690
        },
        {
            "author_name": "Christina Sia",
            "author_url": "https://www.google.com/maps/contrib/112414896813252461269/reviews",
            "language": "en",
            "profile_photo_url": "https://lh6.googleusercontent.com/-YSxSBld5O1c/AAAAAAAAAAI/AAAAAAAAcKk/MtFNIIQ78zc/s128-c0x00000000-cc-rp-mo-ba3/photo.jpg",
            "rating": 4,
            "relative_time_description": "5 months ago",
            "text": "Nice place for live concerts. Really good acoustics.",
            "time": 1550500303
        },
        {
            "author_name": "Aristorein Sevd",
            "author_url": "https://www.google.com/maps/contrib/105666293294225056630/reviews",
            "language": "en",
            "profile_photo_url": "https://lh3.googleusercontent.com/-KDlSkO7SZrQ/AAAAAAAAAAI/AAAAAAAAAF4/RPVynx26yA8/s128-c0x00000000-cc-rp-mo-ba3/photo.jpg",
            "rating": 5,
            "relative_time_description": "9 months ago",
            "text": "Great venue with a mezzanine floor aswell. Clean, spacious toilets. The sound quality isn't the best (a bit grainy in my opinion, if that makes sense) but would visit again.",
            "time": 1541620077
        },
        {
            "author_name": "Georgios Krasadakis",
            "author_url": "https://www.google.com/maps/contrib/116624011533090143246/reviews",
            "language": "en",
            "profile_photo_url": "https://lh5.googleusercontent.com/-sptFli99670/AAAAAAAAAAI/AAAAAAAAAAA/ACHi3rdjpEmIC9xo7y-Qkm64AN48dQs1Uw/s128-c0x00000000-cc-rp-mo/photo.jpg",
            "rating": 3,
            "relative_time_description": "7 months ago",
            "text": "As a venue, it's good. They feature acts that are under-represented and do it with great quality for local standards. It's a great place for live music for the Greek scene.\n\nI would be giving it 5 stars, but in my time there the experience with a specific event was not the best. The Facebook event said doors were opening 7:30, I arrived 7:50 and upon trying to enter guards said 'rehersals are still on, you can't enter'. Later the event's time on Facebook was changed and an appearance schedule was also posted. People were let in around 8:45 and the live started around 9:20. \n\nIt wouldn't have been much of an issue if this was summer time, but temperatures at the time were around 0 centigrade and people that came on time were left out to wait for an hour... Why would letting people in, even with a rehearsal on, be a problem anyway?\n\nThe music was good but treatment of the crowd wasn't the best. I would have preferred an on time announcement. Organization of events should be better.",
            "time": 1546900516
        }
    ],
    "type": "point_of_interest"
}