{
    "id": "a50c51748b7ae3f484480e256072aa6f99dde489",
    "location": {
        "lat": 37.9821692,
        "lng": 23.7118447
    },
    "name": "Methodia",
    "rating": 3.7,
    "reviews": [
        {
            "author_name": "danai alex",
            "author_url": "https://www.google.com/maps/contrib/100323953626438711833/reviews",
            "language": "en",
            "profile_photo_url": "https://lh5.googleusercontent.com/-XCVFA51PLpc/AAAAAAAAAAI/AAAAAAAAAIg/SIRltIdymbk/s128-c0x00000000-cc-rp-mo/photo.jpg",
            "rating": 4,
            "relative_time_description": "2 weeks ago",
            "text": "if you are starting a new band and are on a badget ,this is the place for you.There are some minor issues with the sound ,but with the help of the sound mixer you are probably not gonna have a problem. The stuff is polite and the place attracts great people of all ages.",
            "time": 1563870239
        },
        {
            "author_name": "Bill Peppas",
            "author_url": "https://www.google.com/maps/contrib/107599153754078430774/reviews",
            "language": "en",
            "profile_photo_url": "https://lh6.googleusercontent.com/-zthhdsIzf18/AAAAAAAAAAI/AAAAAAAADh8/qVZdcaDvXyo/s128-c0x00000000-cc-rp-mo-ba5/photo.jpg",
            "rating": 5,
            "relative_time_description": "2 months ago",
            "text": "A live stage and rave music place featuring a Latin party ( Bachata, Salsa, Kizomba ) every Friday during the winter and spring period. Dark themed, with nice lighting, reasonable prices but mediocre drinks and not serving any cocktails bar. The air conditioning needs an upgrade, it gets very hot inside in May.",
            "time": 1559038146
        },
        {
            "author_name": "Hellena Mihailidou",
            "author_url": "https://www.google.com/maps/contrib/108285228396499455391/reviews",
            "language": "en",
            "profile_photo_url": "https://lh6.googleusercontent.com/-APFjluA2E6w/AAAAAAAAAAI/AAAAAAAAAAA/ACHi3rd0_qjZ8JcWBI8pR1evs30rWQVmHA/s128-c0x00000000-cc-rp-mo-ba3/photo.jpg",
            "rating": 1,
            "relative_time_description": "2 months ago",
            "text": "The worse place for a live show! Awfull sound, unbelievable bad service",
            "time": 1558764530
        },
        {
            "author_name": "Celestial Ode",
            "author_url": "https://www.google.com/maps/contrib/103044045391821735690/reviews",
            "language": "en",
            "profile_photo_url": "https://lh6.googleusercontent.com/-SzSa6VmQ_0w/AAAAAAAAAAI/AAAAAAAAAIk/COZqJxpACks/s128-c0x00000000-cc-rp-mo-ba4/photo.jpg",
            "rating": 2,
            "relative_time_description": "4 weeks ago",
            "text": "Dont know it as a club but mediocre at best as a place for live shows",
            "time": 1563103005
        },
        {
            "author_name": "Life Style",
            "author_url": "https://www.google.com/maps/contrib/113446606510393620912/reviews",
            "language": "en",
            "profile_photo_url": "https://lh6.googleusercontent.com/-nT-qzHfdcK4/AAAAAAAAAAI/AAAAAAAAABw/Mewaj7_hXNg/s128-c0x00000000-cc-rp-mo-ba3/photo.jpg",
            "rating": 1,
            "relative_time_description": "5 months ago",
            "text": "No air, too much smoke, very bad sound, very  rude security.",
            "time": 1552213465
        }
    ],
    "type": "point_of_interest"
}