{
    "id": "b404242d39be0552171496c84b622c9abb493e20",
    "location": {
        "lat": 37.9671216,
        "lng": 23.7145056
    },
    "name": "Playground",
    "rating": 3.5,
    "reviews": [
        {
            "author_name": "Konstantine Paradias",
            "author_url": "https://www.google.com/maps/contrib/102507751100931218437/reviews",
            "language": "en",
            "profile_photo_url": "https://lh5.googleusercontent.com/-P6KlOxvawXQ/AAAAAAAAAAI/AAAAAAAAFxo/7Sam65DPb_0/s128-c0x00000000-cc-rp-mo/photo.jpg",
            "rating": 4,
            "relative_time_description": "3 weeks ago",
            "text": "Needs a few additional swings",
            "time": 1563471046
        },
        {
            "author_name": "\u03a6\u03c9\u03c4\u03b7\u03c2 \u039d.",
            "author_url": "https://www.google.com/maps/contrib/100947930417092581101/reviews",
            "profile_photo_url": "https://lh3.googleusercontent.com/-koXVHAMqSlU/AAAAAAAAAAI/AAAAAAAAAAA/ACHi3rdb63yehlSE1wUnzm8EPB2ek6vPOQ/s128-c0x00000000-cc-rp-mo/photo.jpg",
            "rating": 5,
            "relative_time_description": "in the last week",
            "text": "",
            "time": 1565451455
        },
        {
            "author_name": "Michail Gimnopoulos",
            "author_url": "https://www.google.com/maps/contrib/111470487470209740796/reviews",
            "profile_photo_url": "https://lh3.googleusercontent.com/-UklmhbJWAXc/AAAAAAAAAAI/AAAAAAAAABQ/zPHlqWqKS2c/s128-c0x00000000-cc-rp-mo/photo.jpg",
            "rating": 1,
            "relative_time_description": "3 weeks ago",
            "text": "",
            "time": 1563207618
        },
        {
            "author_name": "konstantina kechagia",
            "author_url": "https://www.google.com/maps/contrib/106472349949244468405/reviews",
            "profile_photo_url": "https://lh5.googleusercontent.com/-wW_rv-Zq33M/AAAAAAAAAAI/AAAAAAAAAHw/XTgnQHrflhc/s128-c0x00000000-cc-rp-mo-ba2/photo.jpg",
            "rating": 4,
            "relative_time_description": "2 months ago",
            "text": "",
            "time": 1558003256
        },
        {
            "author_name": "Kostas Miaris",
            "author_url": "https://www.google.com/maps/contrib/115296438168414104977/reviews",
            "profile_photo_url": "https://lh5.googleusercontent.com/-CQonGuJzHPc/AAAAAAAAAAI/AAAAAAAAAAA/ACHi3rfgLV5QJZAe4hG1YlT3Lmum_-v2Qw/s128-c0x00000000-cc-rp-mo-ba3/photo.jpg",
            "rating": 3,
            "relative_time_description": "4 months ago",
            "text": "",
            "time": 1554483270
        }
    ],
    "type": "park"
}