{
    "id": "d406d90715ca7ffb3d877cd033b275a292448447",
    "location": {
        "lat": 38.0030869,
        "lng": 23.7309495
    },
    "name": "Cinema Studio Art Cinema",
    "rating": 4.3,
    "reviews": [
        {
            "author_name": "eagle mars",
            "author_url": "https://www.google.com/maps/contrib/102797630635228844719/reviews",
            "language": "en",
            "profile_photo_url": "https://lh6.googleusercontent.com/-1OJOfHop7Gw/AAAAAAAAAAI/AAAAAAAAAAA/ACHi3reLJeRPo6tYZiimwEl-3fswroQsRg/s128-c0x00000000-cc-rp-mo-ba4/photo.jpg",
            "rating": 4,
            "relative_time_description": "6 months ago",
            "text": "cosy cinema of the old romantic times",
            "time": 1548182546
        },
        {
            "author_name": "Ahmed Suhail",
            "author_url": "https://www.google.com/maps/contrib/110228590464173004510/reviews",
            "language": "en",
            "profile_photo_url": "https://lh3.googleusercontent.com/-8DRvMBXMmjg/AAAAAAAAAAI/AAAAAAAAAEY/33lBQyesIqQ/s128-c0x00000000-cc-rp-mo-ba5/photo.jpg",
            "rating": 4,
            "relative_time_description": "8 months ago",
            "text": "A nice cinema theater.",
            "time": 1542055788
        },
        {
            "author_name": "teofril",
            "author_url": "https://www.google.com/maps/contrib/107673686920284194782/reviews",
            "language": "en",
            "profile_photo_url": "https://lh5.googleusercontent.com/-CRW8YBtNqSM/AAAAAAAAAAI/AAAAAAAFhAY/8-EJ-5vO1w0/s128-c0x00000000-cc-rp-mo-ba5/photo.jpg",
            "rating": 3,
            "relative_time_description": "a year ago",
            "text": "I think fir the price is not value for money. I put 3 stars because is grafic.",
            "time": 1509224468
        },
        {
            "author_name": "Makis Skouras",
            "author_url": "https://www.google.com/maps/contrib/109351537280588145231/reviews",
            "language": "el",
            "profile_photo_url": "https://lh6.googleusercontent.com/-G5qq277dPps/AAAAAAAAAAI/AAAAAAAAAbQ/zc_twP22iPY/s128-c0x00000000-cc-rp-mo/photo.jpg",
            "rating": 5,
            "relative_time_description": "3 months ago",
            "text": "\u03a0\u03c1\u03ce\u03c4\u03b7 \u03c6\u03bf\u03c1\u03ac \u03c7\u03b8\u03b5\u03c2 \u03b2\u03c1\u03ac\u03b4\u03c5 \u03ba\u03b1\u03b9 \u03bb\u03c5\u03c0\u03ac\u03bc\u03b1\u03b9 \u03c0\u03bf\u03c5 \u03b1\u03bd\u03b1\u03ba\u03ac\u03bb\u03c5\u03c8\u03b1 \u03b1\u03c5\u03c4\u03ae \u03c4\u03b7\u03bd \u03b1\u03af\u03b8\u03bf\u03c5\u03c3\u03b1 \u03c4\u03cc\u03c3\u03bf \u03ba\u03b1\u03b8\u03c5\u03c3\u03c4\u03b5\u03c1\u03b7\u03bc\u03ad\u03bd\u03b1. \u0388\u03bd\u03b1 \u03cc\u03bc\u03bf\u03c1\u03c6\u03bf \u03c0\u03b5\u03c1\u03b9\u03b2\u03ac\u03bb\u03bb\u03bf\u03bd \u03c0\u03bf\u03c5 \u03c3\u03b5 \u03bc\u03b5\u03c4\u03b1\u03c6\u03ad\u03c1\u03b5\u03b9 \u03b4\u03b5\u03ba\u03b1\u03b5\u03c4\u03af\u03b5\u03c2 \u03c0\u03af\u03c3\u03c9 \u03ba\u03b1\u03b9 \u03ad\u03bd\u03b1\u03c2 \u03ac\u03bd\u03b8\u03c1\u03c9\u03c0\u03bf\u03c2 \u03c0\u03bf\u03c5 \u03b4\u03b5\u03bd \u03c7\u03bf\u03c1\u03c4\u03b1\u03af\u03bd\u03b5\u03b9\u03c2 \u03bd\u03b1 \u03c4\u03bf\u03bd \u03b1\u03ba\u03bf\u03cd\u03c2 \u03bd\u03b1 \u03bc\u03b9\u03bb\u03ac\u03b5\u03b9 \u03b3\u03b9\u03b1 \u03ba\u03b9\u03bd\u03b7\u03bc\u03b1\u03c4\u03bf\u03b3\u03c1\u03ac\u03c6\u03bf. \u0388\u03bd\u03b1\u03c2 \u03c7\u03ce\u03c1\u03bf\u03c2 \u03c0\u03bf\u03c5 \u03bc\u03cc\u03bd\u03bf \u03b7 \u03b1\u03bd\u03c4\u03af\u03c3\u03c4\u03b1\u03c3\u03b7 \u03c4\u03bf\u03c5 \u03bd\u03b1 \u03b3\u03af\u03bd\u03b5\u03b9 \u03ac\u03bb\u03bb\u03bf \u03ad\u03bd\u03b1 super market \u03c4\u03bf\u03bd \u03ba\u03b1\u03b8\u03b9\u03c3\u03c4\u03ac \u03b1\u03ba\u03cc\u03bc\u03b1 \u03c0\u03b9\u03bf \u03b3\u03bf\u03b7\u03c4\u03b5\u03c5\u03c4\u03b9\u03ba\u03cc. \u039c\u03b9\u03b1 \u03b3\u03bf\u03b7\u03c4\u03b5\u03af\u03b1 \u03c0\u03bf\u03c5 \u03b1\u03b3\u03b3\u03af\u03b6\u03b5\u03b9 \u03c0\u03b5\u03c1\u03b9\u03c3\u03c3\u03cc\u03c4\u03b5\u03c1\u03bf \u03cc\u03c3\u03bf\u03c5\u03c2 \u03b1\u03c0\u03cc \u03b5\u03bc\u03ac\u03c2 \u03b4\u03b5\u03bd \u03b5\u03af\u03c7\u03b1\u03bc\u03b5 \u03c4\u03b9\u03c2 \u03c0\u03c1\u03ce\u03c4\u03b5\u03c2 \u03bc\u03b1\u03c2 \u03ba\u03b9\u03bd\u03b7\u03bc\u03b1\u03c4\u03bf\u03b3\u03c1\u03b1\u03c6\u03b9\u03ba\u03ad\u03c2 \u03b5\u03bc\u03c0\u03b5\u03b9\u03c1\u03af\u03b5\u03c2 \u03c3\u03b5 \u03ba\u03ac\u03c0\u03bf\u03b9\u03bf multiplex.  \u038c\u03c3\u03bf\u03b9 \u03b1\u03b3\u03b1\u03c0\u03ac\u03bc\u03b5 \u03c4\u03bf\u03bd \u03ba\u03b1\u03bb\u03cc \u03ba\u03b9\u03bd\u03b7\u03bc\u03b1\u03c4\u03bf\u03b3\u03c1\u03ac\u03c6\u03bf \u03ad\u03c7\u03bf\u03c5\u03bc\u03b5 \u03c7\u03c1\u03ad\u03bf\u03c2 \u03bd\u03b1 \u03c4\u03bf\u03bd \u03b5\u03bd\u03b9\u03c3\u03c7\u03cd\u03bf\u03c5\u03bc\u03b5.",
            "time": 1554202132
        },
        {
            "author_name": "Evangelos Batris",
            "author_url": "https://www.google.com/maps/contrib/105393359683157541580/reviews",
            "language": "el",
            "profile_photo_url": "https://lh5.googleusercontent.com/-plL0qFTrNc0/AAAAAAAAAAI/AAAAAAAAIWQ/CJ2vBM-_P2c/s128-c0x00000000-cc-rp-mo-ba3/photo.jpg",
            "rating": 5,
            "relative_time_description": "5 months ago",
            "text": "\u0394\u03b5\u03bd \u03c5\u03c0\u03ac\u03c1\u03c7\u03b5\u03b9 \u03ba\u03ac\u03c4\u03b9 \u03c0\u03b1\u03c1\u03cc\u03bc\u03bf\u03b9\u03bf \u03c3\u03b5 \u03c3\u03b9\u03bd\u03b5\u03bc\u03ac! \u039c\u03cc\u03bd\u03bf \u03c3\u03b5 \u03b8\u03b5\u03b1\u03c4\u03c1\u03b9\u03ba\u03cc \u03c7\u03ce\u03c1\u03bf \u03c4\u03bf \u03ad\u03c7\u03c9 \u03be\u03b1\u03bd\u03b1\u03b4\u03b5\u03af. \u0388\u03bd\u03b1\u03c2 \u03bc\u03ac\u03bb\u03bb\u03bf\u03bd \u03bc\u03b9\u03ba\u03c1\u03cc\u03c2 \u03c7\u03ce\u03c1\u03bf\u03c2 \u03c5\u03c0\u03bf\u03b4\u03bf\u03c7\u03ae\u03c2 \u03c0\u03bf\u03c5 \u03b1\u03bd\u03b1\u03b4\u03af\u03b4\u03b5\u03b9 \u03c3\u03b9\u03bd\u03b5\u03c6\u03af\u03bb \u03b1\u03c1\u03ce\u03bc\u03b1\u03c4\u03b1, \u03c7\u03c9\u03c1\u03af\u03c2 \u03c0\u03b5\u03c1\u03b9\u03c4\u03c4\u03ad\u03c2 \u03b4\u03b9\u03b1\u03ba\u03bf\u03c3\u03bc\u03ae\u03c3\u03b5\u03b9\u03c2 \u03ba\u03b1\u03b9 \u03b5\u03c0\u03b9\u03c4\u03b7\u03b4\u03b5\u03c5\u03bc\u03ad\u03bd\u03bf \u03c3\u03c4\u03c5\u03bb. \u03a3\u03b1\u03bd \u03c4\u03bf \u03c3\u03b1\u03bb\u03cc\u03bd\u03b9 \u03c4\u03bf\u03c5 \u03c3\u03b9\u03bd\u03b5\u03c6\u03af\u03bb \u03b8\u03b5\u03af\u03bf\u03c5 \u03bc\u03b1\u03c2. \u039a\u03b1\u03b9 \u03bc\u03b9\u03b1 \u03bc\u03b5\u03b3\u03ac\u03bb\u03b7 \u03b1\u03af\u03b8\u03bf\u03c5\u03c3\u03b1 \u03c0\u03c1\u03bf\u03b2\u03bf\u03bb\u03ae\u03c2 \u03ba\u03b1\u03b9 \u03b5\u03ba\u03b4\u03b7\u03bb\u03ce\u03c3\u03b5\u03c9\u03bd, \u03b1\u03c0\u03cc \u03b1\u03c5\u03c4\u03ad\u03c2 \u03c4\u03c9\u03bd \u03c0\u03b1\u03bb\u03b9\u03ce\u03bd \u03ba\u03b1\u03bb\u03ce\u03bd \u03ba\u03b9\u03bd\u03b7\u03bc\u03b1\u03c4\u03bf\u03b3\u03c1\u03ac\u03c6\u03c9\u03bd, \u03c0\u03bf\u03c5 \u03b4\u03b5 \u03b6\u03b7\u03bb\u03b5\u03cd\u03b5\u03b9 \u03c4\u03b9\u03c2 \u03c3\u03cd\u03b3\u03c7\u03c1\u03bf\u03bd\u03b5\u03c2. \u039a\u03b1\u03bd\u03bf\u03bd\u03b9\u03ba\u03cc\u03c4\u03b1\u03c4\u03b7 \u03ba\u03b9\u03bd\u03b7\u03bc\u03b1\u03c4\u03bf\u03b3\u03c1\u03b1\u03c6\u03b9\u03ba\u03ae \u03b5\u03bc\u03c0\u03b5\u03b9\u03c1\u03af\u03b1.\n\n\u038c\u03bc\u03c9\u03c2, \u03c4\u03b9 \u03ad\u03ba\u03c0\u03bb\u03b7\u03be\u03b7! \u03a0\u03ac\u03bc\u03c6\u03b8\u03b7\u03bd\u03bf \u03b5\u03b9\u03c3\u03b9\u03c4\u03ae\u03c1\u03b9\u03bf, \u03ba\u03ac\u03c1\u03c4\u03b1 \u03bc\u03ad\u03bb\u03bf\u03c5\u03c2 \u03bc\u03cc\u03bd\u03bf 100\u20ac \u03b3\u03b9\u03b1 12 \u03bc\u03ae\u03bd\u03b5\u03c2, \u03bf\u03b9\u03ba\u03bf\u03b3\u03b5\u03bd\u03b5\u03b9\u03b1\u03ba\u03cc \u03bc\u03cc\u03bd\u03bf 10\u20ac. \u0391\u03bb\u03bb\u03ac \u03c4\u03bf \u03ba\u03b1\u03bb\u03cd\u03c4\u03b5\u03c1\u03bf \u03b4\u03b5\u03bd \u03b5\u03af\u03bd\u03b1\u03b9 \u03b1\u03c5\u03c4\u03cc. \u039f\u03b9 \u03c4\u03b1\u03b9\u03bd\u03af\u03b5\u03c2 \u03c0\u03bf\u03c5 \u03c0\u03b1\u03af\u03b6\u03bf\u03bd\u03c4\u03b1\u03b9 \u03b5\u03af\u03bd\u03b1\u03b9 \u03c0\u03ac\u03bd\u03c4\u03bf\u03c4\u03b5 \u03c4\u03bf \u03ac\u03bd\u03b8\u03bf\u03c2 \u03c4\u03b7\u03c2 \u03c0\u03b1\u03c1\u03b1\u03b3\u03c9\u03b3\u03ae\u03c2, \u03ba\u03bb\u03b1\u03c3\u03b9\u03ba\u03cc \u03ae \u03c0\u03c1\u03c9\u03c4\u03bf\u03c0\u03bf\u03c1\u03b9\u03b1\u03ba\u03cc \u03c3\u03b9\u03bd\u03b5\u03bc\u03ac, \u03b1\u03ba\u03cc\u03bc\u03b7 \u03ba\u03b1\u03b9 \u03a7\u03cc\u03bb\u03b9\u03b3\u03bf\u03c5\u03bd\u03c4 (\u03c4\u03bf \u03c0\u03b9\u03bf \u03c0\u03bf\u03b9\u03bf\u03c4\u03b9\u03ba\u03cc \u03ba\u03bf\u03bc\u03bc\u03ac\u03c4\u03b9). \u039a\u03b1\u03b9 \u03b1\u03ba\u03cc\u03bc\u03b7 \u03b2\u03b9\u03b2\u03bb\u03af\u03b1, \u03c4\u03b1\u03b9\u03bd\u03af\u03b5\u03c2 \u03c3\u03b5 DVD, \u03b5\u03ba\u03b4\u03b7\u03bb\u03ce\u03c3\u03b5\u03b9\u03c2, \u03b1\u03c6\u03b9\u03b5\u03c1\u03ce\u03bc\u03b1\u03c4\u03b1, \u03c6\u03b5\u03c3\u03c4\u03b9\u03b2\u03ac\u03bb.\n\n\u0398\u03b1 \u03b1\u03bd\u03b1\u03c1\u03c9\u03c4\u03b7\u03b8\u03b5\u03af\u03c4\u03b5 \u03b3\u03b9\u03b1\u03c4\u03af \u03b4\u03b5\u03bd \u03be\u03ad\u03c1\u03b1\u03c4\u03b5 \u03b1\u03c5\u03c4\u03cc \u03c4\u03bf \u03bc\u03ad\u03c1\u03bf\u03c2. \u039c\u03b1 \u03b3\u03b9\u03b1\u03c4\u03af \u03b1\u03c5\u03c4\u03ac \u03b4\u03b5\u03bd \u03c0\u03bf\u03c5\u03bb\u03ac\u03bd\u03b5... \u039a\u03b1\u03b9 \u03b3\u03b9\u03b1 \u03b1\u03c5\u03c4\u03cc \u03c0\u03c1\u03ad\u03c0\u03b5\u03b9 \u03cc\u03c0\u03bf\u03b9\u03bf\u03c2 \u03b1\u03b3\u03b1\u03c0\u03ac\u03b5\u03b9 \u03c4\u03bf \u03c3\u03b9\u03bd\u03b5\u03bc\u03ac \u03bd\u03b1 \u03c3\u03c4\u03b7\u03c1\u03af\u03be\u03b5\u03b9 \u03c4\u03bf \u03a3\u03c4\u03bf\u03cd\u03bd\u03c4\u03b9\u03bf. \u039d\u03b1 \u03bc\u03b7\u03bd \u03c0\u03b5\u03b8\u03ac\u03bd\u03b5\u03b9 \u03ba\u03b9 \u03b1\u03c5\u03c4\u03cc \u03cc\u03c0\u03c9\u03c2 \u03b7 \u0391\u03bb\u03ba\u03c5\u03bf\u03bd\u03af\u03b4\u03b1.\n\n\u0394\u03b5\u03bd \u03b5\u03af\u03bd\u03b1\u03b9 \u03bc\u03b9\u03b1 \u03ba\u03bf\u03bb\u03b5\u03ba\u03c4\u03af\u03b2\u03b1 \u03c4\u03bf\u03c5 \u03c3\u03b9\u03bd\u03b5\u03bc\u03ac. \u0395\u03af\u03bd\u03b1\u03b9 \u03bc\u03b9\u03b1 \u03c5\u03c0\u03ad\u03c1\u03bf\u03c7\u03b7 \u03b5\u03c0\u03b1\u03b3\u03b3\u03b5\u03bb\u03bc\u03b1\u03c4\u03b9\u03ba\u03ae \u03b4\u03bf\u03c5\u03bb\u03b5\u03b9\u03ac \u03bc\u03b5 \u03c0\u03c1\u03bf\u03bf\u03c0\u03c4\u03b9\u03ba\u03ae \u03b1\u03bb\u03bb\u03ac \u03ba\u03b1\u03b9 \u03ad\u03be\u03bf\u03b4\u03b1, \u03c0\u03bf\u03c5 \u03c3\u03c4\u03b7\u03c1\u03af\u03b6\u03b5\u03c4\u03b1\u03b9 \u03c3\u03c4\u03b7 \u03b4\u03bf\u03c5\u03bb\u03b5\u03b9\u03ac \u03b5\u03bd\u03cc\u03c2 \u03ba\u03b1\u03b9 \u03bc\u03cc\u03bd\u03bf\u03c5 \u03b1\u03bd\u03b8\u03c1\u03ce\u03c0\u03bf\u03c5. \u0398\u03b5\u03c9\u03c1\u03b5\u03af\u03c4\u03b5 \u03cc\u03c4\u03b9 \u03c0\u03c1\u03ad\u03c0\u03b5\u03b9 \u03bd\u03b1 \u03c3\u03c5\u03bd\u03b5\u03c7\u03af\u03c3\u03b5\u03b9 \u03bc\u03cc\u03bd\u03bf\u03c2; \u0395\u03c0\u03b9\u03c3\u03ba\u03b5\u03c6\u03b8\u03b5\u03af\u03c4\u03b5 \u03c4\u03bf \u03a3\u03c4\u03bf\u03cd\u03bd\u03c4\u03b9\u03bf \u03bc\u03b9\u03b1 \u03c6\u03bf\u03c1\u03ac, \u03b1\u03b9\u03c3\u03b8\u03b1\u03bd\u03b8\u03b5\u03af\u03c4\u03b5 \u03c4\u03b7\u03bd \u03b1\u03cd\u03c1\u03b1 \u03c4\u03bf\u03c5, \u03ba\u03b1\u03b9 \u03b1\u03c0\u03bf\u03c6\u03b1\u03c3\u03af\u03c3\u03c4\u03b5 \u03bd\u03b1 \u03b4\u03b9\u03b1\u03b4\u03ce\u03c3\u03b5\u03c4\u03b5 \u03c4\u03b7\u03bd \u03c0\u03bb\u03b7\u03c1\u03bf\u03c6\u03bf\u03c1\u03af\u03b1. \u039a\u03b1\u03b9 \u03bd\u03b1 \u03be\u03b1\u03bd\u03ac\u03c1\u03b8\u03b5\u03c4\u03b5.",
            "time": 1549788681
        }
    ],
    "type": "movie_theater"
}

