{
    "id": "f70d6527576c4672887cb164312ab50415dbcfa5",
    "location": {
        "lat": 37.9726907,
        "lng": 23.7204558
    },
    "name": "Thision Open Air Cinema",
    "rating": 4.6,
    "reviews": [
        {
            "author_name": "Rachel Tunnell",
            "author_url": "https://www.google.com/maps/contrib/104438164953485463357/reviews",
            "language": "en",
            "profile_photo_url": "https://lh5.googleusercontent.com/-bIsSKn4Yhc8/AAAAAAAAAAI/AAAAAAAAAFA/x_wABBsr-cc/s128-c0x00000000-cc-rp-mo/photo.jpg",
            "rating": 5,
            "relative_time_description": "a month ago",
            "text": "Amazing Theater.  So beautiful, you can see the Parthenon from the seats. All the people working there were so friendly. This is a true hidden treasure.  If you are in Athens I recommend taking the time to watch a movie here. One of my favorite nights on my honeymoon in Greece.",
            "time": 1560276894
        },
        {
            "author_name": "Ron Schroeder",
            "author_url": "https://www.google.com/maps/contrib/102621630467020092540/reviews",
            "language": "en",
            "profile_photo_url": "https://lh5.googleusercontent.com/-LK1ZUBlMQGA/AAAAAAAAAAI/AAAAAAAAAHQ/JGP3AUldpDM/s128-c0x00000000-cc-rp-mo-ba4/photo.jpg",
            "rating": 5,
            "relative_time_description": "2 months ago",
            "text": "This is a great place to see an open air movie. You can drink beer or wine with your popcorn, the walls inside are all covered in vines to give you the feeling you're in a private garden, and if the movie starters to bore you then you have the option to look over at the Acropolis all lit up on the hill against a dark sky.\n\nI had the added bonus of a full moon as well.",
            "time": 1558300486
        },
        {
            "author_name": "Danilo M",
            "author_url": "https://www.google.com/maps/contrib/105276107238575576852/reviews",
            "language": "en",
            "profile_photo_url": "https://lh3.googleusercontent.com/-XvulNu0XisA/AAAAAAAAAAI/AAAAAAAAAAA/ACHi3rdhBF1lEJRvkdk9RmV1teJcBOzX3g/s128-c0x00000000-cc-rp-mo-ba3/photo.jpg",
            "rating": 3,
            "relative_time_description": "a month ago",
            "text": "It was a nice experience. The film was half good and the beer was cold enough. It\u2019s worth the experience, but I would never watch a major release here. The sound is not loud enough to mask the noise coming from the houses and businesses nearby.",
            "time": 1560766792
        },
        {
            "author_name": "Daniel Rusu",
            "author_url": "https://www.google.com/maps/contrib/103666135909428203246/reviews",
            "language": "en",
            "profile_photo_url": "https://lh5.googleusercontent.com/-sVRYigOi3RY/AAAAAAAAAAI/AAAAAAAAAAA/ACHi3rcfhBsAeCtnNEpHZKq_JLkdJinlOQ/s128-c0x00000000-cc-rp-mo-ba3/photo.jpg",
            "rating": 5,
            "relative_time_description": "a month ago",
            "text": "It's seated on the most graphical and beautiful place in Athens it's beautiful and it's perfect for a romantic night or a family nights out. Open air Cinema with view at the night sky and full of positive energy",
            "time": 1559556735
        },
        {
            "author_name": "Marios Xenos",
            "author_url": "https://www.google.com/maps/contrib/106723191353243599801/reviews",
            "language": "en",
            "profile_photo_url": "https://lh6.googleusercontent.com/-Nwm_QAz7lpY/AAAAAAAAAAI/AAAAAAAAecc/RltDZKq6HYk/s128-c0x00000000-cc-rp-mo-ba4/photo.jpg",
            "rating": 5,
            "relative_time_description": "in the last week",
            "text": "Plenty of room. Friendly staff. Great view to Propylea of Acropolis (the monumental gate). Comfortable seats. Small screen. Typical sound. Subtitles in greek and english (ask for it). Reasonable prices at snack bar. Decoration and atmosphere travels you back time",
            "time": 1563566261
        }
    ],
    "type": "movie_theater"
}

