{
    "id": "d112984ca9866f9fe038bca66c4c7f0edd46c65b",
    "location": {
        "lat": 37.9955977,
        "lng": 23.7346176
    },
    "name": "Kappa Theatre",
    "rating": 4.4,
    "reviews": [
        {
            "author_name": "Harry Vogiatzis",
            "author_url": "https://www.google.com/maps/contrib/104461418466133038887/reviews",
            "language": "en",
            "profile_photo_url": "https://lh3.googleusercontent.com/-c8I2kXGwfbY/AAAAAAAAAAI/AAAAAAAAABc/Lw62iVR4yS8/s128-c0x00000000-cc-rp-mo-ba4/photo.jpg",
            "rating": 5,
            "relative_time_description": "3 months ago",
            "text": "This place is used with success for multiple theatricals each time. Good work guys.",
            "time": 1556629799
        },
        {
            "author_name": "Maria Lalea",
            "author_url": "https://www.google.com/maps/contrib/115673519283055262185/reviews",
            "language": "en",
            "profile_photo_url": "https://lh4.googleusercontent.com/-uHvJwcZ_VCo/AAAAAAAAAAI/AAAAAAAAAAA/ACHi3reNHHTLliTmKRzLeGURlnAcsYabhA/s128-c0x00000000-cc-rp-mo-ba6/photo.jpg",
            "rating": 5,
            "relative_time_description": "3 months ago",
            "text": "Excellent theatre, extremely clean with helpful staff. Attending a performance there, is a unique experience.",
            "time": 1556705598
        },
        {
            "author_name": "Peter Isaias",
            "author_url": "https://www.google.com/maps/contrib/118250763340237433986/reviews",
            "language": "en",
            "profile_photo_url": "https://lh3.googleusercontent.com/-Cga5vXTFsFw/AAAAAAAAAAI/AAAAAAAARMI/OVsZInZ4laY/s128-c0x00000000-cc-rp-mo-ba2/photo.jpg",
            "rating": 5,
            "relative_time_description": "6 months ago",
            "text": "Everything was amazing great show and the environment was fantastic",
            "time": 1548221636
        },
        {
            "author_name": "yiannis ioannou",
            "author_url": "https://www.google.com/maps/contrib/106207681913216701212/reviews",
            "language": "en",
            "profile_photo_url": "https://lh3.googleusercontent.com/-JVGRZo0WzCU/AAAAAAAAAAI/AAAAAAAAAAo/3IOKrT-W43Y/s128-c0x00000000-cc-rp-mo-ba3/photo.jpg",
            "rating": 5,
            "relative_time_description": "3 months ago",
            "text": "Clean and nice atmosphere",
            "time": 1555264867
        },
        {
            "author_name": "Greg Roupakias",
            "author_url": "https://www.google.com/maps/contrib/101375039302314111765/reviews",
            "language": "en",
            "profile_photo_url": "https://lh4.googleusercontent.com/-0E2PWdfsmxE/AAAAAAAAAAI/AAAAAAAACkQ/5gjiU2YEVGQ/s128-c0x00000000-cc-rp-mo-ba3/photo.jpg",
            "rating": 5,
            "relative_time_description": "6 months ago",
            "text": "Incredibly good theatre",
            "time": 1548599698
        }
    ],
    "type": "point_of_interest"
}

