{
    "id": "ab0c1a0c003ef059b1745999d838672137cc8037",
    "location": {
        "lat": 37.990675,
        "lng": 23.7262654
    },
    "name": "KYTTARO",
    "rating": 4.5,
    "reviews": [
        {
            "author_name": "Stelios Chr",
            "author_url": "https://www.google.com/maps/contrib/118364765562355151305/reviews",
            "language": "en",
            "profile_photo_url": "https://lh4.googleusercontent.com/-FbL2t4KkylU/AAAAAAAAAAI/AAAAAAAACXo/lByd4RlPEqg/s128-c0x00000000-cc-rp-mo-ba4/photo.jpg",
            "rating": 3,
            "relative_time_description": "2 weeks ago",
            "text": "One of the few live venues left in the centre of Athens with a capacity of approx 700-800. It's hard to find a parking in the area, and if the gig is sold-out chances are you won't get a beer, pee, or stay dry. If the gig is not sold out then you 'll get good views as the stage is very close to the floor and the sound is loud and clear.",
            "time": 1564169602
        },
        {
            "author_name": "Johnny StaxVille",
            "author_url": "https://www.google.com/maps/contrib/105394972836902819592/reviews",
            "language": "en",
            "profile_photo_url": "https://lh5.googleusercontent.com/-wlklU0QGeQs/AAAAAAAAAAI/AAAAAAAAF2A/uuNmqh3IZo0/s128-c0x00000000-cc-rp-mo-ba3/photo.jpg",
            "rating": 4,
            "relative_time_description": "3 weeks ago",
            "text": "Good venue. There is a good crowd control management so that the waiting line is nit very long. Be careful during summer season. I went there 7/7/19 and they turned on the exhaust and a/c system for a little bit of time, despite the fact that the venue was full of people (sold out event), and the heat was high.",
            "time": 1563557953
        },
        {
            "author_name": "Panagiotis Kokkinakos",
            "author_url": "https://www.google.com/maps/contrib/109606864790869552787/reviews",
            "language": "en",
            "profile_photo_url": "https://lh3.googleusercontent.com/-wNd78u5QJ_Y/AAAAAAAAAAI/AAAAAAAAB38/30Tprtu__rs/s128-c0x00000000-cc-rp-mo-ba4/photo.jpg",
            "rating": 3,
            "relative_time_description": "3 months ago",
            "text": "Among the greatest places for live music. Reasonable prices, easy to reach through public transport. The neighbourhood is dangerous after midnight. The fact that indoors smoking is allowed is unacceptable.",
            "time": 1556188147
        },
        {
            "author_name": "Leonidas Karagiannis",
            "author_url": "https://www.google.com/maps/contrib/107925607734618256643/reviews",
            "language": "en",
            "profile_photo_url": "https://lh6.googleusercontent.com/-0CTs48LLNkM/AAAAAAAAAAI/AAAAAAAADSc/Zgp-jREYSIA/s128-c0x00000000-cc-rp-mo-ba3/photo.jpg",
            "rating": 5,
            "relative_time_description": "a month ago",
            "text": "Great venue with cooperative staff and a very nice sound.",
            "time": 1562534570
        },
        {
            "author_name": "Celestial Ode",
            "author_url": "https://www.google.com/maps/contrib/103044045391821735690/reviews",
            "language": "en",
            "profile_photo_url": "https://lh6.googleusercontent.com/-SzSa6VmQ_0w/AAAAAAAAAAI/AAAAAAAAAIk/COZqJxpACks/s128-c0x00000000-cc-rp-mo-ba4/photo.jpg",
            "rating": 5,
            "relative_time_description": "3 months ago",
            "text": "Great place for watching gigs with excellent sound. However the area around the club looks sketchy from midnight and after. People should be cautious",
            "time": 1555492160
        }
    ],
    "type": "point_of_interest"
}