{
    "id": "b6ee30c00ba8e9dd5b85d9982d91ab6acc0633ed",
    "location": {
        "lat": 37.9593501,
        "lng": 23.7139188
    },
    "name": "Cinema Calypso",
    "rating": 3.8,
    "reviews": [
        {
            "author_name": "Get\u0629 Deleted\u0629",
            "author_url": "https://www.google.com/maps/contrib/101984583639919899964/reviews",
            "language": "en",
            "profile_photo_url": "https://lh5.googleusercontent.com/-FJ0L-AyEQ04/AAAAAAAAAAI/AAAAAAAAADg/qnh4EEyik2s/s128-c0x00000000-cc-rp-mo/photo.jpg",
            "rating": 1,
            "relative_time_description": "8 months ago",
            "text": "\u039d\u03bf\u03c4 \u03b1 good place to be",
            "time": 1541584679
        },
        {
            "author_name": "\u03a3\u03c4\u03ad\u03bb\u03bb\u03b1 \u039b\u03ac\u03c0\u03c0\u03b1",
            "author_url": "https://www.google.com/maps/contrib/111302156983929593893/reviews",
            "language": "el",
            "profile_photo_url": "https://lh6.googleusercontent.com/-mjE9dX8XL2c/AAAAAAAAAAI/AAAAAAAAAv8/MwVU1xXMT9A/s128-c0x00000000-cc-rp-mo-ba4/photo.jpg",
            "rating": 3,
            "relative_time_description": "3 months ago",
            "text": "\u0394\u03b7\u03bc\u03bf\u03c4\u03b9\u03ba\u03cc\u03c2 \u03ba\u03b9\u03bd\u03b7\u03bc\u03b1\u03c4\u03bf\u03b3\u03c1\u03ac\u03c6\u03bf\u03c2 \u03cc\u03c0\u03bf\u03c5 \u03c3\u03c5\u03c7\u03bd\u03ac \u03c0\u03b1\u03c1\u03bf\u03c5\u03c3\u03b9\u03ac\u03b6\u03bf\u03bd\u03c4\u03b1\u03b9 \u03b5\u03ba\u03b8\u03ad\u03c3\u03b5\u03b9\u03c2, \u03c6\u03b5\u03c3\u03c4\u03b9\u03b2\u03ac\u03bb \u03ba\u03b1\u03b9 \u03b5\u03b9\u03b4\u03b9\u03ba\u03ad\u03c2 \u03c0\u03c1\u03bf\u03b2\u03bf\u03bb\u03ad\u03c2.\n\u03a7\u03c1\u03ce\u03bc\u03b1 \u03ba\u03b1\u03b9 \u03ac\u03c1\u03c9\u03bc\u03b1 \u03c4\u03b7\u03c2 \u03b5\u03c0\u03bf\u03c7\u03ae\u03c2 \u03c4\u03c9\u03bd \u03c3\u03c5\u03bd\u03bf\u03b9\u03ba\u03b9\u03b1\u03ba\u03ce\u03bd \u03c3\u03b9\u03bd\u03b5\u03bc\u03ac, \u03b1\u03c0\u03cc \u03c4\u03bf\u03c5\u03c2 \u03b5\u03bb\u03ac\u03c7\u03b9\u03c3\u03c4\u03bf\u03c5\u03c2 \u03c0\u03bf\u03c5 \u03b5\u03bd\u03b1\u03c0\u03bf\u03bc\u03b5\u03af\u03bd\u03b1\u03bd \u03c3\u03c4\u03b7\u03bd \u039a\u03b1\u03bb\u03bb\u03b9\u03b8\u03ad\u03b1.\n\u03a7\u03c1\u03b5\u03b9\u03ac\u03b6\u03bf\u03bd\u03c4\u03b1\u03b9 \u03c6\u03c1\u03bf\u03bd\u03c4\u03af\u03b4\u03b1 \u03bf\u03b9 \u03c4\u03bf\u03c5\u03b1\u03bb\u03ad\u03c4\u03b5\u03c2.",
            "time": 1554729398
        },
        {
            "author_name": "\u039e\u03c5\u03bb\u03bf\u03b3\u03bb\u03c5\u03c0\u03c4\u03b9\u03ba\u03ae \u0394\u03b7\u03bc\u03ae\u03c4\u03c1\u03b7\u03c2 \u03a0\u03b1\u03c4\u03c3\u03b9\u03bf\u03cd\u03bb\u03b7\u03c2",
            "author_url": "https://www.google.com/maps/contrib/113719520241283368674/reviews",
            "language": "el",
            "profile_photo_url": "https://lh3.googleusercontent.com/-2jw3LltAcLE/AAAAAAAAAAI/AAAAAAAAAfw/ohkZdGAl-Sk/s128-c0x00000000-cc-rp-mo-ba4/photo.jpg",
            "rating": 3,
            "relative_time_description": "5 months ago",
            "text": "\u039c\u03b5\u03b3\u03ac\u03bb\u03bf\u03c2 \u03c7\u03ce\u03c1\u03bf\u03c2 \u03ac\u03bd\u03b5\u03c4\u03bf\u03c2 \u03c0\u03b1\u03bb\u03b9\u03cc\u03c2 \u03ba\u03b9\u03bd\u03b7\u03bc\u03b1\u03c4\u03bf\u03b3\u03c1\u03ac\u03c6\u03bf\u03c2 \u03ba\u03b1\u03b9 \u03b1\u03c1\u03ba\u03b5\u03c4\u03ac \u03ba\u03b1\u03bb\u03ac \u03b4\u03b9\u03b1\u03c4\u03b7\u03c1\u03b7\u03bc\u03ad\u03bd\u03bf\u03c2. \u039c\u03b1\u03ba\u03ac\u03c1\u03b9 \u03bd\u03b1 \u03b1\u03be\u03b9\u03bf\u03c0\u03bf\u03b9\u03b7\u03b8\u03b5\u03af \u03c0\u03b5\u03c1\u03b9\u03c3\u03c3\u03cc\u03c4\u03b5\u03c1\u03bf!",
            "time": 1551467404
        },
        {
            "author_name": "Anastasia Mathiasou",
            "author_url": "https://www.google.com/maps/contrib/109247715411183627561/reviews",
            "language": "el",
            "profile_photo_url": "https://lh5.googleusercontent.com/-uZZJn9A6Uhw/AAAAAAAAAAI/AAAAAAAAAEA/2B1gkCcjSOw/s128-c0x00000000-cc-rp-mo-ba3/photo.jpg",
            "rating": 5,
            "relative_time_description": "7 months ago",
            "text": "\u0398\u03b1 \u03ae\u03c4\u03b1\u03bd \u03c9\u03c1\u03b1\u03af\u03b1 \u03bd\u03b1 \u03b3\u03af\u03bd\u03bf\u03bd\u03c4\u03b1\u03b9 \u03c0\u03b5\u03c1\u03b9\u03c3\u03c3\u03cc\u03c4\u03b5\u03c1\u03b5\u03c2 \u03c0\u03b1\u03b9\u03b4\u03b9\u03ba\u03b5\u03c2 \u03c0\u03b1\u03c1\u03b1\u03c3\u03c4\u03ac\u03c3\u03b5\u03b9\u03c2 \u03b3\u03b9\u03b1 \u03bd\u03b1 \u03c0\u03b7\u03b3\u03b1\u03af\u03bd\u03b1\u03bc\u03b5",
            "time": 1545803053
        },
        {
            "author_name": "Ksiy Kasyxa",
            "author_url": "https://www.google.com/maps/contrib/102544245217929938094/reviews",
            "language": "el",
            "profile_photo_url": "https://lh5.googleusercontent.com/-cUQSUgEGvgE/AAAAAAAAAAI/AAAAAAAASe0/VW-0eZv49Mk/s128-c0x00000000-cc-rp-mo-ba3/photo.jpg",
            "rating": 1,
            "relative_time_description": "6 months ago",
            "text": "\u0391\u03c0\u03bb\u03b1 \u03c4\u03c1\u03b1\u03b3\u03b9\u03ba\u03bf \u03b2\u03c1\u03bf\u03bc\u03b9\u03ba\u03bf \u03b1\u03bd\u03bf\u03c1\u03b3\u03b1\u03bd\u03bf\u03c4\u03bf \u03b1\u03c0\u03b1\u03c1\u03b1\u03b4\u03b5\u03c7\u03c4\u03bf!",
            "time": 1548097033
        }
    ],
    "type": "movie_theater"
}

