{
    "id": "1262a1ea4a38aee98b989162ea2dc286c57b21ce",
    "location": {
        "lat": 37.9656516,
        "lng": 23.7188919
    },
    "name": "\u0394\u03b9\u03b1\u03bc\u03bf\u03c1\u03c6\u03c9\u03bc\u03ad\u03bd\u03bf \u03c0\u03ac\u03c1\u03ba\u03bf \u03c3\u03c4\u03bf \u03bb\u03cc\u03c6\u03bf \u03a6\u03b9\u03bb\u03bf\u03c0\u03ac\u03c0\u03c0\u03bf\u03c5",
    "rating": 2,
    "reviews": [
        {
            "author_name": "Nikiforos Tolis",
            "author_url": "https://www.google.com/maps/contrib/103205730858426658934/reviews",
            "language": "en",
            "profile_photo_url": "https://lh3.googleusercontent.com/-CmnlxIzYEz4/AAAAAAAAAAI/AAAAAAAAXCQ/RH4kkBIf_rU/s128-c0x00000000-cc-rp-mo-ba4/photo.jpg",
            "rating": 2,
            "relative_time_description": "3 months ago",
            "text": "The design preserves the landscape and is placed on top  without damaging it. It's better to experience it from the top of filoppapou because it's perimeter is usually occupied from homeless accomodations.",
            "time": 1557314753
        }
    ],
    "type": "park"
}