{
    "id": "63f39373cef301393662030881c7202de00e7d6b",
    "location": {
        "lat": 37.99253909999999,
        "lng": 23.7313073
    },
    "name": "\u0391\u03bb\u03b5\u03be\u03ac\u03bd\u03b4\u03c1\u03b1 Europa Cinemas Digital",
    "rating": 4.4,
    "reviews": [
        {
            "author_name": "Otar Smith",
            "author_url": "https://www.google.com/maps/contrib/107744723850912557096/reviews",
            "language": "en",
            "profile_photo_url": "https://lh6.googleusercontent.com/-kpyCr-gZu08/AAAAAAAAAAI/AAAAAAAAAAA/ACHi3rf5n78OubDRhjOhmtH1McYyVRzz_Q/s128-c0x00000000-cc-rp-mo-ba2/photo.jpg",
            "rating": 5,
            "relative_time_description": "6 months ago",
            "text": "One of the oldest cinema in Athens. Well maintained and cozy.",
            "time": 1548054108
        },
        {
            "author_name": "Stelios Adamopoulos",
            "author_url": "https://www.google.com/maps/contrib/115275942398579799917/reviews",
            "language": "en",
            "profile_photo_url": "https://lh4.googleusercontent.com/-LUwD_SJy5tQ/AAAAAAAAAAI/AAAAAAAABaU/wIE5Mi5FPZU/s128-c0x00000000-cc-rp-mo-ba4/photo.jpg",
            "rating": 4,
            "relative_time_description": "7 months ago",
            "text": "One of the old classical cinemas of Athens, refurbished, clean and comfortable. Very close to a metro stop makes it a very convenient location",
            "time": 1544003924
        },
        {
            "author_name": "Christos Koutsis",
            "author_url": "https://www.google.com/maps/contrib/118076996645193315802/reviews",
            "language": "en",
            "profile_photo_url": "https://lh6.googleusercontent.com/-W5BbMgQ6ulg/AAAAAAAAAAI/AAAAAAAADfU/lhqT7kG73VU/s128-c0x00000000-cc-rp-mo-ba4/photo.jpg",
            "rating": 4,
            "relative_time_description": "a year ago",
            "text": "Big cinema, courteous staff. Not the biggest screen in Athens but good sound system. Could be a bit cleaner though.",
            "time": 1519082015
        },
        {
            "author_name": "Yiannis Gavras",
            "author_url": "https://www.google.com/maps/contrib/101167125212183510205/reviews",
            "language": "en",
            "profile_photo_url": "https://lh3.googleusercontent.com/-nVjOHekEJZY/AAAAAAAAAAI/AAAAAAAAANI/u8aS4jlfspQ/s128-c0x00000000-cc-rp-mo-ba3/photo.jpg",
            "rating": 3,
            "relative_time_description": "4 months ago",
            "text": "It is really OK !",
            "time": 1551771537
        },
        {
            "author_name": "\u0413\u0443\u0437\u0435\u043b\u044c \u041c\u0443\u0445\u0430\u043c\u0435\u0442\u0437\u044f\u043d\u043e\u0432\u0430",
            "author_url": "https://www.google.com/maps/contrib/116005143284939661596/reviews",
            "language": "en",
            "profile_photo_url": "https://lh4.googleusercontent.com/-XKgSroBL_b0/AAAAAAAAAAI/AAAAAAAAAAA/ACHi3reLIiR5M9468uHaNT3X-zX5IQiyVQ/s128-c0x00000000-cc-rp-mo/photo.jpg",
            "rating": 5,
            "relative_time_description": "a year ago",
            "text": "Proper old style cinema. Enjoyed every second of being there.",
            "time": 1508445237
        }
    ],
    "type": "movie_theater"
}

