{
    "id": "501791d010329e35aeb98e7d47d6d02a19eb117e",
    "location": {
        "lat": 37.9861356,
        "lng": 23.7323007
    },
    "name": "Vegan cuisine Jamaican & more",
    "rating": 5,
    "reviews": [
        {
            "author_name": "Morgan McEvoy",
            "author_url": "https://www.google.com/maps/contrib/107913457161150393860/reviews",
            "language": "en",
            "profile_photo_url": "https://lh4.googleusercontent.com/-CLwQqPDMgew/AAAAAAAAAAI/AAAAAAAAAZk/Q_5vH5S1dgc/s128-c0x00000000-cc-rp-mo/photo.jpg",
            "rating": 5,
            "relative_time_description": "a month ago",
            "text": "We stopped at this Jamaican place by chance. Their food was made to order and very delicious. They have a small beer selection to wash it down on a warm summer night. \n\nWe tried the Blessed Burger and the Schnitzel Burger, both were very good. The reggae music was great as well.",
            "time": 1561915612
        },
        {
            "author_name": "Nico P.",
            "author_url": "https://www.google.com/maps/contrib/105237093368877639138/reviews",
            "language": "en",
            "profile_photo_url": "https://lh5.googleusercontent.com/-BXk2E1-78xA/AAAAAAAAAAI/AAAAAAAAuu4/U4zWGMfJYL4/s128-c0x00000000-cc-rp-mo-ba4/photo.jpg",
            "rating": 5,
            "relative_time_description": "2 months ago",
            "text": "Great restaurant! Vegan or not, this place has the best gyro I've ever had.",
            "time": 1559853309
        },
        {
            "author_name": "V\u00edctor Alc\u00e1zar",
            "author_url": "https://www.google.com/maps/contrib/113307756649804006461/reviews",
            "profile_photo_url": "https://lh3.googleusercontent.com/-eCQ3dEhl3Cw/AAAAAAAAAAI/AAAAAAAAaAA/UeVxinFYGOk/s128-c0x00000000-cc-rp-mo/photo.jpg",
            "rating": 5,
            "relative_time_description": "a month ago",
            "text": "",
            "time": 1561314573
        },
        {
            "author_name": "Iliana sideri",
            "author_url": "https://www.google.com/maps/contrib/102782329676075542683/reviews",
            "profile_photo_url": "https://lh4.googleusercontent.com/-xXhUVjkLkbg/AAAAAAAAAAI/AAAAAAAAAAA/ACHi3rdUZPmgAe6OpLT4d-uJRjpOdjJM8g/s128-c0x00000000-cc-rp-mo/photo.jpg",
            "rating": 5,
            "relative_time_description": "a week ago",
            "text": "",
            "time": 1564915658
        },
        {
            "author_name": "Melanie Maute",
            "author_url": "https://www.google.com/maps/contrib/110341374912535284656/reviews",
            "profile_photo_url": "https://lh6.googleusercontent.com/-3th6I-S0QoA/AAAAAAAAAAI/AAAAAAAAAAA/ACHi3rf8ZajUyRhQSfjeRD2FC65Gkl8ytQ/s128-c0x00000000-cc-rp-mo/photo.jpg",
            "rating": 5,
            "relative_time_description": "a month ago",
            "text": "",
            "time": 1561531786
        }
    ],
    "type": "restaurant"
}