{
    "id": "e49dc85189584d9e3fa47b6e59be2999bd3d56f9",
    "location": {
        "lat": 37.9895816,
        "lng": 23.7162361
    },
    "name": "Royal",
    "rating": 4.6,
    "reviews": [
        {
            "author_name": "Sally Harper",
            "author_url": "https://www.google.com/maps/contrib/107014632840426077882/reviews",
            "language": "en",
            "profile_photo_url": "https://lh3.googleusercontent.com/-ZM0kosmtr8k/AAAAAAAAAAI/AAAAAAAAAAA/ACHi3rfXO5l4_HLWRfiJk9plJ_kv-JH73A/s128-c0x00000000-cc-rp-mo-ba2/photo.jpg",
            "rating": 5,
            "relative_time_description": "4 months ago",
            "text": "Nice coffee & friendly staff",
            "time": 1551871481
        },
        {
            "author_name": "giota moysiadou",
            "author_url": "https://www.google.com/maps/contrib/106554647107414246977/reviews",
            "language": "el",
            "profile_photo_url": "https://lh4.googleusercontent.com/-elwSUEEUcVY/AAAAAAAAAAI/AAAAAAAAAAA/ACHi3rfv_qc5bO-AVmDXUgHgA6WZ5DTpJg/s128-c0x00000000-cc-rp-mo/photo.jpg",
            "rating": 5,
            "relative_time_description": "a month ago",
            "text": "\u039f\u03bb\u03b1 \u03c5\u03c0\u03b5\u03c1\u03bf\u03c7\u03b1,\u03b1\u03bc\u03b5\u03c3\u03b7 \u03b5\u03be\u03c5\u03c0\u03b7\u03c1\u03ad\u03c4\u03b7\u03c3\u03ae \u03ba \u03b5\u03be\u03b1\u03b9\u03c1\u03b5\u03c4\u03b1 \u03bf\u03bb\u03b1 \u03bf\u03c3\u03b1 \u03c0\u03c1\u03bf\u03c3\u03c6\u03b5\u03c1\u03b5\u03b9 \u03c4\u03bf \u03bc\u03b1\u03b3\u03b1\u03b6\u03b9.",
            "time": 1560703505
        },
        {
            "author_name": "ANTONIS PANOS",
            "author_url": "https://www.google.com/maps/contrib/114948311036376312306/reviews",
            "language": "el",
            "profile_photo_url": "https://lh6.googleusercontent.com/-JsDrOW14zhA/AAAAAAAAAAI/AAAAAAAABYo/ShRqgU7p-Bs/s128-c0x00000000-cc-rp-mo/photo.jpg",
            "rating": 5,
            "relative_time_description": "2 months ago",
            "text": "\u0386\u03bc\u03b5\u03c3\u03b7 \u03b5\u03be\u03c5\u03c0\u03b7\u03c1\u03ad\u03c4\u03b7\u03c3\u03b7 \u03b1\u03c0\u03bf \u03c4\u03bf\u03c5\u03c2 \u03b5\u03b9\u03b4\u03b9\u03ba\u03bf\u03cd\u03c2 \u03c4\u03bf\u03c5 \u03b5\u03af\u03b4\u03bf\u03c5\u03c2, \u03c7\u03b1\u03bc\u03bf\u03b3\u03b5\u03bb\u03b1\u03c3\u03c4\u03cc \u03c0\u03c1\u03bf\u03c3\u03c9\u03c0\u03b9\u03ba\u03cc \u03ba\u03b1\u03b9 \u03ac\u03bc\u03b5\u03c3\u03b7 \u03b5\u03be\u03c5\u03c0\u03b7\u03c1\u03ad\u03c4\u03b7\u03c3\u03b7.",
            "time": 1558865012
        },
        {
            "author_name": "Antonis Kassaras",
            "author_url": "https://www.google.com/maps/contrib/108629086234044413371/reviews",
            "language": "el",
            "profile_photo_url": "https://lh6.googleusercontent.com/-0oGkjYnbJJ0/AAAAAAAAAAI/AAAAAAAAAAA/ACHi3reoXDykvgOH-k9WYoGvQQ4avFUAeg/s128-c0x00000000-cc-rp-mo/photo.jpg",
            "rating": 5,
            "relative_time_description": "2 months ago",
            "text": "\u0395\u03ba\u03c0\u03bb\u03b7\u03ba\u03c4\u03b9\u03ba\u03cc\u03c2 \u03ba\u03b1\u03c6\u03ad\u03c2, \u03ac\u03c8\u03bf\u03b3\u03bf \u03ba\u03b1\u03b9 \u03b5\u03c5\u03b3\u03b5\u03bd\u03b9\u03ba\u03cc \u03c3\u03b5\u03c1\u03b2\u03b9\u03c2 \u03c3\u03b5 \u03bb\u03bf\u03b3\u03b9\u03ba\u03ad\u03c2 \u03c4\u03b9\u03bc\u03ad\u03c2. \u03a4\u03bf \u03c0\u03b9\u03bf \u03b3\u03c1\u03ae\u03b3\u03bf\u03c1\u03bf delivery \u03c0\u03bf\u03c5 \u03c5\u03c0\u03ac\u03c1\u03c7\u03b5\u03b9. \u039c\u03c0\u03c1\u03ac\u03b2\u03bf \u03c6\u03bf\u03b2\u03b5\u03c1\u03ae \u03b4\u03bf\u03c5\u03bb\u03b5\u03b9\u03ac \u03c0\u03b1\u03b9\u03b4\u03b9\u03ac.",
            "time": 1557129869
        },
        {
            "author_name": "Ioannis Drimilis",
            "author_url": "https://www.google.com/maps/contrib/117457932202313427427/reviews",
            "language": "el",
            "profile_photo_url": "https://lh6.googleusercontent.com/-geDyPBwMlHc/AAAAAAAAAAI/AAAAAAAAAAA/ACHi3rdn8blQqFdOYAGvbpmAEYOKyUWcdg/s128-c0x00000000-cc-rp-mo-ba2/photo.jpg",
            "rating": 5,
            "relative_time_description": "2 months ago",
            "text": "\u039a\u03b1\u03bb\u03cc\u03c2 \u03ba\u03b1\u03c6\u03ad\u03c2 \u03ba\u03b1\u03b9 \u03ba\u03b1\u03bb\u03ac \u03c0\u03b1\u03b9\u03b4\u03b9\u03ac!",
            "time": 1557910376
        }
    ],
    "type": "cafe"
}

