{
    "id": "110218fb74653094bbd1e724e88db54d8d911809",
    "location": {
        "lat": 37.9734829,
        "lng": 23.732578
    },
    "name": "\u039a\u03b9\u03bc\u03c9\u03bb\u03af\u03b1 Art Cafe",
    "rating": 4.4,
    "reviews": [
        {
            "author_name": "Val Mas",
            "author_url": "https://www.google.com/maps/contrib/106412343052277960027/reviews",
            "language": "en",
            "profile_photo_url": "https://lh3.googleusercontent.com/-POfBujwRutI/AAAAAAAAAAI/AAAAAAAAAAA/ACHi3rc9qST0L4bQM0lazxWHOqzDPEu9OA/s128-c0x00000000-cc-rp-mo-ba4/photo.jpg",
            "rating": 4,
            "relative_time_description": "a month ago",
            "text": "Simple cosy art cafe. Staff was very friendly and also allowed dogs. Very well priced.",
            "time": 1559038100
        },
        {
            "author_name": "Emily Yu",
            "author_url": "https://www.google.com/maps/contrib/114675800640728656506/reviews",
            "language": "en",
            "profile_photo_url": "https://lh3.googleusercontent.com/-knj-gI9lzLc/AAAAAAAAAAI/AAAAAAAAHB8/BlEydTe4B2Y/s128-c0x00000000-cc-rp-mo/photo.jpg",
            "rating": 5,
            "relative_time_description": "2 months ago",
            "text": "Very friendly staff, plenty of seating and good drink selection. Wish I'd been able to try some food.",
            "time": 1556918293
        },
        {
            "author_name": "Brian",
            "author_url": "https://www.google.com/maps/contrib/103766088378160309160/reviews",
            "language": "en",
            "profile_photo_url": "https://lh6.googleusercontent.com/-Az0s64pxn1Y/AAAAAAAAAAI/AAAAAAAAAAA/ACHi3rfjFWqDeibYlmrJCvQR1pZfdj-qOg/s128-c0x00000000-cc-rp-mo-ba3/photo.jpg",
            "rating": 5,
            "relative_time_description": "4 months ago",
            "text": "One of my favorite cafes in Athens. Friendly staff, comfortable set up. Solid food and coffee.",
            "time": 1551290303
        },
        {
            "author_name": "Alona Narkiss",
            "author_url": "https://www.google.com/maps/contrib/115262744551904052958/reviews",
            "language": "en",
            "profile_photo_url": "https://lh4.googleusercontent.com/-Oc8ojetS7RI/AAAAAAAAAAI/AAAAAAAAAE4/qLkqVKxSBUQ/s128-c0x00000000-cc-rp-mo-ba4/photo.jpg",
            "rating": 5,
            "relative_time_description": "3 months ago",
            "text": "Very cool place! Nice atmosphere and decent food.",
            "time": 1554306437
        },
        {
            "author_name": "Coraline J.",
            "author_url": "https://www.google.com/maps/contrib/102143484297201514582/reviews",
            "language": "en",
            "profile_photo_url": "https://lh5.googleusercontent.com/-oQsfwYdXF1s/AAAAAAAAAAI/AAAAAAAAAXQ/mDOis_cPeIw/s128-c0x00000000-cc-rp-mo-ba2/photo.jpg",
            "rating": 5,
            "relative_time_description": "2 months ago",
            "text": "Always one my favourites. Nice decoration, kind people :)",
            "time": 1557131934
        }
    ],
    "type": "cafe"
}

