{
    "id": "5cd7b10b8faf79c65047c921a700a4dced6c99c3",
    "location": {
        "lat": 37.976625,
        "lng": 23.724107
    },
    "name": "Loukoumi Bar",
    "rating": 4.1,
    "reviews": [
        {
            "author_name": "illoominated civilization",
            "author_url": "https://www.google.com/maps/contrib/103541835433142751681/reviews",
            "language": "en",
            "profile_photo_url": "https://lh5.googleusercontent.com/-57ECxQULAH4/AAAAAAAAAAI/AAAAAAAAACQ/E1kOtVjihPM/s128-c0x00000000-cc-rp-mo-ba4/photo.jpg",
            "rating": 5,
            "relative_time_description": "2 months ago",
            "text": "One of a kind, due to the location & also hosting sometimes very nice electronic music parties, from dub to dnb, which other bars don't. Nice music selection every day & the place used to have experienced DJs playing as residents. Good food & big selection of drinks! Try some cocktails from Natalia! Really nice to hang out on the rooftop during summer, viewing the Parthenon. Cheers.",
            "time": 1559573300
        },
        {
            "author_name": "Rafael Philippini",
            "author_url": "https://www.google.com/maps/contrib/108363944657813870411/reviews",
            "language": "en",
            "profile_photo_url": "https://lh3.googleusercontent.com/-ZvLm44G96Aw/AAAAAAAAAAI/AAAAAAAAAFs/RJbbf5u4O_o/s128-c0x00000000-cc-rp-mo/photo.jpg",
            "rating": 4,
            "relative_time_description": "a month ago",
            "text": "Very good food and atentious staff. You can have a decent meal for almost half of the price of the other bars. A good place for going and chatting outside the noisy bars from Athens.",
            "time": 1561352452
        },
        {
            "author_name": "eleni snt",
            "author_url": "https://www.google.com/maps/contrib/101204490139122468786/reviews",
            "language": "en",
            "profile_photo_url": "https://lh5.googleusercontent.com/-jj9RdFwWPJM/AAAAAAAAAAI/AAAAAAAAAAA/ACHi3refwVQUlY-ckXUVScPKdIy_kjV4zQ/s128-c0x00000000-cc-rp-mo-ba2/photo.jpg",
            "rating": 4,
            "relative_time_description": "a month ago",
            "text": "Amazing food, beautiful view, good prices and lots of drinks. Difficult to find.",
            "time": 1559760047
        },
        {
            "author_name": "Arria Na",
            "author_url": "https://www.google.com/maps/contrib/117179107041956966959/reviews",
            "language": "en",
            "profile_photo_url": "https://lh6.googleusercontent.com/-vD3HZXXDRew/AAAAAAAAAAI/AAAAAAAAAC0/XBPEorTTH9A/s128-c0x00000000-cc-rp-mo-ba4/photo.jpg",
            "rating": 3,
            "relative_time_description": "3 months ago",
            "text": "The view is rather good , while there is a balcony and also a terrace. However the prices are very high for what they provide. The service is also worse than average. The waiter that attended us, came back twice to ask my friend what kind of milkshake she wanted, she answered oreo and then he brought with half an hour delay, a wrong milkshake and told my friend that this day there was no availability of the other one she had chosen(...). I also had to ask 3 times for some milk for my coffee. It is a pity in general, I recommend the place only if you want some view of a terrace.",
            "time": 1555504347
        },
        {
            "author_name": "Effrosyni Dervisi",
            "author_url": "https://www.google.com/maps/contrib/100416236049063759154/reviews",
            "language": "en",
            "profile_photo_url": "https://lh6.googleusercontent.com/-qQZqwzEWlys/AAAAAAAAAAI/AAAAAAAAAog/di5x5j2_8Tc/s128-c0x00000000-cc-rp-mo-ba4/photo.jpg",
            "rating": 2,
            "relative_time_description": "3 months ago",
            "text": "Even though it's a nice spot that you can see acropolis ,the service it's unacceptable. I wouldn't recommend it, except if you're patient enough. It's a central cafeteria and they don't have English menus and they forgot to bring something we ordered.",
            "time": 1555612373
        }
    ],
    "type": "cafe"

}

