{
    "id": "7bf79a43ed2977c921f5da3088499c235bcf656e",
    "location": {
        "lat": 37.9748017,
        "lng": 23.7323724
    },
    "name": "Nolan",
    "rating": 4.5,
    "reviews": [
        {
            "author_name": "Panagiotis Lymperis",
            "author_url": "https://www.google.com/maps/contrib/115174223314467377472/reviews",
            "language": "en",
            "profile_photo_url": "https://lh3.googleusercontent.com/-GS4mTtKIcd4/AAAAAAAAAAI/AAAAAAAAAMA/rinxtSjk5hE/s128-c0x00000000-cc-rp-mo-ba4/photo.jpg",
            "rating": 4,
            "relative_time_description": "a month ago",
            "text": "First of all this a very good choice to eat. The number of table's and the overall size of the store it is small. It has nice flavors and it is upper class place. All the dishes was nice cooked and we had a great time. The service was there for us and they had good knowledge of the menu. They offered to help us chose the correct dishes that will follow special needs we had. Since at this store is under the supervision of a very popular chef I have to point out two mistakes. Firstly the plates was not dry, there was water from the dishwasher. And the second was in the wine that I ordered it had something strange at the bottom, probably it was from the cork or something like that. Price wise I think that it is not expensive for the quality of the food and service.",
            "time": 1561915704
        },
        {
            "author_name": "Y\u0131ld\u0131z Haseki",
            "author_url": "https://www.google.com/maps/contrib/116713702473671940981/reviews",
            "language": "en",
            "profile_photo_url": "https://lh5.googleusercontent.com/-sQSv1JgMtxE/AAAAAAAAAAI/AAAAAAAABfE/fyEZzUMPibU/s128-c0x00000000-cc-rp-mo-ba2/photo.jpg",
            "rating": 5,
            "relative_time_description": "a month ago",
            "text": "Unique idea and execution of Greek/Asian fusion. Everything was delicious, our favourites were the pork cheek buns and tuna tartar, though we liked all of the dishes on the table. Excellent experience for the ones who want to try something different yet still typical.",
            "time": 1560591530
        },
        {
            "author_name": "Marcos Eleftheriou",
            "author_url": "https://www.google.com/maps/contrib/101952836578998099129/reviews",
            "language": "en",
            "profile_photo_url": "https://lh4.googleusercontent.com/-YJ1WyXstQx8/AAAAAAAAAAI/AAAAAAAAOpM/bmV78guJtFE/s128-c0x00000000-cc-rp-mo-ba3/photo.jpg",
            "rating": 5,
            "relative_time_description": "a month ago",
            "text": "A beautiful combination of Greek and Japanese! Delicious food and great service. Best modern meal during our trip to Athens. Highly recommended.",
            "time": 1561409804
        },
        {
            "author_name": "Mary Marinou",
            "author_url": "https://www.google.com/maps/contrib/107189990379171736390/reviews",
            "language": "en",
            "profile_photo_url": "https://lh3.googleusercontent.com/-zAPjvD2fvmM/AAAAAAAAAAI/AAAAAAAABjE/xZ60amXLAEk/s128-c0x00000000-cc-rp-mo-ba2/photo.jpg",
            "rating": 5,
            "relative_time_description": "in the last week",
            "text": "Must visit when in Athens. Delicious dishes in a small but cozy place. The dishes are served in specific order which really helps to get the most of them. Don\u2019t forget to make a reservation a few days in prior.",
            "time": 1564493680
        },
        {
            "author_name": "Stella Koukides",
            "author_url": "https://www.google.com/maps/contrib/114343203612956672329/reviews",
            "language": "en",
            "profile_photo_url": "https://lh6.googleusercontent.com/-lw-vNG1NjFQ/AAAAAAAAAAI/AAAAAAAAAAA/ACHi3rd8qGCeYnj1SpwBfwSiwkG070MIZQ/s128-c0x00000000-cc-rp-mo/photo.jpg",
            "rating": 4,
            "relative_time_description": "a month ago",
            "text": "Excellent standard of food and nice atmosphere.\nAlthough the majority of staff were friendly we had an abrupt \u201ctelling off\u201d by a waitress to put our phones away - which is not a problem however her manner was not friendly and to our surprise others who arrived later were not asked to do the same. This is the only reason I score a 4/5 as I feel all customers should be treated equally.",
            "time": 1560432058
        }
    ],
    "type": "restaurant"
}

