{
    "id": "ec4db7e7dcaa5f7a961920340c71cd7d9eebb842",
    "location": {
        "lat": 37.989547,
        "lng": 23.7335362
    },
    "name": "PORTRAIT CAFE",
    "rating": 4.4,
    "reviews": [
        {
            "author_name": "alex alexiou",
            "author_url": "https://www.google.com/maps/contrib/104228378721683208697/reviews",
            "language": "en",
            "profile_photo_url": "https://lh5.googleusercontent.com/--mEjoHgjbnQ/AAAAAAAAAAI/AAAAAAAAAAA/ACHi3rfT1yKtFsZtsuSkor52qT_O6DQ5Mw/s128-c0x00000000-cc-rp-mo/photo.jpg",
            "rating": 2,
            "relative_time_description": "a year ago",
            "text": "Taste of coffee not bad usually.But They  seem almost angry to serve you when you ask for a coffee to go and this happened more than one time.",
            "time": 1529308692
        },
        {
            "author_name": "Kristi Caka",
            "author_url": "https://www.google.com/maps/contrib/118030484351362487297/reviews",
            "language": "en",
            "profile_photo_url": "https://lh6.googleusercontent.com/-lo6yWkAbtKY/AAAAAAAAAAI/AAAAAAAAAAA/ACHi3rdp8Y-9MZbpGR7cnJTW3JLITNqmSw/s128-c0x00000000-cc-rp-mo/photo.jpg",
            "rating": 5,
            "relative_time_description": "6 months ago",
            "text": "Best of all",
            "time": 1547669872
        },
        {
            "author_name": "Thomas Traddles",
            "author_url": "https://www.google.com/maps/contrib/113009694002445834928/reviews",
            "language": "en",
            "profile_photo_url": "https://lh5.googleusercontent.com/-1tJQCTQNupU/AAAAAAAAAAI/AAAAAAAAADs/oREh9EodIo0/s128-c0x00000000-cc-rp-mo/photo.jpg",
            "rating": 1,
            "relative_time_description": "a year ago",
            "text": "Truly dreadful coffee and a TV the size of a bus showing endless sport. Big mistake.",
            "time": 1510237616
        },
        {
            "author_name": "\u039a\u03c9\u03bd\u03c3\u03c4\u03b1\u03bd\u03c4\u03af\u03bd\u03bf\u03c2 \u03a4\u03c3\u03ad\u03bb\u03b7\u03c2",
            "author_url": "https://www.google.com/maps/contrib/108168464839717618317/reviews",
            "language": "el",
            "profile_photo_url": "https://lh3.googleusercontent.com/-WXYT7ilVnIE/AAAAAAAAAAI/AAAAAAAAAOU/tPz2KaXMKw0/s128-c0x00000000-cc-rp-mo-ba4/photo.jpg",
            "rating": 4,
            "relative_time_description": "2 weeks ago",
            "text": "\u038c\u03bc\u03bf\u03c1\u03c6\u03bf \u03ba\u03b1\u03b9 \u03b1\u03c4\u03bc\u03bf\u03c3\u03c6\u03b1\u03b9\u03c1\u03b9\u03ba\u03cc. \u03a9\u03c1\u03b1\u03af\u03b1 \u03bc\u03bf\u03c5\u03c3\u03b9\u03ba\u03ae.",
            "time": 1562776080
        },
        {
            "author_name": "\u03a3\u03c4\u03b1\u03b8\u03b7\u03c2 \u039a\u03b1\u03bb\u03bf\u03b3\u03b5\u03c1\u03af\u03b1\u03c2",
            "author_url": "https://www.google.com/maps/contrib/109275526300327191212/reviews",
            "language": "el",
            "profile_photo_url": "https://lh4.googleusercontent.com/-VN-4jzvPI1M/AAAAAAAAAAI/AAAAAAAAAAA/ACHi3rdSvkvSmF7rFD5FmPkreuM8vBSDcQ/s128-c0x00000000-cc-rp-mo-ba3/photo.jpg",
            "rating": 5,
            "relative_time_description": "5 months ago",
            "text": "\u03a0\u03bf\u03bb\u03c5 \u03ba\u03b1\u03bb\u03bf\u03c2 \u03ba\u03b1\u03c6\u03b5\u03c2 espresso \u03ba\u03b1\u03b9 \u03c9\u03c1\u03b1\u03b9\u03bf \u03bc\u03b1\u03b3\u03b1\u03b6\u03b9 \u03bd\u03b1 \u03ba\u03b1\u03c4\u03c3\u03b5\u03b9\u03c2.\u03a4\u03bf \u03c0\u03c1\u03bf\u03c4\u03b5\u03b9\u03bd\u03bf,\u03b5\u03b3\u03c9 \u03c0\u03b1\u03c9 \u03bf\u03c0\u03bf\u03c4\u03b5 \u03b5\u03b9\u03bc\u03b1\u03b9 \u03b5\u03ba\u03b5\u03b9 \u03ba\u03bf\u03bd\u03c4\u03b1 \u03b1\u03c1\u03ba\u03b5\u03c4\u03b1 \u03c3\u03c5\u03c7\u03bd\u03b1 \u03ba\u03b1\u03b9 \u03ba\u03b1\u03bd\u03b5\u03bd\u03b1 \u03bf\u03c5\u03c3\u03b9\u03b1\u03c3\u03c4\u03b9\u03ba\u03bf \u03c0\u03b1\u03c1\u03b1\u03c0\u03c0\u03bd\u03bf \u03b4\u03b5\u03bd \u03b5\u03c7\u03c9.",
            "time": 1549710265
        }
    ],
    "type": "cafe"
}

