{
    "id": "70f16f837ce5b098438fa93b1c3c1e744974f66b",
    "location": {
        "lat": 37.9792003,
        "lng": 23.7298932
    },
    "name": "\u039a\u0391\u039b\u039d\u03a4\u0395\u03a1\u0399\u039c\u0399 / KALDERIMI RESTAURANT (\u039b\u03b1\u03c4\u03c3\u03ce\u03bd\u03b1\u03c2 \u03a7\u03c1\u03ae\u03c3\u03c4\u03bf\u03c2 \u03a4.)",
    "rating": 4.4,
    "reviews": [
        {
            "author_name": "Stella V.",
            "author_url": "https://www.google.com/maps/contrib/117412682174194500636/reviews",
            "language": "en",
            "profile_photo_url": "https://lh3.googleusercontent.com/-V2T3AQK2qnc/AAAAAAAAAAI/AAAAAAAAAAA/cwOwMRiiHBo/s128-c0x00000000-cc-rp-mo/photo.jpg",
            "rating": 5,
            "relative_time_description": "3 months ago",
            "text": "Best home-made-like food I'm Athens center. Excellent and fast service. Good quality of product and there is a high chair for children available.",
            "time": 1554390495
        },
        {
            "author_name": "Roman Vander",
            "author_url": "https://www.google.com/maps/contrib/112376472746020416563/reviews",
            "language": "en",
            "profile_photo_url": "https://lh4.googleusercontent.com/-_rT5gI7s0uY/AAAAAAAAAAI/AAAAAAAAAAA/ACHi3re1KPtXyd92ydncqgc_ZsDQlEchIg/s128-c0x00000000-cc-rp-mo-ba4/photo.jpg",
            "rating": 5,
            "relative_time_description": "2 months ago",
            "text": "Very cosy restaurant, serving local food. A bit far from most of the restaurants area, which is advantage. Looks that most of the customers are local. The dishes are delicious  and big",
            "time": 1557990645
        },
        {
            "author_name": "Thomas Gibson",
            "author_url": "https://www.google.com/maps/contrib/108408383567638254682/reviews",
            "language": "en",
            "profile_photo_url": "https://lh3.googleusercontent.com/-hxKLKxJPD8E/AAAAAAAAAAI/AAAAAAAAADo/5I_FbsHGs2c/s128-c0x00000000-cc-rp-mo/photo.jpg",
            "rating": 5,
            "relative_time_description": "a year ago",
            "text": "This is the second time we have eaten here and I feel they deserve my first review. We have been traveling Europe for over a month now and this place has been our favorite so far. Good food, great prices, friendly staff. Also, both times they have given us dessert complimentary.",
            "time": 1532719158
        },
        {
            "author_name": "Hannah J Weldon",
            "author_url": "https://www.google.com/maps/contrib/100361305534980537450/reviews",
            "language": "en",
            "profile_photo_url": "https://lh6.googleusercontent.com/-keoWAMZJ-EA/AAAAAAAAAAI/AAAAAAAAAd0/dLl13ibLcnE/s128-c0x00000000-cc-rp-mo-ba3/photo.jpg",
            "rating": 5,
            "relative_time_description": "a year ago",
            "text": "We had the barley salad which was AMAZING. The house rose and white wine was great too! We had delicious lamb and beef meatballs with spearmint (I forgot the Greek name) which were perfect. I highly recommend this place as you get a nice view of a medieval church.",
            "time": 1531933641
        },
        {
            "author_name": "Sharan Murthy",
            "author_url": "https://www.google.com/maps/contrib/110489658363077981673/reviews",
            "language": "en",
            "profile_photo_url": "https://lh6.googleusercontent.com/-i6cUU3heJ8A/AAAAAAAAAAI/AAAAAAAAGZY/VfoLUeTQsWA/s128-c0x00000000-cc-rp-mo-ba5/photo.jpg",
            "rating": 5,
            "relative_time_description": "10 months ago",
            "text": "Very friendly hosts, food is always fresh and quick. They treat customers very well and food portions are perfect! Highly recommend the grilled haloumi.",
            "time": 1538387365
        }
    ],
    "type": "restaurant"
}

