{
    "id": "5cf9ea59d77f1673b59dde6099ccf9400e06fe64",
    "location": {
        "lat": 37.96761,
        "lng": 23.729964
    },
    "name": "IF Espresso Bar",
    "rating": 4.7,
    "reviews": [
        {
            "author_name": "Aaron Bryson",
            "author_url": "https://www.google.com/maps/contrib/100261811862379510019/reviews",
            "language": "en",
            "profile_photo_url": "https://lh6.googleusercontent.com/-bLlrTj7_fNY/AAAAAAAAAAI/AAAAAAAAEJ0/QmY2o4smMrU/s128-c0x00000000-cc-rp-mo-ba4/photo.jpg",
            "rating": 5,
            "relative_time_description": "a month ago",
            "text": "This Cafe is a great place for coffee, food, and friendly service. The people there were so fun and we could tell they really enjoyed our company as much as we enjoyed their establishment. \n\nI'd definitely visit again. The venue is really nice and clean. They have air conditioning, a comfortable decor, and great bathrooms.",
            "time": 1559987137
        },
        {
            "author_name": "H C",
            "author_url": "https://www.google.com/maps/contrib/100926127012724121471/reviews",
            "language": "en",
            "profile_photo_url": "https://lh3.googleusercontent.com/-snyZLi3wP0g/AAAAAAAAAAI/AAAAAAAAAAA/ACHi3rfC20YmG7Et68zrNveXx4OAoe_zfw/s128-c0x00000000-cc-rp-mo-ba3/photo.jpg",
            "rating": 5,
            "relative_time_description": "3 months ago",
            "text": "Absolutely amazing place! Breakfast choices great - really tasty food which is good value too (delicious orange juice and huge coffees!). Staff are so so friendly and made us feel welcome and special. We will definitely be returning!",
            "time": 1555182299
        },
        {
            "author_name": "Jennifer Winter",
            "author_url": "https://www.google.com/maps/contrib/102238854216947977694/reviews",
            "language": "en",
            "profile_photo_url": "https://lh5.googleusercontent.com/-SR1xOkl4E0c/AAAAAAAAAAI/AAAAAAACbPY/wsvPpdy9ark/s128-c0x00000000-cc-rp-mo-ba6/photo.jpg",
            "rating": 5,
            "relative_time_description": "2 months ago",
            "text": "Wow, all I can say is that this place wildly exceeded my expectations! \n\nI came here with a friend for a nice noontime brunch on a Thursday. It was not so busy, so we were able to sit by the open window front. The atmosphere was lovely, with the green outside and the hip interior meeting for a magical time. \n\nTo start they bring you free water which is very kind. Then we both ordered fresh, loose leaf tea; my friend had the green tea garden and I had the silky road. The silky road had the smooth body of a black tea with the notes of rose petals and a hint orange. \n\nFor the brunch my friend had the SPECIAL Greek breakfast and I had the IT Greek Breakfast. She found her Cretan Rush to be one of the best dish that have ever crossed her lips. She was also pleasantly surprised by the cheese that was mixed into the egg omelette. \u201cHigh quality food\u201d her words :) \n\nHer meal also had raspberry toast with it\u2014 which I ate\u2014 wow! It was more of a toast volcano with raspberry lava rushing down. A must order at this establishment ( photo not shown because I devoured it too quickly). \n\nMy own breakfast sandwich with salad was also noteworthy. The crunchy rustic bread was perfect for the saut\u00e9ed vegetables. \n\nBoth meals also came with fruit squeezed orange juice, which was perfectly displayed in a pineapple class. If you eat at IF, you are bound to enjoy it . \n\nThe prices are totally reasonable for the high quality of food. The only tiny issue that I could say about this place is that there are not many vegan options. \n\nEnjoy your meal here!",
            "time": 1559212948
        },
        {
            "author_name": "A Higgins",
            "author_url": "https://www.google.com/maps/contrib/107298066312857974392/reviews",
            "language": "en",
            "profile_photo_url": "https://lh6.googleusercontent.com/-5uhCPSqjaEE/AAAAAAAAAAI/AAAAAAAACxg/_i4KQA3dumE/s128-c0x00000000-cc-rp-mo/photo.jpg",
            "rating": 5,
            "relative_time_description": "a month ago",
            "text": "Hidden gem oasis.\nThis cafe was one of our favorite spots we discovered wandering around near the Olympeon.  We had a frappe & dessert along with some of the best beer I've tried in Greece (Mamos)!\nHope to have a chance to return!",
            "time": 1559907948
        },
        {
            "author_name": "Alpha Kappa",
            "author_url": "https://www.google.com/maps/contrib/102822897538398702137/reviews",
            "language": "en",
            "profile_photo_url": "https://lh6.googleusercontent.com/-CrU343jcQw4/AAAAAAAAAAI/AAAAAAAACNo/GeqDPYTffRk/s128-c0x00000000-cc-rp-mo-ba2/photo.jpg",
            "rating": 5,
            "relative_time_description": "a month ago",
            "text": "Best coffee and best people ever!! Every morning with a huge smile and I think there is the best caramel cheescake That I ever tasted",
            "time": 1560321989
        }
    ],
    "type": "cafe"
}

