{
    "id": "8d080818846cd8af14216a142dc22174cb7529c8",
    "location": {
        "lat": 37.9580597,
        "lng": 23.7190156
    },
    "name": "Hytra Restaurant & Bar",
    "rating": 4.4,
    "reviews": [
        {
            "author_name": "Michael Rodriguez",
            "author_url": "https://www.google.com/maps/contrib/104362610040448459873/reviews",
            "language": "en",
            "profile_photo_url": "https://lh3.googleusercontent.com/-9Wj8wg1tOao/AAAAAAAAAAI/AAAAAAABalI/5Q2ZcyvlhCY/s128-c0x00000000-cc-rp-mo-ba4/photo.jpg",
            "rating": 5,
            "relative_time_description": "a month ago",
            "text": "I did not take any photos of the meal but this was definitely an amazing experience and a great way to end my trip in Greece. I decided to go with the eight course menu that was paired with the wine and I truly enjoyed every dish. The staff was extremely accommodating and provided us a better view of the acropolis after a party had finished up. The staff is very knowledgeable about each dish. The food was brought in small portions but the flavor was extremely satisfying. Definitely on the higher end cost wise but if you\u2019re looking to take a date out or have a nice outing with the family I highly recommend",
            "time": 1559729381
        },
        {
            "author_name": "Daniel Custer",
            "author_url": "https://www.google.com/maps/contrib/110398780379531625724/reviews",
            "language": "en",
            "profile_photo_url": "https://lh5.googleusercontent.com/-no8_Dfx_o_k/AAAAAAAAAAI/AAAAAAAADFg/QabI0eqwfKo/s128-c0x00000000-cc-rp-mo-ba4/photo.jpg",
            "rating": 5,
            "relative_time_description": "2 months ago",
            "text": "Came here the first night of a two-week trip to Greece from the USA. Plenty of seating for a Monday night and good music for the setting. The place is very chic and hip so take that into consideration. I had a several course meal with drink pairing for a little over $100. Everything was delicious - even ate all my vegetables! 360 degree views of the city from several stories up. It was cool to see the Acropolis lit up at night while dining. Highly recommend if you\u2019re looking for a special meal while in Athens.\n\nPlease \u2018Like\u2019 if this review is helpful",
            "time": 1558215186
        },
        {
            "author_name": "Ioannis Paisis",
            "author_url": "https://www.google.com/maps/contrib/100798324337210552131/reviews",
            "language": "en",
            "profile_photo_url": "https://lh4.googleusercontent.com/-Xb5y38oIXYY/AAAAAAAAAAI/AAAAAAAAAOA/WLYG0kXYShA/s128-c0x00000000-cc-rp-mo-ba6/photo.jpg",
            "rating": 5,
            "relative_time_description": "2 weeks ago",
            "text": "Delicious food and amazing panoramic views of the city and Acropolis. Very professional service and nice atmosphere. It is on the last floor of Onassis Stegi a very modern cultural center.",
            "time": 1562478694
        },
        {
            "author_name": "april pierce",
            "author_url": "https://www.google.com/maps/contrib/117675525432133503717/reviews",
            "language": "en",
            "profile_photo_url": "https://lh6.googleusercontent.com/-wDmNJLfCJJw/AAAAAAAAAAI/AAAAAAAAAK4/LODi69A_Gzw/s128-c0x00000000-cc-rp-mo/photo.jpg",
            "rating": 5,
            "relative_time_description": "3 months ago",
            "text": "Someone at my hotel recommended this restaurant and I am so glad he did! Wow. Superb 8 course tasting menu with wine pairing. One of the best meals I've had in a while. I almost went back the next night. \nThey also offer a vegetarian tasting menu, a 14 course tasting menu and a la carte menu.",
            "time": 1554977935
        },
        {
            "author_name": "Mikhael Sandoval",
            "author_url": "https://www.google.com/maps/contrib/103174267530662552118/reviews",
            "language": "en",
            "profile_photo_url": "https://lh5.googleusercontent.com/-1ePOiJVwrdc/AAAAAAAAAAI/AAAAAAAAAAA/ACHi3re4acccz9U5TNLH3-sQKaRik2NrrQ/s128-c0x00000000-cc-rp-mo-ba3/photo.jpg",
            "rating": 5,
            "relative_time_description": "3 months ago",
            "text": "As of our visit, one of the only Michelin-starred restaurants in Athens, and boy did it deserve it.  They were expanding their menu and had a few dishes that we were the first to try, and they turned out delicious. I would definitely suggest the cocktail pairing with the 8 or 14 course meal.",
            "time": 1554270481
        }
    ],
    "type": "restaurant"
}

