{
    "id": "2e3fa9c5d64a6ed816db05d876fb00a4225dc5de",
    "location": {
        "lat": 37.9652997,
        "lng": 23.7264889
    },
    "name": "Peas Vegan & Raw Food",
    "rating": 4.8,
    "reviews": [
        {
            "author_name": "hannah hollowed",
            "author_url": "https://www.google.com/maps/contrib/110621209679887678399/reviews",
            "language": "en",
            "profile_photo_url": "https://lh6.googleusercontent.com/-aWaX2ZArEmM/AAAAAAAAAAI/AAAAAAAAAXc/XgEpJfrRVYs/s128-c0x00000000-cc-rp-mo/photo.jpg",
            "rating": 5,
            "relative_time_description": "2 months ago",
            "text": "Really gorgeous place with delicious food. A good variety and friendly staff. The place itself is light and beautiful with hammocks and plenty of hanging plants if you like that kind of vibe. Energise smoothie is incredible. Very affordable prices. Highly recommend. The drinks also come with glass straws! Something I REALLY appreciate in a business and we should all encourage this awesome behaviour by thanking them for making the effort! Thank you guys! \ud83d\udcaa\ud83c\udffc",
            "time": 1559478212
        },
        {
            "author_name": "Maria Eirini Koureli",
            "author_url": "https://www.google.com/maps/contrib/109533644050934679758/reviews",
            "language": "en",
            "profile_photo_url": "https://lh4.googleusercontent.com/-hFW_PHFkCh4/AAAAAAAAAAI/AAAAAAAAlLM/0_0APDSXxYo/s128-c0x00000000-cc-rp-mo-ba4/photo.jpg",
            "rating": 5,
            "relative_time_description": "a month ago",
            "text": "The best maybe vegan food I have tried. Very friendly stuff and delicious desserts. If you find your self in need of good, fresh and good priced vegan food this is your place!!",
            "time": 1561459312
        },
        {
            "author_name": "Eva CHICANO",
            "author_url": "https://www.google.com/maps/contrib/100253741708368842904/reviews",
            "language": "en",
            "profile_photo_url": "https://lh4.googleusercontent.com/-SwMUD6NSUAc/AAAAAAAAAAI/AAAAAAAAAKo/UPP1Lh8O-Gg/s128-c0x00000000-cc-rp-mo-ba3/photo.jpg",
            "rating": 5,
            "relative_time_description": "2 months ago",
            "text": "Wonderful Vegan Restaurant !\nGreat food, beautiful atmosphere, this place is the best to enjoy a meal, or even just a sweet treat. The team is so nice, you can feel they created their space with love. You must go there !",
            "time": 1560164278
        },
        {
            "author_name": "1welshmam",
            "author_url": "https://www.google.com/maps/contrib/107909607525468841405/reviews",
            "language": "en",
            "profile_photo_url": "https://lh4.googleusercontent.com/-b0uW--EXnk0/AAAAAAAAAAI/AAAAAAAAABI/rh-OkDAISvY/s128-c0x00000000-cc-rp-mo/photo.jpg",
            "rating": 5,
            "relative_time_description": "2 months ago",
            "text": "Excellent food and excellent range. Really glad we found this little gem. Ate there and then took baguettes for the following day\u2019s train journey. Pleasant staff and very clean. Would recommend.",
            "time": 1558819396
        },
        {
            "author_name": "Kyla Patterson",
            "author_url": "https://www.google.com/maps/contrib/114880976799546885552/reviews",
            "language": "en",
            "profile_photo_url": "https://lh6.googleusercontent.com/-gSiuHwzJFeg/AAAAAAAAAAI/AAAAAAAAAAA/ACHi3rcNeBSPwnQsE4kogzdxo0N_5aGE0Q/s128-c0x00000000-cc-rp-mo/photo.jpg",
            "rating": 5,
            "relative_time_description": "2 months ago",
            "text": "Service, atmosphere, and food all A++!!! We ate there twice in 24 hrs, the lady gave us tips and helped us learn some Greek ( her English is great!) And they have AMAZING cooked and raw dishes and desserts!!!!!  \u2764\ufe0f",
            "time": 1558165935
        }
    ],
    "type": "restaurant"
}