{
    "id": "89c7a89e093d551acd09041d95d2fc83884fec47",
    "location": {
        "lat": 37.9789264,
        "lng": 23.7391873
    },
    "name": "Taresso",
    "rating": 4.9,
    "reviews": [
        {
            "author_name": "Glen Halvorson",
            "author_url": "https://www.google.com/maps/contrib/103626384776900405787/reviews",
            "language": "en",
            "profile_photo_url": "https://lh6.googleusercontent.com/-E7g99wvwk7k/AAAAAAAAAAI/AAAAAAAAAAA/ACHi3rfWm5JLR8b6aooExfTE38c-Nq9l7A/s128-c0x00000000-cc-rp-mo/photo.jpg",
            "rating": 5,
            "relative_time_description": "2 weeks ago",
            "text": "Simply great coffee. House blend was so good I got some beans to go.",
            "time": 1563000318
        },
        {
            "author_name": "Alkiviadis Zalavras",
            "author_url": "https://www.google.com/maps/contrib/114062989971315518725/reviews",
            "language": "en",
            "profile_photo_url": "https://lh3.googleusercontent.com/-Dh96cUgkSWQ/AAAAAAAAAAI/AAAAAAAAAAA/ACHi3rc0VND9aYIFzmPwmPO_hOEHlbhAaQ/s128-c0x00000000-cc-rp-mo-ba2/photo.jpg",
            "rating": 5,
            "relative_time_description": "6 months ago",
            "text": "If you're only having one third-wave cuppa in Athens, do me this personal favour and have it here. The house blend is exquisite, and Lefteris has the gift. Lemon poppy seed cake to make everything just this much better, home-made delicacies for your sweet tooth, but oh you might just as well get nothing but the coffee.",
            "time": 1548788453
        },
        {
            "author_name": "Michael Tsouvalas",
            "author_url": "https://www.google.com/maps/contrib/116405600248685737909/reviews",
            "language": "en",
            "profile_photo_url": "https://lh3.googleusercontent.com/-0X7v3DbpHgQ/AAAAAAAAAAI/AAAAAAAAAAA/ACHi3rfg79W-IBGII-O_W0ILcQmzYGFU4w/s128-c0x00000000-cc-rp-mo-ba4/photo.jpg",
            "rating": 5,
            "relative_time_description": "2 weeks ago",
            "text": "An excellent place, with delicious coffee!",
            "time": 1563264199
        },
        {
            "author_name": "Olivier Laganiere",
            "author_url": "https://www.google.com/maps/contrib/118036792817601355640/reviews",
            "language": "en",
            "profile_photo_url": "https://lh4.googleusercontent.com/-4TCCzedlALs/AAAAAAAAAAI/AAAAAAAAApE/jJ3TO0vBdBM/s128-c0x00000000-cc-rp-mo/photo.jpg",
            "rating": 5,
            "relative_time_description": "a month ago",
            "text": "Best espresso of my life. Just perfect.",
            "time": 1559725238
        },
        {
            "author_name": "Juicy Justice",
            "author_url": "https://www.google.com/maps/contrib/106787548571353759249/reviews",
            "language": "en",
            "profile_photo_url": "https://lh5.googleusercontent.com/-nFA0KUl4Z_0/AAAAAAAAAAI/AAAAAAAAEGY/bvBmDS7HZAI/s128-c0x00000000-cc-rp-mo-ba2/photo.jpg",
            "rating": 5,
            "relative_time_description": "3 months ago",
            "text": "Amazing quality coffee, great staff, lovely atmosphere, you can also smoke outside.\n Definitely reccomend \ud83d\udc4c",
            "time": 1555330407
        }
    ],
    "type": "cafe"
}

