{
    "id": "e98ecc5691017707dfacd7604f2e693e09dcf478",
    "location": {
        "lat": 37.9782966,
        "lng": 23.7247532
    },
    "name": "iFeel",
    "rating": 4.3,
    "reviews": [
        {
            "author_name": "Micah Carrick",
            "author_url": "https://www.google.com/maps/contrib/116745652131305361785/reviews",
            "language": "en",
            "profile_photo_url": "https://lh5.googleusercontent.com/-5z_BDC71LXo/AAAAAAAAAAI/AAAAAAAAZ7c/dUB2lM6tMqI/s128-c0x00000000-cc-rp-mo-ba4/photo.jpg",
            "rating": 4,
            "relative_time_description": "a month ago",
            "text": "Good early morning breakfast fare.\n\nSunny side up eggs with bacon was very good. Orange juice is fresh and Greek coffee gets your day kick started.",
            "time": 1559669619
        },
        {
            "author_name": "The Five Star Nomad",
            "author_url": "https://www.google.com/maps/contrib/107920855108262160756/reviews",
            "language": "en",
            "profile_photo_url": "https://lh3.googleusercontent.com/-qSBfUITQMaI/AAAAAAAAAAI/AAAAAAAAAAc/CkCqyUMXzL4/s128-c0x00000000-cc-rp-mo-ba4/photo.jpg",
            "rating": 4,
            "relative_time_description": "a month ago",
            "text": "Missing the final, fifth, star because we went for food and didn\u2019t get excited by what we saw. That said, we enjoyed the coffee (just look at that photo!) and the staff were an absolute delight: 10/10 service",
            "time": 1561743984
        },
        {
            "author_name": "Anastassia Simonian",
            "author_url": "https://www.google.com/maps/contrib/103277181480539158835/reviews",
            "language": "en",
            "profile_photo_url": "https://lh3.googleusercontent.com/-dLmOwBViVTk/AAAAAAAAAAI/AAAAAAAAAIM/SqF_AUJRXFQ/s128-c0x00000000-cc-rp-mo/photo.jpg",
            "rating": 1,
            "relative_time_description": "in the last week",
            "text": "Terrible portion sizes.... I feed my cat in larger bowls with more food than what they do their customers. Rip off for what you get",
            "time": 1564432223
        },
        {
            "author_name": "\u0645\u0639\u062a\u0635\u0645 \u0627\u063a\u0628\u0627\u0631\u064a\u0629",
            "author_url": "https://www.google.com/maps/contrib/106812840869000830744/reviews",
            "language": "en",
            "profile_photo_url": "https://lh5.googleusercontent.com/-_XPebLrJEns/AAAAAAAAAAI/AAAAAAAAAIY/EVT2CE5d6LM/s128-c0x00000000-cc-rp-mo/photo.jpg",
            "rating": 5,
            "relative_time_description": "a week ago",
            "text": "such a nice expressions. i took random 4 Eur cake From waiter selection and it was the sweetness thing i have eat \u2665\nHowever, I hope they reduce the amount of cake in the dish, and the price become less (although it was appropriate price) but two \n\u2665 spoons of the wonderful cake made me full",
            "time": 1563740090
        },
        {
            "author_name": "Nikolaj Holst",
            "author_url": "https://www.google.com/maps/contrib/113143751596409280657/reviews",
            "language": "en",
            "profile_photo_url": "https://lh4.googleusercontent.com/-ImigBpEPafI/AAAAAAAAAAI/AAAAAAAABh8/GWpUTS18chs/s128-c0x00000000-cc-rp-mo-ba3/photo.jpg",
            "rating": 4,
            "relative_time_description": "2 months ago",
            "text": "Overall cozy breakfast experience in Athens. The coffee was very tasteful and the food good but maybe a little bit dull. Popular place which can impact the wait time, but well worth the wait.",
            "time": 1558809250
        }
    ],
    "type": "cafe"
}

