{
    "id": "ff116dfb3a400401afc1a762ba215e632a11519e",
    "location": {
        "lat": 37.98080160000001,
        "lng": 23.7153281
    },
    "name": "Louis Cafe",
    "rating": 4.5,
    "reviews": [
        {
            "author_name": "george charisiadis",
            "author_url": "https://www.google.com/maps/contrib/109569951238729777078/reviews",
            "language": "en",
            "profile_photo_url": "https://lh3.googleusercontent.com/-Danuxt3V1qw/AAAAAAAAAAI/AAAAAAAAAAA/ACHi3rfuYrfKIWYg-_ixUNIM1QEptPsgIw/s128-c0x00000000-cc-rp-mo/photo.jpg",
            "rating": 5,
            "relative_time_description": "a month ago",
            "text": "Very nice coldure and art and cheap  place",
            "time": 1560090340
        },
        {
            "author_name": "Vassilis Gkatsos",
            "author_url": "https://www.google.com/maps/contrib/118137685966390871300/reviews",
            "language": "en",
            "profile_photo_url": "https://lh6.googleusercontent.com/-P86kqN4nnT0/AAAAAAAAAAI/AAAAAAAAAO0/PMUZM6GIdEw/s128-c0x00000000-cc-rp-mo-ba4/photo.jpg",
            "rating": 5,
            "relative_time_description": "in the last week",
            "text": "Great cosy place!",
            "time": 1564087786
        },
        {
            "author_name": "Dav Han",
            "author_url": "https://www.google.com/maps/contrib/108466936964339103192/reviews",
            "language": "en",
            "profile_photo_url": "https://lh5.googleusercontent.com/-xregrORwWkg/AAAAAAAAAAI/AAAAAAAAAAA/ACHi3rdR1RhOIAA8XIreWmLhaEnLthOpPA/s128-c0x00000000-cc-rp-mo-ba5/photo.jpg",
            "rating": 5,
            "relative_time_description": "8 months ago",
            "text": "This is a really great place to hang out, to meet with friends, to drink or eat something. Although it's a small place, it's very cosy and the atmosphere is great. I would call it a hip cafe and bistro. Prices are very very reasonable. The food (more in form of tapas) is delicious. Try some Greek traditional specialties there and accompany them with ouzo or other drinks for a great traditional Greek culinary experience. This place is really great for groups of friends who want to chat and enjoy their evening. You can find here very open-minded customers who are very friendly and who are willing to talk to tourists and strangers. Approach any customer and start a discussion with them. You will always receive polite and interesting comments. I like this place a lot. I would recommend it to anyone who is interested in discovering authentic Greek lifestyle",
            "time": 1543233534
        },
        {
            "author_name": "Sarp \u0130zgi",
            "author_url": "https://www.google.com/maps/contrib/116372441177069910814/reviews",
            "language": "en",
            "profile_photo_url": "https://lh3.googleusercontent.com/-kydrjXY7mUI/AAAAAAAAAAI/AAAAAAAAAVQ/F7ZU0PPqL9g/s128-c0x00000000-cc-rp-mo/photo.jpg",
            "rating": 5,
            "relative_time_description": "3 months ago",
            "text": "Friendly, chill, not expensive, also food is nice",
            "time": 1555248576
        },
        {
            "author_name": "Achilleas Kasfikis",
            "author_url": "https://www.google.com/maps/contrib/118073320933971250473/reviews",
            "language": "en",
            "profile_photo_url": "https://lh4.googleusercontent.com/-TB2zDHe5R5Q/AAAAAAAAAAI/AAAAAAAAW0s/Okd12FrAwF4/s128-c0x00000000-cc-rp-mo-ba4/photo.jpg",
            "rating": 5,
            "relative_time_description": "11 months ago",
            "text": "Amazing food and atmosphere! Great service and music. Excellent location!",
            "time": 1534954947
        }
    ],
    "type": "cafe"
}

