{
    "id": "74fe0b84f6d92b0e58736d9bd40c7489bd797a52",
    "location": {
        "lat": 37.986758,
        "lng": 23.731487
    },
    "name": "Saligaros Greek Restaurant",
    "rating": 4.5,
    "reviews": [
        {
            "author_name": "Giddelo S",
            "author_url": "https://www.google.com/maps/contrib/113679432699679038860/reviews",
            "language": "en",
            "profile_photo_url": "https://lh5.googleusercontent.com/-U09jUg09_8E/AAAAAAAAAAI/AAAAAAAAAAA/ACHi3rcXFOCv0vi8q2AwQv5i-SNJgnzJVw/s128-c0x00000000-cc-rp-mo-ba3/photo.jpg",
            "rating": 5,
            "relative_time_description": "2 months ago",
            "text": "Awesome experience! Very nice host! Offered drinks for free. Great taste and service in my opinion. Cozy as well",
            "time": 1558203380
        },
        {
            "author_name": "Kimberley Howard",
            "author_url": "https://www.google.com/maps/contrib/112490322201146077493/reviews",
            "language": "en",
            "profile_photo_url": "https://lh6.googleusercontent.com/-rTeP7xYiFmo/AAAAAAAAAAI/AAAAAAAAAAA/ACHi3rdusO7kaDeUmD7YfaWhkd-JVA2MTg/s128-c0x00000000-cc-rp-mo/photo.jpg",
            "rating": 5,
            "relative_time_description": "3 months ago",
            "text": "Incredible food! Generous portions, friendly staff, plus fire water and bread included. Lots of vegetarian options to choose from. Our main meals were 6 euros each and such good value. Can not recommend this place highly enough.",
            "time": 1554327243
        },
        {
            "author_name": "Tamara Allen",
            "author_url": "https://www.google.com/maps/contrib/102209720436156201748/reviews",
            "language": "en",
            "profile_photo_url": "https://lh6.googleusercontent.com/-DogyEbRuFGI/AAAAAAAAAAI/AAAAAAAAAAA/ACHi3rfDOE7Bj2bqB9jNEFh35xxcDQdw1g/s128-c0x00000000-cc-rp-mo/photo.jpg",
            "rating": 5,
            "relative_time_description": "a month ago",
            "text": "Great service and incredible food! The Sikamia blew my mind. Lovely place :-)",
            "time": 1559727405
        },
        {
            "author_name": "\u9673\u8c9d\u67d4",
            "author_url": "https://www.google.com/maps/contrib/103859241519126444729/reviews",
            "language": "en",
            "profile_photo_url": "https://lh3.googleusercontent.com/-kh9BVu6nqXk/AAAAAAAAAAI/AAAAAAAAAAA/ACHi3rceA5jrHyWiyBC1n4fYyqKWdwJQ3A/s128-c0x00000000-cc-rp-mo/photo.jpg",
            "rating": 5,
            "relative_time_description": "2 weeks ago",
            "text": "Everything we ordered was FANTASTIC! Good service, beautiful food, fresh and flavorful with very fair prices!",
            "time": 1562775847
        },
        {
            "author_name": "Karen Kassebeer",
            "author_url": "https://www.google.com/maps/contrib/102172496584247178500/reviews",
            "language": "en",
            "profile_photo_url": "https://lh4.googleusercontent.com/-yToxi_e7KZI/AAAAAAAAAAI/AAAAAAAAAJA/em-RqtGOPAs/s128-c0x00000000-cc-rp-mo/photo.jpg",
            "rating": 5,
            "relative_time_description": "3 weeks ago",
            "text": "I was treated very well. Good food and service. Friendly staff. I will dine outside again!",
            "time": 1562489797
        }
    ],
    "type": "restaurant"
}

