{
    "id": "b78ac45ce203f1f40e37ab2c085c4fc84343cc9e",
    "location": {
        "lat": 37.9640252,
        "lng": 23.7312251
    },
    "name": "Lostre Cafe",
    "rating": 4.4,
    "reviews": [
        {
            "author_name": "Nik Georgakopoulos",
            "author_url": "https://www.google.com/maps/contrib/102575681124785932208/reviews",
            "language": "en",
            "profile_photo_url": "https://lh5.googleusercontent.com/-FrqdTKWagRM/AAAAAAAAAAI/AAAAAAAAqoo/_VEvaMvtjjM/s128-c0x00000000-cc-rp-mo-ba4/photo.jpg",
            "rating": 5,
            "relative_time_description": "2 months ago",
            "text": "Nice cafe with reasonable prices.",
            "time": 1558364218
        },
        {
            "author_name": "Christos Stavropoulos",
            "author_url": "https://www.google.com/maps/contrib/118338027229994305073/reviews",
            "language": "en",
            "profile_photo_url": "https://lh5.googleusercontent.com/-S384G6DIHH8/AAAAAAAAAAI/AAAAAAAAAAA/ACHi3rd1NlCrAOkXZsd15rRHrDLeBPkGTg/s128-c0x00000000-cc-rp-mo-ba3/photo.jpg",
            "rating": 3,
            "relative_time_description": "10 months ago",
            "text": "Nice place, but a little isolated. It is a nice neighborhood cafe, beet for its area.",
            "time": 1537868803
        },
        {
            "author_name": "Markos Helios",
            "author_url": "https://www.google.com/maps/contrib/107933848813003381215/reviews",
            "language": "en",
            "profile_photo_url": "https://lh3.googleusercontent.com/-aYMRT6cXccY/AAAAAAAAAAI/AAAAAAAAAA4/oj6pldyc4aI/s128-c0x00000000-cc-rp-mo-ba2/photo.jpg",
            "rating": 4,
            "relative_time_description": "9 months ago",
            "text": "Very cozy place. Chairs could be more comfortable.",
            "time": 1540403330
        },
        {
            "author_name": "Savas Diac",
            "author_url": "https://www.google.com/maps/contrib/108040819861677504399/reviews",
            "language": "en",
            "profile_photo_url": "https://lh3.googleusercontent.com/-uJfOGIFEALo/AAAAAAAAAAI/AAAAAAAAAew/aVRsxAko76w/s128-c0x00000000-cc-rp-mo-ba2/photo.jpg",
            "rating": 5,
            "relative_time_description": "3 months ago",
            "text": "Amazing service!",
            "time": 1555761290
        },
        {
            "author_name": "paul kotzabougioukas",
            "author_url": "https://www.google.com/maps/contrib/105353389514915708787/reviews",
            "language": "en",
            "profile_photo_url": "https://lh6.googleusercontent.com/-4tvyTauPGqA/AAAAAAAAAAI/AAAAAAAABl8/ov_2uXN6qvA/s128-c0x00000000-cc-rp-mo-ba5/photo.jpg",
            "rating": 5,
            "relative_time_description": "8 months ago",
            "text": "Cozy cafe, friendly staff",
            "time": 1543532911
        }
    ],
    "type": "cafe"
}

