{
    "id": "cc6d39f28dfbd5c6dd60aba473fcebf440802cfc",
    "location": {
        "lat": 37.9767984,
        "lng": 23.7256515
    },
    "name": "Coffee Island",
    "rating": 4.2,
    "reviews": [
        {
            "author_name": "Boris Afinogenov",
            "author_url": "https://www.google.com/maps/contrib/102636692663726304992/reviews",
            "language": "en",
            "profile_photo_url": "https://lh5.googleusercontent.com/-P5qR6sscEJ0/AAAAAAAAAAI/AAAAAAAAABM/wDcePpe8xBk/s128-c0x00000000-cc-rp-mo/photo.jpg",
            "rating": 5,
            "relative_time_description": "a week ago",
            "text": "Fair price for decent coffee.",
            "time": 1563395457
        },
        {
            "author_name": "Sylwia Bogunia",
            "author_url": "https://www.google.com/maps/contrib/102904591924467042549/reviews",
            "language": "en",
            "profile_photo_url": "https://lh3.googleusercontent.com/-8qEPnnpS6Ak/AAAAAAAAAAI/AAAAAAAAAZw/_M5Qjy6EtGA/s128-c0x00000000-cc-rp-mo-ba3/photo.jpg",
            "rating": 5,
            "relative_time_description": "2 months ago",
            "text": "Very good cappuccino with vegan milk :)",
            "time": 1557037473
        },
        {
            "author_name": "Travis Weber",
            "author_url": "https://www.google.com/maps/contrib/102915089801851132889/reviews",
            "language": "en",
            "profile_photo_url": "https://lh4.googleusercontent.com/-mha9zOIHAgM/AAAAAAAAAAI/AAAAAAAAAAA/ACHi3reXPzJrhZQ1WFmemsykk08AQ5n2nA/s128-c0x00000000-cc-rp-mo-ba2/photo.jpg",
            "rating": 5,
            "relative_time_description": "6 months ago",
            "text": "Friendly staff, affordable prices. I recommend if you are looking for a coffee and a quick bite to eat!",
            "time": 1547148576
        },
        {
            "author_name": "Viraj Mehta",
            "author_url": "https://www.google.com/maps/contrib/114379351709765921622/reviews",
            "language": "en",
            "profile_photo_url": "https://lh3.googleusercontent.com/-DlV09HXmkdM/AAAAAAAAAAI/AAAAAAAAAAA/ACHi3rfo3AGxalCh9LO4ULeWueV9RaJHLw/s128-c0x00000000-cc-rp-mo/photo.jpg",
            "rating": 5,
            "relative_time_description": "7 months ago",
            "text": "Great spot for a quick coffee. The staff was very helpful. The cappuccino was a bit cold compared to what I'm used to though.",
            "time": 1543314524
        },
        {
            "author_name": "Azucena Ilacad",
            "author_url": "https://www.google.com/maps/contrib/111515182491350249568/reviews",
            "language": "en",
            "profile_photo_url": "https://lh6.googleusercontent.com/-7o2UAleZutQ/AAAAAAAAAAI/AAAAAAAAAAA/ACHi3re-fLI8Y8yPVNW4May-O46UBZP52A/s128-c0x00000000-cc-rp-mo/photo.jpg",
            "rating": 5,
            "relative_time_description": "in the last week",
            "text": "Loved their coffee",
            "time": 1563831697
        }
    ],
    "type": "cafe"
}

