{
    "id": "643f75a638bfb56518963e0d88fd5db2698fc524",
    "location": {
        "lat": 37.976221,
        "lng": 23.73532
    },
    "name": "GB Roof Garden",
    "rating": 4.7,
    "reviews": [
        {
            "author_name": "S M",
            "author_url": "https://www.google.com/maps/contrib/102827409799088737607/reviews",
            "language": "en",
            "profile_photo_url": "https://lh3.googleusercontent.com/-qtSIO6kzJvY/AAAAAAAAAAI/AAAAAAAAAAA/ACHi3rf_TzV_zT_JxjBMktm2YFa2hliOnw/s128-c0x00000000-cc-rp-mo-ba2/photo.jpg",
            "rating": 5,
            "relative_time_description": "a month ago",
            "text": "The food was excellent!  The staff was very accommodating to our needs as we do not eat pork or drink alcohol. The views amazing!  Really enjoyed ourselves. Relaxing lunch in a perfect area.",
            "time": 1560196497
        },
        {
            "author_name": "sunho donovan",
            "author_url": "https://www.google.com/maps/contrib/100642040065928253759/reviews",
            "language": "en",
            "profile_photo_url": "https://lh3.googleusercontent.com/-QAsWp5iuri8/AAAAAAAAAAI/AAAAAAAAAEg/FPN-PwRAxR0/s128-c0x00000000-cc-rp-mo-ba3/photo.jpg",
            "rating": 1,
            "relative_time_description": "a month ago",
            "text": "View of the Parthenon is the only thing going for this place. Service was terrible. Several tables seated after us were served first. Waitstaff were confused took our order multiple times, and everything came out late. Dining room wasn't busy so there wasn't a dining crowd to blame. The pasta and fish of the day was excellent. Dessert for as nothing special. Very disappointing.",
            "time": 1561225359
        },
        {
            "author_name": "AR E",
            "author_url": "https://www.google.com/maps/contrib/116702717276166155877/reviews",
            "language": "en",
            "profile_photo_url": "https://lh3.googleusercontent.com/-0P0fd51OkAE/AAAAAAAAAAI/AAAAAAAAAAA/ACHi3re7tvcu4l92zPln0UIRObNpfcny4g/s128-c0x00000000-cc-rp-mo-ba2/photo.jpg",
            "rating": 5,
            "relative_time_description": "2 months ago",
            "text": "So good we went back twice in one week! Both times to celebrate and made to feel so special.  Amazing views, superlative menu - meals and wine, and professional excellent staff.  Great evenings are made of this!",
            "time": 1559144232
        },
        {
            "author_name": "Lucas Gilliam",
            "author_url": "https://www.google.com/maps/contrib/104154709065814524407/reviews",
            "language": "en",
            "profile_photo_url": "https://lh6.googleusercontent.com/-zZCnAP0Zpss/AAAAAAAAAAI/AAAAAAAAAAA/ACHi3rcLXpFebke2ljK5asF8oR7hZzFdhg/s128-c0x00000000-cc-rp-mo-ba2/photo.jpg",
            "rating": 5,
            "relative_time_description": "3 months ago",
            "text": "Fantastic location great food excellent service.worth eating there. considered as one of the finest in Athens and it really is. Can\u2019t say much about the breathtaking view of Acropolis as I had eyes only for my friend but honestly , it is truly worth visiting and eating at this place. No need to mention that the service was excellent. Polite confident and very good at their job. Well done and we will be back soon",
            "time": 1554909109
        },
        {
            "author_name": "Jenny Sommer",
            "author_url": "https://www.google.com/maps/contrib/113741271464076597461/reviews",
            "language": "en",
            "profile_photo_url": "https://lh6.googleusercontent.com/-vI8w_s-63sM/AAAAAAAAAAI/AAAAAAAALK4/xVsoZuYmg-I/s128-c0x00000000-cc-rp-mo-ba4/photo.jpg",
            "rating": 5,
            "relative_time_description": "in the last week",
            "text": "Delicious and well presented food. Delivery times were thought out. Mom's paella was the best of all",
            "time": 1564419265
        }
    ],
    "type": "restaurant"
}

