{
    "id": "cbe9ec707c2c99826ad2129e6354907af8f854fa",
    "location": {
        "lat": 37.9760283,
        "lng": 23.7280476
    },
    "name": "FOUAR Restaurant & Bar",
    "rating": 4.4,
    "reviews": [
        {
            "author_name": "Billy Burgess",
            "author_url": "https://www.google.com/maps/contrib/113066615591266080956/reviews",
            "language": "en",
            "profile_photo_url": "https://lh4.googleusercontent.com/-BtaYYLMC5Y8/AAAAAAAAAAI/AAAAAAAACnY/ZrGTrLcXKyk/s128-c0x00000000-cc-rp-mo-ba4/photo.jpg",
            "rating": 4,
            "relative_time_description": "2 months ago",
            "text": "Not bad, though a little tricky to find.  It's on the side street and up an elevator. \n\nTrue to the website's details, this was a restaurant with a take on Asian cuisine.  None of the 4 dishes we tried were mind-blowing and the service was lack luster - requiring a lot of my own intervention and calling to the waiters.  With that said, this seems to be consistent with the standards in Athens.  \n\nI would recommend this place if you don't want to take a risk and you're looking for something non-greek.",
            "time": 1558990685
        },
        {
            "author_name": "Maria Samarina",
            "author_url": "https://www.google.com/maps/contrib/105244312166696016737/reviews",
            "language": "en",
            "profile_photo_url": "https://lh6.googleusercontent.com/-mmajHUak-g8/AAAAAAAAAAI/AAAAAAAAAAo/q_4BYAZcxp8/s128-c0x00000000-cc-rp-mo/photo.jpg",
            "rating": 4,
            "relative_time_description": "3 months ago",
            "text": "Amazing ambiance and decoration. It combines a night out for food and drinks. However, the portions were small and the staff could be more polite.",
            "time": 1555755916
        },
        {
            "author_name": "Vasileios Galanis",
            "author_url": "https://www.google.com/maps/contrib/100066179570274257839/reviews",
            "language": "en",
            "profile_photo_url": "https://lh3.googleusercontent.com/-ADRTDx6jQF4/AAAAAAAAAAI/AAAAAAAAAAA/ACHi3rdHrJcDGvqkcr0dAiDicBFJvFWV7g/s128-c0x00000000-cc-rp-mo-ba3/photo.jpg",
            "rating": 5,
            "relative_time_description": "6 months ago",
            "text": "Very cozy place.. nice food, try yakitori chicken for starter, delicious! Cocktails are excellent and very fairly priced! We host a party there.. everything was perfect and bar's staff were truly professional.",
            "time": 1547366795
        },
        {
            "author_name": "Antonia Tzimoulis",
            "author_url": "https://www.google.com/maps/contrib/111874161497467222072/reviews",
            "language": "en",
            "profile_photo_url": "https://lh4.googleusercontent.com/-F4od9xn2690/AAAAAAAAAAI/AAAAAAAAAAA/ACHi3rcw7KIUFNsCxO1Xu3oGodD-ACpt7A/s128-c0x00000000-cc-rp-mo/photo.jpg",
            "rating": 5,
            "relative_time_description": "a month ago",
            "text": "Fun, airy space. Lovely staff and nice cocktails.",
            "time": 1559932694
        },
        {
            "author_name": "Panos Papazoglou",
            "author_url": "https://www.google.com/maps/contrib/108896684147794528522/reviews",
            "language": "en",
            "profile_photo_url": "https://lh4.googleusercontent.com/-rQFxturJmXU/AAAAAAAAAAI/AAAAAAAAAHY/_4ZKgJefvCY/s128-c0x00000000-cc-rp-mo-ba3/photo.jpg",
            "rating": 5,
            "relative_time_description": "6 months ago",
            "text": "Great place to enjoy a meal or drinks with friends of even with your family. It is children friendly as even 2 year olds could roam the space.\n\nIt just off Ermou and despite being in the hustle and bustle of the downtown the fact that it is located in the upper floor gives the space tranquility.\n\nFood is good quality and comes in decent portions.\n\nA plus is the area next to the atrium with art/photography exhibitions",
            "time": 1547108732
        }
    ],
    "type": "restaurant"
}

