{
    "id": "85a4102ee8adfd557e297267667820ce0f0526cf",
    "location": {
        "lat": 37.9801355,
        "lng": 23.7256565
    },
    "name": "Karamanlidika - \u03a4\u03b1 \u039a\u03b1\u03c1\u03b1\u03bc\u03b1\u03bd\u03bb\u03af\u03b4\u03b9\u03ba\u03b1 \u03c4\u03bf\u03c5 \u03a6\u03ac\u03bd\u03b7",
    "rating": 4.7,
    "reviews": [
        {
            "author_name": "Jonathan Park",
            "author_url": "https://www.google.com/maps/contrib/104443016623502419608/reviews",
            "language": "en",
            "profile_photo_url": "https://lh5.googleusercontent.com/-HG-9kn--6Bg/AAAAAAAAAAI/AAAAAAAAAAA/ACHi3rfxIO-3Q0NJzDswWV2FS7qJ3QRf3w/s128-c0x00000000-cc-rp-mo/photo.jpg",
            "rating": 5,
            "relative_time_description": "a week ago",
            "text": "Great food, great service. We weren\u2019t sure what to order so we went with the waiter\u2019s recommendations. They were all good. I can\u2019t remember the exact name of the dish, but the beef that has been stewed for hours is probably the best one we had that night. I would recommend getting a reservation as it gets busy for dinner",
            "time": 1562962134
        },
        {
            "author_name": "Dosy G-Alvite",
            "author_url": "https://www.google.com/maps/contrib/112783037785997243936/reviews",
            "language": "en",
            "profile_photo_url": "https://lh4.googleusercontent.com/-HYjvEK9YVg8/AAAAAAAAAAI/AAAAAAAAAAA/ACHi3rdAMNdOrB-RSFTts3_hEkZMBLvHHA/s128-c0x00000000-cc-rp-mo/photo.jpg",
            "rating": 5,
            "relative_time_description": "a month ago",
            "text": "I came here almost one year ago and I still dream over the delicious food I had. I cannot believe the wonderful flavors and great pairings with wine we enjoyed. Staff was really friendly and attentive. Great quality and price relationship!! Super recommendable.",
            "time": 1561167517
        },
        {
            "author_name": "Sebastian Podsiadly",
            "author_url": "https://www.google.com/maps/contrib/111173559582574364450/reviews",
            "language": "en",
            "profile_photo_url": "https://lh3.googleusercontent.com/-1b2aVaeNolA/AAAAAAAAAAI/AAAAAAAAABI/G5NfomfFJ4g/s128-c0x00000000-cc-rp-mo-ba3/photo.jpg",
            "rating": 5,
            "relative_time_description": "a month ago",
            "text": "The best place we\u2019ve been to in Athens. Especially the outgoing and funny waitress Maria made our dinner unforgettable. The location is a bit separated from other restaurants, but in a cool neighborhood. You feel like you are in a butchers shop, so get a sausage, it was amazing! Get a baklava, still thinking of it. Must go while you are in Athens!",
            "time": 1559851431
        },
        {
            "author_name": "Clement Biger",
            "author_url": "https://www.google.com/maps/contrib/104627284419784468591/reviews",
            "language": "en",
            "profile_photo_url": "https://lh6.googleusercontent.com/-8hhFhYy9OBw/AAAAAAAAAAI/AAAAAAAAp74/NkwDn97eJAI/s128-c0x00000000-cc-rp-mo-ba5/photo.jpg",
            "rating": 5,
            "relative_time_description": "a month ago",
            "text": "Very, very, very nice. Good atmosphere, good food, free starter and free dessert. Some options to share food (we had the kebap and the cheese + delicatessen mix). That + some organic wine for 32 euros, right next to our hotel, that's great! Waiters/waitresses are very friendly as well. Just be ready for some waiting time, but ours wasn't took long and it was well worth it.",
            "time": 1560939182
        },
        {
            "author_name": "Designer Mom",
            "author_url": "https://www.google.com/maps/contrib/108292122561426265545/reviews",
            "language": "en",
            "profile_photo_url": "https://lh6.googleusercontent.com/-F_ma_EsIft8/AAAAAAAAAAI/AAAAAAAAAG0/LclAhztTCbs/s128-c0x00000000-cc-rp-mo/photo.jpg",
            "rating": 5,
            "relative_time_description": "a week ago",
            "text": "Karamanlidika is 4 about minutes to walk from Plaka area. We found this place through the recommendation of friend who used to live here. She was right by telling that we are going to love the food. Yeah, food was excellent, staff are very friendly and the price was right! We will definitely go there again.",
            "time": 1563309889
        }
    ],
    "type": "restaurant"
}

