{
    "id": "2009cb7d09068d1edacbac21d6632d2f9ee01c3f",
    "location": {
        "lat": 37.9885899,
        "lng": 23.7475199
    },
    "name": "Coffee Town",
    "rating": 4.9,
    "reviews": [
        {
            "author_name": "Emmanuel Lonnier",
            "author_url": "https://www.google.com/maps/contrib/100361482325102974498/reviews",
            "language": "en",
            "profile_photo_url": "https://lh6.googleusercontent.com/-ct7Cxx3ScME/AAAAAAAAAAI/AAAAAAAAAAA/ACHi3rf_hMCXpLTYUtKTGZA72mrVLkI4eA/s128-c0x00000000-cc-rp-mo/photo.jpg",
            "rating": 5,
            "relative_time_description": "2 months ago",
            "text": "Best coffee!",
            "time": 1558693328
        },
        {
            "author_name": "\u041e\u043b\u0435\u0433 \u0413\u0440\u043e\u043c\u044f\u043a",
            "author_url": "https://www.google.com/maps/contrib/118044858739322996672/reviews",
            "language": "en",
            "profile_photo_url": "https://lh3.googleusercontent.com/-hPxvGTg4p5A/AAAAAAAAAAI/AAAAAAAAAAA/ACHi3rew_64bozbq5k5h6gp1D7wkmbVYDg/s128-c0x00000000-cc-rp-mo-ba3/photo.jpg",
            "rating": 5,
            "relative_time_description": "4 months ago",
            "text": "good place",
            "time": 1554209905
        },
        {
            "author_name": "Claydee Lupa",
            "author_url": "https://www.google.com/maps/contrib/102312816967348209090/reviews",
            "language": "en",
            "profile_photo_url": "https://lh3.googleusercontent.com/-kvUDHNw6kwI/AAAAAAAAAAI/AAAAAAAADyA/tybEGdPjW-I/s128-c0x00000000-cc-rp-mo/photo.jpg",
            "rating": 5,
            "relative_time_description": "2 years ago",
            "text": "nice place",
            "time": 1488411179
        },
        {
            "author_name": "Eleutheria Vouraki",
            "author_url": "https://www.google.com/maps/contrib/101482584523190701188/reviews",
            "language": "el",
            "profile_photo_url": "https://lh6.googleusercontent.com/-nJUxFdGjkDI/AAAAAAAAAAI/AAAAAAAAAAA/ACHi3rfvECxlVfTtRmzVqjRZco7FRs4QhA/s128-c0x00000000-cc-rp-mo/photo.jpg",
            "rating": 5,
            "relative_time_description": "a week ago",
            "text": "\u0386\u03bc\u03b5\u03c3\u03b7 \u03b5\u03be\u03c5\u03c0\u03b7\u03c1\u03ad\u03c4\u03b7\u03c3\u03b7 \u03bc\u03b5 \u03c7\u03b1\u03bc\u03cc\u03b3\u03b5\u03bb\u03bf !!!\u03a6\u03c1\u03ad\u03c3\u03ba\u03b1 \u03c5\u03bb\u03b9\u03ba\u03ac \u03b3\u03b9\u03b1 \u03b3\u03b5\u03c5\u03c3\u03c4\u03b9\u03ba\u03ad\u03c2 \u03c3\u03b1\u03bb\u03ac\u03c4\u03b5\u03c2. \u0394\u03b9\u03b1\u03bb\u03b5\u03c7\u03c4\u03ac \u03c0\u03c1\u03bf\u03ca\u03cc\u03bd\u03c4\u03b1!!!\u0395\u03b3\u03ce \u03c0\u03c1\u03bf\u03c3\u03c9\u03c0\u03b9\u03ba\u03ac \u0391\u03b3\u03b1\u03c0\u03ce \u03c4\u03bf club sandwich\ud83e\udd6a",
            "time": 1563967601
        },
        {
            "author_name": "Yannis Hasanakos",
            "author_url": "https://www.google.com/maps/contrib/111295564631521752472/reviews",
            "language": "el",
            "profile_photo_url": "https://lh6.googleusercontent.com/-fgTRpt2Bvuo/AAAAAAAAAAI/AAAAAAAAAAA/ACHi3renGmQkvLxWZ-HpUW9x4bOrHlGEuA/s128-c0x00000000-cc-rp-mo/photo.jpg",
            "rating": 5,
            "relative_time_description": "in the last week",
            "text": "\u0395\u03be\u03b1\u03b9\u03c1\u03b5\u03c4\u03b9\u03ba\u03cc\u03c2 \u03ba\u03b1\u03c6\u03ad\u03c2 \u03ba\u03b1\u03b9 \u03c3\u03bd\u03b1\u03ba\u03c2",
            "time": 1564509764
        }
    ],
    "type": "cafe"
}

