{
    "id": "d9c1187ed249231cf5520bbc82c216aff96b47ef",
    "location": {
        "lat": 37.9764149,
        "lng": 23.7220552
    },
    "name": "Kuzina",
    "rating": 4.4,
    "reviews": [
        {
            "author_name": "John Horton",
            "author_url": "https://www.google.com/maps/contrib/100117795682829578608/reviews",
            "language": "en",
            "profile_photo_url": "https://lh4.googleusercontent.com/-diOIrYsgam4/AAAAAAAAAAI/AAAAAAAAAAA/ACHi3rdLPifC2vHIBXNW-AhNMhRUfzq5cg/s128-c0x00000000-cc-rp-mo/photo.jpg",
            "rating": 5,
            "relative_time_description": "in the last week",
            "text": "Best food we had in a week in Athens. Everything was excellent. Superb location with a view of the Parthenon from outside tables or the roof. Very good service. Pricier than the surrounding restaurants but worth it.",
            "time": 1563911556
        },
        {
            "author_name": "Christopher Erkotidis",
            "author_url": "https://www.google.com/maps/contrib/111454417110101152179/reviews",
            "language": "en",
            "profile_photo_url": "https://lh4.googleusercontent.com/-GQc4FZIRDCg/AAAAAAAAAAI/AAAAAAAAAAA/ACHi3rcrsvJ8VtZFS1-Hb8VBSUh9d6f5Mw/s128-c0x00000000-cc-rp-mo/photo.jpg",
            "rating": 5,
            "relative_time_description": "in the last week",
            "text": "Fantastic modern food with hints of traditional Greek. Very generous portion sizes (we over ordered) and extremely delicious! The view is breathtaking and since you are up on the terrace away from the busy street it feels very secluded and intimate. A must do in Athens.",
            "time": 1564082661
        },
        {
            "author_name": "Tammy Levent",
            "author_url": "https://www.google.com/maps/contrib/108193377718448706040/reviews",
            "language": "en",
            "profile_photo_url": "https://lh4.googleusercontent.com/-Ya_n3lttbV4/AAAAAAAAAAI/AAAAAAABTdk/0REu-V-9CbQ/s128-c0x00000000-cc-rp-mo-ba5/photo.jpg",
            "rating": 5,
            "relative_time_description": "a month ago",
            "text": "I had the best dinner experience here with the most amazing spectacular rooftop views. I own one of the largest travel agencies in the US and anyone who visits Athens I make reservations for them for the exact experience that I had. Thank you for being there for me and for my clients your concept was brilliant.",
            "time": 1560002833
        },
        {
            "author_name": "Amato Van Geyt",
            "author_url": "https://www.google.com/maps/contrib/114195657010114497361/reviews",
            "language": "en",
            "profile_photo_url": "https://lh4.googleusercontent.com/-tcXXaYznccg/AAAAAAAAAAI/AAAAAAAAAsU/hDFv26aktIQ/s128-c0x00000000-cc-rp-mo-ba3/photo.jpg",
            "rating": 5,
            "relative_time_description": "a month ago",
            "text": "Great staff, amazing food and wine quality, and excellent vibe. This is not a cheap place, but you can be sure you'll get what you pay for. And more! Me and my girlfriend really miss not having such a place in our hometown. Do not skip this when visiting Athens!",
            "time": 1560102957
        },
        {
            "author_name": "John Stavroulakis",
            "author_url": "https://www.google.com/maps/contrib/107031523460763380947/reviews",
            "language": "en",
            "profile_photo_url": "https://lh4.googleusercontent.com/-nWd7Dsp2HuQ/AAAAAAAAAAI/AAAAAAAABW0/ZUBhCa7XuJ0/s128-c0x00000000-cc-rp-mo/photo.jpg",
            "rating": 5,
            "relative_time_description": "in the last week",
            "text": "Great dishes. Delicious. From the roof you may be able to see Acropolis.",
            "time": 1563823354
        }
    ],
    "type": "restaurant"
}

