{
    "id": "b8fd8b57474153dc5cce98af593edc42e0626539",
    "location": {
        "lat": 37.973494,
        "lng": 23.7326696
    },
    "name": "Cafe Antonis",
    "rating": 4.7,
    "reviews": [
        {
            "author_name": "Robert Draskovich",
            "author_url": "https://www.google.com/maps/contrib/106818660575122644640/reviews",
            "language": "en",
            "profile_photo_url": "https://lh3.googleusercontent.com/-G8pJoSpWrgI/AAAAAAAAAAI/AAAAAAAAAAA/ACHi3rfFNHTyWX9_I_j9i1koYEnJSrYlmA/s128-c0x00000000-cc-rp-mo/photo.jpg",
            "rating": 5,
            "relative_time_description": "4 weeks ago",
            "text": "This place is the best! Antoni is a great chef and an amazing man! This cafe is a must if you visit Greece. Few places like this in the world.",
            "time": 1562034162
        },
        {
            "author_name": "Rob Marks",
            "author_url": "https://www.google.com/maps/contrib/110233208406629940869/reviews",
            "language": "en",
            "profile_photo_url": "https://lh3.googleusercontent.com/-3xXRdVSqs4U/AAAAAAAAAAI/AAAAAAAADH0/h8l_kZB4FAA/s128-c0x00000000-cc-rp-mo-ba4/photo.jpg",
            "rating": 5,
            "relative_time_description": "3 months ago",
            "text": "Antonis, you're a legend.\nWe stumbled across your cafe, during our visit 3 night visit to Athens. The hospitality given on the 3 occasions we visited was absolutely outstanding. Your Easter welcome will not be forgotten. Great food. Great service. Great prices. Thank-you, so much, from your new Aussie friends.",
            "time": 1556470761
        },
        {
            "author_name": "Chet Verigan",
            "author_url": "https://www.google.com/maps/contrib/101047063611606118986/reviews",
            "language": "en",
            "profile_photo_url": "https://lh3.googleusercontent.com/-N8DUX6yyWi4/AAAAAAAAAAI/AAAAAAAAAAA/ACHi3rc30BTYwCrxwLd6gAtYxmB3cIa4_A/s128-c0x00000000-cc-rp-mo/photo.jpg",
            "rating": 5,
            "relative_time_description": "3 weeks ago",
            "text": "We found Cafe Antonis by accident walking from the National Garden to the Plaka district. We were looking for somewhere to grab a quick bite to eat and introduce our kids (11yo twins) to Greek food. The souvlaki was delicious and our kids loved it. Antoni was very friendly and helpful. He speaks English (if you are worried about being understood).",
            "time": 1562648424
        },
        {
            "author_name": "Michael Quintana",
            "author_url": "https://www.google.com/maps/contrib/114946462764988950417/reviews",
            "language": "en",
            "profile_photo_url": "https://lh4.googleusercontent.com/-I5l_i9rU2tc/AAAAAAAAAAI/AAAAAAAAFiA/q68B3g-472g/s128-c0x00000000-cc-rp-mo-ba4/photo.jpg",
            "rating": 5,
            "relative_time_description": "a month ago",
            "text": "Delicious food, excellent prices...a great place to have lunch and people watch!",
            "time": 1559405344
        },
        {
            "author_name": "Klaus Svarre",
            "author_url": "https://www.google.com/maps/contrib/101235045057822977198/reviews",
            "language": "en",
            "profile_photo_url": "https://lh4.googleusercontent.com/-9_I6TX2eQEs/AAAAAAAAAAI/AAAAAAAAAAA/ACHi3rfmY2Ol3evugAR5EuBUDoW-rwbXkQ/s128-c0x00000000-cc-rp-mo/photo.jpg",
            "rating": 1,
            "relative_time_description": "2 weeks ago",
            "text": "Nice service, but poor food quality. Only takes cash. Has a toilet.",
            "time": 1563097481
        }
    ],
    "type": "cafe"
}

