{
    "id": "11d13c547b7db6679c3b99201c24279676a19b5a",
    "location": {
        "lat": 37.986113,
        "lng": 23.732372
    },
    "name": "Atitamos",
    "rating": 4.7,
    "reviews": [
        {
            "author_name": "Diane R",
            "author_url": "https://www.google.com/maps/contrib/102559826457530892395/reviews",
            "language": "en",
            "profile_photo_url": "https://lh3.googleusercontent.com/-huH543dl7Q8/AAAAAAAAAAI/AAAAAAAAAAA/ACHi3rfwG9HqqTi0s7msxj-_sMP5kdkFAw/s128-c0x00000000-cc-rp-mo/photo.jpg",
            "rating": 5,
            "relative_time_description": "4 weeks ago",
            "text": "Went out for supper at 10:30 pm. Service was attentive right from the start, a waiter approached us as soon as we entered the restaurant. Had a small wait before being seated but we were reassured by the busyness of the place. \u201cIt must be good, look at all the people!\u201d And, it was. The grilled vegetables were grilled to perfection. The feta cheese in the Greek salad was the best I\u2019ve ever tasted. The kebab plate was delicious, lots of flavour, very filling without being heavy. Would highly recommend this restaurant. Prices are good, food is delicious, and the staff are efficient, friendly and warm. Would go back in a second.",
            "time": 1561500100
        },
        {
            "author_name": "Inma Serrano",
            "author_url": "https://www.google.com/maps/contrib/103643444906364893189/reviews",
            "language": "en",
            "profile_photo_url": "https://lh3.googleusercontent.com/-7TbZQxW9-A8/AAAAAAAAAAI/AAAAAAAAM4Q/LLHsmSoGSYM/s128-c0x00000000-cc-rp-mo-ba4/photo.jpg",
            "rating": 5,
            "relative_time_description": "in the last week",
            "text": "Best dinner I have in Athens! I arrived by 10 pm it was full but after 10 minutes I have a sit. Attentive and friendly service. Good value for money. Free water, bread, shot and dessert on the house! I have the special of the day and it was really delicious! Worth a visit!",
            "time": 1563944806
        },
        {
            "author_name": "John Quigley",
            "author_url": "https://www.google.com/maps/contrib/114677259155125582943/reviews",
            "language": "en",
            "profile_photo_url": "https://lh6.googleusercontent.com/-oszZHntNbe0/AAAAAAAAAAI/AAAAAAAAAAA/ACHi3rdGuq051hbfZL1RIv0pLIhzcj7V7w/s128-c0x00000000-cc-rp-mo-ba2/photo.jpg",
            "rating": 4,
            "relative_time_description": "2 weeks ago",
            "text": "Decent place for food. Great tasting food at good prices.  Not very large portions. Not a large variety of choices.  Good for a tasty meal.  They gave us desert on the house which was generous+ free bread.",
            "time": 1562600144
        },
        {
            "author_name": "Tobias Polzin",
            "author_url": "https://www.google.com/maps/contrib/108165153395151622217/reviews",
            "language": "en",
            "profile_photo_url": "https://lh5.googleusercontent.com/-AwLlqINriDg/AAAAAAAAAAI/AAAAAAAAAtg/wHChPmoMp0U/s128-c0x00000000-cc-rp-mo-ba3/photo.jpg",
            "rating": 5,
            "relative_time_description": "2 weeks ago",
            "text": "Great place to eat in a less touristic area. Food is amazing, menu is short but well selected. They offer dishes of the day and the service is great. We had to wait for a while, because the restaurant is quite small. Still, completely worth waiting.",
            "time": 1562705567
        },
        {
            "author_name": "Constance Z",
            "author_url": "https://www.google.com/maps/contrib/110677615773794658971/reviews",
            "language": "en",
            "profile_photo_url": "https://lh5.googleusercontent.com/-9PTkJyD8_Oo/AAAAAAAAAAI/AAAAAAAAAOI/u8f3lxlmTOY/s128-c0x00000000-cc-rp-mo-ba2/photo.jpg",
            "rating": 5,
            "relative_time_description": "a month ago",
            "text": "Me and my husband went there two days in a row for the best deal in Athens and the good taste. Staffs are friendly, would tell you special meal before you order. We sat outside, a staff warned us to watch out our phones because of thieves around that area. Cold water and bread are free, which is very nice!! It\u2019s so busy in the evening, seems like a popular restaurant for people who are looking for good food. Highly recommended.",
            "time": 1561224285
        }
    ],
    "type": "restaurant"
}

