{
    "id": "09c8f1587544e3e8e412bb41eee153ff0789d342",
    "location": {
        "lat": 38.0023069,
        "lng": 23.7340818
    },
    "name": "Coffee Lab \u03a0\u03bb\u03b1\u03c4\u03b5\u03af\u03b1 \u0391\u03bc\u03b5\u03c1\u03b9\u03ba\u03ae\u03c2",
    "rating": 4.3,
    "reviews": [
        {
            "author_name": "Marios",
            "author_url": "https://www.google.com/maps/contrib/116831251189508102169/reviews",
            "language": "en",
            "profile_photo_url": "https://lh3.googleusercontent.com/-UP9-KqLekis/AAAAAAAAAAI/AAAAAAAAAAA/ACHi3rdN3qdyYwfFaG0vlSk4SvpxtHUt2w/s128-c0x00000000-cc-rp-mo-ba4/photo.jpg",
            "rating": 5,
            "relative_time_description": "a week ago",
            "text": "Amazing coffee, extremely friendly delivery staff. Reasonable prices.",
            "time": 1563906737
        },
        {
            "author_name": "habsha spot",
            "author_url": "https://www.google.com/maps/contrib/110808384642898705687/reviews",
            "language": "en",
            "profile_photo_url": "https://lh4.googleusercontent.com/-heR0LJxsop4/AAAAAAAAAAI/AAAAAAAAORY/oYDxykbtFEE/s128-c0x00000000-cc-rp-mo-ba3/photo.jpg",
            "rating": 4,
            "relative_time_description": "2 months ago",
            "text": "Alwaysnice atmospheric with nice Ethiopian coffee",
            "time": 1559176578
        },
        {
            "author_name": "Jim Gasialis",
            "author_url": "https://www.google.com/maps/contrib/103368955806999458762/reviews",
            "language": "en",
            "profile_photo_url": "https://lh6.googleusercontent.com/-f31CLy7YMsE/AAAAAAAAAAI/AAAAAAAARXk/HmMIKLYBcOw/s128-c0x00000000-cc-rp-mo-ba2/photo.jpg",
            "rating": 5,
            "relative_time_description": "6 months ago",
            "text": "Perfect Customer Service and excellent coffee!",
            "time": 1547720566
        },
        {
            "author_name": "master ninja 12",
            "author_url": "https://www.google.com/maps/contrib/102592802191100673861/reviews",
            "language": "en",
            "profile_photo_url": "https://lh6.googleusercontent.com/-nWFy7HCQIKg/AAAAAAAAAAI/AAAAAAAAG8E/TtXfw8su_80/s128-c0x00000000-cc-rp-mo/photo.jpg",
            "rating": 4,
            "relative_time_description": "4 months ago",
            "text": "One of the best coffee stores",
            "time": 1553685608
        },
        {
            "author_name": "Platon Spaho",
            "author_url": "https://www.google.com/maps/contrib/117654346048111604439/reviews",
            "language": "en",
            "profile_photo_url": "https://lh4.googleusercontent.com/-DXIFTNlGyLo/AAAAAAAAAAI/AAAAAAAAAAA/ACHi3rcelYYoZDqdEXODSf-6Z2KhRXnA0A/s128-c0x00000000-cc-rp-mo/photo.jpg",
            "rating": 5,
            "relative_time_description": "in the last week",
            "text": "Love it.",
            "time": 1564646973
        }
    ],
    "type": "cafe"
}

