{
    "id": "28d68f0f9f460b660a53c2f9d2f164c2fc999710",
    "location": {
        "lat": 37.9903133,
        "lng": 23.7423208
    },
    "name": "Republic Cafe Bar & Grill",
    "rating": 4.5,
    "reviews": [
        {
            "author_name": "Keith Brown",
            "author_url": "https://www.google.com/maps/contrib/100745123086213761184/reviews",
            "language": "en",
            "profile_photo_url": "https://lh5.googleusercontent.com/-2L8AYs0OIM4/AAAAAAAAAAI/AAAAAAAAARs/fp2J9ET-Ip8/s128-c0x00000000-cc-rp-mo/photo.jpg",
            "rating": 5,
            "relative_time_description": "a month ago",
            "text": "The service here is excellent! We were desperate for a meal, and this place serves good pizzas. Yeah, just good pizzas, but outstanding service. When my bartender/waitress asked if I wanted Tabasco without prompting, I knew I would be giving a great review. She's refilling my water and teaching me Greek phrases as I type this! It's just a bar, but I feel like royalty.",
            "time": 1561147906
        },
        {
            "author_name": "Karen Lars",
            "author_url": "https://www.google.com/maps/contrib/111799306287492006363/reviews",
            "language": "en",
            "profile_photo_url": "https://lh5.googleusercontent.com/-Q7bghiWICrc/AAAAAAAAAAI/AAAAAAAAAAA/ACHi3rfniHsSOuGBPt25EBeJVev7S_5uuw/s128-c0x00000000-cc-rp-mo/photo.jpg",
            "rating": 4,
            "relative_time_description": "3 weeks ago",
            "text": "Great pizza and smoothies.  The service was great and the owner spoke good English.  Good prices and A/C to get out of the heat.",
            "time": 1562767419
        },
        {
            "author_name": "Brandon Salines",
            "author_url": "https://www.google.com/maps/contrib/111130529730734455862/reviews",
            "language": "en",
            "profile_photo_url": "https://lh4.googleusercontent.com/-th5QXfrlza8/AAAAAAAAAAI/AAAAAAAACng/t6hYfi6F2vE/s128-c0x00000000-cc-rp-mo/photo.jpg",
            "rating": 5,
            "relative_time_description": "a week ago",
            "text": "Great service and great food. They speak English very well. I suggest ordering the pizza",
            "time": 1564304384
        },
        {
            "author_name": "Dionisis Argiropoulos",
            "author_url": "https://www.google.com/maps/contrib/105229180944596227521/reviews",
            "language": "en",
            "profile_photo_url": "https://lh6.googleusercontent.com/-O-aKrlDS0Ow/AAAAAAAAAAI/AAAAAAAAAAA/ACHi3rcpAH8YnzP3zhTLFrSnlGUrr0_GNQ/s128-c0x00000000-cc-rp-mo-ba5/photo.jpg",
            "rating": 5,
            "relative_time_description": "4 months ago",
            "text": "Cozy atmosphere but premium pricing also. Nevertheless you get your money worth their value with the service and the quality of the coffee that you get. If you are in the area, try it.",
            "time": 1554357187
        },
        {
            "author_name": "Lila Doukas",
            "author_url": "https://www.google.com/maps/contrib/102674239063904937296/reviews",
            "language": "en",
            "profile_photo_url": "https://lh6.googleusercontent.com/-reWxFHd-_hw/AAAAAAAAAAI/AAAAAAAAAAA/ACHi3rfAQHugD_6PuYReYh7iCp2NvHmyvw/s128-c0x00000000-cc-rp-mo/photo.jpg",
            "rating": 5,
            "relative_time_description": "a month ago",
            "text": "Excellent coffee, fun atmosphere with super cool a/c.......fun owner!!!!",
            "time": 1560703954
        }
    ],
    "type": "restaurant"
}

