{
    "id": "2bb92876c073f2ba2f9d86dbb90858ad165f2a20",
    "location": {
        "lat": 37.9786554,
        "lng": 23.7550347
    },
    "name": "VIA CAFE",
    "rating": 4.4,
    "reviews": [
        {
            "author_name": "Roubini Charitou",
            "author_url": "https://www.google.com/maps/contrib/113271947714741046968/reviews",
            "language": "el",
            "profile_photo_url": "https://lh4.googleusercontent.com/-mxKwKl_avzM/AAAAAAAAAAI/AAAAAAAAA8Q/vae3BRFPObk/s128-c0x00000000-cc-rp-mo-ba4/photo.jpg",
            "rating": 4,
            "relative_time_description": "2 weeks ago",
            "text": "\u03a0\u03bf\u03bb\u03cd \u03c9\u03c1\u03b1\u03af\u03bf \u03ba\u03b1\u03c6\u03ad \u03b3\u03b9\u03b1 \u03bc\u03b9\u03b1 \u03b3\u03c1\u03ae\u03b3\u03bf\u03c1\u03b7 \u03c3\u03c4\u03ac\u03c3\u03b7 \u03c3\u03c4\u03bf \u03ba\u03b5\u03bd\u03c4\u03c1\u03bf \u03c4\u03b7\u03c2 \u0391\u03b8\u03ae\u03bd\u03b1\u03c2! \u0388\u03c7\u03b5\u03b9 \u03c0\u03bf\u03bb\u03bb\u03ad\u03c2 \u03c6\u03c1\u03ad\u03c3\u03ba\u03b5\u03c2 \u03ba\u03b9 \u03c5\u03b3\u03b9\u03b5\u03b9\u03bd\u03ad\u03c2 \u03b5\u03c0\u03b9\u03bb\u03bf\u03b3\u03ad\u03c2 \u03c3\u03b5 \u03c3\u03bd\u03b1\u03ba, \u03c4\u03c1\u03bf\u03bc\u03b5\u03c1\u03ad\u03c2 \u03c3\u03b1\u03bb\u03ac\u03c4\u03b5\u03c2 \u03ba\u03b1\u03b9 \u03c0\u03bf\u03bb\u03cd \u03c9\u03c1\u03b1\u03af\u03b5\u03c2 \u03c3\u03c6\u03bf\u03bb\u03b9\u03b1\u03c4\u03b5\u03c2! \u03a4\u03bf \u03c3\u03b1\u03bd\u03c4\u03bf\u03c5\u03b9\u03c4\u03c3 \u03bc\u03b5 \u03c8\u03c9\u03bc\u03af \u03b1\u03c0\u03bf \u03c7\u03b1\u03c1\u03bf\u03c5\u03c0\u03b9 \u03ae\u03c4\u03b1\u03bd \u03ba\u03ac\u03c0\u03c9\u03c2 \u03b9\u03b4\u03b9\u03b1\u03af\u03c4\u03b5\u03c1\u03bf \u03b1\u03bb\u03bb\u03ac \u03b7 \u03c6\u03bb\u03bf\u03b3\u03ad\u03c1\u03b1 \u03bf\u03bb\u03b9\u03ba\u03ae\u03c2 \u03bc\u03b5 \u03c4\u03c5\u03c1\u03af \u03c6\u03b9\u03bb\u03b1\u03b4\u03b5\u03bb\u03c6\u03b5\u03b9\u03b1 \u03ae\u03c4\u03b1\u03bd \u03c0\u03bf\u03bb\u03cd \u03bd\u03cc\u03c3\u03c4\u03b9\u03bc\u03b7!",
            "time": 1562856994
        },
        {
            "author_name": "\u03a4\u03b1\u03c4\u03af\u03c9\u03bd \u03a4\u03b6\u03b5\u03c1\u03b5\u03c4\u03b6\u03b9\u03ac\u03bd",
            "author_url": "https://www.google.com/maps/contrib/117352202378066344240/reviews",
            "language": "el",
            "profile_photo_url": "https://lh5.googleusercontent.com/-vqi0afz3Es0/AAAAAAAAAAI/AAAAAAAADFc/B0VGqSPsitA/s128-c0x00000000-cc-rp-mo-ba3/photo.jpg",
            "rating": 5,
            "relative_time_description": "5 months ago",
            "text": "\u03a9\u03c1\u03b1\u03af\u03bf\u03c2 \u03ba\u03b1\u03c6\u03ad\u03c2, \u03c0\u03bf\u03bb\u03cd \u03ba\u03b1\u03bb\u03ad\u03c2 \u03c3\u03b1\u03bb\u03ac\u03c4\u03b5\u03c2",
            "time": 1549612725
        },
        {
            "author_name": "VASILIS PAPADOPOULOS",
            "author_url": "https://www.google.com/maps/contrib/110316473483771353821/reviews",
            "language": "el",
            "profile_photo_url": "https://lh5.googleusercontent.com/-R80bpwO_zQc/AAAAAAAAAAI/AAAAAAAACTY/16f4VIWUqJc/s128-c0x00000000-cc-rp-mo-ba4/photo.jpg",
            "rating": 5,
            "relative_time_description": "a week ago",
            "text": "\u03a9\u03c1\u03b1\u03af\u03bf \u03ba\u03b1\u03c6\u03ad",
            "time": 1563960366
        },
        {
            "author_name": "pepi mpezirgianni",
            "author_url": "https://www.google.com/maps/contrib/105555462556121465315/reviews",
            "language": "el",
            "profile_photo_url": "https://lh5.googleusercontent.com/-g91zY92cwbw/AAAAAAAAAAI/AAAAAAAACC0/mXta1QP-bjM/s128-c0x00000000-cc-rp-mo-ba5/photo.jpg",
            "rating": 5,
            "relative_time_description": "a year ago",
            "text": "\u03a0\u03bf\u03bb\u03c5 \u03bd\u03bf\u03c3\u03c4\u03b9\u03bc\u03b1 \u03c3\u03bd\u03b1\u03ba \u03ba \u03c9\u03c1\u03b1\u03b9\u03bf\u03c2 \u03ba\u03b1\u03c6\u03b5\u03c2.\u03a4\u03b9\u03bc\u03b5\u03c2 \u03c0\u03c1\u03bf\u03c3\u03b9\u03c4\u03b5\u03c2",
            "time": 1517560417
        },
        {
            "author_name": "\u039a\u03c5\u03c1\u03b9\u03ac\u03ba\u03bf\u03c2 \u039a\u03b1\u03c1\u03b1\u03c0\u03ad\u03c4\u03c1\u03bf\u03c2",
            "author_url": "https://www.google.com/maps/contrib/105635567549291325527/reviews",
            "language": "el",
            "profile_photo_url": "https://lh5.googleusercontent.com/-T8_KYoOhcF4/AAAAAAAAAAI/AAAAAAAAj7g/XDuhDU1T08k/s128-c0x00000000-cc-rp-mo-ba7/photo.jpg",
            "rating": 5,
            "relative_time_description": "a year ago",
            "text": "...\u03bc\u03b5 \u03b5\u03be\u03c9\u03c4\u03b5\u03c1\u03b9\u03ba\u03ac \u03c4\u03c1\u03b1\u03c0\u03b5\u03b6\u03bf\u03ba\u03b1\u03b8\u03af\u03c3\u03bc\u03b1\u03c4\u03b1",
            "time": 1505389719
        }
    ],
    "type": "cafe"
}

