{
    "id": "1e6c4255884efd89fc0915a9317d23c0abf11e64",
    "location": {
        "lat": 37.9746387,
        "lng": 23.7338887
    },
    "name": "Tarka Athens",
    "rating": 4.3,
    "reviews": [
        {
            "author_name": "Girish Yajnik",
            "author_url": "https://www.google.com/maps/contrib/108617984405946624950/reviews",
            "language": "en",
            "profile_photo_url": "https://lh5.googleusercontent.com/-c34JzR5hJgk/AAAAAAAAAAI/AAAAAAAAAAA/ACHi3rfPNJc9MXozzhjHGA_sN5h5Cidcrw/s128-c0x00000000-cc-rp-mo-ba5/photo.jpg",
            "rating": 5,
            "relative_time_description": "2 months ago",
            "text": "Freshly made authentic Indian food made in front of you. Talented cooks - delicious north Indian style - made to suit international palates. Very few restaurants make all dishes from scratch- here you can actually witness your dishes being prepared.   Staff is very modest - lamb dishes are truly tasty. Will come again!!",
            "time": 1559216056
        },
        {
            "author_name": "Chrysoula Vlachou",
            "author_url": "https://www.google.com/maps/contrib/111153952583728299848/reviews",
            "language": "en",
            "profile_photo_url": "https://lh6.googleusercontent.com/-WJYFf5q8oXw/AAAAAAAAAAI/AAAAAAAAAAA/ACHi3rdhLfpD1L0d2pyWxNv71ZRZR8YsJA/s128-c0x00000000-cc-rp-mo/photo.jpg",
            "rating": 1,
            "relative_time_description": "2 months ago",
            "text": "Awful place. The restaurant was empty but the staff was annoyed why we went a bit earlier than the booking time. There are some very small tables overlooking a bus stop and a rubbish basket. I was there with an Indian. The lamb (cashmere dish) was tasty but not cooked in the proper way. Much worse was the spinach with cheese.",
            "time": 1559150429
        },
        {
            "author_name": "Shivana Prashad",
            "author_url": "https://www.google.com/maps/contrib/113344866001421004172/reviews",
            "language": "en",
            "profile_photo_url": "https://lh3.googleusercontent.com/-GM9kH6af81c/AAAAAAAAAAI/AAAAAAAAAAA/ACHi3rfs7Zw_LnkOeOU9FxQtLri38XwE2Q/s128-c0x00000000-cc-rp-mo/photo.jpg",
            "rating": 5,
            "relative_time_description": "in the last week",
            "text": "Great food! Highly recommend their food! Everything was cooked to order! Will be back when I\u2019m in Athens again!",
            "time": 1564746285
        },
        {
            "author_name": "persa dim",
            "author_url": "https://www.google.com/maps/contrib/103205738341869833407/reviews",
            "language": "en",
            "profile_photo_url": "https://lh5.googleusercontent.com/-LiGWEGoRtnY/AAAAAAAAAAI/AAAAAAAAAAA/ACHi3reHjSvNzqnuwd7gzY4A9EMiL3nW6Q/s128-c0x00000000-cc-rp-mo/photo.jpg",
            "rating": 5,
            "relative_time_description": "2 months ago",
            "text": "Very cozy and the food is just delicious! If you like soups the chicken soup is a must",
            "time": 1558711796
        },
        {
            "author_name": "\u03a3\u03a0\u0391\u0393\u0391\u0394\u03a9\u03a1\u039f\u03a3 \u0398\u0395\u039f\u0394\u03a9\u03a1\u039f\u03a3",
            "author_url": "https://www.google.com/maps/contrib/103721000533266851116/reviews",
            "language": "en",
            "profile_photo_url": "https://lh4.googleusercontent.com/-VJXkk0TXOyM/AAAAAAAAAAI/AAAAAAABU84/Pu0hvLbINOM/s128-c0x00000000-cc-rp-mo-ba5/photo.jpg",
            "rating": 4,
            "relative_time_description": "2 weeks ago",
            "text": "The best samosas in town.The nan and papandan were very good, best choice to eat is the chicken tika massala, maybe tandoori too! The dal with the yellow lens were super!! The vindaloo wasn't spicy at all!!",
            "time": 1563441044
        }
    ],
    "type": "restaurant"
}

