{
    "id": "20fc0f4b0eadc3cfe6c670f4b39447b82adee4cf",
    "location": {
        "lat": 37.971924,
        "lng": 23.730879
    },
    "name": "ILIADA",
    "rating": 4.7,
    "reviews": [
        {
            "author_name": "Juan Vila",
            "author_url": "https://www.google.com/maps/contrib/109109163856410124559/reviews",
            "language": "en",
            "profile_photo_url": "https://lh3.googleusercontent.com/-8mx7yPM3vrI/AAAAAAAAAAI/AAAAAAAAAAA/ACHi3rdflfUGhOMGPIsdartWQZBsz7ScAA/s128-c0x00000000-cc-rp-mo/photo.jpg",
            "rating": 5,
            "relative_time_description": "2 months ago",
            "text": "Amazing service and even better food for some of the lowest prices I have seen in Europe. WAY better than all the fancy restaurants. They are also extremely clean and if you speak English, they also can communicate exceptionally well. 10 out of 5",
            "time": 1558893208
        },
        {
            "author_name": "Ahmed Al-Mulhem",
            "author_url": "https://www.google.com/maps/contrib/102121713896805459787/reviews",
            "language": "en",
            "profile_photo_url": "https://lh6.googleusercontent.com/-p_HX76V67Bc/AAAAAAAAAAI/AAAAAAAAAAA/ACHi3rfxF1eUUCoWzqTOnmBIruy6PMeJOw/s128-c0x00000000-cc-rp-mo-ba3/photo.jpg",
            "rating": 5,
            "relative_time_description": "a month ago",
            "text": "Nice cozy simple place , always fresh out of the oven...\nDefinitely coming back again",
            "time": 1561397116
        },
        {
            "author_name": "Adolfo Garcia",
            "author_url": "https://www.google.com/maps/contrib/114139729687433266532/reviews",
            "language": "en",
            "profile_photo_url": "https://lh5.googleusercontent.com/-6GjGshk4KrE/AAAAAAAAAAI/AAAAAAAAAAA/ACHi3rfdjV8PN6Rhpp_JSGkhZFbYU1E4Vg/s128-c0x00000000-cc-rp-mo/photo.jpg",
            "rating": 5,
            "relative_time_description": "10 months ago",
            "text": "The place has amazing food, very good quality and affordable prices, but the best of all is the staff. We will be back for sure!!",
            "time": 1537435161
        },
        {
            "author_name": "Shawn Larose",
            "author_url": "https://www.google.com/maps/contrib/114123939934941158863/reviews",
            "language": "en",
            "profile_photo_url": "https://lh6.googleusercontent.com/-6WMgEJ2fOUE/AAAAAAAAAAI/AAAAAAAAAAA/ACHi3reLBcPVr924w0koofbcArElfCl1Qw/s128-c0x00000000-cc-rp-mo/photo.jpg",
            "rating": 5,
            "relative_time_description": "a year ago",
            "text": "Great little shop.  Good coffee at cheap price.  Friendly staff.",
            "time": 1520280450
        },
        {
            "author_name": "Jason Lingle-Martin",
            "author_url": "https://www.google.com/maps/contrib/110134835376283056336/reviews",
            "language": "en",
            "profile_photo_url": "https://lh3.googleusercontent.com/-rLcwhjGTDPE/AAAAAAAAAAI/AAAAAAAAAAA/ACHi3re9HNeLIKX9W32z3-TBZzlVlH-yXQ/s128-c0x00000000-cc-rp-mo/photo.jpg",
            "rating": 5,
            "relative_time_description": "a year ago",
            "text": "Iliada is a great sidewalk cafe. The chef when I was there was very kind and the food was delicious and prepared with care.",
            "time": 1528107093
        }
    ],
    "type": "cafe"
}

