{
    "id": "bc7528bc4905c90230cf646ddbbe7621ede54a06",
    "location": {
        "lat": 37.956048,
        "lng": 23.710773
    },
    "name": "100% Heroic Food & Coffee",
    "rating": 4.1,
    "reviews": [
        {
            "author_name": "George Vallahis",
            "author_url": "https://www.google.com/maps/contrib/115885231612731278235/reviews",
            "language": "en",
            "profile_photo_url": "https://lh4.googleusercontent.com/-NmHW3ce1SVI/AAAAAAAAAAI/AAAAAAAAAFI/Henu2icclFY/s128-c0x00000000-cc-rp-mo-ba6/photo.jpg",
            "rating": 5,
            "relative_time_description": "2 months ago",
            "text": "Really gooood crepes and friendly staff.",
            "time": 1558782990
        },
        {
            "author_name": "babis prejas",
            "author_url": "https://www.google.com/maps/contrib/108140524412601788253/reviews",
            "language": "en",
            "profile_photo_url": "https://lh3.googleusercontent.com/-6LpbrplwmhQ/AAAAAAAAAAI/AAAAAAAAAAA/ACHi3rdP7Eym9h9nbIcYICCsBRCnzclsPA/s128-c0x00000000-cc-rp-mo/photo.jpg",
            "rating": 5,
            "relative_time_description": "a month ago",
            "text": "Very nice",
            "time": 1559290573
        },
        {
            "author_name": "HILBERTOFUNES7",
            "author_url": "https://www.google.com/maps/contrib/106602119636021275261/reviews",
            "language": "el",
            "profile_photo_url": "https://lh3.googleusercontent.com/-HsUXemBic60/AAAAAAAAAAI/AAAAAAAACKk/6Tn7NObO1Vs/s128-c0x00000000-cc-rp-mo/photo.jpg",
            "rating": 1,
            "relative_time_description": "a month ago",
            "text": "\u0394\u03b5\u03bd \u03ad\u03c7\u03c9 \u03c6\u03ac\u03b5\u03b9.\u03c0\u03b9\u03bf \u03b1\u03c0\u03b1\u03af\u03c3\u03b9\u03bf \u03c6\u03b1\u03b3\u03b7\u03c4\u03cc.\u039a\u03c1\u03b9\u03bc\u03b1 \u03c4\u03b1 \u03bb\u03b5\u03c6\u03c4\u03ac.",
            "time": 1561172247
        },
        {
            "author_name": "Elena Plyta",
            "author_url": "https://www.google.com/maps/contrib/114263961904703258309/reviews",
            "language": "el",
            "profile_photo_url": "https://lh5.googleusercontent.com/-EsJyNGGVKZc/AAAAAAAAAAI/AAAAAAAAXvY/4ig6ymwdqY0/s128-c0x00000000-cc-rp-mo/photo.jpg",
            "rating": 1,
            "relative_time_description": "4 months ago",
            "text": "\u0391\u03bd \u03ba\u03b1\u03b9 \u03b7 \u03b4\u03b9\u03b1\u03bd\u03bf\u03bc\u03ae \u03c4\u03bf\u03c5\u03c2 \u03b5\u03af\u03bd\u03b1\u03b9 \u03c3\u03cd\u03bd\u03c4\u03bf\u03bc\u03b7 \u03b4\u03b5\u03bd \u03ad\u03bc\u03b5\u03b9\u03bd\u03b1 \u03ba\u03b1\u03b8\u03cc\u03bb\u03bf\u03c5 \u03b5\u03c5\u03c7\u03b1\u03c4\u03b9\u03c3\u03c4\u03b7\u03bc\u03b5\u03bd\u03b7! \u03a4\u03b7\u03bd \u03c0\u03c1\u03ce\u03c4\u03b7 \u03c6\u03bf\u03c1\u03ac \u03c0\u03b1\u03c1\u03ae\u03b3\u03b3\u03b5\u03b9\u03bb\u03b1 \u03ba\u03c1\u03ad\u03c0\u03b1 \u03b3\u03bb\u03c5\u03ba\u03b9\u03ac \u03ba \u03ae\u03c1\u03b8\u03b5 \u03ba\u03b1\u03bc\u03bc\u03ad\u03bd\u03b7.. \u03a4\u03b7\u03bd \u03b4\u03b5\u03cd\u03c4\u03b5\u03c1\u03b7 \u03c6\u03bf\u03c1\u03ac, \u03b2\u03bb\u03ad\u03c0\u03b5\u03b9\u03c2 \u03b5\u03af\u03c0\u03b1 \u03c0\u03c9\u03c2 \u03b5\u03c4\u03c5\u03c7\u03b5 \u03c4\u03b7\u03bd \u03c0\u03c1\u03c9\u03c4\u03b7, \u03c0\u03b1\u03c1\u03ae\u03b3\u03b3\u03b5\u03b9\u03bb\u03b1 \u03b2\u03b1\u03c6\u03bb\u03b1 \u03cc\u03c0\u03bf\u03c5 \u03c0\u03b1\u03b3\u03c9\u03c4\u03cc \u03b4\u03b5\u03bd \u03ae\u03c1\u03b8\u03b5 \u03c0\u03bf\u03c4\u03b5 \u03ba\u03b1\u03b9 \u03b7 \u03b2\u03ac\u03c3\u03b7 \u03ae\u03c4\u03b1\u03bd \u03bc\u03c0\u03b1\u03b3\u03b9\u03ac\u03c4\u03b9\u03ba\u03b7 \u03ba \u03b7 \u03c6\u03c1\u03ac\u03bf\u03c5\u03bb\u03b1 \u03b1\u03c0\u03b1\u03af\u03c3\u03b9\u03b1.. \u038c\u03c3\u03bf \u03b3\u03b9\u03b1 \u03c4\u03bf club \u03b4\u03b5\u03bd \u03b8\u03b1 \u03c3\u03c7\u03bf\u03bb\u03b9\u03ac\u03c3\u03c9... \ud83d\ude15",
            "time": 1552159293
        },
        {
            "author_name": "\u0391\u03bd\u03bd\u03b1 \u03a7\u03b1\u03bb\u03b5\u03c0\u03b1",
            "author_url": "https://www.google.com/maps/contrib/109174293614726629048/reviews",
            "language": "el",
            "profile_photo_url": "https://lh6.googleusercontent.com/--RiOjgNFwAI/AAAAAAAAAAI/AAAAAAAAAAA/ACHi3rdGWY4HyO5G9NGkFVjckhaJk7Iwug/s128-c0x00000000-cc-rp-mo/photo.jpg",
            "rating": 5,
            "relative_time_description": "3 months ago",
            "text": "Super \u03ba \u03b7 \u03b3\u03bb\u03c5\u03ba\u03b9\u03ac \u03ba \u03b7 \u03b1\u03bb\u03bc\u03c5\u03c1\u03ae \u03ba\u03c1\u03ad\u03c0\u03b1 \u03b3\u03c1\u03ae\u03b3\u03bf\u03c1\u03b7 \u03b5\u03be\u03c5\u03c0\u03b7\u03c1\u03ad\u03c4\u03b7\u03c3\u03b7 \u03ba \u03b5\u03c5\u03b3\u03b5\u03bd\u03ad\u03c3\u03c4\u03b1\u03c4\u03bf delivery",
            "time": 1555378809
        }
    ],
    "type": "restaurant"
}

