{
    "id": "15c156e4a780551ecc033d28eb507c11365dfa02",
    "location": {
        "lat": 37.979386,
        "lng": 23.735901
    },
    "name": "Zoe's Premium Latteria",
    "rating": 4,
    "reviews": [
        {
            "author_name": "Charly Beggs",
            "author_url": "https://www.google.com/maps/contrib/100806720382785860444/reviews",
            "language": "en",
            "profile_photo_url": "https://lh4.googleusercontent.com/-tvm66kF01QY/AAAAAAAAAAI/AAAAAAAAAB4/IC6H9b_a7Lc/s128-c0x00000000-cc-rp-mo-ba4/photo.jpg",
            "rating": 5,
            "relative_time_description": "a month ago",
            "text": "Delicious pies + good coffee in nice atmosphere = a great start of the day",
            "time": 1561201057
        },
        {
            "author_name": "Theodora Pass",
            "author_url": "https://www.google.com/maps/contrib/112208045360284900032/reviews",
            "language": "en",
            "profile_photo_url": "https://lh6.googleusercontent.com/-VS6ylRm9MLU/AAAAAAAAAAI/AAAAAAAAAZU/cUnoSrJ7jyo/s128-c0x00000000-cc-rp-mo-ba3/photo.jpg",
            "rating": 5,
            "relative_time_description": "6 months ago",
            "text": "I had a hot chocolate, loved it. Staff very friendly and helpful, great selection of juices, teas, coffees, sweets and desserts. And they also have some great products to take home.",
            "time": 1547654491
        },
        {
            "author_name": "Nikos Chloros",
            "author_url": "https://www.google.com/maps/contrib/101401668866077062589/reviews",
            "language": "en",
            "profile_photo_url": "https://lh6.googleusercontent.com/-uxV-X5-B9qw/AAAAAAAAAAI/AAAAAAAAJMw/c4H6lkn5uRE/s128-c0x00000000-cc-rp-mo-ba3/photo.jpg",
            "rating": 3,
            "relative_time_description": "5 months ago",
            "text": "Food: ok; price: ok; friendly service but a bit slow.",
            "time": 1551591654
        },
        {
            "author_name": "George Papantoniou",
            "author_url": "https://www.google.com/maps/contrib/100061818726118019611/reviews",
            "language": "en",
            "profile_photo_url": "https://lh6.googleusercontent.com/-3EgozUSRS2c/AAAAAAAAAAI/AAAAAAABZKo/ojpYUBGja4A/s128-c0x00000000-cc-rp-mo-ba6/photo.jpg",
            "rating": 5,
            "relative_time_description": "5 months ago",
            "text": "Very good place to eat something, central location, nice decoration, kind service",
            "time": 1551590602
        },
        {
            "author_name": "ATHANASIOS RIGAS",
            "author_url": "https://www.google.com/maps/contrib/103088316975522463032/reviews",
            "language": "en",
            "profile_photo_url": "https://lh5.googleusercontent.com/-Yz3m_96XDmY/AAAAAAAAAAI/AAAAAAAALjs/nv2xsJY5yh8/s128-c0x00000000-cc-rp-mo-ba4/photo.jpg",
            "rating": 5,
            "relative_time_description": "6 months ago",
            "text": "They insist in first quality materials and you can taste it!",
            "time": 1547473017
        }
    ],
    "type": "cafe"

}

