{
    "id": "87ba1d27df445567966df894353abbf477e52658",
    "location": {
        "lat": 37.976265,
        "lng": 23.734921
    },
    "name": "Tudor Hall",
    "rating": 4.6,
    "reviews": [
        {
            "author_name": "Joseph Urban",
            "author_url": "https://www.google.com/maps/contrib/117241009455095201243/reviews",
            "language": "en",
            "profile_photo_url": "https://lh5.googleusercontent.com/-_JaKE4U0P4Q/AAAAAAAAAAI/AAAAAAAAKyY/9U2bBgUPb64/s128-c0x00000000-cc-rp-mo/photo.jpg",
            "rating": 5,
            "relative_time_description": "a week ago",
            "text": "Incredible view of the Acropolis! Service could not be better. This is a pricey dinner, but the food and service reflect the value. We enjoyed a 2 fish entrees (grouper and scorpion fish), a sea bass cheviche, and a papperdelle pasta with asparagus and potatoes.",
            "time": 1563768190
        },
        {
            "author_name": "Richard Pattinson",
            "author_url": "https://www.google.com/maps/contrib/101993321242800085228/reviews",
            "language": "en",
            "profile_photo_url": "https://lh4.googleusercontent.com/-mZge6R6_tMg/AAAAAAAAAAI/AAAAAAAAAAA/ACHi3rehdUNjeQdPgYeYMXIodxjhuf8fLg/s128-c0x00000000-cc-rp-mo/photo.jpg",
            "rating": 5,
            "relative_time_description": "2 months ago",
            "text": "Wow. Truly amazing place. Spectacular view and perfect service. Octopus was incredible!!",
            "time": 1558442068
        },
        {
            "author_name": "Dimitris Katsoulis",
            "author_url": "https://www.google.com/maps/contrib/107236783848975321049/reviews",
            "language": "en",
            "profile_photo_url": "https://lh4.googleusercontent.com/-baNfoe3GOU0/AAAAAAAAAAI/AAAAAAAAAAA/ACHi3rcxennNdGlXJOEaYyvm7G2zGViVKQ/s128-c0x00000000-cc-rp-mo/photo.jpg",
            "rating": 3,
            "relative_time_description": "a week ago",
            "text": "Excellent view, great service, average dishes",
            "time": 1563619139
        },
        {
            "author_name": "Danielle Alkins",
            "author_url": "https://www.google.com/maps/contrib/107897683499319253236/reviews",
            "language": "en",
            "profile_photo_url": "https://lh4.googleusercontent.com/-IDPU7NfhbMM/AAAAAAAAAAI/AAAAAAAAADg/YojFb4Q5BLY/s128-c0x00000000-cc-rp-mo-ba3/photo.jpg",
            "rating": 5,
            "relative_time_description": "10 months ago",
            "text": "Everything was absolutely amazing! The view, the service the drinks and especially the food was perfect. I highly recommend this place for a special evening and an amazing meal.",
            "time": 1536150901
        },
        {
            "author_name": "Katia Ramirez",
            "author_url": "https://www.google.com/maps/contrib/114356800298905036065/reviews",
            "language": "en",
            "profile_photo_url": "https://lh4.googleusercontent.com/-1JJcpHfgyNQ/AAAAAAAAAAI/AAAAAAAAAAA/ACHi3reSenOlUi1N_0aTFI8nRsP7rDX-Tg/s128-c0x00000000-cc-rp-mo-ba6/photo.jpg",
            "rating": 4,
            "relative_time_description": "12 months ago",
            "text": "The view to the Acropolis is the best part having dinner at night.\nThis restaurant is at the top of King George hotel.\nThe service is high end, great staff! dress nice because the ambiance is more fancy than casual",
            "time": 1533179961
        }
    ],
    "type": "restaurant"
}

