{
    "id": "1cf12a8e01d95a06eec7a35d08409d6c7e559959",
    "location": {
        "lat": 37.981428,
        "lng": 23.727449
    },
    "name": "The Coffee spirit - house of Bagels",
    "rating": 4.5,
    "reviews": [
        {
            "author_name": "Derek Hollier-Day",
            "author_url": "https://www.google.com/maps/contrib/109066172295351481433/reviews",
            "language": "en",
            "profile_photo_url": "https://lh5.googleusercontent.com/-zn--DOHacJw/AAAAAAAAAAI/AAAAAAAAEvo/zGX78BlqNmA/s128-c0x00000000-cc-rp-mo-ba3/photo.jpg",
            "rating": 5,
            "relative_time_description": "a month ago",
            "text": "Great coffee, nice lady on the counter, conveniently placed by hotels for that quick caffeine fix in the morning. I like",
            "time": 1560176833
        },
        {
            "author_name": "Chris Mysen",
            "author_url": "https://www.google.com/maps/contrib/118391941151051065615/reviews",
            "language": "en",
            "profile_photo_url": "https://lh6.googleusercontent.com/-BTmJRvM-vz0/AAAAAAAAAAI/AAAAAAAAbt8/60_anzG-rQ0/s128-c0x00000000-cc-rp-mo-ba6/photo.jpg",
            "rating": 4,
            "relative_time_description": "11 months ago",
            "text": "Nice little coffee shop by the square. Had an iced cappuccino and enjoyed it, milk was quite frothy (maybe a bit too much), but the espresso is nice, more fruity, good with a little bit of sugar. There is not much space to sit and get a rest out of the sun but good for a drink if you're passing by.",
            "time": 1532958819
        },
        {
            "author_name": "Razgo Farid",
            "author_url": "https://www.google.com/maps/contrib/105271077550236568614/reviews",
            "language": "en",
            "profile_photo_url": "https://lh6.googleusercontent.com/-FrQYSU7aW4U/AAAAAAAAAAI/AAAAAAAAXDY/_1XpPJUco2c/s128-c0x00000000-cc-rp-mo-ba6/photo.jpg",
            "rating": 4,
            "relative_time_description": "9 months ago",
            "text": "Wonderful place with outdoor seating cafeteria\n\nTasty coffee shop",
            "time": 1540164332
        },
        {
            "author_name": "Kyriako Tsamoglou",
            "author_url": "https://www.google.com/maps/contrib/104226137973213281681/reviews",
            "language": "en",
            "profile_photo_url": "https://lh4.googleusercontent.com/-Yt7twdUo2fA/AAAAAAAAAAI/AAAAAAABNcc/-9YOh0OAfjY/s128-c0x00000000-cc-rp-mo/photo.jpg",
            "rating": 5,
            "relative_time_description": "a year ago",
            "text": "Great coffee and bagels. Very friendly service! They speak a bit of English.",
            "time": 1518595918
        },
        {
            "author_name": "Michelle Martinez",
            "author_url": "https://www.google.com/maps/contrib/115801083703642454257/reviews",
            "language": "en",
            "profile_photo_url": "https://lh3.googleusercontent.com/-lze4TSqoZU4/AAAAAAAAAAI/AAAAAAAAAI4/LhZrVvJ2zjs/s128-c0x00000000-cc-rp-mo-ba3/photo.jpg",
            "rating": 5,
            "relative_time_description": "a year ago",
            "text": "Great coffee - lots of international variety - friendly service, and they speak English. It's a cute place, perfect for take away coffee. There isn't a lot of seating available.",
            "time": 1510523295
        }
    ],
    "type": "cafe"
}

