{
    "id": "f85a9f4e8b696a9ae02f3f8274b2825a1fe590b3",
    "location": {
        "lat": 37.9828947,
        "lng": 23.7135363
    },
    "name": "Tirbouson",
    "rating": 4.6,
    "reviews": [
        {
            "author_name": "Ektoras Pouliasis",
            "author_url": "https://www.google.com/maps/contrib/113437110072255579140/reviews",
            "language": "en",
            "profile_photo_url": "https://lh4.googleusercontent.com/-ur9SifHGbro/AAAAAAAAAAI/AAAAAAAAE9A/8idE-TEFQIs/s128-c0x00000000-cc-rp-mo-ba4/photo.jpg",
            "rating": 5,
            "relative_time_description": "4 months ago",
            "text": "Very good place to eat in Gazi area.. they have variety of greek tradiniotal plates. the staff is very friendly and the atmosphere is  very cosy.. it feels like home.. nice music background and very interesting deco. Also they have nice list of red and white wines that match perfectly with food.. i recommend  lahmatzoun!! Yam yam!!",
            "time": 1551720018
        },
        {
            "author_name": "Tim Schr\u00f6der",
            "author_url": "https://www.google.com/maps/contrib/113793337968740780047/reviews",
            "language": "en",
            "profile_photo_url": "https://lh6.googleusercontent.com/-OpYXrXiIFq0/AAAAAAAAAAI/AAAAAAAAC1Y/jYLTskrbRMs/s128-c0x00000000-cc-rp-mo/photo.jpg",
            "rating": 5,
            "relative_time_description": "4 months ago",
            "text": "Nice host and good food for affordable prices. English menu available.",
            "time": 1553955809
        },
        {
            "author_name": "Fatih Erkan Caba",
            "author_url": "https://www.google.com/maps/contrib/103342852966771232684/reviews",
            "language": "en",
            "profile_photo_url": "https://lh4.googleusercontent.com/-6WRmYWmviiY/AAAAAAAAAAI/AAAAAAAAYvY/nu_zghV1iHs/s128-c0x00000000-cc-rp-mo-ba5/photo.jpg",
            "rating": 5,
            "relative_time_description": "a year ago",
            "text": "Tirbouson is very nice place. I would totally recommend you to go there usually it is very crowded so it's possible that you might not find an empty table. The food is very delicious and cook is very fast so you don't wait for a long time for your food to arrive. I enjoyed even their cheap wine. Appetizers are very interesting if you want to try many things then you can only order appetizers which are good enough to fill your stomach. :)",
            "time": 1518967276
        },
        {
            "author_name": "Konstantina Merianou",
            "author_url": "https://www.google.com/maps/contrib/100968852733351191695/reviews",
            "language": "en",
            "profile_photo_url": "https://lh3.googleusercontent.com/-BPS4tr-4pLM/AAAAAAAAAAI/AAAAAAAAAAA/ACHi3rcXe65Ypf_7YwZsNtUL5CAlizKByA/s128-c0x00000000-cc-rp-mo-ba4/photo.jpg",
            "rating": 5,
            "relative_time_description": "9 months ago",
            "text": "Friendly staff ,affordable prices cozy place.Don't forget to order feta saganaki with greek honey and brocoli tart!",
            "time": 1540114435
        },
        {
            "author_name": "Ryan Bradtke",
            "author_url": "https://www.google.com/maps/contrib/102194555633761928412/reviews",
            "language": "en",
            "profile_photo_url": "https://lh5.googleusercontent.com/-ZEBL8Cp0D1A/AAAAAAAAAAI/AAAAAAAAAAA/GTO4IomSgEU/s128-c0x00000000-cc-rp-mo-ba4/photo.jpg",
            "rating": 5,
            "relative_time_description": "a year ago",
            "text": "Great food, lovely owners/staff! So excited to have this gem in the neighborhood!",
            "time": 1530468435
        }
    ],
    "type": "restaurant"
}

