{
    "id": "ad4912ebbbaa2d3cee2d1752bc961a5574c563fa",
    "location": {
        "lat": 37.9664766,
        "lng": 23.731912
    },
    "name": "Flat White artisan cafe",
    "rating": 4.9,
    "reviews": [
        {
            "author_name": "Daryl",
            "author_url": "https://www.google.com/maps/contrib/105429281498753211057/reviews",
            "language": "en",
            "profile_photo_url": "https://lh5.googleusercontent.com/-vHN5aZHEuB4/AAAAAAAAAAI/AAAAAAAAAN4/C5XU83_mi4Y/s128-c0x00000000-cc-rp-mo/photo.jpg",
            "rating": 5,
            "relative_time_description": "2 months ago",
            "text": "Super friendly staff, speedy service, delicious food and perhaps the best coffee I have had in Athens. As soon as we walked to the entrance we was greeted with smiles from the customers as well as the staff. Lovely little place!",
            "time": 1557738741
        },
        {
            "author_name": "Nikos Dimitropoulos",
            "author_url": "https://www.google.com/maps/contrib/107566892119820822059/reviews",
            "language": "en",
            "profile_photo_url": "https://lh5.googleusercontent.com/-KkZXIYbIkW0/AAAAAAAAAAI/AAAAAAAAAAA/ACHi3rcZxAYjxPwiLrQVp2m97HDoJZURbw/s128-c0x00000000-cc-rp-mo/photo.jpg",
            "rating": 5,
            "relative_time_description": "3 weeks ago",
            "text": "Artisan espresso and V60 coffee, top quality snacks and salads, great service. Not to be missed!",
            "time": 1562747665
        },
        {
            "author_name": "Coffee Diff",
            "author_url": "https://www.google.com/maps/contrib/112046533427499045585/reviews",
            "language": "en",
            "profile_photo_url": "https://lh3.googleusercontent.com/-g7-pxi37x5U/AAAAAAAAAAI/AAAAAAAADdA/re58M8irkeA/s128-c0x00000000-cc-rp-mo-ba3/photo.jpg",
            "rating": 5,
            "relative_time_description": "6 months ago",
            "text": "Well prepared coffee from freshly roasted coffee beans. I tried different extraction methods and coffee bean origins and all were great (filter, V60, long black, late, flat white, cappuccino, greek coffee - all were great). Staff are super friendly and knowledgeable about their beans and brews, as well as other good coffee shops in Athens. The place is bright, cosy and comfortable, it was warm and welcoming on January morning. Coffee is available as stay in, take away or delivery. I ended up visiting this coffee shop every morning since discovering it until leaving Athens.",
            "time": 1547748036
        },
        {
            "author_name": "Jake Leslie",
            "author_url": "https://www.google.com/maps/contrib/107712362571681943597/reviews",
            "language": "en",
            "profile_photo_url": "https://lh6.googleusercontent.com/-J8ioNQCjFHA/AAAAAAAAAAI/AAAAAAAAALM/dhv_NTynjbY/s128-c0x00000000-cc-rp-mo-ba4/photo.jpg",
            "rating": 5,
            "relative_time_description": "3 weeks ago",
            "text": "The best coffee in Greece, even by Aussie standards. Drop by for your morning flat white, it\u2019s worth the walk.",
            "time": 1562856932
        },
        {
            "author_name": "Alexander Holyoake",
            "author_url": "https://www.google.com/maps/contrib/109699946361220699358/reviews",
            "language": "en",
            "profile_photo_url": "https://lh6.googleusercontent.com/-I1Cy_3BqXBM/AAAAAAAAAAI/AAAAAAAALUU/nRcuNirrU6g/s128-c0x00000000-cc-rp-mo-ba4/photo.jpg",
            "rating": 5,
            "relative_time_description": "6 months ago",
            "text": "Somewhat unsurprisingly they are proficient at making flat whites. Nicest coffee I've had in Athens. They also sell a variety of ground and non-ground coffee to take home. There's also a small selection of food, tosts, wraps etc some of which are advertised as vegan.\nNice place, good internet and friendly service.",
            "time": 1547654106
        }
    ],
    "type": "cafe"
}

