{
    "id": "312d0aa172d14f2cf005a1029fc852fa1ae68131",
    "location": {
        "lat": 37.996835,
        "lng": 23.732712
    },
    "name": "Coffee Island",
    "rating": 4.3,
    "reviews": [
        {
            "author_name": "Saleh Alkresha",
            "author_url": "https://www.google.com/maps/contrib/104489016301752771038/reviews",
            "language": "en",
            "profile_photo_url": "https://lh5.googleusercontent.com/-u05FfiGiyr0/AAAAAAAAAAI/AAAAAAAAPHc/JMcqaZL8pWo/s128-c0x00000000-cc-rp-mo-ba4/photo.jpg",
            "rating": 3,
            "relative_time_description": "2 months ago",
            "text": "There is no electricity points to charger you phone, the coffee is amazing",
            "time": 1558528250
        },
        {
            "author_name": "Maya St",
            "author_url": "https://www.google.com/maps/contrib/116824194945044660029/reviews",
            "language": "en",
            "profile_photo_url": "https://lh3.googleusercontent.com/-pvdDUMC9lqo/AAAAAAAAAAI/AAAAAAAAZAk/95yPcjg0ds0/s128-c0x00000000-cc-rp-mo/photo.jpg",
            "rating": 4,
            "relative_time_description": "7 months ago",
            "text": "The flavor filtered coffee wasn't as fresh as at kolonaki coffee island.",
            "time": 1545285016
        },
        {
            "author_name": "TM Nannings",
            "author_url": "https://www.google.com/maps/contrib/104161918558544664382/reviews",
            "language": "en",
            "profile_photo_url": "https://lh5.googleusercontent.com/-ScUdtEOORJs/AAAAAAAAAAI/AAAAAAAAI7U/kfz3Ftkbiww/s128-c0x00000000-cc-rp-mo-ba4/photo.jpg",
            "rating": 5,
            "relative_time_description": "8 months ago",
            "text": "Nice staff",
            "time": 1541766472
        },
        {
            "author_name": "Jeremy Scott Foster",
            "author_url": "https://www.google.com/maps/contrib/111987495509455610020/reviews",
            "language": "en",
            "profile_photo_url": "https://lh6.googleusercontent.com/-H6pR03aaRzM/AAAAAAAAAAI/AAAAAAAAw7o/v4oBF2uHuQI/s128-c0x00000000-cc-rp-mo/photo.jpg",
            "rating": 1,
            "relative_time_description": "4 years ago",
            "text": "Man behind the counter yelled at me and demanded I pay for an item I didn't order. When I said I didn't want to (why would I?), he grabbed my friend by the arm and started yelling at me telling me he would call the police unless I paid the \u20ac1.60 for the item I didn't order. Then everybody behind the counter started yelling, we paid for the coffee, left them on the counter, and walked out.\n\nWorst service I've ever experience, anywhere in the world.",
            "time": 1432129841
        },
        {
            "author_name": "Alexandros Tsioukis",
            "author_url": "https://www.google.com/maps/contrib/108016902705943747537/reviews",
            "language": "el",
            "profile_photo_url": "https://lh5.googleusercontent.com/-jGd5XSguokI/AAAAAAAAAAI/AAAAAAAAAAA/ACHi3rd82zjP6n8kaZMQ3F3ukKjef2SFPg/s128-c0x00000000-cc-rp-mo/photo.jpg",
            "rating": 2,
            "relative_time_description": "5 months ago",
            "text": "\u03a0\u03c1\u03bf\u03c3\u03c9\u03c0\u03b9\u03ba\u03ac \u03b3\u03b9\u03b1 \u03b5\u03bc\u03ad\u03bd\u03b1, \u03b1\u03c0\u03c4\u03bf\u03cd\u03c2 \u03c7\u03b5\u03b9\u03c1\u03cc\u03c4\u03b5\u03c1\u03bf\u03c5\u03c2 \u03ba\u03b1\u03c6\u03ad\u03b4\u03b5\u03c2 \u03c0\u03bf\u03c5 \u03ad\u03c7\u03c9 \u03c0\u03b9\u03b5\u03b9 (\u03ba\u03b1\u03b9 \u03c3\u03c5\u03b3\u03ba\u03c1\u03b9\u03c4\u03b9\u03ba\u03ac \u03bc\u03b5 \u03ac\u03bb\u03bb\u03b1 \u03bc\u03b1\u03b3\u03b1\u03b6\u03b9\u03ac \u03c4\u03b7\u03c2 \u03b1\u03bb\u03c5\u03c3\u03af\u03b4\u03b1\u03c2). \u0394\u03b5 \u03be\u03ad\u03c1\u03c9 \u03b1\u03bd \u03ad\u03c4\u03c5\u03c7\u03b5, 1 \u03c6\u03bf\u03c1\u03ac \u03c0\u03ae\u03c1\u03b1, \u03b1\u03bb\u03bb\u03ac \u03b4\u03b5 \u03b8\u03b1 \u03be\u03b1\u03bd\u03b1\u03b4\u03bf\u03ba\u03b9\u03bc\u03ac\u03c3\u03c9.",
            "time": 1550223975
        }
    ],
    "type": "cafe"
}

