{
    "id": "202464771cc688ec9f62ac9b483147e94e345f09",
    "location": {
        "lat": 37.9680937,
        "lng": 23.7270369
    },
    "name": "Little tree Coffee",
    "rating": 4.8,
    "reviews": [
        {
            "author_name": "Marta Zawilinska",
            "author_url": "https://www.google.com/maps/contrib/111858215151245205431/reviews",
            "language": "en",
            "profile_photo_url": "https://lh4.googleusercontent.com/-s3vxQoB3Ghc/AAAAAAAAAAI/AAAAAAAAAAA/ACHi3rdOTGvODYRoYXPr2jucO5k2lPUwyA/s128-c0x00000000-cc-rp-mo-ba5/photo.jpg",
            "rating": 3,
            "relative_time_description": "2 months ago",
            "text": "We've stopped there for a  breakfast and coffee, ordered toast with turkey and cheese and some sandwiches. \nIt's a beautiful small and cozy coffee shop but ours coffee latte were tasteless and very weak. My turkey toast was without turkey \ud83d\ude44 Service is a little slow and not friendly at all... I'm sorry but I do recommend this place\ud83d\ude41",
            "time": 1557589791
        },
        {
            "author_name": "Victoria Falls",
            "author_url": "https://www.google.com/maps/contrib/116082026238945800959/reviews",
            "language": "en",
            "profile_photo_url": "https://lh5.googleusercontent.com/-xA6qup5iWGI/AAAAAAAAAAI/AAAAAAAAABY/61ZoU-8cQrw/s128-c0x00000000-cc-rp-mo-ba3/photo.jpg",
            "rating": 5,
            "relative_time_description": "3 weeks ago",
            "text": "Two days in Athens in july. Full schedule and 40 degrees+.. find your way to Little Tree.....aaah. Greek coffee, even if it is hot outside, limonade....Little Oasis...",
            "time": 1562448268
        },
        {
            "author_name": "Christopher Wong",
            "author_url": "https://www.google.com/maps/contrib/100503039795429936133/reviews",
            "language": "en",
            "profile_photo_url": "https://lh5.googleusercontent.com/-a2mJu3CwM4k/AAAAAAAAAAI/AAAAAAAAAAA/ACHi3rcjSQSOp6J1voeV1A-6-YpDPKjq5w/s128-c0x00000000-cc-rp-mo-ba3/photo.jpg",
            "rating": 5,
            "relative_time_description": "6 months ago",
            "text": "Cute cafe and bookshop. Great place to try Greek coffee, the cappuccino was also delightful. Very wonderful, friendly staff. Highly recommended for a coffee and light meal",
            "time": 1547285997
        },
        {
            "author_name": "Michael Chiorean",
            "author_url": "https://www.google.com/maps/contrib/100591942548824524755/reviews",
            "language": "en",
            "profile_photo_url": "https://lh5.googleusercontent.com/-YApqxDIdF1Q/AAAAAAAAAAI/AAAAAAAAAAA/ACHi3rezbO3s1ugsIOaXAklw97XafHLt0w/s128-c0x00000000-cc-rp-mo/photo.jpg",
            "rating": 5,
            "relative_time_description": "3 weeks ago",
            "text": "Very cute, quaint, nice atmosphere, great for breakfast",
            "time": 1562361386
        },
        {
            "author_name": "Ben Faurot",
            "author_url": "https://www.google.com/maps/contrib/107376466443569623681/reviews",
            "language": "en",
            "profile_photo_url": "https://lh5.googleusercontent.com/-rUJ91qau9pk/AAAAAAAAAAI/AAAAAAAAAAA/ACHi3rfYCnF47s6_0T6xBlS886b18joizw/s128-c0x00000000-cc-rp-mo-ba3/photo.jpg",
            "rating": 5,
            "relative_time_description": "4 months ago",
            "text": "Top 10 favorite coffee shops during our travels. Everything we had was quality.",
            "time": 1553765655
        }
    ],
    "type": "cafe"
}

