{
    "id": "7a77543ccd7320d66b7c6cb0ad43627e49fe616f",
    "location": {
        "lat": 37.9781088,
        "lng": 23.7527639
    },
    "name": "(\u0391\u03bb\u03b5\u03c6\u03c1\u03b1\u03b3\u03ba\u03ae\u03c2-\u039a\u03c1\u03af\u03bd\u03bf\u03c2)",
    "rating": 4.6,
    "reviews": [
        {
            "author_name": "\u05de\u05d5\u05e8\u05df \u05d2\u05d1\u05e2\u05d5\u05df",
            "author_url": "https://www.google.com/maps/contrib/110829205681072747259/reviews",
            "language": "en",
            "profile_photo_url": "https://lh3.googleusercontent.com/-3iCB_AOGNVk/AAAAAAAAAAI/AAAAAAAAAbo/h4YMfVhcjiU/s128-c0x00000000-cc-rp-mo-ba5/photo.jpg",
            "rating": 5,
            "relative_time_description": "3 weeks ago",
            "text": "Great coffe, excellent service, amazing granola!!",
            "time": 1562308675
        },
        {
            "author_name": "Cherri Cianflone",
            "author_url": "https://www.google.com/maps/contrib/115404997990028885764/reviews",
            "language": "en",
            "profile_photo_url": "https://lh4.googleusercontent.com/-P13AFvH9WYo/AAAAAAAAAAI/AAAAAAAAYeU/9OAqclbUSuk/s128-c0x00000000-cc-rp-mo/photo.jpg",
            "rating": 5,
            "relative_time_description": "3 months ago",
            "text": "Pleasant friendly staff; great selection for breakfast, lunch and dessert.",
            "time": 1555317163
        },
        {
            "author_name": "james balagapo",
            "author_url": "https://www.google.com/maps/contrib/109087696534584593027/reviews",
            "language": "en",
            "profile_photo_url": "https://lh5.googleusercontent.com/-RLHSat-flSk/AAAAAAAAAAI/AAAAAAAAAGA/cD0P7XybgTo/s128-c0x00000000-cc-rp-mo/photo.jpg",
            "rating": 5,
            "relative_time_description": "4 months ago",
            "text": "Coffee and service is great. Probably best in the area.",
            "time": 1553679224
        },
        {
            "author_name": "Adean Danon",
            "author_url": "https://www.google.com/maps/contrib/107629874385745027246/reviews",
            "language": "en",
            "profile_photo_url": "https://lh5.googleusercontent.com/-M9pQEfJvVLI/AAAAAAAAAAI/AAAAAAAAfO4/3SvL7jB2eqk/s128-c0x00000000-cc-rp-mo-ba6/photo.jpg",
            "rating": 4,
            "relative_time_description": "5 months ago",
            "text": "Cosy little coffee house doesn't look much from the out side but nice inside and friendly",
            "time": 1549620642
        },
        {
            "author_name": "Selvia Darmayanti",
            "author_url": "https://www.google.com/maps/contrib/101568641981897345458/reviews",
            "language": "en",
            "profile_photo_url": "https://lh6.googleusercontent.com/-nI243Op4qC0/AAAAAAAAAAI/AAAAAAAAE2I/yDtR3wI6F6I/s128-c0x00000000-cc-rp-mo-ba5/photo.jpg",
            "rating": 5,
            "relative_time_description": "10 months ago",
            "text": "Went here for brunch in a ome rainy day. It was a cozy little place, with some selections of bagels, sandwiches and wraps. Had thw prosciutto and salmon ones. Loved the prosciutto one, as it was with sundried tomatoes paste. The coffee was good, and next time I will try their sweets/cookies. The staff is very friendly.",
            "time": 1538547975
        }
    ],
    "type": "cafe"
}

