{
    "id": "4a7cfc2e2f6263bae960ec0589cf62c8214a3065",
    "location": {
        "lat": 37.963508,
        "lng": 23.747092
    },
    "name": "Coffee Island",
    "rating": 4.4,
    "reviews": [
        {
            "author_name": "Ana Stasia",
            "author_url": "https://www.google.com/maps/contrib/117566984311562620870/reviews",
            "language": "en",
            "profile_photo_url": "https://lh5.googleusercontent.com/-v9vq1JIJ7Io/AAAAAAAAAAI/AAAAAAAABAM/6DNdobV5SvU/s128-c0x00000000-cc-rp-mo-ba5/photo.jpg",
            "rating": 5,
            "relative_time_description": "a year ago",
            "text": "Our daily coffee.always delivered cold and fresh",
            "time": 1531332688
        },
        {
            "author_name": "iliana Myro",
            "author_url": "https://www.google.com/maps/contrib/101838717528535580124/reviews",
            "language": "en",
            "profile_photo_url": "https://lh6.googleusercontent.com/-jEnQ9NhRjbQ/AAAAAAAAAAI/AAAAAAAAACs/Ho3vemjFSaw/s128-c0x00000000-cc-rp-mo-ba3/photo.jpg",
            "rating": 2,
            "relative_time_description": "a month ago",
            "text": "Kind of expensive",
            "time": 1560169325
        },
        {
            "author_name": "Nikos Andriopoulos",
            "author_url": "https://www.google.com/maps/contrib/108008791797360310957/reviews",
            "language": "en",
            "profile_photo_url": "https://lh5.googleusercontent.com/-V0RV25gzUA8/AAAAAAAAAAI/AAAAAAAAAAA/ACHi3rcgHuVC9A_VnmTfR6RigEv9kPBN8w/s128-c0x00000000-cc-rp-mo-ba4/photo.jpg",
            "rating": 5,
            "relative_time_description": "9 months ago",
            "text": "Noice coffee and cold chocolate",
            "time": 1539858719
        },
        {
            "author_name": "Dia KL",
            "author_url": "https://www.google.com/maps/contrib/111646840621020668036/reviews",
            "language": "en",
            "profile_photo_url": "https://lh3.googleusercontent.com/-D_UJi3TI_Do/AAAAAAAAAAI/AAAAAAAALw8/B9j57yoRSvo/s128-c0x00000000-cc-rp-mo-ba5/photo.jpg",
            "rating": 5,
            "relative_time_description": "a year ago",
            "text": "Really good coffee and excellent friendly service!",
            "time": 1513875690
        },
        {
            "author_name": "Cumhur YAL\u00c7IN",
            "author_url": "https://www.google.com/maps/contrib/116113684925879348316/reviews",
            "language": "en",
            "profile_photo_url": "https://lh3.googleusercontent.com/-Dx-_oc7b5Aw/AAAAAAAAAAI/AAAAAAAAE-8/kaq3kSHNj7c/s128-c0x00000000-cc-rp-mo-ba3/photo.jpg",
            "rating": 5,
            "relative_time_description": "a year ago",
            "text": "Good fredo espresso",
            "time": 1525709428
        }
    ],
    "type": "cafe"
}

