{
    "id": "59b847fb315782ac1cd0ba36d981d1f673c8ae82",
    "location": {
        "lat": 37.96595569999999,
        "lng": 23.7011655
    },
    "name": "yamas cafe",
    "rating": 4.9,
    "reviews": [
        {
            "author_name": "nikos xara",
            "author_url": "https://www.google.com/maps/contrib/102761968094448641130/reviews",
            "language": "el",
            "profile_photo_url": "https://lh3.googleusercontent.com/-lvB7kyQtKas/AAAAAAAAAAI/AAAAAAAAAAA/ACHi3rcA5y31zoCOkHu_KG77bI-f_gedog/s128-c0x00000000-cc-rp-mo/photo.jpg",
            "rating": 5,
            "relative_time_description": "a week ago",
            "text": "\u03a4\u03ad\u03bb\u03b5\u03b9\u03bf\u03c2 \u03ba\u03b1\u03c6\u03ad\u03c2 \u03ba\u03b1\u03b9 \u03b3\u03b5\u03bd\u03b9\u03ba\u03cc\u03c4\u03b5\u03c1\u03b1 \u03cc\u03c4\u03b9 \u03ba\u03b1\u03b9 \u03bd\u03b1 \u03ad\u03c7\u03c9 \u03c0\u03ac\u03c1\u03b5\u03b9 \u03b5\u03af\u03bd\u03b1\u03b9 \u03c0\u03ac\u03c1\u03b1 \u03c0\u03bf\u03bb\u03cd \u03ba\u03b1\u03bb\u03cc",
            "time": 1564133413
        },
        {
            "author_name": "P Fotis",
            "author_url": "https://www.google.com/maps/contrib/114633244849946448223/reviews",
            "language": "el",
            "profile_photo_url": "https://lh4.googleusercontent.com/-7501Hkb9ZsQ/AAAAAAAAAAI/AAAAAAAAAWI/pL28Qh7IxVQ/s128-c0x00000000-cc-rp-mo-ba4/photo.jpg",
            "rating": 4,
            "relative_time_description": "3 months ago",
            "text": "\u0395\u03be\u03c5\u03c0\u03b7\u03c1\u03b5\u03c4\u03b9\u03ba\u03bf\u03af \u03ba\u03ac\u03b8\u03b5 \u03c6\u03bf\u03c1\u03ac \u03ba\u03b1\u03b9 \u03b3\u03c1\u03ae\u03b3\u03bf\u03c1\u03bf\u03b9 \u03c3\u03c4\u03b9\u03c2 \u03c0\u03b1\u03c1\u03b1\u03b4\u03cc\u03c3\u03b5\u03b9\u03c2 \u03c4\u03bf\u03c5\u03c2. \u039f \u03ba\u03b1\u03c6\u03ad\u03c2 \u03b5\u03c0\u03af\u03c3\u03b7\u03c2 \u03c0\u03bf\u03bb\u03cd \u03c9\u03c1\u03b1\u03af\u03bf\u03c2!",
            "time": 1555867910
        },
        {
            "author_name": "Andreas Sarandoglou",
            "author_url": "https://www.google.com/maps/contrib/101557731259939930154/reviews",
            "language": "el",
            "profile_photo_url": "https://lh3.googleusercontent.com/-bnlUCJytYzk/AAAAAAAAAAI/AAAAAAAAABs/1RgQ7rZI2QU/s128-c0x00000000-cc-rp-mo/photo.jpg",
            "rating": 5,
            "relative_time_description": "5 months ago",
            "text": "\u03a4\u03bf \u03c9\u03c1\u03b1\u03b9\u03cc\u03c4\u03b5\u03c1\u03bf \u03ba\u03b1\u03c6\u03ad \u03c4\u03bf\u03c5 \u03a4\u03b1\u03cd\u03c1\u03bf\u03c5!!!!\n\u039c\u03c0\u03c1\u03ac\u03b2\u03bf \u03c3\u03b5 \u03cc\u03bb\u03b1 \u03c4\u03b1 \u03c0\u03b1\u03b9\u03b4\u03b9\u03ac \u03c0\u03bf\u03c5 \u03b4\u03bf\u03c5\u03bb\u03b5\u03cd\u03bf\u03c5\u03bd \u03b5\u03ba\u03b5\u03af \u03ba\u03b1\u03b9 \u03c3\u03c4\u03bf\u03c5\u03c2 \u03b9\u03b4\u03b9\u03bf\u03ba\u03c4\u03ae\u03c4\u03b5\u03c2!!!!",
            "time": 1550789128
        },
        {
            "author_name": "Chris Sak",
            "author_url": "https://www.google.com/maps/contrib/100683625773261670827/reviews",
            "language": "el",
            "profile_photo_url": "https://lh6.googleusercontent.com/-N8qs59miu4Y/AAAAAAAAAAI/AAAAAAAAAAA/ACHi3reGOeBVAVDXUXdu3ZiHdaPR_68XjQ/s128-c0x00000000-cc-rp-mo/photo.jpg",
            "rating": 5,
            "relative_time_description": "8 months ago",
            "text": "\u0388\u03bd\u03b1\u03c2 \u03b1\u03c0\u03cc \u03c4\u03bf\u03c5\u03c2 \u03ba\u03b1\u03bb\u03cd\u03c4\u03b5\u03c1\u03bf\u03c5\u03c2 \u03ba\u03b1\u03c6\u03ad\u03b4\u03b5\u03c2 \u03c0\u03bf\u03c5 \u03ad\u03c7\u03c9 \u03b4\u03bf\u03ba\u03b9\u03bc\u03ac\u03c3\u03b5\u03b9. \u03a4\u03cc \u03ba\u03bb\u03ac\u03bc\u03c0 \u03b1\u03c0\u03af\u03c3\u03c4\u03b5\u03c5\u03c4\u03bf \u03ba\u03b1\u03af \u03cc\u03bb\u03b1 \u03bc\u03b1\u03b6\u03af \u03c0\u03bf\u03bb\u03cd \u03c6\u03b8\u03b7\u03bd\u03ac. \u039c\u03c0\u03c1\u03ac\u03b2\u03bf \u03c3\u03c4\u03b1 \u03c0\u03b1\u03b9\u03b4\u03b9\u03ac",
            "time": 1543038520
        },
        {
            "author_name": "M Maragou",
            "author_url": "https://www.google.com/maps/contrib/101535649595733647201/reviews",
            "language": "el",
            "profile_photo_url": "https://lh6.googleusercontent.com/-rbSbDGDIRm4/AAAAAAAAAAI/AAAAAAAAAAA/ACHi3reBMP7fz5AIeOSKVYjMXoWbL-BLPw/s128-c0x00000000-cc-rp-mo-ba3/photo.jpg",
            "rating": 4,
            "relative_time_description": "4 months ago",
            "text": "\u0389\u03c3\u03c5\u03c7\u03bf \u03ba\u03b1\u03c6\u03ad \u03bc\u03b5 \u03ba\u03b1\u03bb\u03ae \u03b5\u03be\u03c5\u03c0\u03b7\u03c1\u03ad\u03c4\u03b7\u03c3\u03b7",
            "time": 1553498086
        }
    ],
    "type": "cafe"
}

