{
    "id": "f4f6bb3c6459f56e0a2d5ef36311d3a9912b8cff",
    "location": {
        "lat": 37.9568055,
        "lng": 23.7274019
    },
    "name": "Coffee Lab",
    "rating": 4.3,
    "reviews": [
        {
            "author_name": "Souras Ioannis",
            "author_url": "https://www.google.com/maps/contrib/103494890231252955143/reviews",
            "language": "en",
            "profile_photo_url": "https://lh4.googleusercontent.com/-7eT1lKHLHfs/AAAAAAAAAAI/AAAAAAAAAAA/ACHi3rcsGlAT6RMzx-lYI46V_H8vlPfNFw/s128-c0x00000000-cc-rp-mo-ba4/photo.jpg",
            "rating": 5,
            "relative_time_description": "a month ago",
            "text": "Nice place to have a fair enough coffee",
            "time": 1560882655
        },
        {
            "author_name": "Susana Weeber",
            "author_url": "https://www.google.com/maps/contrib/112963490462874903406/reviews",
            "language": "en",
            "profile_photo_url": "https://lh4.googleusercontent.com/-b-q8UOQ-on0/AAAAAAAAAAI/AAAAAAAABmk/9hhVhjqY7Fo/s128-c0x00000000-cc-rp-mo/photo.jpg",
            "rating": 1,
            "relative_time_description": "4 months ago",
            "text": "Called and when I asked for the delivery of 2 milkshakes, she hung up on me. Rudest lady, wouldn\u2019t recommend going here.",
            "time": 1552061351
        },
        {
            "author_name": "John Karavellas",
            "author_url": "https://www.google.com/maps/contrib/101292642212204475050/reviews",
            "language": "en",
            "profile_photo_url": "https://lh5.googleusercontent.com/-mHFMb0HxHwA/AAAAAAAAAAI/AAAAAAAAABk/gDWyUsyhJjk/s128-c0x00000000-cc-rp-mo-ba3/photo.jpg",
            "rating": 5,
            "relative_time_description": "4 months ago",
            "text": "Best coffee ever!",
            "time": 1553704713
        },
        {
            "author_name": "Marina Kamtner",
            "author_url": "https://www.google.com/maps/contrib/115759510978284500123/reviews",
            "language": "en",
            "profile_photo_url": "https://lh4.googleusercontent.com/-crBINsGffrA/AAAAAAAAAAI/AAAAAAAAAKk/voH-JSPTsME/s128-c0x00000000-cc-rp-mo-ba4/photo.jpg",
            "rating": 5,
            "relative_time_description": "10 months ago",
            "text": "taste the difference .. it's really good",
            "time": 1536519302
        },
        {
            "author_name": "LIA KESI",
            "author_url": "https://www.google.com/maps/contrib/116705644508893802393/reviews",
            "language": "el",
            "profile_photo_url": "https://lh3.googleusercontent.com/-F1WW4hBKw-0/AAAAAAAAAAI/AAAAAAAAAAA/ACHi3rd_VART39siGyXekyaQnbLlGkqB9g/s128-c0x00000000-cc-rp-mo-ba2/photo.jpg",
            "rating": 1,
            "relative_time_description": "3 months ago",
            "text": "\u0398\u03b1 \u03ae\u03b8\u03b5\u03bb\u03b1 \u03bd\u03b1 \u03b2\u03b1\u03bb\u03c9 - 100 \u03b1\u03bb\u03bb\u03ac \u03b4\u03b5\u03bd \u03ad\u03c7\u03b5\u03b9 \u03c4\u03b5\u03c4\u03bf\u03b9\u03b1 \u03b5\u03c0\u03b9\u03bb\u03bf\u03b3\u03ae \u03ad\u03c7\u03bf\u03c5\u03bc\u03b5 \u03ba\u03b1\u03b9 \u03bb\u03ad\u03bc\u03b5 \u03ba\u03b1\u03bc\u03ad\u03bd\u03bf \u03c7\u03b1\u03c1\u03bc\u03ac\u03bd\u03b9 \u03bc\u03b5 \u03c4\u03b5\u03bb\u03b9\u03ba\u03ae \u03b3\u03b5\u03cd\u03c3\u03b7 \u03bb\u03b5\u03c2 \u03ba\u03b1\u03b9 \u03ba\u03b1\u03c4\u03b1\u03c0\u03b9\u03bd\u03b5\u03b9\u03c2 yokohama \u03b5\u03bb\u03b1\u03c3\u03c4\u03b9\u03ba\u03ac \u03c4\u03bf \u03c0\u03c1\u03bf\u03c3\u03c9\u03c0\u03b9\u03ba\u03cc \u03b1\u03b3\u03b5\u03bd\u03ad\u03c3\u03c4\u03b1\u03c4\u03bf \u03bf \u03b9\u03b4\u03b9\u03bf\u03ba\u03c4\u03ae\u03c4\u03b7\u03c2 \u03bf \u03c7\u03b5\u03b9\u03c1\u03cc\u03c4\u03b5\u03c1\u03bf\u03c2 \u03cc\u03bb\u03c9\u03bd \u03b5\u03be\u03c5\u03c0\u03b7\u03c1\u03ad\u03c4\u03b7\u03c3\u03b7 \u03c0\u03c1\u03ce\u03c4\u03b1 \u03c3\u03b5 \u03c0\u03c1\u03bf\u03c4\u03b5\u03c1\u03b1\u03b9\u03cc\u03c4\u03b7\u03c4\u03b1 \u03c4\u03b1 \u03c6\u03b9\u03bb\u03b1\u03c1\u03ac\u03ba\u03b9\u03b1 \u03c0\u03bf\u03c5 \u03b5\u03af\u03bd\u03b1\u03b9 \u03ba\u03b1\u03b9 \u03bb\u03b1\u03bb\u03b9\u03c3\u03c4\u03b1\u03c4\u03b1 \u03bf\u03c0\u03cc\u03c4\u03b5 \u03b1\u03c5\u03be\u03b7\u03bc\u03ad\u03bd\u03b7 \u03b1\u03bd\u03b1\u03bc\u03bf\u03bd\u03ae \u03b3\u03b9\u03b1 \u03b5\u03bd\u03b1 \u03ba\u03cd\u03c0\u03b5\u03bb\u03bb\u03bf \u03ba\u03b1\u03c6\u03ad \u03ba\u03b1\u03b9 \u03c0\u03bf\u03bb\u03cd \u03b5\u03b9\u03c1\u03c9\u03bd\u03b5\u03af\u03b1 \u03bf\u03c4\u03b1\u03bd \u03b5\u03c0\u03b9\u03c3\u03b7\u03bc\u03b1\u03af\u03bd\u03b5\u03b9\u03c2 \u03bf\u03c4\u03b9 \u03b5\u03c7\u03b5\u03b9\u03c2 \u03ba\u03b1\u03b8\u03b7\u03c3\u03b5\u03b9 \u03c4\u03cc\u03c3\u03b7 \u03ce\u03c1\u03b1 \u03ba\u03b1\u03b9 \u03ad\u03c7\u03bf\u03c5\u03bd \u03b5\u03be\u03c5\u03c0\u03b7\u03c1\u03b5\u03c4\u03b7\u03b8\u03b5\u03af \u03c0\u03c1\u03ce\u03c4\u03b1 \u03bf\u03b9 \"\u03ba\u03bf\u03bb\u03bb\u03b7\u03c4\u03bf\u03af\" \u03c0\u03bf\u03c4\u03ad \u03be\u03b1\u03bd\u03ac!!!",
            "time": 1555194115
        }
    ],
    "type": "cafe"
}


