{
    "id": "d1a581256f2035fb28463286155dbd45df5bacc9",
    "location": {
        "lat": 37.99079,
        "lng": 23.732229
    },
    "name": "\u03a0\u03cc\u03bb\u03b9\u03c2 bistro bar",
    "rating": 4.7,
    "reviews": [
        {
            "author_name": "Jorge Andr\u00e9s",
            "author_url": "https://www.google.com/maps/contrib/104258984169533192671/reviews",
            "language": "en",
            "profile_photo_url": "https://lh3.googleusercontent.com/-j4UqAEF9pLc/AAAAAAAAAAI/AAAAAAAAAck/j3Ood_EhKg4/s128-c0x00000000-cc-rp-mo-ba3/photo.jpg",
            "rating": 3,
            "relative_time_description": "a week ago",
            "text": "Place is nice. Coffee is really good and the staff is very friendly. Not giving 5 stars as smoking is allowed inside and ruins the smell/taste of the coffee.",
            "time": 1563880596
        },
        {
            "author_name": "Laurens van Thiel",
            "author_url": "https://www.google.com/maps/contrib/113738699363677858424/reviews",
            "language": "en",
            "profile_photo_url": "https://lh3.googleusercontent.com/-maQeoRECEHM/AAAAAAAAAAI/AAAAAAAAIwU/WxqVdA8UXDw/s128-c0x00000000-cc-rp-mo-ba5/photo.jpg",
            "rating": 4,
            "relative_time_description": "2 months ago",
            "text": "Great little bar to grab a drink or a cup of coffee",
            "time": 1557842133
        },
        {
            "author_name": "George Lachanas",
            "author_url": "https://www.google.com/maps/contrib/114135629006529310273/reviews",
            "language": "en",
            "profile_photo_url": "https://lh6.googleusercontent.com/-5cMLRmO0rdI/AAAAAAAAAAI/AAAAAAAAAAA/ACHi3re2FD3wcd3Ofb52GCEAJU9SBOYS7g/s128-c0x00000000-cc-rp-mo/photo.jpg",
            "rating": 5,
            "relative_time_description": "2 weeks ago",
            "text": "Best bistro in Athens",
            "time": 1563363294
        },
        {
            "author_name": "Nantiya Pukatzis",
            "author_url": "https://www.google.com/maps/contrib/107547568831857726970/reviews",
            "language": "en",
            "profile_photo_url": "https://lh4.googleusercontent.com/-IphORuNGGoQ/AAAAAAAAAAI/AAAAAAAAABU/rhSInbi7VkI/s128-c0x00000000-cc-rp-mo/photo.jpg",
            "rating": 5,
            "relative_time_description": "a year ago",
            "text": "Excellent place!",
            "time": 1511217229
        },
        {
            "author_name": "STAVROS SPAIS",
            "author_url": "https://www.google.com/maps/contrib/106320669372322609039/reviews",
            "language": "el",
            "profile_photo_url": "https://lh4.googleusercontent.com/-fAZ8SwVpigY/AAAAAAAAAAI/AAAAAAAAAAA/ACHi3rePaXbrpwM7LdUhuQt2kKpOuiysvg/s128-c0x00000000-cc-rp-mo-ba3/photo.jpg",
            "rating": 5,
            "relative_time_description": "a month ago",
            "text": "\u039a\u03ac\u03c0\u03bf\u03b9\u03b1 \u03bc\u03b1\u03b3\u03b1\u03b6\u03b9\u03ac \u03c3\u03b5 \u03ba\u03b5\u03c1\u03b4\u03af\u03b6\u03bf\u03c5\u03bd \u03b1\u03c0\u03cc \u03c4\u03b7\u03bd \u03c0\u03c1\u03ce\u03c4\u03b7 \u03b5\u03c0\u03b1\u03c6\u03ae. \u03a9\u03c1\u03b1\u03af\u03bf\u03c2 \u03ba\u03b1\u03c6\u03ad\u03c2, \u03bd\u03cc\u03c3\u03c4\u03b9\u03bc\u03b5\u03c2 \u03ba\u03b1\u03b9 \u03c0\u03bf\u03b9\u03bf\u03c4\u03b9\u03ba\u03ad\u03c2 \u03bc\u03c0\u03b1\u03b3\u03ba\u03ad\u03c4\u03b5\u03c2.  \u0393\u03c1\u03ae\u03b3\u03bf\u03c1\u03b7 \u03ba\u03b1\u03b9 \u03c6\u03b9\u03bb\u03b9\u03ba\u03ae \u03b5\u03be\u03c5\u03c0\u03b7\u03c1\u03ad\u03c4\u03b7\u03c3\u03b7.",
            "time": 1560420713
        }
    ],
    "type": "cafe"
}

