{
    "id": "4b2567b00884b0a0dd9ce7c840aefafad8f82c1f",
    "location": {
        "lat": 38.0006417,
        "lng": 23.7353528
    },
    "name": "Jojo Coffee & Cocktail Bar",
    "rating": 4,
    "reviews": [
        {
            "author_name": "Dhimitri Balliu",
            "author_url": "https://www.google.com/maps/contrib/112407647097380759140/reviews",
            "language": "en",
            "profile_photo_url": "https://lh6.googleusercontent.com/-MbfBxLeuT38/AAAAAAAAAAI/AAAAAAAAABs/uBonZV39_3Q/s128-c0x00000000-cc-rp-mo-ba4/photo.jpg",
            "rating": 5,
            "relative_time_description": "2 months ago",
            "text": "Bar and private lounge offered indoors,  outdoor seating is also available. The service was really good and the prices are ok. There is also a Cocktail menu here if anyone is interested about that. It should be in the table when you get there. If its not ask the waitress for it",
            "time": 1558951826
        },
        {
            "author_name": "Emmanuel Sarris",
            "author_url": "https://www.google.com/maps/contrib/110227736815720353259/reviews",
            "language": "en",
            "profile_photo_url": "https://lh3.googleusercontent.com/-Z5AT_-2CBJ8/AAAAAAAAAAI/AAAAAAAABmI/4Eo4Cu37IrE/s128-c0x00000000-cc-rp-mo-ba5/photo.jpg",
            "rating": 5,
            "relative_time_description": "a month ago",
            "text": "You have to go to this place it's always buzzing and it's really decked out nice for a cafeteria.",
            "time": 1560266289
        },
        {
            "author_name": "Jon Paul",
            "author_url": "https://www.google.com/maps/contrib/110167136509704595022/reviews",
            "language": "en",
            "profile_photo_url": "https://lh5.googleusercontent.com/-EF_GZV0AbtU/AAAAAAAAAAI/AAAAAAAAvlE/XMIClziJFjY/s128-c0x00000000-cc-rp-mo-ba4/photo.jpg",
            "rating": 5,
            "relative_time_description": "2 weeks ago",
            "text": "Lively cocktail bar, friendly staff.",
            "time": 1563656842
        },
        {
            "author_name": "Cormos Paul",
            "author_url": "https://www.google.com/maps/contrib/105379239958042531853/reviews",
            "language": "en",
            "profile_photo_url": "https://lh4.googleusercontent.com/-mMs_dsas-ek/AAAAAAAAAAI/AAAAAAAAAHc/08jyBx_pJAI/s128-c0x00000000-cc-rp-mo-ba2/photo.jpg",
            "rating": 5,
            "relative_time_description": "a month ago",
            "text": "Best parties,  I miss greece",
            "time": 1562153420
        },
        {
            "author_name": "Alain Georges Crevesy",
            "author_url": "https://www.google.com/maps/contrib/112726800715914919425/reviews",
            "language": "en",
            "profile_photo_url": "https://lh6.googleusercontent.com/-Gr3azIIvYXE/AAAAAAAAAAI/AAAAAAAAAUc/GfxbyEpjkeE/s128-c0x00000000-cc-rp-mo-ba4/photo.jpg",
            "rating": 5,
            "relative_time_description": "8 months ago",
            "text": "Very nice and pleasant place.\nBoth ambiance exists : \nBar to be able to talk and share a calm moment or animated with disko ambiance\nBig place and clean\nWorkers are great people with always a smile and doing a very good work.",
            "time": 1543399400
        }
    ],
    "type": "bar"
}
