{
    "id": "c1c9ad7eb0747c2f9932ae573c62a5004a682180",
    "location": {
        "lat": 37.964809,
        "lng": 23.7257579
    },
    "name": "KINONO",
    "rating": 4.3,
    "reviews": [
        {
            "author_name": "foongmingg",
            "author_url": "https://www.google.com/maps/contrib/112545657989807220490/reviews",
            "language": "en",
            "profile_photo_url": "https://lh6.googleusercontent.com/-OFEp9ueEXYs/AAAAAAAAAAI/AAAAAAAAAAA/ACHi3rcQLOm3_LdaNtmdM1ThUNehzccpQA/s128-c0x00000000-cc-rp-mo-ba3/photo.jpg",
            "rating": 3,
            "relative_time_description": "a week ago",
            "text": "place was pretty, food was ok. service took forever. food took forever to arrive. decent coffee. salad was fresh. risotto was sour.",
            "time": 1563713771
        },
        {
            "author_name": "Laurence GARRIGUES",
            "author_url": "https://www.google.com/maps/contrib/115172381339180374231/reviews",
            "language": "en",
            "profile_photo_url": "https://lh4.googleusercontent.com/-XmbEKI7sTGU/AAAAAAAAAAI/AAAAAAAAAAA/ACHi3rcP-p9jEd6a1HbnaC8ZSfAgbqxM7g/s128-c0x00000000-cc-rp-mo/photo.jpg",
            "rating": 3,
            "relative_time_description": "3 weeks ago",
            "text": "Beautiful place in beautiful area. Perfect place to have delicious drink / coffee / desert (the pancakes are absoutely delicious > beautiful and big plate) but the breakfast / sandwiches are the tinest I\u2019ve ever seen.",
            "time": 1562508735
        },
        {
            "author_name": "Paraskevi G.",
            "author_url": "https://www.google.com/maps/contrib/101362476295742946997/reviews",
            "language": "en",
            "profile_photo_url": "https://lh6.googleusercontent.com/-MFgpTyuAhhs/AAAAAAAAAAI/AAAAAAAABC4/FiHHajGZEn4/s128-c0x00000000-cc-rp-mo/photo.jpg",
            "rating": 5,
            "relative_time_description": "a week ago",
            "text": "Funky place from breakfast to brunch to a drink at night. Amazing music!",
            "time": 1564009052
        },
        {
            "author_name": "Myroessa Metaxa",
            "author_url": "https://www.google.com/maps/contrib/102877384454431327759/reviews",
            "language": "en",
            "profile_photo_url": "https://lh3.googleusercontent.com/-YTffg0vuC2A/AAAAAAAAAAI/AAAAAAAAJLU/ejOQamlpPfw/s128-c0x00000000-cc-rp-mo-ba4/photo.jpg",
            "rating": 5,
            "relative_time_description": "3 months ago",
            "text": "One of the most friendly and elegant places in Athens. Great bar food, a huge variety of cocktails, pure drinks. If only smoking was not permitted.",
            "time": 1554899055
        },
        {
            "author_name": "vasilis levendis",
            "author_url": "https://www.google.com/maps/contrib/100926500890853089261/reviews",
            "language": "en",
            "profile_photo_url": "https://lh5.googleusercontent.com/-8g5DKXVfF0c/AAAAAAAAAAI/AAAAAAAAAA8/eX72WzoDwiw/s128-c0x00000000-cc-rp-mo-ba3/photo.jpg",
            "rating": 5,
            "relative_time_description": "a week ago",
            "text": "My favourite music and dj in this place",
            "time": 1563919306
        }
    ],
    "type": "bar"
}
