{
    "id": "3072bfd2002ec831de41f37d435a7132bc5407c8",
    "location": {
        "lat": 37.9788462,
        "lng": 23.7263087
    },
    "name": "Juan Rodriguez Bar \u2022Compa\u00f1ia de Bebida",
    "rating": 4.6,
    "reviews": [
        {
            "author_name": "Maria Bardis",
            "author_url": "https://www.google.com/maps/contrib/112101137530361772007/reviews",
            "language": "en",
            "profile_photo_url": "https://lh5.googleusercontent.com/-4z73BTcNDLU/AAAAAAAAAAI/AAAAAAAAAZQ/wHmvg1SRXMQ/s128-c0x00000000-cc-rp-mo-ba4/photo.jpg",
            "rating": 5,
            "relative_time_description": "3 weeks ago",
            "text": "Beautifully decorated cocktail bar, lovely variety of music.Really sufficient and satisfactory air conditioning, especially during the hot summer months.  You can enjoy dancing if it's not overcrowded. Kind and cheerful personnel. Good quality and quantity of the drinks, tasteful cocktails, favourite Guinness. Affordable prices. You can also be seated outside where you can chat. Easy to get by subway, or a bus, or walk through the centre city area. Avoid getting there by car, cause it's extremely hard to park around, or you might experience a traffic jam driving through the centre of the city, especially on Friday and Saturday nights.",
            "time": 1562407705
        },
        {
            "author_name": "Hip Hop Calendar",
            "author_url": "https://www.google.com/maps/contrib/118144935172400208740/reviews",
            "language": "en",
            "profile_photo_url": "https://lh5.googleusercontent.com/-W_vWUAGl-8E/AAAAAAAAAAI/AAAAAAAAAAA/ACHi3rfEhMxHBWm1JDDBvwBNkIq7vYNGSQ/s128-c0x00000000-cc-rp-mo/photo.jpg",
            "rating": 5,
            "relative_time_description": "a month ago",
            "text": "Beautiful place close to the center of Athens! Known for the drinks and cocktails but you should also taste the food that is being served! Such a unique and friendly place guaranteed to provide you with a great time!",
            "time": 1560945733
        },
        {
            "author_name": "\u0395\u03b9\u03c1\u03ae\u03bd\u03b7 \u039b\u03ae\u03b4\u03b1",
            "author_url": "https://www.google.com/maps/contrib/114975717135426636151/reviews",
            "language": "en",
            "profile_photo_url": "https://lh6.googleusercontent.com/-RS8cHZx5jIo/AAAAAAAAAAI/AAAAAAAAC6s/qRH2bxhSt4E/s128-c0x00000000-cc-rp-mo/photo.jpg",
            "rating": 5,
            "relative_time_description": "in the last week",
            "text": "Exceptional environment. Very nice interior design. The place outside was chill. Polite service. A hiden spot in the city center.",
            "time": 1564133772
        },
        {
            "author_name": "Narek O.",
            "author_url": "https://www.google.com/maps/contrib/116191087129640820727/reviews",
            "language": "en",
            "profile_photo_url": "https://lh4.googleusercontent.com/-Sl7Ufi22vYo/AAAAAAAAAAI/AAAAAAAAAAA/ACHi3rdENXpLUJ_CCKy9zI_nO5MPnE92kA/s128-c0x00000000-cc-rp-mo-ba3/photo.jpg",
            "rating": 4,
            "relative_time_description": "4 months ago",
            "text": "A fine place to be. Very well decorated, good sound quality, nice music, although I'd prefer it to be a little more playful and changing and sometimes more strong. It was very crowded but people there seemed cool. Will go again.",
            "time": 1553089295
        },
        {
            "author_name": "Alexander G.",
            "author_url": "https://www.google.com/maps/contrib/108955164664770271531/reviews",
            "language": "en",
            "profile_photo_url": "https://lh6.googleusercontent.com/-eYYMh3kOO5U/AAAAAAAAAAI/AAAAAAAAAAA/ACHi3rfZQzFN4eI2cH1RCKx7gBH70CuCTg/s128-c0x00000000-cc-rp-mo-ba3/photo.jpg",
            "rating": 5,
            "relative_time_description": "3 months ago",
            "text": "Very nice bar, great selection of cocktails and very nice atmosphere. The waiters can be a bit \"overfriendly\" and there is some room for improvement there. I would definitely recommend it.",
            "time": 1556357183
        }
    ],
    "type": "bar"
}
