{
    "id": "fb5032e14ff310d02b99a8939a7944af35693f20",
    "location": {
        "lat": 37.9860646,
        "lng": 23.7344976
    },
    "name": "RAGNAROK CLUB",
    "rating": 4.2,
    "reviews": [
        {
            "author_name": "Anna Roussou",
            "author_url": "https://www.google.com/maps/contrib/111567792473947637867/reviews",
            "language": "en",
            "profile_photo_url": "https://lh4.googleusercontent.com/-q2yd7WBCzqc/AAAAAAAAAAI/AAAAAAAAGuA/5WSVaH1EGRY/s128-c0x00000000-cc-rp-mo-ba3/photo.jpg",
            "rating": 3,
            "relative_time_description": "a year ago",
            "text": "As you enter this bar, it gives you the feeling that you are in an authentic heavy metal club.\nBUT, the sound was awful. Very tiring. Every song sounded that it was sung by the Smurfs. Music choices were O.K. which means not bad but not the best. My visit was on a Friday night in May and the place wasn't busy at all. A great plus is the bartender. She's very friendly and funny",
            "time": 1526120909
        },
        {
            "author_name": "Aggelos Kilmistered",
            "author_url": "https://www.google.com/maps/contrib/113414118176617857003/reviews",
            "language": "el",
            "profile_photo_url": "https://lh3.googleusercontent.com/-WwH2fCXFWlw/AAAAAAAAAAI/AAAAAAAA_j0/W1ZTege0Jpc/s128-c0x00000000-cc-rp-mo-ba8/photo.jpg",
            "rating": 3,
            "relative_time_description": "a year ago",
            "text": "\u039a\u03bb\u03b1\u03c3\u03c3\u03b9\u03ba\u03cc \u03bc\u03b5\u03c4\u03b1\u03bb\u03bb\u03ac\u03b4\u03b9\u03ba\u03bf, \u03b1\u03c0\u03cc \u03c4\u03b1 \u03c0\u03b1\u03bb\u03b9\u03cc\u03c4\u03b5\u03c1\u03b1 \u03c3\u03c4\u03bf \u03c7\u03ce\u03c1\u03bf, \u03b4\u03c5\u03c3\u03c4\u03c5\u03c7\u03ce\u03c2 \u03bc\u03b5 \u03bc\u03ad\u03c4\u03c1\u03b9\u03bf \u03ae\u03c7\u03bf.",
            "time": 1519430853
        },
        {
            "author_name": "\u0386\u03b3\u03b3\u03b5\u03bb\u03bf\u03c2 \u039c\u03c0\u03ac\u03ba\u03b1\u03c2",
            "author_url": "https://www.google.com/maps/contrib/111976845672617832884/reviews",
            "language": "el",
            "profile_photo_url": "https://lh4.googleusercontent.com/-Kd_H51VZrB8/AAAAAAAAAAI/AAAAAAAAAAA/ACHi3rfm5Nsp51AWND6cuu1LkFchkmWMoA/s128-c0x00000000-cc-rp-mo-ba3/photo.jpg",
            "rating": 3,
            "relative_time_description": "a year ago",
            "text": "\u03a9\u03c1\u03b1\u03af\u03bf \u03bc\u03b9\u03ba\u03c1\u03cc \u03b6\u03b5\u03c3\u03c4\u03cc \u03bc\u03c0\u03b1\u03c1\u03ac\u03ba\u03b9.\nAll around metal \u03bc\u03bf\u03c5\u03c3\u03b9\u03ba\u03ad\u03c2.\n\u039f \u03ae\u03c7\u03bf\u03c2 \u03ae\u03c4\u03b1\u03bd \u03ba\u03b1\u03ba\u03cc\u03c2 \u03ba\u03b1\u03b9 \u03bc\u03b5 \u03ba\u03bf\u03cd\u03c1\u03b1\u03c3\u03b5.\n\u038c\u03c4\u03b9 \u03c0\u03c1\u03ad\u03c0\u03b5\u03b9 \u03b3\u03b9\u03b1 \u03bd\u03b1 \u03be\u03b5\u03ba\u03b9\u03bd\u03ae\u03c3\u03b5\u03b9 \u03ba\u03ac\u03c0\u03bf\u03b9\u03bf\u03c2 \u03c4\u03b7\u03bd \u03b2\u03c1\u03b1\u03b4\u03b9\u03ac \u03c4\u03bf\u03c5.",
            "time": 1509033666
        },
        {
            "author_name": "nteli nta",
            "author_url": "https://www.google.com/maps/contrib/113407835334803270439/reviews",
            "language": "el",
            "profile_photo_url": "https://lh3.googleusercontent.com/-ptlKDnxTmDY/AAAAAAAAAAI/AAAAAAAAAAA/ACHi3rdnzkqfKTQ6HOtw_7KZbm3CTlNobA/s128-c0x00000000-cc-rp-mo/photo.jpg",
            "rating": 3,
            "relative_time_description": "a year ago",
            "text": "\u03ba\u03b1\u03bb\u03bf \u03bc\u03b1\u03b3\u03b1\u03b6\u03b9 \u03bc\u03b5 \u03ba\u03bf\u03c5\u03c1\u03b1\u03c3\u03b5 \u03bf \u03b7\u03c7\u03bf\u03b5",
            "time": 1508516260
        },
        {
            "author_name": "enderyz",
            "author_url": "https://www.google.com/maps/contrib/103491030653926174195/reviews",
            "profile_photo_url": "https://lh5.googleusercontent.com/-D8GH7m-VML8/AAAAAAAAAAI/AAAAAAAAAAA/ACHi3rdhu85Tf082IY0fNZrmqraUN5mbRQ/s128-c0x00000000-cc-rp-mo/photo.jpg",
            "rating": 5,
            "relative_time_description": "3 months ago",
            "text": "",
            "time": 1556653840
        }
    ],
    "type": "night_club"
}