{
    "id": "8d369ea0388dcbb2f0951c1734ba2c647629c98a",
    "location": {
        "lat": 37.9715323,
        "lng": 23.7257492
    },
    "name": "Acropolis of Athens",
    "rating": 4.7,
    "reviews": [
        {
            "author_name": "Kamil Wolski",
            "author_url": "https://www.google.com/maps/contrib/116085940372393692007/reviews",
            "language": "en",
            "profile_photo_url": "https://lh3.googleusercontent.com/-5merz_7uj4g/AAAAAAAAAAI/AAAAAAAAAAA/ACHi3rdsEtkrWY019h5t-z7DDL2wToEEQA/s128-c0x00000000-cc-rp-mo-ba4/photo.jpg",
            "rating": 5,
            "relative_time_description": "2 weeks ago",
            "text": "This is why you want to visit Greece. This is your dreams from when you were a kid coming true. It is beyond description. Seeing pictures from history books in real life will make you gasp for breath. The most impressive complex of buildings you can imagine. The tickets are fairly cheap. Unfortunately, the place gets super busy. It is a bit of walking, but it is so worth it, that you will enjoy every second of it. Don't forget to pay a visit when it gets dark. This will seriously change your imagination of what it was like in ancient times. Breathtaking and mind bending experience. As you walk around the hill you will be able to see even more things. Things, that no history book shows.",
            "time": 1563833480
        },
        {
            "author_name": "Maria Oancea",
            "author_url": "https://www.google.com/maps/contrib/111462309521252632911/reviews",
            "language": "en",
            "profile_photo_url": "https://lh3.googleusercontent.com/-ewK6k50qkok/AAAAAAAAAAI/AAAAAAAAGPQ/ovagbh_dBqw/s128-c0x00000000-cc-rp-mo-ba3/photo.jpg",
            "rating": 5,
            "relative_time_description": "a week ago",
            "text": "This place is not so spectacular as you might want it to be, but is history. And that is great. I love it, I love to know why was it built, why is it there, what did the architecture mean. But, true, you should pass by Acropolis Museum first as well - much better than thousands of guides.",
            "time": 1564719321
        },
        {
            "author_name": "David Smith",
            "author_url": "https://www.google.com/maps/contrib/110383345081374439972/reviews",
            "language": "en",
            "profile_photo_url": "https://lh5.googleusercontent.com/--S2m_UZq-Fk/AAAAAAAAAAI/AAAAAAAALxo/3Q7hD3j8yWY/s128-c0x00000000-cc-rp-mo-ba5/photo.jpg",
            "rating": 5,
            "relative_time_description": "2 weeks ago",
            "text": "A world heritage site. A steep 20 minutes climb over polished rock and loose bits. Followed by many stone steps. Lots and lots of people, very busy. But more quiet in afternoon.  But you cannot pass it by. View from to is great and Athens is huge.",
            "time": 1563899563
        },
        {
            "author_name": "Alex Ramsundar",
            "author_url": "https://www.google.com/maps/contrib/100757010579647403546/reviews",
            "language": "en",
            "profile_photo_url": "https://lh4.googleusercontent.com/-cIewYoM4sYQ/AAAAAAAAAAI/AAAAAAAAAAo/_E7qdCvQnIM/s128-c0x00000000-cc-rp-mo/photo.jpg",
            "rating": 3,
            "relative_time_description": "in the last week",
            "text": "I didn\u2019t even get to go in because the line was probably at least 1.609344 kilometers (1 mile) long, and I saw the line going out, they were the biggest lines I ever saw (I was there at around 12 P.M.); but I\u2019m sure if you do get inside it\u2019d be a good experience.\nB.T.W.: You need to buy tickets to get in (tickets sold at the line for the Acropolis).",
            "time": 1565193736
        },
        {
            "author_name": "Roxana Knop",
            "author_url": "https://www.google.com/maps/contrib/114145784979305332167/reviews",
            "language": "en",
            "profile_photo_url": "https://lh3.googleusercontent.com/-gcdrwlaZvk0/AAAAAAAAAAI/AAAAAAAAAAA/ACHi3rd8HbqRMfJc6mGMX7qe3Sf9_xrRVQ/s128-c0x00000000-cc-rp-mo-ba2/photo.jpg",
            "rating": 5,
            "relative_time_description": "a week ago",
            "text": "Beautiful and well managed. Currently undergoing construction but regardless a great trip. Beautiful view and lots of cheap souvenirs. Bring water and look out for the marble ground as it is quite slippery.",
            "time": 1564648949
        }
    ],
    "type": "point_of_interest"
}