{
    "id": "edb52ea37cd4cb04e550d5b53939aa2681af167a",
    "location": {
        "lat": 37.9989985,
        "lng": 23.7332536
    },
    "name": "Au Revoir Bar",
    "rating": 4.7,
    "reviews": [
        {
            "author_name": "V B",
            "author_url": "https://www.google.com/maps/contrib/101890711666120919111/reviews",
            "language": "en",
            "profile_photo_url": "https://lh3.googleusercontent.com/-JLGeBsZfac0/AAAAAAAAAAI/AAAAAAAABEc/79Sa7c-oDZ8/s128-c0x00000000-cc-rp-mo-ba3/photo.jpg",
            "rating": 4,
            "relative_time_description": "a month ago",
            "text": "one of the classics of athens, there aren't many other bars around. Great & polite service. One of my go-tos, i recommend. One drawback is that it gets very-very crowded and during the summer it becomes suffocating.",
            "time": 1560241323
        },
        {
            "author_name": "George Giakoumis",
            "author_url": "https://www.google.com/maps/contrib/113278565146576794586/reviews",
            "language": "en",
            "profile_photo_url": "https://lh5.googleusercontent.com/-fQOzSzEA8ew/AAAAAAAAAAI/AAAAAAAAYqU/GUGcANWf1pw/s128-c0x00000000-cc-rp-mo-ba4/photo.jpg",
            "rating": 5,
            "relative_time_description": "2 months ago",
            "text": "Nice music and Great people especiallythe ower ( old guy quite cult figure). Always crowded and the ventilation is not working properly thus the smoke from cigarettes can get annoying. I had great fun during my visit",
            "time": 1557948367
        },
        {
            "author_name": "Panagiotis Dimas",
            "author_url": "https://www.google.com/maps/contrib/106726726414675176857/reviews",
            "language": "en",
            "profile_photo_url": "https://lh5.googleusercontent.com/-yH5R_jm3Abg/AAAAAAAAAAI/AAAAAAAAMIA/gyOwFqNRCd0/s128-c0x00000000-cc-rp-mo-ba3/photo.jpg",
            "rating": 5,
            "relative_time_description": "2 months ago",
            "text": "One of the oldest bars in Athens. Exceptional interior design and great personalized experience.",
            "time": 1557813704
        },
        {
            "author_name": "Naya Papapanou",
            "author_url": "https://www.google.com/maps/contrib/102599575374128815771/reviews",
            "language": "en",
            "profile_photo_url": "https://lh6.googleusercontent.com/-es86XNnQ4LQ/AAAAAAAAAAI/AAAAAAAAACE/UJP53Kf5qSM/s128-c0x00000000-cc-rp-mo-ba3/photo.jpg",
            "rating": 5,
            "relative_time_description": "3 months ago",
            "text": "I may be younger than Au Revoir, but Au Revoir still gets me! Excellent ambiance! Excellent service! You are where you are supposed to be!",
            "time": 1555187634
        },
        {
            "author_name": "Antigoni Panta-Charva",
            "author_url": "https://www.google.com/maps/contrib/104790538927974911946/reviews",
            "language": "en",
            "profile_photo_url": "https://lh6.googleusercontent.com/-8q8NAcT0aZA/AAAAAAAAAAI/AAAAAAAAKBg/GVdwhnRmWUk/s128-c0x00000000-cc-rp-mo-ba3/photo.jpg",
            "rating": 5,
            "relative_time_description": "5 months ago",
            "text": "The oldest bar in Athens with great history is keeping the old school feeling alive. You will love it.",
            "time": 1551786363
        }
    ],
    "type": "bar"
}
