{
    "id": "bf2f2a0afe496667bb41e7f7a4268dab911f932d",
    "location": {
        "lat": 37.9773122,
        "lng": 23.7107955
    },
    "name": "Rock Dragon",
    "rating": 4.5,
    "reviews": [
        {
            "author_name": "Gerasimos Ntokopoulos",
            "author_url": "https://www.google.com/maps/contrib/100918813675638599740/reviews",
            "language": "en",
            "profile_photo_url": "https://lh5.googleusercontent.com/--Ofu2CdCIGc/AAAAAAAAAAI/AAAAAAAAAAA/ACHi3rfquBfWMi1-UUuhPAIDHFWCJCP2gw/s128-c0x00000000-cc-rp-mo-ba4/photo.jpg",
            "rating": 5,
            "relative_time_description": "5 months ago",
            "text": "Great music, friendly stuff.",
            "time": 1551422222
        },
        {
            "author_name": "George T.",
            "author_url": "https://www.google.com/maps/contrib/111298943260241273038/reviews",
            "language": "en",
            "profile_photo_url": "https://lh6.googleusercontent.com/-QAVNE1cLzCc/AAAAAAAAAAI/AAAAAAAAM2Q/zrO_PhDIbN0/s128-c0x00000000-cc-rp-mo-ba5/photo.jpg",
            "rating": 3,
            "relative_time_description": "2 months ago",
            "text": "Mediocre bar.",
            "time": 1559237947
        },
        {
            "author_name": "\u0386\u03b3\u03b3\u03b5\u03bb\u03bf\u03c2 \u039c\u03c0\u03ac\u03ba\u03b1\u03c2",
            "author_url": "https://www.google.com/maps/contrib/111976845672617832884/reviews",
            "language": "el",
            "profile_photo_url": "https://lh4.googleusercontent.com/-Kd_H51VZrB8/AAAAAAAAAAI/AAAAAAAAAAA/ACHi3rfm5Nsp51AWND6cuu1LkFchkmWMoA/s128-c0x00000000-cc-rp-mo-ba3/photo.jpg",
            "rating": 5,
            "relative_time_description": "2 months ago",
            "text": "\u038c\u03c4\u03b1\u03bd \u03b5\u03af\u03c7\u03b1 \u03c0\u03ac\u03b5\u03b9 \u03c3\u03c4\u03bf Dragon \u03c0\u03bf\u03c5 \u03b2\u03c1\u03b9\u03c3\u03ba\u03cc\u03c4\u03b1\u03bd \u03c3\u03c4\u03bf \u03c0\u03b5\u03c1\u03b9\u03c3\u03c4\u03ad\u03c1\u03b9, \u03b5\u03af\u03c7\u03b1 \u03c0\u03ac\u03b8\u03b5\u03b9 \u03c0\u03bb\u03b1\u03ba\u03b1... \u0394\u03b5\u03bd \u03ae\u03be\u03b5\u03c1\u03b1 \u03cc\u03c4\u03b9 \u03bc\u03c0\u03bf\u03c1\u03bf\u03cd\u03c3\u03b5 \u03bd\u03b1 \u03b3\u03af\u03bd\u03b5\u03b9 \u03ba\u03b1\u03bb\u03cd\u03c4\u03b5\u03c1\u03bf. \u0391\u03c0\u03cc \u03ad\u03bd\u03b1 \u03c4\u03b5\u03c1\u03ac\u03c3\u03c4\u03b9\u03bf club \u03bc\u03b5\u03c4\u03b1\u03c4\u03c1\u03ac\u03c0\u03b7\u03ba\u03b5 \u03c3\u03b5 \u03ad\u03bd\u03b1 \u03b6\u03b5\u03c3\u03c4\u03cc bar/club \u03ba\u03c1\u03b1\u03c4\u03ce\u03bd\u03c4\u03b1\u03c2 \u03bc\u03bf\u03bd\u03bf \u03c4\u03b1 \u03b8\u03b5\u03c4\u03b9\u03ba\u03ac. \u03c0\u03bf\u03b9\u03cc\u03c4\u03b7\u03c4\u03b1 \u03c4\u03bf\u03c5 \u03bc\u03b1\u03b3\u03b1\u03b6\u03b9\u03bf\u03cd \u03c0\u03b1\u03c1\u03b1\u03bc\u03ad\u03bd\u03b5\u03b9 \u03c3\u03c4\u03b7\u03bd \u03ba\u03bf\u03c1\u03c5\u03c6\u03ae. \u039a\u03b1\u03bb\u03cc\u03c2 \u03ae\u03c7\u03bf\u03c2, \u03ba\u03b1\u03bb\u03ac \u03c0\u03bf\u03c4\u03ac, \u03ba\u03b1\u03bb\u03b5\u03c2 \u03c4\u03b9\u03bc\u03b5\u03c2, \u03c4\u03bf \u03ba\u03ad\u03c6\u03b9 \u03c3\u03c4\u03b1 \u03cd\u03c8\u03b7. \u039c\u03b5\u03b3\u03ac\u03bb\u03bf \u03c3\u03c5\u03bd \u03b4\u03b5\u03bd \u03ad\u03c7\u03c9 \u03b4\u03b5\u03b9 \u03c0\u03b9\u03bf \u03ba\u03b1\u03b8\u03b1\u03c1\u03ad\u03c2 \u03c4\u03bf\u03c5\u03b1\u03bb\u03ad\u03c4\u03b5\u03c2 \u03c3\u03b5 rock \u03bc\u03b1\u03b3\u03b1\u03b6\u03af. \u03a6\u03b9\u03bb\u03b9\u03ba\u03cc, \u03c0\u03b1\u03c1\u03b5\u0390\u03c3\u03c4\u03b9\u03ba\u03bf \u03bf\u03b9 \u03bc\u03bf\u03c5\u03c3\u03b9\u03ba\u03b1\u03c1\u03b5\u03c2 \u03c3\u03c4\u03b1\u03b8\u03b5\u03c1\u03ae \u03b1\u03be\u03b9\u03b1. \u03a4\u03bf \u03c0\u03c1\u03bf\u03c4\u03b5\u03af\u03bd\u03c9.",
            "time": 1558035750
        },
        {
            "author_name": "Manolis Mavrogiannis",
            "author_url": "https://www.google.com/maps/contrib/110605587054215541827/reviews",
            "language": "el",
            "profile_photo_url": "https://lh4.googleusercontent.com/-Z9TgyeEvjIo/AAAAAAAAAAI/AAAAAAAAAAA/ACHi3rdFw5SHic0woUOCo8wXbP1OFC15Fw/s128-c0x00000000-cc-rp-mo-ba3/photo.jpg",
            "rating": 3,
            "relative_time_description": "5 months ago",
            "text": "\u03a4\u03bf \u03bd\u03b5\u03bf \u03bc\u03b5\u03c1\u03bf\u03c2 \u03b4\u03b5\u03bd \u03bc\u03bf\u03c5 \u03b1\u03c1\u03b5\u03c3\u03b5 \u03c0\u03c1\u03bf\u03c4\u03b9\u03bc\u03bf\u03c5\u03c3\u03b1 \u03c4\u03bf \u03c0\u03b1\u03bb\u03b9\u03bf",
            "time": 1552289685
        },
        {
            "author_name": "Nikos Almpertis",
            "author_url": "https://www.google.com/maps/contrib/106780991700907658193/reviews",
            "language": "el",
            "profile_photo_url": "https://lh3.googleusercontent.com/-wfG9SWzaczs/AAAAAAAAAAI/AAAAAAAAAAA/ACHi3re7yfO3kOHppzAzqhUmordS7hqGuQ/s128-c0x00000000-cc-rp-mo-ba4/photo.jpg",
            "rating": 5,
            "relative_time_description": "2 months ago",
            "text": "\u039a\u03b1\u03b8\u03b1\u03c1\u03ac \u03c0\u03bf\u03c4\u03ac",
            "time": 1559731044
        }
    ],
    "type": "bar"
}