{
    "id": "5487deb38c2aee998e85451915dc1acd34eedd5e",
    "location": {
        "lat": 37.9769163,
        "lng": 23.7287894
    },
    "name": "Faust",
    "rating": 4.4,
    "reviews": [
        {
            "author_name": "Konstantinos Pechlivanis",
            "author_url": "https://www.google.com/maps/contrib/101289722056490234912/reviews",
            "language": "en",
            "profile_photo_url": "https://lh3.googleusercontent.com/-Y79t0ZF7Xgw/AAAAAAAAAAI/AAAAAAAABhE/DxSN-QKGAs0/s128-c0x00000000-cc-rp-mo-ba2/photo.jpg",
            "rating": 5,
            "relative_time_description": "a month ago",
            "text": "One of the most beautiful bars in Athens!",
            "time": 1561302648
        },
        {
            "author_name": "Giuseppe Labate",
            "author_url": "https://www.google.com/maps/contrib/110449533970541791755/reviews",
            "language": "en",
            "profile_photo_url": "https://lh3.googleusercontent.com/-MIc3j3dvzio/AAAAAAAAAAI/AAAAAAAAK1A/Ch_5yIWovT0/s128-c0x00000000-cc-rp-mo/photo.jpg",
            "rating": 5,
            "relative_time_description": "5 months ago",
            "text": "Very comfy and interesting place.\nHow the bartender said is a \"everybody place\" which means no gender discrimination: everybody is there for a reason: dance and listen good music.\nThe environmemt is youth and the sound quality system is astonishing!\nRecommended for sure!",
            "time": 1549473880
        },
        {
            "author_name": "Dimitris Lalos",
            "author_url": "https://www.google.com/maps/contrib/106405281266707225090/reviews",
            "language": "en",
            "profile_photo_url": "https://lh3.googleusercontent.com/-uZZuTIlEgjs/AAAAAAAAAAI/AAAAAAAACBk/YaB7R8tIJYA/s128-c0x00000000-cc-rp-mo-ba5/photo.jpg",
            "rating": 4,
            "relative_time_description": "a month ago",
            "text": "It's not spacy... But it has cool gigs.",
            "time": 1559218455
        },
        {
            "author_name": "Nikolas Ker",
            "author_url": "https://www.google.com/maps/contrib/112042810744427114702/reviews",
            "language": "en",
            "profile_photo_url": "https://lh4.googleusercontent.com/-rNDV8DMpTlE/AAAAAAAAAAI/AAAAAAAAAAc/_Wp1vqv4E88/s128-c0x00000000-cc-rp-mo-ba4/photo.jpg",
            "rating": 5,
            "relative_time_description": "2 months ago",
            "text": "Warm environment, nice wine and theater for all the tastes.",
            "time": 1557756962
        },
        {
            "author_name": "Marios Aristopoulos",
            "author_url": "https://www.google.com/maps/contrib/115569390247159993868/reviews",
            "language": "en",
            "profile_photo_url": "https://lh6.googleusercontent.com/-rTqwQ3sJiQM/AAAAAAAAAAI/AAAAAAAAErY/uK8fmI_p_Kg/s128-c0x00000000-cc-rp-mo-ba4/photo.jpg",
            "rating": 4,
            "relative_time_description": "3 months ago",
            "text": "Stylish place with many fun events and good music. The quality of the cocktails did not match their price.",
            "time": 1555932571
        }
    ],
    "type": "bar"
}
