{
    "id": "589324badc651c15ac200abd913d4340e2029081",
    "location": {
        "lat": 37.984208,
        "lng": 23.734019
    },
    "name": "ZittO",
    "rating": 3.8,
    "reviews": [
        {
            "author_name": "John Hatzis",
            "author_url": "https://www.google.com/maps/contrib/105472365351137466807/reviews",
            "language": "en",
            "profile_photo_url": "https://lh5.googleusercontent.com/-97QaTXT95mM/AAAAAAAAAAI/AAAAAAAAAKI/c4mfgZ6j-Tc/s128-c0x00000000-cc-rp-mo-ba3/photo.jpg",
            "rating": 3,
            "relative_time_description": "2 months ago",
            "text": "3 stars for the high entrance fee & drinks prices, as well as for the mediocre decoration. The non-smoking policy and the live music were the parts I actually liked.",
            "time": 1558555709
        },
        {
            "author_name": "kat ef",
            "author_url": "https://www.google.com/maps/contrib/107995983955316366309/reviews",
            "language": "el",
            "profile_photo_url": "https://lh5.googleusercontent.com/-g6yA8vAJ888/AAAAAAAAAAI/AAAAAAAAAPg/yyNV0z9ZgoQ/s128-c0x00000000-cc-rp-mo-ba3/photo.jpg",
            "rating": 5,
            "relative_time_description": "a year ago",
            "text": "Groovy groovy jazzy funky .... \u03c0\u03b9\u03bf \u03c0\u03bf\u03bb\u03c5 jazzy \u03bc\u03b5\u03bd \u03b1\u03bb\u03bb\u03b1 \u03b8\u03b1 \u03bc\u03c0\u03bf\u03c1\u03bf\u03cd\u03c3\u03b5 \u03bd\u03b1 \u03b5\u03c7\u03b5\u03b9 \u03ba\u03b1\u03b9 \u03b1\u03c0\u03bf soul \u03ae funky \u03c0\u03b5\u03c1\u03ac\u03c3\u03bc\u03b1\u03c4\u03b1 \u03b4\u03b5. \u03a9\u03c1\u03b1\u03b9\u03bf \u03bc\u03b5\u03c1\u03bf\u03c2 \u03b3\u03b9\u03b1 \u03c7\u03b5\u03b9\u03bc\u03ce\u03bd\u03b1.",
            "time": 1531043977
        },
        {
            "author_name": "\u0391\u03c1\u03b9\u03c3\u03c4\u03bf\u03c4\u03ad\u03bb\u03b7\u03c2 \u039d\u03b9\u03b1\u03b2\u03ae\u03c2",
            "author_url": "https://www.google.com/maps/contrib/112856102822729608133/reviews",
            "language": "el",
            "profile_photo_url": "https://lh3.googleusercontent.com/-v9NaEN5shB0/AAAAAAAAAAI/AAAAAAAABC0/WHRSIHaViBY/s128-c0x00000000-cc-rp-mo/photo.jpg",
            "rating": 4,
            "relative_time_description": "a year ago",
            "text": "\u03a9\u03c1\u03b1\u03af\u03b1 \u03b1\u03c4\u03bc\u03cc\u03c3\u03c6\u03b1\u03b9\u03c1\u03b1, \u03c7\u03c9\u03c1\u03af\u03c2 \u03c4\u03c3\u03b9\u03b3\u03ac\u03c1\u03bf, \u03ba\u03b1\u03bb\u03ae \u03bc\u03bf\u03c5\u03c3\u03b9\u03ba\u03ae.",
            "time": 1524263725
        },
        {
            "author_name": "\u0393\u0395\u03a9\u03a1\u0393\u0399\u039f\u03a3 \u03a0\u0391\u03a0\u0391\u0398\u0391\u039d\u0391\u03a3\u0399\u039f\u03a5",
            "author_url": "https://www.google.com/maps/contrib/102007935308308193240/reviews",
            "language": "el",
            "profile_photo_url": "https://lh3.googleusercontent.com/-5-02Hkz549c/AAAAAAAAAAI/AAAAAAAAAaU/Yo1w7XD6buw/s128-c0x00000000-cc-rp-mo-ba3/photo.jpg",
            "rating": 4,
            "relative_time_description": "a year ago",
            "text": "\u0396\u03c9\u03bd\u03c4\u03b1\u03bd\u03ae jazz \u03bc\u03bf\u03c5\u03c3\u03b9\u03ba\u03ae, \u03c0\u03bf\u03bb\u03cd \u03c6\u03b9\u03bb\u03b9\u03ba\u03cc",
            "time": 1511707663
        },
        {
            "author_name": "Amy Bruce",
            "author_url": "https://www.google.com/maps/contrib/118346898743164452122/reviews",
            "profile_photo_url": "https://lh5.googleusercontent.com/-vfMre6GFnQU/AAAAAAAAAAI/AAAAAAAAEHc/3USA5sdqNJ0/s128-c0x00000000-cc-rp-mo/photo.jpg",
            "rating": 1,
            "relative_time_description": "in the last week",
            "text": "",
            "time": 1564934230
        }
    ],
    "type": "bar"
}
