{
    "id": "fd2b88e8adaa07a551da257e514eb3e0b87b208b",
    "location": {
        "lat": 37.9857462,
        "lng": 23.7330019
    },
    "name": "Sepia Art Caf\u00e9-Bar",
    "rating": 4.5,
    "reviews": [
        {
            "author_name": "Asher H",
            "author_url": "https://www.google.com/maps/contrib/115660368678718480780/reviews",
            "language": "en",
            "profile_photo_url": "https://lh6.googleusercontent.com/-R06vrv6XxEk/AAAAAAAAAAI/AAAAAAAAAAA/ACHi3rfNBXCCjgrnHa4xFWEUpVXWSfCi0w/s128-c0x00000000-cc-rp-mo/photo.jpg",
            "rating": 1,
            "relative_time_description": "3 weeks ago",
            "text": "Slow, bad service.  I watched our apple martini boil on the bar while the three stooges rock, paper, scissored for who should change the keg for the beer that came with it.  When I asked if they could serve the poured drink or offer another beer they said it hasn't been that long.   The poured drink had sat there over 10 minutes.  Unapologetic beloved average service...try elsewhere.",
            "time": 1562689978
        },
        {
            "author_name": "Nikos Grey",
            "author_url": "https://www.google.com/maps/contrib/103167404572418512504/reviews",
            "language": "en",
            "profile_photo_url": "https://lh3.googleusercontent.com/-Ecraw9BDdbQ/AAAAAAAAAAI/AAAAAAAAArw/jv6mW81BuSs/s128-c0x00000000-cc-rp-mo-ba3/photo.jpg",
            "rating": 5,
            "relative_time_description": "2 months ago",
            "text": "Excellent quality service and products. If you meet the HAPPY waiter and get exposed to her smile, you'll never forget this place.",
            "time": 1559203460
        },
        {
            "author_name": "Seth Palmer",
            "author_url": "https://www.google.com/maps/contrib/112819901066420459413/reviews",
            "language": "en",
            "profile_photo_url": "https://lh5.googleusercontent.com/-GFjiVzm-XlM/AAAAAAAAAAI/AAAAAAAAE4U/8zX4r04TKXk/s128-c0x00000000-cc-rp-mo-ba4/photo.jpg",
            "rating": 5,
            "relative_time_description": "6 months ago",
            "text": "Nice cosy place to have a beer, wine and some food. Have a seat and someone will take your order (even if you only want drinks).",
            "time": 1548883927
        },
        {
            "author_name": "Chris Mammides",
            "author_url": "https://www.google.com/maps/contrib/115288264503478299946/reviews",
            "language": "en",
            "profile_photo_url": "https://lh6.googleusercontent.com/-O7xaH8cbX_M/AAAAAAAAAAI/AAAAAAAAEjc/7eO1anJEBhE/s128-c0x00000000-cc-rp-mo-ba4/photo.jpg",
            "rating": 5,
            "relative_time_description": "5 months ago",
            "text": "A nice coffee shop in an absolute great atmosphere",
            "time": 1549814097
        },
        {
            "author_name": "melina tzam",
            "author_url": "https://www.google.com/maps/contrib/103130011398360870902/reviews",
            "language": "en",
            "profile_photo_url": "https://lh5.googleusercontent.com/-KUFbDl5Sg_8/AAAAAAAAAAI/AAAAAAAAAAA/ACHi3rd4HsNmsWv2BCFGkOK1Fj_To7jctg/s128-c0x00000000-cc-rp-mo-ba2/photo.jpg",
            "rating": 5,
            "relative_time_description": "5 months ago",
            "text": "One of the coziest cafe bars in Exarchia",
            "time": 1551810190
        }
    ],
    "type": "bar"
}
