{
    "id": "da21cefd010688d4b04a4315cb841b9ac8b7d959",
    "location": {
        "lat": 37.9833232,
        "lng": 23.7108412
    },
    "name": "Cabrio Bar Drinks & more",
    "rating": 4.6,
    "reviews": [
        {
            "author_name": "J. Tyner Studio",
            "author_url": "https://www.google.com/maps/contrib/113550776917799909630/reviews",
            "language": "en",
            "profile_photo_url": "https://lh3.googleusercontent.com/-8cnzr2buOao/AAAAAAAAAAI/AAAAAAAAAAA/ACHi3rcAMUBX73bOtXvbdHKRLPYGuxBXtg/s128-c0x00000000-cc-rp-mo/photo.jpg",
            "rating": 5,
            "relative_time_description": "a year ago",
            "text": "A very friendly staff served us several awesome meals of good quality meat, cheese, bread, fresh squeezed orange juice and sandwiches. We stayed down the street at Mc Queen and came here almost everyday for breakfast.",
            "time": 1526806795
        },
        {
            "author_name": "HS Fernandes",
            "author_url": "https://www.google.com/maps/contrib/109765150685958943897/reviews",
            "language": "en",
            "profile_photo_url": "https://lh3.googleusercontent.com/-NV_H7CNWtzw/AAAAAAAAAAI/AAAAAAAAD4Y/MPEjLdBtwD4/s128-c0x00000000-cc-rp-mo/photo.jpg",
            "rating": 5,
            "relative_time_description": "2 years ago",
            "text": "Such a lovely place with wonderful food, great music and amazing service. Anastasis is such a lovely guy.\nA must go in Athens!!",
            "time": 1476902486
        },
        {
            "author_name": "Nicholaos Bilalis",
            "author_url": "https://www.google.com/maps/contrib/100112164166202225405/reviews",
            "language": "en",
            "profile_photo_url": "https://lh3.googleusercontent.com/-4sFTgml1eqs/AAAAAAAAAAI/AAAAAAAAKiE/mR1eeB6hf7k/s128-c0x00000000-cc-rp-mo-ba5/photo.jpg",
            "rating": 5,
            "relative_time_description": "2 years ago",
            "text": "Possibly my new favorite bar. Great decoration,  excellent service and really reasonable prices.",
            "time": 1485168827
        },
        {
            "author_name": "Dianuko G",
            "author_url": "https://www.google.com/maps/contrib/103045831648118278976/reviews",
            "language": "en",
            "profile_photo_url": "https://lh4.googleusercontent.com/-AHNJjsTP5ok/AAAAAAAAAAI/AAAAAAAAAAA/ACHi3re3Igx-qY0UBYUWVGMsiL332_iXKA/s128-c0x00000000-cc-rp-mo-ba3/photo.jpg",
            "rating": 5,
            "relative_time_description": "7 months ago",
            "text": "Great!",
            "time": 1546079017
        },
        {
            "author_name": "Panagiotis Koutroumpis",
            "author_url": "https://www.google.com/maps/contrib/112534031882866763345/reviews",
            "language": "el",
            "profile_photo_url": "https://lh6.googleusercontent.com/-cezCONw0D7E/AAAAAAAAAAI/AAAAAAAALS4/fSt0qJNe0ac/s128-c0x00000000-cc-rp-mo-ba4/photo.jpg",
            "rating": 4,
            "relative_time_description": "a month ago",
            "text": "\u03a9\u03c1\u03b1\u03af\u03bf\u03c2 \u03c7\u03ce\u03c1\u03bf\u03c2 \u03ba\u03b1\u03b9 \u03b4\u03b9\u03b1\u03ba\u03cc\u03c3\u03bc\u03b7\u03c3\u03b7. \u0391\u03c1\u03ba\u03b5\u03c4\u03ad\u03c2 \u03b5\u03c0\u03b9\u03bb\u03bf\u03b3\u03ad\u03c2 \u03c3\u03c4\u03bf \u03bc\u03b5\u03bd\u03bf\u03cd \u03c4\u03cc\u03c3\u03bf \u03b3\u03b9\u03b1 \u03c0\u03c1\u03c9\u03b9\u03bd\u03ad\u03c2 \u03cc\u03c3\u03bf \u03ba\u03b1\u03b9 \u03b2\u03c1\u03b1\u03b4\u03b9\u03bd\u03ad\u03c2 \u03ce\u03c1\u03b5\u03c2 (\u03ba\u03b1\u03c6\u03ad\u03c2, \u03bc\u03c0\u03c5\u03c1\u03b1, \u03ba\u03bf\u03ba\u03c4\u03ad\u03b9\u03bb \u03ba\u03bb\u03c0). \u0395\u03c0\u03af\u03c3\u03b7\u03c2 \u03b1\u03c1\u03ba\u03b5\u03c4\u03ad\u03c2 \u03b5\u03c0\u03b9\u03bb\u03bf\u03b3\u03ad\u03c2 \u03b3\u03b9\u03b1 \u03c6\u03b1\u03b3\u03b7\u03c4\u03cc. \u0399\u03b4\u03b9\u03c9\u03c2 \u03c4\u03b1 \u03bc\u03c0\u03ad\u03c1\u03b3\u03ba\u03b5\u03c1 \u03c0\u03bf\u03c5 \u03ad\u03c7\u03c9 \u03b4\u03bf\u03ba\u03b9\u03bc\u03ac\u03c3\u03b5\u03b9 \u03b5\u03be\u03b1\u03b9\u03c1\u03b5\u03c4\u03b9\u03ba\u03ac!",
            "time": 1559313852
        }
    ],
    "type": "bar"
}
