{
    "id": "72a9539262d643677c385fcc33502dbf7d79b267",
    "location": {
        "lat": 37.97428110000001,
        "lng": 23.7316234
    },
    "name": "Ipitou The Bar",
    "rating": 4.3,
    "reviews": [
        {
            "author_name": "Evangelia Kalemi",
            "author_url": "https://www.google.com/maps/contrib/105828366160883324717/reviews",
            "language": "en",
            "profile_photo_url": "https://lh4.googleusercontent.com/-rGJJgwT_6CQ/AAAAAAAAAAI/AAAAAAAAAu8/x2zBzt30isw/s128-c0x00000000-cc-rp-mo-ba3/photo.jpg",
            "rating": 5,
            "relative_time_description": "a week ago",
            "text": "Great place for drinks with goooood music ;)",
            "time": 1563561810
        },
        {
            "author_name": "Loo boo",
            "author_url": "https://www.google.com/maps/contrib/113309568531525470024/reviews",
            "language": "en",
            "profile_photo_url": "https://lh6.googleusercontent.com/-0VyMk14tuDc/AAAAAAAAAAI/AAAAAAAAB8k/dhQUHRqKvMI/s128-c0x00000000-cc-rp-mo-ba3/photo.jpg",
            "rating": 2,
            "relative_time_description": "a month ago",
            "text": "No lightning in the bathroom. Broken flash. Way overpriced for the overall services provided",
            "time": 1559421209
        },
        {
            "author_name": "Pierros Zevolis",
            "author_url": "https://www.google.com/maps/contrib/102006500319082251439/reviews",
            "language": "en",
            "profile_photo_url": "https://lh4.googleusercontent.com/-kaeI-frSATw/AAAAAAAAAAI/AAAAAAAEfvw/BxdOwqKiMgk/s128-c0x00000000-cc-rp-mo-ba8/photo.jpg",
            "rating": 5,
            "relative_time_description": "2 months ago",
            "text": "Pretty nice cafe bar at a pedestrian road close enough to the Sintagma square. Cozy indoor and outdoor seating, modern music, very good cocktails and variety of drinks. Reasonable prices, the service is good.",
            "time": 1558477367
        },
        {
            "author_name": "Andr\u00e9 Granli",
            "author_url": "https://www.google.com/maps/contrib/113645989772196308610/reviews",
            "language": "en",
            "profile_photo_url": "https://lh5.googleusercontent.com/-2m3r1_Gpw3s/AAAAAAAAAAI/AAAAAAAAE8Y/ilJ0twPMkWY/s128-c0x00000000-cc-rp-mo-ba4/photo.jpg",
            "rating": 5,
            "relative_time_description": "4 months ago",
            "text": "Loved it! Cozy outdoor bar with nice selection \ud83e\udd43",
            "time": 1552492438
        },
        {
            "author_name": "Theodora Pass",
            "author_url": "https://www.google.com/maps/contrib/112208045360284900032/reviews",
            "language": "en",
            "profile_photo_url": "https://lh6.googleusercontent.com/-VS6ylRm9MLU/AAAAAAAAAAI/AAAAAAAAAZU/cUnoSrJ7jyo/s128-c0x00000000-cc-rp-mo-ba3/photo.jpg",
            "rating": 4,
            "relative_time_description": "8 months ago",
            "text": "Great location. Very friendly staff, though she was alone and the place was full. The tables/chairs across the shop are not comfortable to sit.",
            "time": 1541601629
        }
    ],
    "type": "bar"
}
