{
    "id": "a6f8e00fcbaa049821e055c6d819bb175bd3f31b",
    "location": {
        "lat": 37.977635,
        "lng": 23.735787
    },
    "name": "ToyRoom Athens",
    "rating": 4.1,
    "reviews": [
        {
            "author_name": "Mikachuno",
            "author_url": "https://www.google.com/maps/contrib/116633461317895794775/reviews",
            "language": "en",
            "profile_photo_url": "https://lh4.googleusercontent.com/-Qj3boHwvT8E/AAAAAAAAAAI/AAAAAAAAAfg/aJwrqtsHlQQ/s128-c0x00000000-cc-rp-mo/photo.jpg",
            "rating": 5,
            "relative_time_description": "4 months ago",
            "text": "Best night place to be in Athens! Such a great experience with amazing music.! The Best RnB party in Town!! Good work guys! Keep up \ud83d\udd1d\ud83d\udd1d\ud83d\udd1d",
            "time": 1553626205
        },
        {
            "author_name": "katriona pezou",
            "author_url": "https://www.google.com/maps/contrib/112184015567455197427/reviews",
            "language": "en",
            "profile_photo_url": "https://lh3.googleusercontent.com/-wV1O_RMJTsE/AAAAAAAAAAI/AAAAAAAAAAo/9NrKglj1RnU/s128-c0x00000000-cc-rp-mo/photo.jpg",
            "rating": 5,
            "relative_time_description": "4 months ago",
            "text": "Great music and atmosphere. Also very attentive service and a delightful mascot which elevates spirits",
            "time": 1554461604
        },
        {
            "author_name": "Fratzis Papapostolou",
            "author_url": "https://www.google.com/maps/contrib/109432897615753012253/reviews",
            "language": "en",
            "profile_photo_url": "https://lh4.googleusercontent.com/-ul9Of9KUv7E/AAAAAAAAAAI/AAAAAAAAAGA/xSezQ1k9Z8c/s128-c0x00000000-cc-rp-mo/photo.jpg",
            "rating": 5,
            "relative_time_description": "4 months ago",
            "text": "The best place to spend the night of your life. Great atmosphere, sexy vibes, top services",
            "time": 1553083346
        },
        {
            "author_name": "cathy vrionedes",
            "author_url": "https://www.google.com/maps/contrib/114061560229116816672/reviews",
            "language": "en",
            "profile_photo_url": "https://lh3.googleusercontent.com/-DwbDS3Hyhvg/AAAAAAAAAAI/AAAAAAAAAAA/ACHi3reuDgzbBnfTOT43N7P-whMcQVz7Nw/s128-c0x00000000-cc-rp-mo/photo.jpg",
            "rating": 5,
            "relative_time_description": "4 months ago",
            "text": "The best nightclub in athens! Greatest rnb and hip hop vibes! Good drinks and service!! Highly recommended",
            "time": 1553091440
        },
        {
            "author_name": "Iraklis Zisimopoulos",
            "author_url": "https://www.google.com/maps/contrib/100704255791149735011/reviews",
            "language": "en",
            "profile_photo_url": "https://lh5.googleusercontent.com/-FWh-Wf7GMeI/AAAAAAAAAAI/AAAAAAAAAAA/ACHi3rfwab6jQDD3HsJ_5Etl1NOOD4oFmA/s128-c0x00000000-cc-rp-mo/photo.jpg",
            "rating": 5,
            "relative_time_description": "4 months ago",
            "text": "Great place, great atmosphere, fantastic vibes, VIP service",
            "time": 1553082074
        }
    ],
    "type": "night_club"
}