{
    "id": "0bbaa04c62a3ecff5e5f298a1c090a2667c5db5a",
    "location": {
        "lat": 37.9844454,
        "lng": 23.736562
    },
    "name": "Luxus Bar Bistro",
    "rating": 4.4,
    "reviews": [
        {
            "author_name": "Stathis Kioussis",
            "author_url": "https://www.google.com/maps/contrib/105765621186904659690/reviews",
            "language": "en",
            "profile_photo_url": "https://lh5.googleusercontent.com/-fSq685131jk/AAAAAAAAAAI/AAAAAAAAAAA/ACHi3rfBgQoRvSdXKfwftAK7chKsqAbjnQ/s128-c0x00000000-cc-rp-mo-ba2/photo.jpg",
            "rating": 5,
            "relative_time_description": "a month ago",
            "text": "Probably thr Best!",
            "time": 1561923803
        },
        {
            "author_name": "Nikos K.",
            "author_url": "https://www.google.com/maps/contrib/114827972546325636689/reviews",
            "language": "en",
            "profile_photo_url": "https://lh6.googleusercontent.com/-5NjhJ9i6UjQ/AAAAAAAAAAI/AAAAAAAAAAA/ACHi3rfzMWuiqlEOAyyIb05VkoF1hfjRNQ/s128-c0x00000000-cc-rp-mo-ba3/photo.jpg",
            "rating": 4,
            "relative_time_description": "4 months ago",
            "text": "Warm kind of old school Cafe bar.",
            "time": 1552418486
        },
        {
            "author_name": "Bryonie Shaw",
            "author_url": "https://www.google.com/maps/contrib/110320407848037251036/reviews",
            "language": "en",
            "profile_photo_url": "https://lh4.googleusercontent.com/-SKa9gvXSaBE/AAAAAAAAAAI/AAAAAAAAPqU/WhNuu2bJhLA/s128-c0x00000000-cc-rp-mo-ba3/photo.jpg",
            "rating": 5,
            "relative_time_description": "2 months ago",
            "text": "Great cocktails and good prices",
            "time": 1559151252
        },
        {
            "author_name": "Gwyn Owen",
            "author_url": "https://www.google.com/maps/contrib/111146558348423890283/reviews",
            "language": "en",
            "profile_photo_url": "https://lh3.googleusercontent.com/-KQ7EbVWushc/AAAAAAAAAAI/AAAAAAAAAAA/ACHi3rcsczXL2Ps0n7ifgAw-Z7DV2Qq0uA/s128-c0x00000000-cc-rp-mo/photo.jpg",
            "rating": 5,
            "relative_time_description": "a year ago",
            "text": "Extensive catalogue of cocktails.  Great value for money when on promotion, otherwise you pay the average for Athens but unlike so many places, they don't water down the drinks or use any substandard products. Good coffee, too. Friendly service and nice and clean inside.",
            "time": 1528043357
        },
        {
            "author_name": "philip hortis",
            "author_url": "https://www.google.com/maps/contrib/101493477295423261053/reviews",
            "language": "en",
            "profile_photo_url": "https://lh6.googleusercontent.com/-kfgztAdNo4M/AAAAAAAAAAI/AAAAAAAAAD8/Zwe2uLUNIKw/s128-c0x00000000-cc-rp-mo/photo.jpg",
            "rating": 5,
            "relative_time_description": "5 months ago",
            "text": "Bell-epoque era aesthetic!",
            "time": 1550822674
        }
    ],
    "type": "bar"
}
