{
    "id": "0def81f031fec61529529d3187a37b26f1eee4f9",
    "location": {
        "lat": 37.9996204,
        "lng": 23.737877
    },
    "name": "Face Club",
    "rating": 3.5,
    "reviews": [
        {
            "author_name": "Aspasia Papadaki",
            "author_url": "https://www.google.com/maps/contrib/102909383318353619251/reviews",
            "profile_photo_url": "https://lh5.googleusercontent.com/-kX8vIwEN0Zw/AAAAAAAAAAI/AAAAAAAAAqY/vxKCRre2ZGM/s128-c0x00000000-cc-rp-mo-ba3/photo.jpg",
            "rating": 3,
            "relative_time_description": "a year ago",
            "text": "",
            "time": 1513158988
        },
        {
            "author_name": "\u0397\u03bb\u03af\u03b1\u03c2 \u039c\u03c0\u03b1\u03bb\u03ac\u03c3\u03ba\u03b1\u03c2",
            "author_url": "https://www.google.com/maps/contrib/111979391428242700489/reviews",
            "profile_photo_url": "https://lh4.googleusercontent.com/-dgC7s7w6I40/AAAAAAAAAAI/AAAAAAAAAAA/ov2gSCQcEoQ/s128-c0x00000000-cc-rp-mo-ba2/photo.jpg",
            "rating": 4,
            "relative_time_description": "2 years ago",
            "text": "",
            "time": 1495189338
        }
    ],
    "type": "night_club"
}