{
    "id": "0f2b766bb03c8b1a70606767ece4ed4e6ac83e70",
    "location": {
        "lat": 37.9656376,
        "lng": 23.7101866
    },
    "name": "\u0395\u03c0\u03af \u03c4\u03b7\u03c2 \u0394\u03b5\u03be\u03b1\u03bc\u03b5\u03bd\u03ae\u03c2",
    "rating": 4.6,
    "reviews": [
        {
            "author_name": "Dimitrios Bolis",
            "author_url": "https://www.google.com/maps/contrib/114125450732722471160/reviews",
            "language": "en",
            "profile_photo_url": "https://lh6.googleusercontent.com/-To8Cvl7yY_w/AAAAAAAAAAI/AAAAAAAAAr8/FirfykxS73A/s128-c0x00000000-cc-rp-mo-ba4/photo.jpg",
            "rating": 5,
            "relative_time_description": "3 months ago",
            "text": "One of my favorite bars in the area. Friendly stuff. Good variety of cocktails. It attracts a trendy crowd. They do accept credit cards and the prices are reasonable. Excellent choice for a relaxed time after work and to chit chat with your friends. They also have a projector who projects different movie scenes at the wall of a nearby abandoned building. Cool.",
            "time": 1555531436
        },
        {
            "author_name": "Stephanie Boyd",
            "author_url": "https://www.google.com/maps/contrib/114772329485134052191/reviews",
            "language": "en",
            "profile_photo_url": "https://lh5.googleusercontent.com/-03y_hLHenCc/AAAAAAAAAAI/AAAAAAAAAAA/ACHi3rdJxwQeQd4z1e8cMq20Sbg3C7t4bg/s128-c0x00000000-cc-rp-mo/photo.jpg",
            "rating": 5,
            "relative_time_description": "2 months ago",
            "text": "Amazing coffee (I had a cuppucino double) and cute funky setting. Would love to have stayed in Athens longer to come back here for some evening drinks.",
            "time": 1559288617
        },
        {
            "author_name": "Alexandros Marios Economopoulos",
            "author_url": "https://www.google.com/maps/contrib/111972203262942163450/reviews",
            "language": "en",
            "profile_photo_url": "https://lh4.googleusercontent.com/-C3z0jLRdsOM/AAAAAAAAAAI/AAAAAAAAALQ/sxRyp9I9yP8/s128-c0x00000000-cc-rp-mo-ba2/photo.jpg",
            "rating": 5,
            "relative_time_description": "5 months ago",
            "text": "Great little bar, with good atmosphere and music! Really good cocktails in very fair prices! try one of their cocktails or ask them to recommend you one! Totally recommend this place!",
            "time": 1549581161
        },
        {
            "author_name": "Konstantinos Neos-Chalkias",
            "author_url": "https://www.google.com/maps/contrib/111505544200096681268/reviews",
            "language": "en",
            "profile_photo_url": "https://lh4.googleusercontent.com/-fUGa0jebg-c/AAAAAAAAAAI/AAAAAAAAB5I/n3gNt28_GWc/s128-c0x00000000-cc-rp-mo-ba3/photo.jpg",
            "rating": 5,
            "relative_time_description": "in the last week",
            "text": "Great cocktails in a stunning local bar",
            "time": 1564651933
        },
        {
            "author_name": "\u03a3\u03c9\u03c4\u03ae\u03c1\u03b7\u03c2 \u03a0\u03b5\u03bb\u03ad\u03ba\u03b7\u03c2",
            "author_url": "https://www.google.com/maps/contrib/103544665423751310062/reviews",
            "language": "en",
            "profile_photo_url": "https://lh3.googleusercontent.com/-hhh17ApxgO0/AAAAAAAAAAI/AAAAAAAAvBA/XYtbY6CYZuk/s128-c0x00000000-cc-rp-mo-ba2/photo.jpg",
            "rating": 5,
            "relative_time_description": "3 weeks ago",
            "text": "Cozy place and nice loc",
            "time": 1562708511
        }
    ],
    "type": "bar"
}
