{
    "id": "bf924ad33c2f01365d0de16281e70eaff6380aea",
    "location": {
        "lat": 37.96020559999999,
        "lng": 23.7198924
    },
    "name": "Fever",
    "rating": 4,
    "reviews": [
        {
            "author_name": "Angelina Gianni",
            "author_url": "https://www.google.com/maps/contrib/109446124783074905501/reviews",
            "language": "en",
            "profile_photo_url": "https://lh5.googleusercontent.com/-XE5GoVLMOwQ/AAAAAAAAAAI/AAAAAAAAAYY/ErPU_4jl2TQ/s128-c0x00000000-cc-rp-mo/photo.jpg",
            "rating": 1,
            "relative_time_description": "7 months ago",
            "text": "Unpolite sercvice, empty and no fun at all. Never again!",
            "time": 1546661892
        },
        {
            "author_name": "Andy Yianni",
            "author_url": "https://www.google.com/maps/contrib/117847745728743815008/reviews",
            "language": "en",
            "profile_photo_url": "https://lh6.googleusercontent.com/-MOaoAhBIsE8/AAAAAAAAAAI/AAAAAAAAAEA/IUxyZxHAjBo/s128-c0x00000000-cc-rp-mo/photo.jpg",
            "rating": 1,
            "relative_time_description": "a year ago",
            "text": "Total disappointment,  a group of 8 of us flew in from London to be there on the opening premiere night at Fever for Friday 1st December to see Notis Sfakianakis & Peggy Zina,   I made a reservation for a table 2 weeks ago direct with the club management and explained that we was coming over from London and wanted a good table near the dance floor.   After being held up upon entry at 23:15 as they generally like to let the ones known to the doorman and management in first,  we was taken to our table which was at the back by the toilets in front of a column,   We sat and waited for 30/40 minutes before the drinks waiter who is the only one who can take the main order arrived finally at 0:40 we had our drinks on the table.  The Music and sound first lost power and cut out around 2am whilst Notis was stuck up a platform,    That took around 10 minutes to rectify,  the sound finally came on but they still had technical difficulties with the speakers after that, finally at around 03:00am the music stopped and the curtains came down.   For the next 60/80 minutes there was nothing.  People was arguing with the waiters with the management,  people was getting up to leave.  There was mayhem.   We also complained and wanted to leave but didn\u2019t think it was right to pay the full price for our bottles of spirits considering what\u2019s happened but the rude arrogant manager would not allow it,  he only offered to move our table to a better position, we explained that was only due to the fact others had walked out.     Anyway, finally around 4am things got back to normal, we ended up leaving around 05.30",
            "time": 1512389414
        },
        {
            "author_name": "kiriacos gregoriou",
            "author_url": "https://www.google.com/maps/contrib/102975878074733762405/reviews",
            "language": "en",
            "profile_photo_url": "https://lh5.googleusercontent.com/-DssJjMkMTDI/AAAAAAAAAAI/AAAAAAAACVU/w40ZCYqnTH8/s128-c0x00000000-cc-rp-mo-ba2/photo.jpg",
            "rating": 3,
            "relative_time_description": "a year ago",
            "text": "nice place, good service",
            "time": 1519963075
        },
        {
            "author_name": "Nicolas Cocolios",
            "author_url": "https://www.google.com/maps/contrib/110644655464151065027/reviews",
            "language": "en",
            "profile_photo_url": "https://lh4.googleusercontent.com/-6m_aFC52Grc/AAAAAAAAAAI/AAAAAAAABDw/EuLEiBZm2iY/s128-c0x00000000-cc-rp-mo-ba4/photo.jpg",
            "rating": 3,
            "relative_time_description": "2 years ago",
            "text": "Service was ok, quality of products was average, music was good",
            "time": 1491784631
        },
        {
            "author_name": "Jeffrey linger",
            "author_url": "https://www.google.com/maps/contrib/106293343763143068745/reviews",
            "language": "en",
            "profile_photo_url": "https://lh6.googleusercontent.com/-GcP6WHIzRho/AAAAAAAAAAI/AAAAAAAAAAA/ACHi3rdcPrlrOifcUuIQ7yrwb92Ml9IrSg/s128-c0x00000000-cc-rp-mo-ba4/photo.jpg",
            "rating": 5,
            "relative_time_description": "a year ago",
            "text": "Great place",
            "time": 1518829778
        }
    ],
    "type": "bar"
}