{
    "id": "d03ea83b016a24665029eb21d3b4ff0d35b2ba2b",
    "location": {
        "lat": 37.9792222,
        "lng": 23.7261215
    },
    "name": "Handlebar",
    "rating": 4.5,
    "reviews": [
        {
            "author_name": "Eftihis Efthimiou",
            "author_url": "https://www.google.com/maps/contrib/102640159038292561048/reviews",
            "language": "en",
            "profile_photo_url": "https://lh5.googleusercontent.com/-ZVOwfUnU4N4/AAAAAAAAAAI/AAAAAAAAAAA/ACHi3rcTSjp3fn-Rr4ro0OCVgfiAumbBYg/s128-c0x00000000-cc-rp-mo-ba4/photo.jpg",
            "rating": 3,
            "relative_time_description": "2 weeks ago",
            "text": "Annoying hipster place. They don't serve coffee after 18:45. Loud, kinda bad giganto-hipster crowd. Nice staff. Nice location. Riding a fixie is not an identity.",
            "time": 1563059808
        },
        {
            "author_name": "Dimitris Pantazis",
            "author_url": "https://www.google.com/maps/contrib/114563869590595896023/reviews",
            "language": "en",
            "profile_photo_url": "https://lh3.googleusercontent.com/-zgn64cv59TU/AAAAAAAAAAI/AAAAAAABEm0/zISOjpKJtqs/s128-c0x00000000-cc-rp-mo-ba4/photo.jpg",
            "rating": 5,
            "relative_time_description": "2 months ago",
            "text": "Nice coffee and menu! Love its neighborhood.",
            "time": 1557562255
        },
        {
            "author_name": "Raf Flak",
            "author_url": "https://www.google.com/maps/contrib/114074754666233294678/reviews",
            "language": "en",
            "profile_photo_url": "https://lh5.googleusercontent.com/-X3tNaFs0Ca0/AAAAAAAAAAI/AAAAAAAAARQ/Ic4oqDwgfZc/s128-c0x00000000-cc-rp-mo/photo.jpg",
            "rating": 5,
            "relative_time_description": "in the last week",
            "text": "Cool hipster place.",
            "time": 1564271860
        },
        {
            "author_name": "Vasilis Angelopoulos",
            "author_url": "https://www.google.com/maps/contrib/108337546956427782607/reviews",
            "language": "en",
            "profile_photo_url": "https://lh5.googleusercontent.com/-8MCekZsn2rA/AAAAAAAAAAI/AAAAAAAAAg0/al8iKJbK5iw/s128-c0x00000000-cc-rp-mo/photo.jpg",
            "rating": 5,
            "relative_time_description": "3 weeks ago",
            "text": "Cool place to be.",
            "time": 1562701893
        },
        {
            "author_name": "Tom Boocock",
            "author_url": "https://www.google.com/maps/contrib/113710246807102932521/reviews",
            "language": "en",
            "profile_photo_url": "https://lh4.googleusercontent.com/-Me6NtMReEik/AAAAAAAAAAI/AAAAAAAAAAA/ACHi3rciy9zXkS-11upDCeheBzysI4wpOQ/s128-c0x00000000-cc-rp-mo-ba3/photo.jpg",
            "rating": 5,
            "relative_time_description": "a month ago",
            "text": "Cool bar, great place",
            "time": 1561330220
        }
    ],
    "type": "bar"
}
