{
    "id": "e4a78a9e9d76ad633f072e638cba7986a084ab27",
    "location": {
        "lat": 37.9773968,
        "lng": 23.7298542
    },
    "name": "Baba au rum",
    "rating": 4.6,
    "reviews": [
        {
            "author_name": "Klaivert Ziu",
            "author_url": "https://www.google.com/maps/contrib/100071914969025226504/reviews",
            "language": "en",
            "profile_photo_url": "https://lh3.googleusercontent.com/-4Z6h44MmNgw/AAAAAAAAAAI/AAAAAAAAABc/Y8RyXfhrH4c/s128-c0x00000000-cc-rp-mo-ba3/photo.jpg",
            "rating": 5,
            "relative_time_description": "2 months ago",
            "text": "Knew this place for long time but never visited so I thought I\u2019d give it a try. First impressions simple bar and nice environment. The staff was nice and friendly and the cocktails really nice. I was very impressed by the menu, every cocktail with a small story behind it!! The location in the heart of the center, nice and district! If you are in town definitely visit it!",
            "time": 1557742018
        },
        {
            "author_name": "Y\u0131ld\u0131z Haseki",
            "author_url": "https://www.google.com/maps/contrib/116713702473671940981/reviews",
            "language": "en",
            "profile_photo_url": "https://lh5.googleusercontent.com/-sQSv1JgMtxE/AAAAAAAAAAI/AAAAAAAABfE/fyEZzUMPibU/s128-c0x00000000-cc-rp-mo-ba2/photo.jpg",
            "rating": 5,
            "relative_time_description": "a month ago",
            "text": "Amazing place with delicious cocktails, the famous Zombie is perfect for summer holidays. Interior is beautiful and warm with great colours on the wall and some retro furniture. Music choice was good as well, the vibe is easy going and friendly.",
            "time": 1560591756
        },
        {
            "author_name": "Christos Kapatos",
            "author_url": "https://www.google.com/maps/contrib/106405930231354603518/reviews",
            "language": "en",
            "profile_photo_url": "https://lh3.googleusercontent.com/-VsKBRE_96cY/AAAAAAAAAAI/AAAAAAAAAJ8/HyFcCiHUM14/s128-c0x00000000-cc-rp-mo-ba4/photo.jpg",
            "rating": 5,
            "relative_time_description": "2 months ago",
            "text": "One of the best RUM places in Athens, if not the best. Huge selection of rums, great coctails and most importantly very friendly, knowledgeable and helpful staff. Highly recommended!",
            "time": 1558787372
        },
        {
            "author_name": "Ben Gardiner",
            "author_url": "https://www.google.com/maps/contrib/103473692979249215418/reviews",
            "language": "en",
            "profile_photo_url": "https://lh3.googleusercontent.com/-gXH3VHBPSmc/AAAAAAAAAAI/AAAAAAAAAAA/ACHi3rcTyQgRH9x-XFJWAJD7OF-BBBEL6Q/s128-c0x00000000-cc-rp-mo/photo.jpg",
            "rating": 5,
            "relative_time_description": "a month ago",
            "text": "World class cocktails in a stylish but inviting setting. Sat on the street, fan-boying over the amazing menu and watched the Athens nightlife pass by.",
            "time": 1560863039
        },
        {
            "author_name": "Kostas Papazoglou",
            "author_url": "https://www.google.com/maps/contrib/102493314426501645804/reviews",
            "language": "en",
            "profile_photo_url": "https://lh5.googleusercontent.com/-2lz8U6eHBDk/AAAAAAAAAAI/AAAAAAAAJXM/BgssW4qWw-g/s128-c0x00000000-cc-rp-mo/photo.jpg",
            "rating": 5,
            "relative_time_description": "a week ago",
            "text": "Very good quality cocktails and in general a hidden gem as far as accessibility is concerned.",
            "time": 1563960754
        }
    ],
    "type": "bar"
}
