{
    "id": "d3135a45860c085fa609fcaa0de4ec129d772730",
    "location": {
        "lat": 37.9858309,
        "lng": 23.7562076
    },
    "name": "Balthazar",
    "rating": 4.2,
    "reviews": [
        {
            "author_name": "Stelios Adamopoulos",
            "author_url": "https://www.google.com/maps/contrib/115275942398579799917/reviews",
            "language": "en",
            "profile_photo_url": "https://lh4.googleusercontent.com/-LUwD_SJy5tQ/AAAAAAAAAAI/AAAAAAAABaU/wIE5Mi5FPZU/s128-c0x00000000-cc-rp-mo-ba4/photo.jpg",
            "rating": 5,
            "relative_time_description": "in the last week",
            "text": "What one can say for one of the best bar restaurants in Athens. No doubt why has maintained its success for decades. A beautiful courtyard that you can have dinner and drinks. Executive chef Peskias has prepared some extraordinary dishes which are worth trying. When you visit Athens you definitely have to make a stop here",
            "time": 1564919963
        },
        {
            "author_name": "Nikos Chloros",
            "author_url": "https://www.google.com/maps/contrib/101401668866077062589/reviews",
            "language": "en",
            "profile_photo_url": "https://lh6.googleusercontent.com/-uxV-X5-B9qw/AAAAAAAAAAI/AAAAAAAAJMw/c4H6lkn5uRE/s128-c0x00000000-cc-rp-mo-ba3/photo.jpg",
            "rating": 4,
            "relative_time_description": "2 weeks ago",
            "text": "All time classic for summer night in Athens. Used to be more of a hopping place but I guess this reflects how clubbing has changed over the last ... 30-40 years. Was relieved to see boys connecting with girls at the bar. Ahh, the good old days.",
            "time": 1563642185
        },
        {
            "author_name": "Karishma Mansata",
            "author_url": "https://www.google.com/maps/contrib/101210751994507761398/reviews",
            "language": "en",
            "profile_photo_url": "https://lh4.googleusercontent.com/-2OEX8zHWcuo/AAAAAAAAAAI/AAAAAAAAKmc/QoLHB64KmtI/s128-c0x00000000-cc-rp-mo/photo.jpg",
            "rating": 5,
            "relative_time_description": "a month ago",
            "text": "Lovely place ! Great food and nice wine ! Could have more cocktails options ! :)\nDef a super vibe.. buzzing .. beautiful decor and a must visit !! Anna chose for us the best on the menu and was absolutely the best \u2764\ufe0f",
            "time": 1561061077
        },
        {
            "author_name": "epetrou",
            "author_url": "https://www.google.com/maps/contrib/106048067028863876020/reviews",
            "language": "en",
            "profile_photo_url": "https://lh5.googleusercontent.com/-_wWDHrxWKiM/AAAAAAAAAAI/AAAAAAAAAAA/ACHi3rcPkvyEtMq6695ARCWBQ6j8xPb4Qg/s128-c0x00000000-cc-rp-mo-ba3/photo.jpg",
            "rating": 4,
            "relative_time_description": "4 months ago",
            "text": "Great food but commercial and noisy\nWe really enjoyed all dishes we ordered and the place is magnificent. Very creative cuisine and original. However, we found it very commercial and would have enjoyed it better if it was a quieter and finer dining experience. \nYou should be aware that this is a bar-restaurant, so expect loud music and noise. Possibly in the garden in the summer things are better.",
            "time": 1554027498
        },
        {
            "author_name": "Anni Panagiotopoulou",
            "author_url": "https://www.google.com/maps/contrib/115243237618530429427/reviews",
            "language": "en",
            "profile_photo_url": "https://lh5.googleusercontent.com/-L8TegI7hqIA/AAAAAAAAAAI/AAAAAAAAf7s/rm5WCLEm7fE/s128-c0x00000000-cc-rp-mo/photo.jpg",
            "rating": 1,
            "relative_time_description": "a month ago",
            "text": "Too bad to see a nice place become decadent. They need to decide whether they are an upscale bar or bus class. They allow too many people in, with no screening (age dress code) which means you have no space to stand, constantly pushed over by others, the waiters are running up and down in panic, and you need to wait half an hour to find a waiter to get your order. Hope they change their attitude.",
            "time": 1561151638
        }
    ],
    "type": "bar"
}
