{
    "id": "07f18bf314e19ecb1285dd789e513d053cf8a0c2",
    "location": {
        "lat": 37.964574,
        "lng": 23.7260398
    },
    "name": "Monsieur Barbu",
    "rating": 4.2,
    "reviews": [
        {
            "author_name": "Argyris",
            "author_url": "https://www.google.com/maps/contrib/114206262889536232732/reviews",
            "language": "en",
            "profile_photo_url": "https://lh3.googleusercontent.com/-AI6wl6GjHdk/AAAAAAAAAAI/AAAAAAAAL8s/8wtdQrjGGao/s128-c0x00000000-cc-rp-mo-ba4/photo.jpg",
            "rating": 5,
            "relative_time_description": "a month ago",
            "text": "Friendly little place, with good orices and nice things to get",
            "time": 1561840827
        },
        {
            "author_name": "George Koukoulakis",
            "author_url": "https://www.google.com/maps/contrib/107401910044543928950/reviews",
            "language": "en",
            "profile_photo_url": "https://lh6.googleusercontent.com/-U9eYTnPpmPA/AAAAAAAAAAI/AAAAAAAAAXI/G0PU_9WtAvQ/s128-c0x00000000-cc-rp-mo-ba4/photo.jpg",
            "rating": 3,
            "relative_time_description": "3 months ago",
            "text": "I would have given 5 stars if they were consistently abide by non-smoking inside.",
            "time": 1556781719
        },
        {
            "author_name": "Giannis Poulis",
            "author_url": "https://www.google.com/maps/contrib/106445229808046252001/reviews",
            "language": "en",
            "profile_photo_url": "https://lh3.googleusercontent.com/-ORPhXuMVeXs/AAAAAAAAAAI/AAAAAAAAAAA/ACHi3rd6xkawsSigd3UsaGNm5b6y0dhAGw/s128-c0x00000000-cc-rp-mo-ba3/photo.jpg",
            "rating": 2,
            "relative_time_description": "5 months ago",
            "text": "Nice food. Not very comfortable. We were seated next to the door which the waitress slammed at every chance. She was quite abrupt. Might have been a one time thing, in general she seemed polite. The food was really good and was delivered quite fast. Normal prices",
            "time": 1549546351
        },
        {
            "author_name": "Marcus Morba",
            "author_url": "https://www.google.com/maps/contrib/106685586179718882476/reviews",
            "language": "en",
            "profile_photo_url": "https://lh3.googleusercontent.com/-YLLVwflNVdE/AAAAAAAAAAI/AAAAAAAAB7I/9fXAN_MT5Do/s128-c0x00000000-cc-rp-mo-ba4/photo.jpg",
            "rating": 4,
            "relative_time_description": "5 months ago",
            "text": "Nice relaxed place. Fair pricing and good food.",
            "time": 1551539239
        },
        {
            "author_name": "Giorgos Andrianopoulos",
            "author_url": "https://www.google.com/maps/contrib/102007115174228505979/reviews",
            "language": "en",
            "profile_photo_url": "https://lh3.googleusercontent.com/-BYdj_ZV1JYM/AAAAAAAAAAI/AAAAAAAAAAs/_xS804_elCA/s128-c0x00000000-cc-rp-mo-ba3/photo.jpg",
            "rating": 2,
            "relative_time_description": "10 months ago",
            "text": "Been there last Sunday. The service was slow as hell. It was like the kitchen stopped working for about an hour. After 1 and a half hour we eventually did it. We ate!!! . Food was decent but not anything out of the ordinary. Visit if you must...but not a big deal.",
            "time": 1537473215
        }
    ],
    "type": "bar"
}
