{
    "id": "0ee1244bc7ad78656543c96c1d6ec52166f6ab0b",
    "location": {
        "lat": 37.981228,
        "lng": 23.712534
    },
    "name": "MoMix Bar Kerameikos",
    "rating": 4.6,
    "reviews": [
        {
            "author_name": "James Eaton",
            "author_url": "https://www.google.com/maps/contrib/108035502336147728689/reviews",
            "language": "en",
            "profile_photo_url": "https://lh4.googleusercontent.com/-7xt3BJdlpZs/AAAAAAAAAAI/AAAAAAAAAb0/FJnLx1msovY/s128-c0x00000000-cc-rp-mo/photo.jpg",
            "rating": 5,
            "relative_time_description": "in the last week",
            "text": "The waitress was really nice and helpful with talking us through the cool, if slightly confusing, menu.  As an experience this place is a 10/10 and you'll get some cool photos/videos no matter what you order. The food was nice enough and had all the flair of the cocktails. \n\nThe bubble shots were not to our tastes but were unlike anything we've had before. Beware if it's hot, we went on a sweltering Monday night, only the outside was being used and there wasn't anything to protect from the heat.",
            "time": 1564434322
        },
        {
            "author_name": "Konstantinos Voulgaridis",
            "author_url": "https://www.google.com/maps/contrib/114241184789076358813/reviews",
            "language": "en",
            "profile_photo_url": "https://lh3.googleusercontent.com/-zKMLWZzr00A/AAAAAAAAAAI/AAAAAAAAE7g/fndrdGmZto8/s128-c0x00000000-cc-rp-mo-ba4/photo.jpg",
            "rating": 4,
            "relative_time_description": "2 months ago",
            "text": "Unique experience. I think the atmosphere is really cool the drinks are special not so much in taste as in the look and the way they are served. Definitely worth a visit.",
            "time": 1557653733
        },
        {
            "author_name": "Angel Lucero",
            "author_url": "https://www.google.com/maps/contrib/108987048851719951505/reviews",
            "language": "en",
            "profile_photo_url": "https://lh6.googleusercontent.com/-dIkutcCeNvo/AAAAAAAAAAI/AAAAAAAAAAA/ACHi3rcpzSB_73BgK9ndya5X0LAUFEMURg/s128-c0x00000000-cc-rp-mo/photo.jpg",
            "rating": 5,
            "relative_time_description": "2 months ago",
            "text": "Amazing spot! Amazing drinks! Amazing people! We got here felt welcome and we're gifted some great \"tubes\" ! Thank you for having us. This is a MUST while in Athens",
            "time": 1556997970
        },
        {
            "author_name": "Marios Drakopoulos",
            "author_url": "https://www.google.com/maps/contrib/114966366246683577968/reviews",
            "language": "en",
            "profile_photo_url": "https://lh5.googleusercontent.com/-m8878Xt1qUg/AAAAAAAAAAI/AAAAAAAAAAA/3F9lFqxrweM/s128-c0x00000000-cc-rp-mo-ba2/photo.jpg",
            "rating": 4,
            "relative_time_description": "a month ago",
            "text": "It's kinda expensive but the cocktails are nothing sort of amazing. They utilize molrcular cuisine techniques and they end up with spectacular results. It's back-side garden is also pretty neat. But those prizes... Ouch.",
            "time": 1560250831
        },
        {
            "author_name": "Tonia Popovic",
            "author_url": "https://www.google.com/maps/contrib/111369632394193241813/reviews",
            "language": "en",
            "profile_photo_url": "https://lh3.googleusercontent.com/-uz6FDiKMAoU/AAAAAAAAAAI/AAAAAAAAACg/yw5Oh59Bvig/s128-c0x00000000-cc-rp-mo/photo.jpg",
            "rating": 5,
            "relative_time_description": "4 months ago",
            "text": "Nice place, good music and friendly staff. There is variety of tastes for everyone who is in the mood for something new. Also, drinking from tubes and bubbles really adds great fun to it :)",
            "time": 1552028584
        }
    ],
    "type": "bar"
}
