{
    "id": "f827cef7384b1f68fcb3ad21677fa231a29742fd",
    "location": {
        "lat": 37.9981551,
        "lng": 23.7321545
    },
    "name": "TELEION Wine Bar - Theatre",
    "rating": 5,
    "reviews": [
        {
            "author_name": "\u0392\u0399\u039f\u03c3\u03c5\u03bd\u03c4\u03bf\u03bd\u03af\u0396\u03a9 - VIOsintoniZW",
            "author_url": "https://www.google.com/maps/contrib/118154543526853429921/reviews",
            "language": "el",
            "profile_photo_url": "https://lh6.googleusercontent.com/-6XygRHg4Ugg/AAAAAAAAAAI/AAAAAAAABH8/HWgXq7OkrBc/s128-c0x00000000-cc-rp-mo/photo.jpg",
            "rating": 5,
            "relative_time_description": "3 months ago",
            "text": "\u03bf\u03af\u03bd\u03bf\u03c2 \u03b5\u03c5\u03c6\u03c1\u03b1\u03af\u03bd\u03b5\u03b9 \u03ba\u03b1\u03c1\u03b4\u03af\u03b1\u03bd !!!\n\u0388\u03bd\u03b1\u03c2 \u03c7\u03ce\u03c1\u03bf\u03c2 \u03c0\u03bf\u03c5 \u03bc\u03c0\u03bf\u03c1\u03b5\u03af\u03c2 \u03bd\u03b1 \u03b1\u03c0\u03bf\u03bb\u03b1\u03cd\u03c3\u03b5\u03b9\u03c2 \u03ad\u03bd\u03b1 \u03c0\u03bf\u03c4\u03ae\u03c1\u03b9 \u03ba\u03c1\u03b1\u03c3\u03af \u03b1\u03ba\u03bf\u03cd\u03b3\u03bf\u03bd\u03c4\u03b1\u03c2 \u03c5\u03c0\u03ad\u03c1\u03bf\u03c7\u03b5\u03c2 \u03bc\u03bf\u03c5\u03c3\u03b9\u03ba\u03ad\u03c2 \u03b3\u03b5\u03bc\u03af\u03b6\u03bf\u03bd\u03c4\u03b1\u03c2 \u03c3\u03b5 \u03b8\u03b5\u03c4\u03b9\u03ba\u03ae \u03b5\u03bd\u03ad\u03c1\u03b3\u03b5\u03b9\u03b1. \n\u0391\u03be\u03af\u03b6\u03b5\u03b9 \u03bd\u03b1 \u03b2\u03ac\u03bb\u03b5\u03b9\u03c2 \u03c3\u03c4\u03b7\u03bd \u03b6\u03c9\u03ae \u03c3\u03bf\u03c5 \u03c4\u03bf \u03a4\u03ad\u03bb\u03b5\u03b9\u03bf\u03bd Wine bar-Theatre",
            "time": 1556964137
        },
        {
            "author_name": "kate alexiou",
            "author_url": "https://www.google.com/maps/contrib/106521406426630750178/reviews",
            "language": "el",
            "profile_photo_url": "https://lh5.googleusercontent.com/-BfmRp4xfyeg/AAAAAAAAAAI/AAAAAAAAAAA/ACHi3rdeszKiiaVB29e1KsS-o-NQtN3EeQ/s128-c0x00000000-cc-rp-mo/photo.jpg",
            "rating": 5,
            "relative_time_description": "2 months ago",
            "text": "\u039c\u03bf\u03bd\u03b1\u03b4\u03b9\u03ba\u03bf\u03c2 \u03c7\u03c9\u03c1\u03bf\u03c2,\u03b1\u03c4\u03bc\u03bf\u03c3\u03c6\u03b1\u03b9\u03c1\u03b1 \u03b5\u03c0\u03bf\u03c7\u03b7\u03c2 \u03bc\u03b9\u03b1 \u03c4\u03b9\u03bc\u03b9\u03b1 \u03c0\u03c1\u03bf\u03c4\u03b1\u03c3\u03b7 \u03bc\u03b5 \u03b5\u03be\u03b1\u03b9\u03c1\u03b5\u03c4\u03b9\u03ba\u03b1 \u03ba\u03c1\u03b1\u03c3\u03b9\u03b1 \u03ba\u03b1\u03b9 \u03c4\u03b9\u03bc\u03b5\u03c2,\u03b1\u03be\u03b9\u03b6\u03b5\u03b9 \u03bd\u03b1 \u03c4\u03bf \u03b5\u03c0\u03b9\u03c3\u03ba\u03b5\u03c6\u03c4\u03b5\u03b9\u03c4\u03b5!!!!",
            "time": 1557677227
        },
        {
            "author_name": "\u039c\u0391\u039a\u0397\u03a3 \u0393\u039a\u0391\u03a1\u0391\u039d\u0395\u03a3",
            "author_url": "https://www.google.com/maps/contrib/104337161446804171402/reviews",
            "language": "el",
            "profile_photo_url": "https://lh6.googleusercontent.com/-LegQPAIOd2U/AAAAAAAAAAI/AAAAAAAAAAA/ACHi3rd0IBPBVJu-XYbTElRLlIoQ28NtGQ/s128-c0x00000000-cc-rp-mo-ba2/photo.jpg",
            "rating": 5,
            "relative_time_description": "4 months ago",
            "text": "\u0388\u03bd\u03b1\u03c2 \u03c7\u03ce\u03c1\u03bf\u03c2 \u03c0\u03bf\u03c5 \u03c4\u03ce\u03c1\u03b1 \u03be\u03b5\u03ba\u03b9\u03bd\u03ac \u03bc\u03b5 \u03b1\u03bd\u03b1\u03c6\u03bf\u03c1\u03ad\u03c2 \u03bc\u03bf\u03c5\u03c3\u03b9\u03ba\u03ad\u03c2 \u03c0\u03b5\u03c1\u03b1\u03c3\u03bc\u03ad\u03bd\u03b7\u03c2 \u03b5\u03c0\u03bf\u03c7\u03ae\u03c2.\u0397 \u03b5\u03c0\u03af\u03c0\u03bb\u03c9\u03c3\u03b7 \u03c4\u03bf\u03c5 \u03b5\u03af\u03bd\u03b1\u03b9 \u03c4\u03bf\u03c5 1927.\u0393\u03b9\u03b1 \u03b1\u03c1\u03c7\u03ae \u03c3\u03b5\u03c1\u03b2\u03af\u03c1\u03b5\u03b9 \u03c0\u03bf\u03c4\u03ae\u03c1\u03b9 \u03ba\u03c1\u03b1\u03c3\u03af \u03b5\u03bd\u03b7\u03bc\u03b5\u03c1\u03ce\u03bd\u03bf\u03bd\u03c4\u03b1\u03c2 \u03c4\u03b7\u03bd \u03ba\u03ac\u03b2\u03b1 \u03c3\u03c4\u03b1\u03b4\u03b9\u03b1\u03ba\u03ac \u03ba\u03b1\u03b9 \u03c0\u03b9\u03ac\u03c4\u03b1 \u03b1\u03bb\u03bb\u03b1\u03bd\u03c4\u03b9\u03ba\u03ce\u03bd & \u03c4\u03c5\u03c1\u03b9\u03ce\u03bd.\u03a3\u03c4\u03b7 \u03c3\u03c5\u03bd\u03ad\u03c7\u03b5\u03b9\u03b1 \u03b8\u03b1 \u03c0\u03c1\u03bf\u03c3\u03c4\u03b5\u03b8\u03bf\u03c5\u03bd \u03ba\u03b1\u03b9 \u03ba\u03ac\u03c0\u03bf\u03b9\u03b5\u03c2 \u03b8\u03b5\u03b1\u03c4\u03c1\u03b9\u03ba\u03b5\u03c2-\u03c7\u03bf\u03c1\u03b5\u03c5\u03c4\u03b9\u03ba\u03b5\u03c2 \u03b5\u03ba\u03c0\u03bb\u03ae\u03be\u03b5\u03b9\u03c2 \u03b1\u03bd\u03ac\u03bc\u03b5\u03c3\u03b1 \u03c3\u03c4\u03bf\u03c5\u03c2 \u03c0\u03b5\u03bb\u03ac\u03c4\u03b5\u03c2.",
            "time": 1553368919
        },
        {
            "author_name": "Mali m e Frantza",
            "author_url": "https://www.google.com/maps/contrib/104947645112329275598/reviews",
            "language": "el",
            "profile_photo_url": "https://lh4.googleusercontent.com/-gLeZqotEaZU/AAAAAAAAAAI/AAAAAAAAAAA/ACHi3rdXNMDyhyTxnq7p1YMiuWwkiYEY9Q/s128-c0x00000000-cc-rp-mo-ba5/photo.jpg",
            "rating": 5,
            "relative_time_description": "2 months ago",
            "text": "\u039f\u03bc\u03bf\u03c1\u03c6\u03b9\u03ac \u03ba\u03b1\u03b9 \u03b3\u03b5\u03cd\u03c3\u03b7!",
            "time": 1559282645
        }
    ],
    "type": "bar"
}
