{
    "id": "9c55be07775453932399e0afe359a97504fda152",
    "location": {
        "lat": 37.9777149,
        "lng": 23.7100125
    },
    "name": "Studio 24",
    "rating": 3.4,
    "reviews": [
        {
            "author_name": "Haris Aslanidis",
            "author_url": "https://www.google.com/maps/contrib/107903154900771807243/reviews",
            "language": "en",
            "profile_photo_url": "https://lh3.googleusercontent.com/-iENAZ8N0E4c/AAAAAAAAAAI/AAAAAAAADGc/jJZ93l8T5Zg/s128-c0x00000000-cc-rp-mo-ba5/photo.jpg",
            "rating": 5,
            "relative_time_description": "4 months ago",
            "text": "Not accessible, but they carry me and I entered. Nice environment, good music and drinks, beautiful girls, but the average years of age were soooo low!",
            "time": 1553208262
        },
        {
            "author_name": "Amine Briki",
            "author_url": "https://www.google.com/maps/contrib/111381529550558336538/reviews",
            "language": "en",
            "profile_photo_url": "https://lh6.googleusercontent.com/-q3mXdRxOJNY/AAAAAAAAAAI/AAAAAAAADdk/u1Tn4MUoTa4/s128-c0x00000000-cc-rp-mo-ba3/photo.jpg",
            "rating": 5,
            "relative_time_description": "3 months ago",
            "text": "Good place for trap, hip hop music.",
            "time": 1557044859
        },
        {
            "author_name": "Teo Kanellopoulos",
            "author_url": "https://www.google.com/maps/contrib/103459790724407734721/reviews",
            "language": "en",
            "profile_photo_url": "https://lh3.googleusercontent.com/-vWjjwaEcxTU/AAAAAAAAAAI/AAAAAAAAAEs/fSp4GokMHjo/s128-c0x00000000-cc-rp-mo-ba2/photo.jpg",
            "rating": 3,
            "relative_time_description": "3 months ago",
            "text": "Age Avg. = 15",
            "time": 1555845001
        },
        {
            "author_name": "Xaos79",
            "author_url": "https://www.google.com/maps/contrib/114572572754916442565/reviews",
            "language": "en",
            "profile_photo_url": "https://lh4.googleusercontent.com/-dEoVTUHZvGM/AAAAAAAAAAI/AAAAAAAAAAA/ACHi3rdNtLrkloPLGzM5QcsGLfG_38CMFg/s128-c0x00000000-cc-rp-mo/photo.jpg",
            "rating": 1,
            "relative_time_description": "5 months ago",
            "text": "Boring, too much smoke, bad drinks",
            "time": 1550311747
        },
        {
            "author_name": "\u0412\u0430\u0441\u0438\u043b\u0438\u0439",
            "author_url": "https://www.google.com/maps/contrib/107778593391296147452/reviews",
            "language": "en",
            "profile_photo_url": "https://lh6.googleusercontent.com/-00vxSNMmm2M/AAAAAAAAAAI/AAAAAAAALdQ/e56srnq-PUU/s128-c0x00000000-cc-rp-mo-ba5/photo.jpg",
            "rating": 1,
            "relative_time_description": "6 months ago",
            "text": "Absolute garbage.",
            "time": 1549749389
        }
    ],
    "type": "night_club"
}