{
    "id": "03518aeb66ae6aee6e09f8ffa3e71c379eb09cfb",
    "location": {
        "lat": 37.9795126,
        "lng": 23.7394977
    },
    "name": "SAM",
    "rating": 4,
    "reviews": [
        {
            "author_name": "Nikolas K",
            "author_url": "https://www.google.com/maps/contrib/103532891434489875126/reviews",
            "language": "en",
            "profile_photo_url": "https://lh3.googleusercontent.com/-vlL_LS5mZ64/AAAAAAAAAAI/AAAAAAAAAjc/dPOewUtZKH8/s128-c0x00000000-cc-rp-mo-ba5/photo.jpg",
            "rating": 5,
            "relative_time_description": "6 months ago",
            "text": "Nice cafe in a quiet place of Kolonaki.\nInteresting kitchen, nice design, great service.",
            "time": 1546884138
        },
        {
            "author_name": "MARIA TRIPOL",
            "author_url": "https://www.google.com/maps/contrib/101105078700155774573/reviews",
            "language": "el",
            "profile_photo_url": "https://lh4.googleusercontent.com/-mt3F0DssjTE/AAAAAAAAAAI/AAAAAAAAAAA/ACHi3rdK6wfD9LI95NwWpFESXwCRpffEPA/s128-c0x00000000-cc-rp-mo-ba4/photo.jpg",
            "rating": 2,
            "relative_time_description": "5 months ago",
            "text": "\u0398\u03ad\u03bb\u03b5\u03b9 \u03ba\u03b1\u03b8\u03ac\u03c1\u03b9\u03c3\u03bc\u03b1",
            "time": 1551622378
        },
        {
            "author_name": "ever osfp",
            "author_url": "https://www.google.com/maps/contrib/109032257650477746663/reviews",
            "language": "el",
            "profile_photo_url": "https://lh6.googleusercontent.com/-thl1j0t_qv4/AAAAAAAAAAI/AAAAAAAAAsY/rHW2V6yz0zQ/s128-c0x00000000-cc-rp-mo-ba5/photo.jpg",
            "rating": 4,
            "relative_time_description": "a year ago",
            "text": "\u03a3\u03c4\u03ad\u03ba\u03b9 \u03bc\u03b5 \u03c7\u03b1\u03c1\u03b1\u03ba\u03c4\u03ae\u03c1\u03b1.",
            "time": 1520970870
        },
        {
            "author_name": "maria mpatoudaki",
            "author_url": "https://www.google.com/maps/contrib/110937070244471547537/reviews",
            "profile_photo_url": "https://lh6.googleusercontent.com/-KwVvI4uKLck/AAAAAAAAAAI/AAAAAAAAAAA/ACHi3renFSiNB6koc2KXnc5sVA51e7Zjqg/s128-c0x00000000-cc-rp-mo/photo.jpg",
            "rating": 5,
            "relative_time_description": "4 years ago",
            "text": "",
            "time": 1423580041
        }
    ],
    "type": "cafe"
}
