{
    "id": "9076137d2abf7caff48d776d3360a4ea25ccce24",
    "location": {
        "lat": 37.9797194,
        "lng": 23.7444604
    },
    "name": "Bar 56",
    "rating": 4.5,
    "reviews": [
        {
            "author_name": "Melina Daskalakis",
            "author_url": "https://www.google.com/maps/contrib/101493537104023221573/reviews",
            "language": "en",
            "profile_photo_url": "https://lh5.googleusercontent.com/-PKjflcBGu4Q/AAAAAAAAAAI/AAAAAAAAABY/r8sx6WqCifY/s128-c0x00000000-cc-rp-mo-ba3/photo.jpg",
            "rating": 5,
            "relative_time_description": "4 months ago",
            "text": "A hidden jewel. Athens'  best whiskey bar with jazz and blues music.",
            "time": 1552199611
        },
        {
            "author_name": "Alkman Granitsas",
            "author_url": "https://www.google.com/maps/contrib/110995035888366245168/reviews",
            "language": "en",
            "profile_photo_url": "https://lh6.googleusercontent.com/-nK3r1coZR_4/AAAAAAAAAAI/AAAAAAAAAAA/ACHi3rc6RQVLJWh6iLd05FsmgaLqK2Ce-Q/s128-c0x00000000-cc-rp-mo-ba3/photo.jpg",
            "rating": 5,
            "relative_time_description": "4 months ago",
            "text": "Small, intimate, romantic with good music.",
            "time": 1553123365
        },
        {
            "author_name": "Nikolaos Delavogias",
            "author_url": "https://www.google.com/maps/contrib/100243557678033854873/reviews",
            "language": "en",
            "profile_photo_url": "https://lh5.googleusercontent.com/-QMVF8zppdIY/AAAAAAAAAAI/AAAAAAAAAAA/VsFyA0c5qTI/s128-c0x00000000-cc-rp-mo/photo.jpg",
            "rating": 5,
            "relative_time_description": "7 months ago",
            "text": "Nice, cozy whisky bar.",
            "time": 1545261160
        },
        {
            "author_name": "Antonios Rovertos Perivoliotis",
            "author_url": "https://www.google.com/maps/contrib/103138535306654587442/reviews",
            "language": "en",
            "profile_photo_url": "https://lh3.googleusercontent.com/-oouWqkudZq0/AAAAAAAAAAI/AAAAAAAAAEo/IzIkLZdGUuA/s128-c0x00000000-cc-rp-mo-ba2/photo.jpg",
            "rating": 5,
            "relative_time_description": "7 months ago",
            "text": "Best hidden jazz bar",
            "time": 1546733553
        },
        {
            "author_name": "Aram Chatzantourian",
            "author_url": "https://www.google.com/maps/contrib/106695367024123821512/reviews",
            "language": "en",
            "profile_photo_url": "https://lh5.googleusercontent.com/-xqfVjIaQgq4/AAAAAAAAAAI/AAAAAAAAGsk/C6ypGxHHafA/s128-c0x00000000-cc-rp-mo-ba2/photo.jpg",
            "rating": 5,
            "relative_time_description": "a year ago",
            "text": "Whiskey bar with speakeasy atmosphere. Wide variety of whiskey / malt and a great place for having a conversation without the music being too loud.",
            "time": 1525934261
        }
    ],
    "type": "bar"
}
