{
    "id": "3ba3905df1aa4da64a5411ca233fadbbe4dfcd79",
    "location": {
        "lat": 37.9842652,
        "lng": 23.732579
    },
    "name": "Tivoli",
    "rating": 4.4,
    "reviews": [
        {
            "author_name": "Socratis Sigalas",
            "author_url": "https://www.google.com/maps/contrib/109956196335304232898/reviews",
            "language": "en",
            "profile_photo_url": "https://lh4.googleusercontent.com/-oprXhCtjbxQ/AAAAAAAAAAI/AAAAAAAAAAA/ACHi3rclPE7ZFikNKhQC3yXCjJkHshoutA/s128-c0x00000000-cc-rp-mo-ba3/photo.jpg",
            "rating": 4,
            "relative_time_description": "3 months ago",
            "text": "Friendly environment, nice mysic",
            "time": 1555769269
        },
        {
            "author_name": "Evan Kook",
            "author_url": "https://www.google.com/maps/contrib/110146362347804413856/reviews",
            "language": "en",
            "profile_photo_url": "https://lh3.googleusercontent.com/-_cJe9uqhE28/AAAAAAAAAAI/AAAAAAAAAe8/NqKBB9Bm6oM/s128-c0x00000000-cc-rp-mo-ba4/photo.jpg",
            "rating": 5,
            "relative_time_description": "7 months ago",
            "text": "Great greek traditional food, clean and cosy. A bit hidden but it's totally worth it.",
            "time": 1546258641
        },
        {
            "author_name": "Jordan Zimmerman",
            "author_url": "https://www.google.com/maps/contrib/104857628209678462567/reviews",
            "language": "en",
            "profile_photo_url": "https://lh5.googleusercontent.com/-rmVi0kfywjI/AAAAAAAAAAI/AAAAAAAAAMk/-vsP_C75tZU/s128-c0x00000000-cc-rp-mo/photo.jpg",
            "rating": 5,
            "relative_time_description": "9 months ago",
            "text": "Fantastic family restaurant. Flavorful Greek comfort food.",
            "time": 1539341920
        },
        {
            "author_name": "George Stylianides",
            "author_url": "https://www.google.com/maps/contrib/112894395810843209028/reviews",
            "language": "en",
            "profile_photo_url": "https://lh3.googleusercontent.com/-dvV3CF1jmYY/AAAAAAAAAAI/AAAAAAAAAAA/ACHi3rfQox09yulOqAbv1x4a3oMmTsLyNw/s128-c0x00000000-cc-rp-mo-ba2/photo.jpg",
            "rating": 5,
            "relative_time_description": "3 months ago",
            "text": "Great atmosphere",
            "time": 1555842215
        },
        {
            "author_name": "Nicolas Protonotarios",
            "author_url": "https://www.google.com/maps/contrib/102550344311546796874/reviews",
            "language": "en",
            "profile_photo_url": "https://lh3.googleusercontent.com/-na_4xdjAT-A/AAAAAAAAAAI/AAAAAAAAAQ4/imxlAX9tqR8/s128-c0x00000000-cc-rp-mo-ba3/photo.jpg",
            "rating": 4,
            "relative_time_description": "a year ago",
            "text": "A cramped little place with, however, very good selection of traditional starters (best stuffed vineleaf dolmas in town). Main grill meat plate was also well above average. Live music in the evening was very good but the limited space made this a bit uncomfortable.",
            "time": 1528033234
        }
    ],
    "type": "bar"
}
