{
    "id": "5b00bb21fc8385ebeccd5c118c4d5e12ab117a3c",
    "location": {
        "lat": 37.9814214,
        "lng": 23.7371072
    },
    "name": "M\u00f8nki Kolonaki",
    "rating": 4.1,
    "reviews": [
        {
            "author_name": "love love",
            "author_url": "https://www.google.com/maps/contrib/105843371148403958407/reviews",
            "language": "en",
            "profile_photo_url": "https://lh5.googleusercontent.com/-jm_PfXiuLvk/AAAAAAAAAAI/AAAAAAAAPiA/Gzki1cbpxjU/s128-c0x00000000-cc-rp-mo-ba3/photo.jpg",
            "rating": 2,
            "relative_time_description": "a year ago",
            "text": "Guess I won't be impartial as I don't quite listen to greek music that was mostly played. Nevertheless the dj did his best playing greek music, rap, hip hop and most of '80s genres so it wasn't boring. Medium place, young people and not crowdy.",
            "time": 1518552785
        },
        {
            "author_name": "\u039a\u03ac\u03b6\u03b9\u03ba \u03a6\u03bf\u03c5\u03c1\u03bc\u03b1\u03bd\u03c4\u03c3\u03cd\u03ba",
            "author_url": "https://www.google.com/maps/contrib/108415726732103795704/reviews",
            "language": "en",
            "profile_photo_url": "https://lh3.googleusercontent.com/-gx-ZhaPpEOA/AAAAAAAAAAI/AAAAAAAA3Xk/QHLSzHa6-_o/s128-c0x00000000-cc-rp-mo-ba4/photo.jpg",
            "rating": 3,
            "relative_time_description": "a year ago",
            "text": "Cool place, mediocre prices",
            "time": 1517596972
        },
        {
            "author_name": "\u039c\u03b1\u03c1\u03af\u03bd\u03b1 \u0391.",
            "author_url": "https://www.google.com/maps/contrib/107788350409626068674/reviews",
            "language": "el",
            "profile_photo_url": "https://lh3.googleusercontent.com/-15uev6uK0yw/AAAAAAAAAAI/AAAAAAAAABQ/Kqvm7HiaQtU/s128-c0x00000000-cc-rp-mo-ba4/photo.jpg",
            "rating": 3,
            "relative_time_description": "6 months ago",
            "text": "\u0394\u03b5\u03bd \u03b5\u03af\u03bd\u03b1\u03b9 \u03ba\u03b1\u03b9 \u03b1\u03c0\u03cc \u03c4\u03b1 \u03b1\u03b3\u03b1\u03c0\u03b7\u03bc\u03ad\u03bd\u03b1 \u03bc\u03bf\u03c5 \u03bc\u03b1\u03b3\u03b1\u03b6\u03b9\u03ac, \u03bf\u03cd\u03c4\u03b5 \u03b3\u03b9\u03b1 \u03ba\u03b1\u03c6\u03ad \u03bf\u03cd\u03c4\u03b5 \u03b3\u03b9\u03b1 \u03c0\u03bf\u03c4\u03cc. \u039f \u03ba\u03b1\u03c6\u03ad\u03c2 \u03b5\u03af\u03bd\u03b1\u03b9 \u03b1\u03c1\u03ba\u03b5\u03c4\u03ac \u03ba\u03b1\u03bb\u03cc\u03c2. \u038c\u03c3\u03bf \u03b3\u03b9\u03b1 \u03c4\u03bf \u03b2\u03c1\u03b1\u03b4\u03b9\u03bd\u03cc \u03c0\u03bf\u03c4\u03cc, \u03bc\u03b1\u03b6\u03b5\u03cd\u03b5\u03b9 \u03b1\u03c1\u03ba\u03b5\u03c4\u03cc \u03ba\u03cc\u03c3\u03bc\u03bf, \u03b3\u03af\u03bd\u03b5\u03c4\u03b1\u03b9 \u03c7\u03b1\u03bc\u03cc\u03c2 \u03b1\u03c0\u03cc \u03ba\u03cc\u03c3\u03bc\u03bf. \u0397 \u03bc\u03bf\u03c5\u03c3\u03b9\u03ba\u03ae \u03b4\u03b5\u03bd \u03b5\u03af\u03bd\u03b1\u03b9 \u03c0\u03bf\u03bb\u03cd \u03c9\u03c1\u03b1\u03af\u03b1 \u03ba\u03b1\u03b9 \u03c4\u03bf \u03c3\u03ad\u03c1\u03b2\u03b9\u03c2 \u03ba\u03b1\u03ba\u03cc...",
            "time": 1548878460
        },
        {
            "author_name": "faux potato",
            "author_url": "https://www.google.com/maps/contrib/100937664302204499286/reviews",
            "language": "el",
            "profile_photo_url": "https://lh3.googleusercontent.com/-PFW0FFm9G_Q/AAAAAAAAAAI/AAAAAAAAAL4/PPOnVqAuNZ0/s128-c0x00000000-cc-rp-mo-ba3/photo.jpg",
            "rating": 1,
            "relative_time_description": "a year ago",
            "text": "\u0393\u03b5\u03bd\u03b9\u03ba\u03ac \u03b5\u03bd\u03ce \u03c6\u03b1\u03af\u03bd\u03b5\u03c4\u03b1\u03b9 \u03ba\u03b1\u03bb\u03cc \u03bc\u03b1\u03b3\u03b1\u03b6\u03af, \u03c4\u03bf \u03c0\u03bf\u03c4\u03cc \u03b4\u03b5\u03bd \u03b5\u03af\u03bd\u03b1\u03b9 \u03ba\u03b1\u03bd \u03b1\u03be\u03b9\u03cc\u03bb\u03bf\u03b3\u03bf \u03bf\u03cd\u03c4\u03b5 \u03c3\u03b5 \u03b5\u03bc\u03c6\u03ac\u03bd\u03b9\u03c3\u03b7 \u03b1\u03bb\u03bb\u03ac \u03bf\u03cd\u03c4\u03b5 \u03ba\u03b1\u03b9 \u03c3\u03b5 \u03b3\u03b5\u03cd\u03c3\u03b7 \u03b5\u03c0\u03af\u03c3\u03b7\u03c2 \u03b5\u03af\u03bd\u03b1\u03b9 \u03c0\u03b1\u03bd\u03ac\u03ba\u03c1\u03b9\u03b2\u03bf \u03ba\u03b1\u03b9 \u03c4\u03bf \u03c0\u03c1\u03bf\u03c3\u03c9\u03c0\u03b9\u03ba\u03cc \u03b3\u03b9\u03b1 5 \u03ac\u03c4\u03bf\u03bc\u03b1 \u03bc\u03b1\u03c2 \u03ad\u03c6\u03b5\u03c1\u03b5 \u03bc\u03b9\u03b1 \u03c3\u03c5\u03c3\u03ba\u03b5\u03c5\u03b1\u03c3\u03af\u03b1 \u03bc\u03b5 \u03be\u03b7\u03c1\u03bf\u03cd\u03c2 \u03ba\u03b1\u03c1\u03c0\u03bf\u03cd\u03c2, \u03b1\u03b4\u03b9\u03b1\u03c6\u03bf\u03c1\u03ce \u03b3\u03b9\u03b1 \u03b1\u03c5\u03c4\u03cc \u03b1\u03bb\u03bb\u03ac \u03b1\u03c5\u03c4\u03ac \u03b5\u03af\u03bd\u03b1\u03b9 \u03c0\u03bf\u03c5 \u03bc\u03b5\u03c4\u03c1\u03ac\u03bd\u03b5 \u03c3\u03b5 \u03ad\u03bd\u03b1 \u03bc\u03b1\u03b3\u03b1\u03b6\u03af \u03ba\u03b1\u03b9 \u03c3\u03c4\u03b7\u03bd \u03b5\u03bd\u03c4\u03cd\u03c0\u03c9\u03c3\u03b7 \u03c0\u03bf\u03c5 \u03b8\u03b1 \u03ba\u03ac\u03bd\u03b5\u03b9 \u03c3\u03c4\u03bf\u03bd \u03c0\u03b5\u03bb\u03ac\u03c4\u03b7! \u03a3\u03c4\u03b7\u03bd \u03b4\u03b9\u03ba\u03ae \u03bc\u03bf\u03c5 \u03c0\u03b5\u03c1\u03af\u03c0\u03c4\u03c9\u03c3\u03b7 \u03ba\u03b1\u03b8\u03cc\u03bb\u03bf\u03c5 \u03ba\u03b1\u03bb\u03ae \u03b5\u03bd\u03c4\u03cd\u03c0\u03c9\u03c3\u03b7 \u03b4\u03b5\u03bd \u03ad\u03ba\u03b1\u03bd\u03b5 \u03ba\u03b1\u03b9 \u03bf\u03cd\u03c4\u03b5 \u03c4\u03c1\u03b5\u03bb\u03ac\u03b8\u03b7\u03ba\u03b1 \u03bc\u03b5 \u03c4\u03b7\u03bd \u03b5\u03be\u03c5\u03c0\u03b7\u03c1\u03ad\u03c4\u03b7\u03c3\u03b7! \u0394\u03b5\u03bd \u03c4\u03bf \u03c0\u03c1\u03bf\u03c4\u03b5\u03af\u03bd\u03c9..",
            "time": 1523518451
        },
        {
            "author_name": "FriedmanPAS",
            "author_url": "https://www.google.com/maps/contrib/101539835647442264886/reviews",
            "language": "el",
            "profile_photo_url": "https://lh3.googleusercontent.com/-iFVxmm8_iYA/AAAAAAAAAAI/AAAAAAAAACo/QcY8FA7kPpQ/s128-c0x00000000-cc-rp-mo/photo.jpg",
            "rating": 4,
            "relative_time_description": "9 months ago",
            "text": "\u03a9\u03c1\u03b1\u03af\u03bf\u03c2 \u03c7\u03ce\u03c1\u03bf\u03c2 \u03b3\u03b9\u03b1 \u03c0\u03bf\u03c4\u03ac\u03ba\u03b9 \u03ba\u03b1\u03b9 \u03c3\u03b5 \u03ba\u03b5\u03bd\u03c4\u03c1\u03b9\u03ba\u03cc \u03c3\u03b7\u03bc\u03b5\u03b9\u03bf",
            "time": 1539811658
        }
    ],
    "type": "bar"
}
