{
    "id": "4f8b467f56ded3b9d0f4bc1f14824451b43959bf",
    "location": {
        "lat": 37.9703413,
        "lng": 23.7473806
    },
    "name": "\u039a\u03b1\u03c6\u03ad \u0391\u03c1\u03ba\u03bf\u03cd\u03b4\u03b1 Classic Jazz Rock & Blues Bar",
    "rating": 4.5,
    "reviews": [
        {
            "author_name": "Laura Ursprung",
            "author_url": "https://www.google.com/maps/contrib/108345940210310343637/reviews",
            "language": "en",
            "profile_photo_url": "https://lh3.googleusercontent.com/a-/AAuE7mA6DwOCW4wOjI7a759JlJNE1vXXPC1wjwqCKJnLlA=s128-c0x00000000-cc-rp-mo-ba3",
            "rating": 5,
            "relative_time_description": "a year ago",
            "text": "Great wine. Good snacks. Love the vibe and the music. Nice and friendly. No fuss.",
            "time": 1525961585
        },
        {
            "author_name": "Jason Tsetsos",
            "author_url": "https://www.google.com/maps/contrib/114177937373027583807/reviews",
            "language": "en",
            "profile_photo_url": "https://lh3.googleusercontent.com/-gz8SoKXc0Fc/AAAAAAAAAAI/AAAAAAAAAAA/ACHi3rc9djZgc49_C7zo3ELa146vE3191A/s128-c0x00000000-cc-rp-mo/photo.jpg",
            "rating": 5,
            "relative_time_description": "a year ago",
            "text": "Excellent music and service !!! One of my favourite rock bars in Athens !!",
            "time": 1516298244
        },
        {
            "author_name": "\u03a6\u03af\u03bb\u03b9\u03c0\u03c0\u03bf\u03c2 \u0398\u03b5\u03bf\u03b4\u03ce\u03c1\u03bf\u03c5",
            "author_url": "https://www.google.com/maps/contrib/100501746222184798411/reviews",
            "language": "el",
            "profile_photo_url": "https://lh3.googleusercontent.com/a-/AAuE7mB-HpT4MWsTg_0G5sOgqlVIGeL4WzXH6M65xLAQDw=s128-c0x00000000-cc-rp-mo",
            "rating": 3,
            "relative_time_description": "3 weeks ago",
            "text": "\u039f \u03c7\u03ce\u03c1\u03bf\u03c2 \u03b5\u03af\u03bd\u03b1\u03b9 \u03c0\u03bf\u03bb\u03cd \u03c9\u03c1\u03b1\u03af\u03bf\u03c2. \u0398\u03b1 \u03ad\u03b2\u03b1\u03b6\u03b1 \u03c0\u03ad\u03bd\u03c4\u03b5 \u03b1\u03c3\u03c4\u03ad\u03c1\u03b9\u03b1 \u2728 \u03b1\u03bd \u03bf \u03bc\u03ad\u03c3\u03bf\u03c2 \u03cc\u03c1\u03bf\u03c2 \u03b7\u03bb\u03b9\u03ba\u03af\u03b1 \u03b4\u03b5\u03bd \u03ae\u03c4\u03b1\u03bd 70 \u03c7\u03c1\u03bf\u03bd\u03ce\u03bd",
            "time": 1563349405
        },
        {
            "author_name": "Maria Koutsaki",
            "author_url": "https://www.google.com/maps/contrib/101854798330378626701/reviews",
            "language": "el",
            "profile_photo_url": "https://lh3.googleusercontent.com/-9DNYSh_bngw/AAAAAAAAAAI/AAAAAAAAAAA/ACHi3rdQNUuD9vAVSIVLu7pquDvaoHqXCw/s128-c0x00000000-cc-rp-mo-ba4/photo.jpg",
            "rating": 5,
            "relative_time_description": "9 months ago",
            "text": "\u038c\u03bc\u03bf\u03c1\u03c6\u03bf\u03c2 \u03ba\u03b1\u03b9 \u03c0\u03c1\u03bf\u03c3\u03b5\u03b3\u03bc\u03ad\u03bd\u03bf\u03c2 \u03c7\u03ce\u03c1\u03bf\u03c2 \u03ba\u03bf\u03bd\u03c4\u03ac \u03c3\u03b5 \u03c0\u03bd\u03b5\u03cd\u03bc\u03bf\u03bd\u03b1 \u03c0\u03c1\u03b1\u03c3\u03af\u03bd\u03bf\u03c5, \u03bc\u03b5 \u03c0\u03bf\u03bb\u03cd \u03c9\u03c1\u03b1\u03af\u03b1 \u03bc\u03bf\u03c5\u03c3\u03b9\u03ba\u03ae, \u03ba\u03b1\u03b8\u03b1\u03c1\u03ac \u03ba\u03b1\u03b9 \u03c8\u03b1\u03b3\u03bc\u03ad\u03bd\u03b1 \u03c0\u03bf\u03c4\u03ac, \u03b5\u03c5\u03b3\u03b5\u03bd\u03b9\u03ba\u03bf\u03cd\u03c2 \u03b9\u03b4\u03b9\u03bf\u03ba\u03c4\u03ae\u03c4\u03b5\u03c2 \u03ba\u03b1\u03b9 \u03c7\u03c9\u03c1\u03af\u03c2 \u03b2\u03b1\u03b2\u03bf\u03cd\u03c1\u03b1 \u03ba\u03b1\u03b9 \u03c3\u03c5\u03bd\u03c9\u03c3\u03c4\u03b9\u03c3\u03bc\u03cc! \u0399\u03b4\u03b1\u03bd\u03b9\u03ba\u03cc \u03c4\u03cc\u03c3\u03bf \u03b3\u03b9\u03b1 \u03c4\u03bf \u03c7\u03b5\u03b9\u03bc\u03ce\u03bd\u03b1 \u03cc\u03c3\u03bf \u03ba\u03b1\u03b9 \u03b3\u03b9\u03b1 \u03c4\u03bf \u03ba\u03b1\u03bb\u03bf\u03ba\u03b1\u03af\u03c1\u03b9! \u0395\u03bb\u03c0\u03af\u03b6\u03c9 \u03ba\u03b9 \u03b5\u03cd\u03c7\u03bf\u03bc\u03b1\u03b9 \u03bd\u03b1 \u03bc\u03b1\u03ba\u03c1\u03bf\u03b7\u03bc\u03b5\u03c1\u03b5\u03cd\u03c3\u03b5\u03b9!  5 \u03b1\u03c3\u03c4\u03ad\u03c1\u03b9\u03b1 \u03b1\u03c0' \u03b5\u03bc\u03ad\u03bd\u03b1 \u03ba\u03b5\u03c1\u03b4\u03b9\u03c3\u03bc\u03ad\u03bd\u03b1 \u03bc\u03b5 \u03c4\u03b7\u03bd \u03b1\u03be\u03af\u03b1 \u03c4\u03bf\u03c5!",
            "time": 1542133732
        },
        {
            "author_name": "painkiller8383",
            "author_url": "https://www.google.com/maps/contrib/112684946015648287929/reviews",
            "language": "el",
            "profile_photo_url": "https://lh3.googleusercontent.com/a-/AAuE7mCmk3MfLPvgoZx0nGnaIjqPCmDct_7ILzAy1OXf=s128-c0x00000000-cc-rp-mo",
            "rating": 2,
            "relative_time_description": "7 months ago",
            "text": "\u0396\u03b5\u03c3\u03c4\u03bf \u03bc\u03b1\u03b3\u03b1\u03b6\u03b1\u03ba\u03b9. \u039c\u03bf\u03c5\u03c3\u03b9\u03ba\u03b7 \u03c0\u03bf\u03c5 \u03b9\u03c3\u03b1 \u03bf\u03c3\u03b1 \u03b1\u03ba\u03bf\u03c5\u03b3\u03b5\u03c4\u03b1\u03b9. \u0397\u03bb\u03b9\u03ba\u03b9\u03b5\u03c2 \u03ba\u03b1\u03c0\u03b7.",
            "time": 1546765645
        }
    ],
    "type": "bar"
}