{
    "id": "4c9e863d46bb81e0f449da6faa8369db1ceb9e15",
    "location": {
        "lat": 37.9762056,
        "lng": 23.7516959
    },
    "name": "Roha's Cocktail Bar",
    "rating": 4.3,
    "reviews": [
        {
            "author_name": "Maria Lalea",
            "author_url": "https://www.google.com/maps/contrib/115673519283055262185/reviews",
            "language": "en",
            "profile_photo_url": "https://lh4.googleusercontent.com/-uHvJwcZ_VCo/AAAAAAAAAAI/AAAAAAAAAAA/ACHi3reNHHTLliTmKRzLeGURlnAcsYabhA/s128-c0x00000000-cc-rp-mo-ba6/photo.jpg",
            "rating": 4,
            "relative_time_description": "7 months ago",
            "text": "Quite popular dance club with elegant people  and well organized events. Attracts people of all ages,  excellent drinks, fast service can get stuffy and crowded. Hosts great dance shows, happenings and competitions with great prizes. Great choice for an unforgettable evening out.",
            "time": 1545666538
        },
        {
            "author_name": "\u03c7\u03b9\u03bf\u03bd\u03bf\u03b8\u03cd\u03b5\u03bb\u03bb\u03b1 \u03c7\u03b9\u03cc\u03bd\u03b9",
            "author_url": "https://www.google.com/maps/contrib/117186466683654590341/reviews",
            "language": "en",
            "profile_photo_url": "https://lh3.googleusercontent.com/-fZAWSBn3P6A/AAAAAAAAAAI/AAAAAAAAAAA/ACHi3rcyQxSI4kC863BnkEJP4yod4GGkHw/s128-c0x00000000-cc-rp-mo-ba4/photo.jpg",
            "rating": 2,
            "relative_time_description": "a year ago",
            "text": "That night they had an entrance fee of 10\u20ac with a drink, but it wasn't written anywhere before, we found out there that we had to pay. Tried to persuade us that it wasn't an unreasonable price, as if a beer or a glass of wine, even a cocktail should cost that much. Low aesthetics. Indifferent crowd.",
            "time": 1529845441
        },
        {
            "author_name": "fotis fotis",
            "author_url": "https://www.google.com/maps/contrib/115041299343642435339/reviews",
            "language": "en",
            "profile_photo_url": "https://lh4.googleusercontent.com/-KrZahUoeYXU/AAAAAAAAAAI/AAAAAAAAAJo/RNtvAgB-ivo/s128-c0x00000000-cc-rp-mo-ba4/photo.jpg",
            "rating": 4,
            "relative_time_description": "8 months ago",
            "text": "great place for a latin party once every month",
            "time": 1541902747
        },
        {
            "author_name": "Anestis Giannas",
            "author_url": "https://www.google.com/maps/contrib/106390989870474110704/reviews",
            "language": "en",
            "profile_photo_url": "https://lh4.googleusercontent.com/-BF7_OmNXEYQ/AAAAAAAAAAI/AAAAAAAAACI/aMlv9cmRamE/s128-c0x00000000-cc-rp-mo-ba3/photo.jpg",
            "rating": 4,
            "relative_time_description": "a year ago",
            "text": "A true dance place! If you like dancing you will feel like home if not ? You will be amazed",
            "time": 1526910843
        },
        {
            "author_name": "Markos Korvesis",
            "author_url": "https://www.google.com/maps/contrib/117738519093584189827/reviews",
            "language": "en",
            "profile_photo_url": "https://lh4.googleusercontent.com/-cLpt8wSthrg/AAAAAAAAAAI/AAAAAAAAAlA/pBusyHutOfk/s128-c0x00000000-cc-rp-mo-ba4/photo.jpg",
            "rating": 5,
            "relative_time_description": "a year ago",
            "text": "Amazing place for romantic Bachata & Kizomba nights! Excellent service and big dance floor!",
            "time": 1529348460
        }
    ],
    "type": "bar"
}
