{
    "id": "71879e85e796e668f42a408137371bfab8b1b468",
    "location": {
        "lat": 37.9770616,
        "lng": 23.7267262
    },
    "name": "Poems n' crimes Art Bar",
    "rating": 4.2,
    "reviews": [
        {
            "author_name": "Brian Bongard",
            "author_url": "https://www.google.com/maps/contrib/105082342941019179945/reviews",
            "language": "en",
            "profile_photo_url": "https://lh3.googleusercontent.com/-Ole7fBc6Lus/AAAAAAAAAAI/AAAAAAAAAAA/ACHi3rfkbb8-1o3VOw-Y4a5dEq8kNY2Grw/s128-c0x00000000-cc-rp-mo/photo.jpg",
            "rating": 5,
            "relative_time_description": "2 months ago",
            "text": "Comfortable, laid back friendly vibe, good food. Unique and interesting as they are also publishers and have featured authors as well as book signing events.",
            "time": 1558827923
        },
        {
            "author_name": "Angelos D",
            "author_url": "https://www.google.com/maps/contrib/106342636614587582143/reviews",
            "language": "en",
            "profile_photo_url": "https://lh3.googleusercontent.com/-DlLhx8oxqbc/AAAAAAAAAAI/AAAAAAAAAM8/RCkr6ZY9Yl4/s128-c0x00000000-cc-rp-mo-ba2/photo.jpg",
            "rating": 5,
            "relative_time_description": "a month ago",
            "text": "Really nice play to have a cup of coffee, relax and read/study.",
            "time": 1560108429
        },
        {
            "author_name": "Raf Flak",
            "author_url": "https://www.google.com/maps/contrib/114074754666233294678/reviews",
            "language": "en",
            "profile_photo_url": "https://lh5.googleusercontent.com/-X3tNaFs0Ca0/AAAAAAAAAAI/AAAAAAAAARQ/Ic4oqDwgfZc/s128-c0x00000000-cc-rp-mo-ba2/photo.jpg",
            "rating": 5,
            "relative_time_description": "in the last week",
            "text": "Great place for reading and having a good conversation.",
            "time": 1564271846
        },
        {
            "author_name": "Marina Leybishkis",
            "author_url": "https://www.google.com/maps/contrib/115498938721123043870/reviews",
            "language": "en",
            "profile_photo_url": "https://lh3.googleusercontent.com/-PKHmZwyPXXc/AAAAAAAAAAI/AAAAAAAAAAA/ACHi3refkpRfvb6IoC-cMHjV42gdamQZAw/s128-c0x00000000-cc-rp-mo/photo.jpg",
            "rating": 1,
            "relative_time_description": "5 months ago",
            "text": "The cafe has horrible what they called  \u201chot chocolate\u201d and I did ask waiter if he is sure that it is hot chocolate and not a simple hot cocoa, and he confirmed that it is hot chocolate at the end he brought a simple hot cocoa. It is not the first time I come there and I find cafe not good most of the staff out of menu is not available. The waiters are unprofessional, the book shop is nice, and small gallery upstairs is nice as well",
            "time": 1549444370
        },
        {
            "author_name": "alexandros iliadis",
            "author_url": "https://www.google.com/maps/contrib/112952215722035173042/reviews",
            "language": "en",
            "profile_photo_url": "https://lh3.googleusercontent.com/-iLxSydjBPG4/AAAAAAAAAAI/AAAAAAAAF4w/u_5wa7bLxIU/s128-c0x00000000-cc-rp-mo-ba3/photo.jpg",
            "rating": 5,
            "relative_time_description": "3 months ago",
            "text": "One of the most amazing places to listen to the best musicians on the Rebetiko (old Greek music). Small place, non smoking, acousting playing, no microphones, one of the best situations I've found myself in! A must visit, especially every 2nd Sunday of each month, that hosts the greatests artists to play music !",
            "time": 1555432989
        }
    ],
    "type": "bar"
}
