{
    "id": "ff8d0f1a2a38456ab42fac602de1df2a6f4b20f8",
    "location": {
        "lat": 37.9859684,
        "lng": 23.7206457
    },
    "name": "Ela na sou po",
    "rating": 4.3,
    "reviews": [
        {
            "author_name": "Theodora",
            "author_url": "https://www.google.com/maps/contrib/102719273895624604522/reviews",
            "language": "en",
            "profile_photo_url": "https://lh6.googleusercontent.com/-Z-rr6g-lrK8/AAAAAAAAAAI/AAAAAAAAAAA/ACHi3rf-6BVQZQ2Y7LmC5t8B_UcHvxK55g/s128-c0x00000000-cc-rp-mo-ba3/photo.jpg",
            "rating": 5,
            "relative_time_description": "3 months ago",
            "text": "A favorite bar I recently discovered. The absolute COOL. The bar and the bar woman I saw resemble a beach cantine on a non-touristy beach. GREAT DJ sets. Limited selection of beers. Didn\u2019t try the drinks. The absolute must-go in Athens if you re on the hype side of things.",
            "time": 1555009408
        },
        {
            "author_name": "Bankier",
            "author_url": "https://www.google.com/maps/contrib/113902042159070457155/reviews",
            "language": "en",
            "profile_photo_url": "https://lh4.googleusercontent.com/--dVw9mzp8qc/AAAAAAAAAAI/AAAAAAAAAB8/rxRgoWB3VG8/s128-c0x00000000-cc-rp-mo/photo.jpg",
            "rating": 5,
            "relative_time_description": "a month ago",
            "text": "Very cool bar. Greatings from austria.",
            "time": 1560288315
        },
        {
            "author_name": "Julian Good",
            "author_url": "https://www.google.com/maps/contrib/112880588703088531621/reviews",
            "language": "en",
            "profile_photo_url": "https://lh6.googleusercontent.com/-hHZSDQPGZ2I/AAAAAAAAAAI/AAAAAAAAAC8/B0jok-U16tw/s128-c0x00000000-cc-rp-mo-ba3/photo.jpg",
            "rating": 4,
            "relative_time_description": "5 months ago",
            "text": "Friendly staff, and good prices. Place was very small however. I'm sure it's great for locals, tourists might want to look elsewhere.",
            "time": 1549485992
        },
        {
            "author_name": "Rania Serageldin",
            "author_url": "https://www.google.com/maps/contrib/102449713472412298959/reviews",
            "language": "en",
            "profile_photo_url": "https://lh4.googleusercontent.com/-fmvZ0PURaj8/AAAAAAAAAAI/AAAAAAAAAAA/ACHi3rcDO50IP9OJxT1n6em7axDEbP6_xg/s128-c0x00000000-cc-rp-mo/photo.jpg",
            "rating": 5,
            "relative_time_description": "a month ago",
            "text": "Nice bar for only drinks. No food.",
            "time": 1560662500
        },
        {
            "author_name": "GREGORY NIRMAN",
            "author_url": "https://www.google.com/maps/contrib/100207868123938705749/reviews",
            "language": "en",
            "profile_photo_url": "https://lh5.googleusercontent.com/-YKVrlYoheeQ/AAAAAAAAAAI/AAAAAAAAAAA/ACHi3retQeH4zs59Y5JeeDaAT_1Spx-nYg/s128-c0x00000000-cc-rp-mo/photo.jpg",
            "rating": 5,
            "relative_time_description": "5 months ago",
            "text": "Very tasty traditonal greek place. Recommend",
            "time": 1551340954
        }
    ],
    "type": "bar"
}
