{
    "id": "a1aab774cb8b4b71b8d0ab6f403a868f77bf4c88",
    "location": {
        "lat": 37.9707948,
        "lng": 23.7245831
    },
    "name": "Odeon of Herodes Atticus",
    "rating": 4.8,
    "reviews": [
        {
            "author_name": "Michlerish Michlerish",
            "author_url": "https://www.google.com/maps/contrib/109538620843373620698/reviews",
            "language": "en",
            "profile_photo_url": "https://lh5.googleusercontent.com/-WOZ1qL1Rr90/AAAAAAAAAAI/AAAAAAAAAAA/8jFJUBQP93k/s128-c0x00000000-cc-rp-mo-ba5/photo.jpg",
            "rating": 5,
            "relative_time_description": "a week ago",
            "text": "Beautiful venue with so much history. If you have a chance to see a concert or opera here, don't miss it! I saw La Traviata opera here and it was the highlight of my trip. The acropolis is lit up in the background, the acoustics are amazing, and the view is incredible.",
            "time": 1564429803
        },
        {
            "author_name": "Satish Chandran",
            "author_url": "https://www.google.com/maps/contrib/111757298443404873095/reviews",
            "language": "en",
            "profile_photo_url": "https://lh4.googleusercontent.com/-kFBCxN84b0U/AAAAAAAAAAI/AAAAAAAADzA/pmkU_I4jBlo/s128-c0x00000000-cc-rp-mo-ba7/photo.jpg",
            "rating": 5,
            "relative_time_description": "3 weeks ago",
            "text": "Wow, massive and amazing place. Must see. Trying to imagine that once this was all in good use drives home the architectural marvel this structure actually is. Highly recommended.",
            "time": 1563193779
        },
        {
            "author_name": "Helma van den Berg",
            "author_url": "https://www.google.com/maps/contrib/116018169480100306684/reviews",
            "language": "en",
            "profile_photo_url": "https://lh6.googleusercontent.com/-42mFFQ4eVJI/AAAAAAAAAAI/AAAAAAAAAYc/2Ovl9QUClRs/s128-c0x00000000-cc-rp-mo-ba4/photo.jpg",
            "rating": 4,
            "relative_time_description": "a month ago",
            "text": "Good atmosphere, sound is reasonably well, quality of the opera was fine. Includes subtitles in English. Of course, the seats were not that comfortable, and we were unable to locate toilets. However, being there in such an old structure was more than worth it!!!! Go get tickets if you can!",
            "time": 1560787876
        },
        {
            "author_name": "Angeline Basuki",
            "author_url": "https://www.google.com/maps/contrib/101793005684197825222/reviews",
            "language": "en",
            "profile_photo_url": "https://lh4.googleusercontent.com/-4OOPwdAxSho/AAAAAAAAAAI/AAAAAAAAAH0/lviZf61RlBk/s128-c0x00000000-cc-rp-mo-ba4/photo.jpg",
            "rating": 5,
            "relative_time_description": "a month ago",
            "text": "Amazing space for concert or theatre performance. It has been there for thousands of years, but the quality of the sound is still very good. If you are in Athens, one of the bucket list you will need to check is to see a performance inside this theatre",
            "time": 1561586966
        },
        {
            "author_name": "John J",
            "author_url": "https://www.google.com/maps/contrib/102807400472379536281/reviews",
            "language": "en",
            "profile_photo_url": "https://lh6.googleusercontent.com/-AQ2R5uNkXPI/AAAAAAAAAAI/AAAAAAAAAAA/ACHi3rcbRdCfeCfHzNs25ai7grumonULOQ/s128-c0x00000000-cc-rp-mo-ba5/photo.jpg",
            "rating": 5,
            "relative_time_description": "a month ago",
            "text": "We went to a concert in this place as part of our stay in Athens and it is highly recommended that you do so. The acoustics are very different to your average concert hall.... Not very reverby or roomy sounding, but very unique in its own way. \nThe open-air characteristic of this venue is great for the atmosphere, but there can occasionally be dogs barking in the background or other ambient noises that can interrupt a performance every so often. \n\nBut it's an opportunity to see a concert within a piece of history, which is an experience all in itself. Very worthwhile going to this venue for a show.",
            "time": 1560889951
        }
    ],
    "type": "point_of_interest"
}