{
    "id": "de4b7e92e528c77bb5bda30078406a3fa974a650",
    "location": {
        "lat": 37.9848865,
        "lng": 23.7407342
    },
    "name": "BLUE FOX",
    "rating": 4.4,
    "reviews": [
        {
            "author_name": "George Giakoumis",
            "author_url": "https://www.google.com/maps/contrib/113278565146576794586/reviews",
            "language": "en",
            "profile_photo_url": "https://lh5.googleusercontent.com/-fQOzSzEA8ew/AAAAAAAAAAI/AAAAAAAAYqU/GUGcANWf1pw/s128-c0x00000000-cc-rp-mo-ba4/photo.jpg",
            "rating": 5,
            "relative_time_description": "2 months ago",
            "text": "Very nice bar especially if you like and dance Rock n Roll.  Rock n Roll parties are taking place usually in Thursdays",
            "time": 1558541142
        },
        {
            "author_name": "\u0393\u03b9\u03ce\u03c1\u03b3\u03bf\u03c2 \u039b\u03b5\u03b2\u03ad\u03bd\u03c4\u03b7\u03c2",
            "author_url": "https://www.google.com/maps/contrib/117992359507313568950/reviews",
            "language": "en",
            "profile_photo_url": "https://lh6.googleusercontent.com/-eEzVB23AC10/AAAAAAAAAAI/AAAAAAAAA_Q/KCvNUb6eY-0/s128-c0x00000000-cc-rp-mo-ba5/photo.jpg",
            "rating": 3,
            "relative_time_description": "a year ago",
            "text": "A cult club in Athens. Good place to dance rock 'n' roll and swing but nothing more. The songs are usually the same with slight variation as well as the people there. The prices are ok, the decorations moderate enough. If you haven't been in a swing class you are gonna feel an unwelcoming aura. People are happy and drinks seem to be fine.",
            "time": 1530919839
        },
        {
            "author_name": "Nikos Drakos",
            "author_url": "https://www.google.com/maps/contrib/111595739937271036984/reviews",
            "language": "en",
            "profile_photo_url": "https://lh4.googleusercontent.com/-9P7tSWmNaLQ/AAAAAAAAAAI/AAAAAAAAA3k/qNzvzpHNTwE/s128-c0x00000000-cc-rp-mo/photo.jpg",
            "rating": 5,
            "relative_time_description": "8 months ago",
            "text": "Best place to dance rock n roll! Lots of friendly people!",
            "time": 1542278605
        },
        {
            "author_name": "Stylianos Varchanis",
            "author_url": "https://www.google.com/maps/contrib/109422119306449883144/reviews",
            "language": "en",
            "profile_photo_url": "https://lh5.googleusercontent.com/-iGoeet0fDe0/AAAAAAAAAAI/AAAAAAAAAHg/I0_7aYoYyBQ/s128-c0x00000000-cc-rp-mo-ba3/photo.jpg",
            "rating": 1,
            "relative_time_description": "3 months ago",
            "text": "The place was dirty, the building was old and the toilets were awful.",
            "time": 1555173852
        },
        {
            "author_name": "\u03a3\u03c0\u03cd\u03c1\u03bf\u03c2 \u03a4\u03c3\u03b1\u03c1\u03bf\u03cd\u03c7\u03b7\u03c2",
            "author_url": "https://www.google.com/maps/contrib/102291999406182526003/reviews",
            "language": "en",
            "profile_photo_url": "https://lh6.googleusercontent.com/-fzj5g4WNVWE/AAAAAAAAAAI/AAAAAAAAAF0/bna_z0ns8tw/s128-c0x00000000-cc-rp-mo/photo.jpg",
            "rating": 5,
            "relative_time_description": "a year ago",
            "text": "Perfect themed-bar! If you want to dance Rock'n'roll or Swing, come here! Great people also!",
            "time": 1514124898
        }
    ],
    "type": "bar"
}