{
    "id": "dd9098fbd021e579e8fc3e94ea7c488f28032992",
    "location": {
        "lat": 37.9790924,
        "lng": 23.7426759
    },
    "name": "Jazz In Jazz",
    "rating": 4.7,
    "reviews": [
        {
            "author_name": "Maria Bardis",
            "author_url": "https://www.google.com/maps/contrib/112101137530361772007/reviews",
            "language": "en",
            "profile_photo_url": "https://lh5.googleusercontent.com/-4z73BTcNDLU/AAAAAAAAAAI/AAAAAAAAAZQ/wHmvg1SRXMQ/s128-c0x00000000-cc-rp-mo-ba4/photo.jpg",
            "rating": 4,
            "relative_time_description": "3 months ago",
            "text": "Authentic, tiny, cozy bar, perfect for rainy days, excellent jazz music, amazing -\"horror vacui\" - decoration, kind bartenders. Great atmosphere, especially for couples. Reasonable prices. Almost impossible to find a parking space. A 15' walk though from the metro station. You can enjoy walking, all the way up to the bar, whilst \"eavesdropping\" music coming out of other bars.",
            "time": 1554650072
        },
        {
            "author_name": "Vasileios Dimitrakis",
            "author_url": "https://www.google.com/maps/contrib/113811611731207856520/reviews",
            "language": "en",
            "profile_photo_url": "https://lh3.googleusercontent.com/-KRQOEee9EfY/AAAAAAAAAAI/AAAAAAAAAAA/ACHi3rd0nrILHtxZhNvqow0h4EdmrHC-mg/s128-c0x00000000-cc-rp-mo/photo.jpg",
            "rating": 5,
            "relative_time_description": "7 months ago",
            "text": "Excellent bar, with very nice decoration, atmosphere and lovely music. It is the perfect place to listen to Jazz music. I highly recommend it",
            "time": 1546681413
        },
        {
            "author_name": "Athens Glance",
            "author_url": "https://www.google.com/maps/contrib/102221417898560166228/reviews",
            "language": "en",
            "profile_photo_url": "https://lh5.googleusercontent.com/-G7D0T1VWPTM/AAAAAAAAAAI/AAAAAAAAADQ/6kUYvbwwGFU/s128-c0x00000000-cc-rp-mo-ba4/photo.jpg",
            "rating": 5,
            "relative_time_description": "6 months ago",
            "text": "Amazing little cozy bar for Jazz, one of the little secrets of Athens! Go early because it would be difficult to find a seat! You get served from the bar! \ud83d\ude09",
            "time": 1549034388
        },
        {
            "author_name": "Marialena Filippidi",
            "author_url": "https://www.google.com/maps/contrib/112978884021402889394/reviews",
            "language": "en",
            "profile_photo_url": "https://lh6.googleusercontent.com/-s_8DcVdvxP0/AAAAAAAAAAI/AAAAAAAAFCc/XarDSTkh_DM/s128-c0x00000000-cc-rp-mo-ba4/photo.jpg",
            "rating": 5,
            "relative_time_description": "5 months ago",
            "text": "If you like jazz music thats your place in Athens. Small bar but amazing atmosphere",
            "time": 1551889457
        },
        {
            "author_name": "Dimitris Damaskos",
            "author_url": "https://www.google.com/maps/contrib/116269583507844348322/reviews",
            "language": "en",
            "profile_photo_url": "https://lh4.googleusercontent.com/-FieBKKVJhNk/AAAAAAAAAAI/AAAAAAAAAPs/3JlniQ_QKLc/s128-c0x00000000-cc-rp-mo-ba4/photo.jpg",
            "rating": 5,
            "relative_time_description": "5 months ago",
            "text": "Nice atmosphere, very good old fashioned. Trust the bartenders to help you choose what you will drink.",
            "time": 1551131550
        }
    ],
    "type": "bar"
}
