{
    "id": "5f27d6351e717d35285a2cbe2644e42c8308210b",
    "location": {
        "lat": 37.9780718,
        "lng": 23.7118414
    },
    "name": "\u0392' \u03a8\u03c5\u03c7\u03b9\u03b1\u03c4\u03c1\u03b9\u03ba\u03ae",
    "rating": 3.8,
    "reviews": [
        {
            "author_name": "gigian1000",
            "author_url": "https://www.google.com/maps/contrib/116056770510419882448/reviews",
            "language": "en",
            "profile_photo_url": "https://lh5.googleusercontent.com/-deU2eAkIGD0/AAAAAAAAAAI/AAAAAAAAAAA/ACHi3rdrT4fY5uEmQXJB49qTSMtIk1-9fQ/s128-c0x00000000-cc-rp-mo/photo.jpg",
            "rating": 2,
            "relative_time_description": "6 months ago",
            "text": "Very busy, people were just standing still, no dancing. 2 stars because you can use your card, but it takes forever.",
            "time": 1548001346
        },
        {
            "author_name": "Life Pr.",
            "author_url": "https://www.google.com/maps/contrib/106364575328492617056/reviews",
            "language": "en",
            "profile_photo_url": "https://lh4.googleusercontent.com/-fcWuOgUMpPM/AAAAAAAAAAI/AAAAAAAAAbw/NxrFtEO8jcw/s128-c0x00000000-cc-rp-mo-ba3/photo.jpg",
            "rating": 4,
            "relative_time_description": "a year ago",
            "text": "Funny place, if you are not Greek. Interesting listening to greek music non stop!!",
            "time": 1527198860
        },
        {
            "author_name": "Stamatis Skoutelis",
            "author_url": "https://www.google.com/maps/contrib/113897006961140429745/reviews",
            "language": "en",
            "profile_photo_url": "https://lh4.googleusercontent.com/-SU3jIUV_Nj4/AAAAAAAAAAI/AAAAAAAAATw/EE6Z9Gb2xDk/s128-c0x00000000-cc-rp-mo-ba4/photo.jpg",
            "rating": 5,
            "relative_time_description": "a year ago",
            "text": "Nice",
            "time": 1525639286
        },
        {
            "author_name": "\u0393\u03b9\u03ce\u03c1\u03b3\u03bf\u03c2 \u039c\u03c0\u03b5\u03bb\u03b1\u03b4\u03ac\u03ba\u03b7\u03c2",
            "author_url": "https://www.google.com/maps/contrib/103882095092247475696/reviews",
            "language": "en",
            "profile_photo_url": "https://lh4.googleusercontent.com/-WzqYLL5twe4/AAAAAAAAAAI/AAAAAAAAABQ/gvOLHzImac4/s128-c0x00000000-cc-rp-mo-ba3/photo.jpg",
            "rating": 3,
            "relative_time_description": "a year ago",
            "text": "So so",
            "time": 1525215299
        },
        {
            "author_name": "panagioths mpalatsos",
            "author_url": "https://www.google.com/maps/contrib/108196349478644614412/reviews",
            "language": "el",
            "profile_photo_url": "https://lh5.googleusercontent.com/-mAhZ2n4iRMo/AAAAAAAAAAI/AAAAAAAACOs/dxFcA0VrOoU/s128-c0x00000000-cc-rp-mo/photo.jpg",
            "rating": 1,
            "relative_time_description": "a month ago",
            "text": "\u039c\u03b1\u03ba\u03c1\u03b9\u03ac \u03c0\u03b1\u03b9\u03b4\u03b9\u03ac \u03c3\u03b1\u03c2 \u03ba\u03bb\u03ad\u03b2\u03bf\u03c5\u03bd \u03b5\u03ba\u03b5\u03af \u03bc\u03ad\u03c3\u03b1!!",
            "time": 1561551766
        }
    ],
    "type": "night_club"
}