{
    "id": "9d84ff151fed423d8a977ec155f6292c40156c39",
    "location": {
        "lat": 37.9670578,
        "lng": 23.7125426
    },
    "name": "BRAZILIANA",
    "rating": 4.3,
    "reviews": [
        {
            "author_name": "Sarafina Ullrich",
            "author_url": "https://www.google.com/maps/contrib/105686011186890789363/reviews",
            "language": "en",
            "profile_photo_url": "https://lh3.googleusercontent.com/-uyk9Y5lPV5I/AAAAAAAAAAI/AAAAAAAAAAA/ACHi3rcH0Ck9Mvafd0kdtJnSf8p41g7-Cw/s128-c0x00000000-cc-rp-mo-ba2/photo.jpg",
            "rating": 4,
            "relative_time_description": "3 months ago",
            "text": "Cozy place. I like the childs painting on the walls. Nice service and good music. Also a very tasty mushroompie :)",
            "time": 1555518058
        },
        {
            "author_name": "Teo Reilly",
            "author_url": "https://www.google.com/maps/contrib/106753709250122369696/reviews",
            "language": "en",
            "profile_photo_url": "https://lh6.googleusercontent.com/-SqWa6ZFu0XI/AAAAAAAAAAI/AAAAAAAANlY/-nBI2V442PQ/s128-c0x00000000-cc-rp-mo-ba3/photo.jpg",
            "rating": 3,
            "relative_time_description": "2 months ago",
            "text": "Meh... Just meh",
            "time": 1558377997
        },
        {
            "author_name": "Philippos Mavropoulos",
            "author_url": "https://www.google.com/maps/contrib/102958521603679759114/reviews",
            "language": "en",
            "profile_photo_url": "https://lh4.googleusercontent.com/-EzPWchpU8bM/AAAAAAAAAAI/AAAAAAAASXo/IPiA5Ucw8cc/s128-c0x00000000-cc-rp-mo-ba3/photo.jpg",
            "rating": 1,
            "relative_time_description": "6 months ago",
            "text": "Bad idea. Old fashion low quality bar with the style of the post lefty thinking zone.",
            "time": 1547537703
        },
        {
            "author_name": "Anton Radulescu",
            "author_url": "https://www.google.com/maps/contrib/115866951803222979510/reviews",
            "language": "en",
            "profile_photo_url": "https://lh6.googleusercontent.com/-MR9h2VBuXmM/AAAAAAAAAAI/AAAAAAAAABM/2RMVGowbsF0/s128-c0x00000000-cc-rp-mo-ba3/photo.jpg",
            "rating": 5,
            "relative_time_description": "6 months ago",
            "text": "Very nice bar with friendly staff.",
            "time": 1547882754
        },
        {
            "author_name": "Daphne Giannoulatou",
            "author_url": "https://www.google.com/maps/contrib/114348471249036276272/reviews",
            "language": "en",
            "profile_photo_url": "https://lh4.googleusercontent.com/-SVlpf9CWr-8/AAAAAAAAAAI/AAAAAAAAAqk/B_ZXfXjuynA/s128-c0x00000000-cc-rp-mo-ba2/photo.jpg",
            "rating": 5,
            "relative_time_description": "3 months ago",
            "text": "Perfect!",
            "time": 1556234988
        }
    ],
    "type": "bar"
}
