{
    "id": "ff46fe43debd019bba08903c0a853c066dc3fec2",
    "location": {
        "lat": 37.9635144,
        "lng": 23.7245757
    },
    "name": "Materia Prima, cava & wine bar",
    "rating": 4.7,
    "reviews": [
        {
            "author_name": "Alexandros Marios Economopoulos",
            "author_url": "https://www.google.com/maps/contrib/111972203262942163450/reviews",
            "language": "en",
            "profile_photo_url": "https://lh4.googleusercontent.com/-C3z0jLRdsOM/AAAAAAAAAAI/AAAAAAAAALQ/sxRyp9I9yP8/s128-c0x00000000-cc-rp-mo-ba2/photo.jpg",
            "rating": 3,
            "relative_time_description": "2 months ago",
            "text": "Nice little wine bar with good selection of wines. One star goes for the location which is really good and convenient. Second for the atmosphere, and the fact they don\u2019t allow smoking inside, thank you! Third star for the variety of wines they have and the great staff that is always there to help you! However, the wines they have, and the food, are pricey. I checked the prices for many of the wines they have and everything is at least half of what they charge. Same goes for the food. It is undeniable that charging 3\u20ac+ for olives and 3 slices of toasted bread is expensive. If they fix the prices then I will totally give it 5 stars.",
            "time": 1559193646
        },
        {
            "author_name": "Antonis Stavroulakis",
            "author_url": "https://www.google.com/maps/contrib/104332763921931023600/reviews",
            "language": "en",
            "profile_photo_url": "https://lh5.googleusercontent.com/-98QX7ZEbdXY/AAAAAAAAAAI/AAAAAAAAFhg/iRtvm4JORBs/s128-c0x00000000-cc-rp-mo-ba5/photo.jpg",
            "rating": 4,
            "relative_time_description": "2 months ago",
            "text": "Small and efficient. Quite a big variety of wines, some of which is difficult to find elsewhere. The menu is cleverly designed and executed, there is always a dish that can accompany your choice of wine(s). And you always have the cheese  choices if you want less elaborated tastes for your wine(s). Pricewise? A pleasant surprise! You'll return soon!",
            "time": 1557867877
        },
        {
            "author_name": "Michael Duffy",
            "author_url": "https://www.google.com/maps/contrib/101615215591094334174/reviews",
            "language": "en",
            "profile_photo_url": "https://lh3.googleusercontent.com/-NQ45AmIHYvA/AAAAAAAAAAI/AAAAAAAAAAA/ACHi3re27btPpLeI8ni0NuIEq52yhRDMsw/s128-c0x00000000-cc-rp-mo/photo.jpg",
            "rating": 5,
            "relative_time_description": "2 months ago",
            "text": "Great wine bar with knowledgeable and friendly bartender. Not a bunch of tourist. Feels like a locals hangout.",
            "time": 1557678151
        },
        {
            "author_name": "Mr Marios",
            "author_url": "https://www.google.com/maps/contrib/113143456113529031429/reviews",
            "language": "en",
            "profile_photo_url": "https://lh5.googleusercontent.com/-feXFY8m87IU/AAAAAAAAAAI/AAAAAAAAC3A/CIpMI2WwsE8/s128-c0x00000000-cc-rp-mo/photo.jpg",
            "rating": 4,
            "relative_time_description": "2 months ago",
            "text": "Nice place, perfect atmosphere, waiters help you with wine choices and are friendly, food was great and cooked perfectly, prices were wallet friendly, waiters could have a more proper dress code though and that's why I go for 4 stars, in general it was a nice experience",
            "time": 1559647680
        },
        {
            "author_name": "JO\u00c3O LEAL",
            "author_url": "https://www.google.com/maps/contrib/107343009801346535348/reviews",
            "language": "en",
            "profile_photo_url": "https://lh3.googleusercontent.com/-cDDADWOgTLc/AAAAAAAAAAI/AAAAAAAABW4/j4O4iV27D0g/s128-c0x00000000-cc-rp-mo-ba4/photo.jpg",
            "rating": 5,
            "relative_time_description": "8 months ago",
            "text": "We tried two other renowned wine bars and this was the only one serving reds at good temperature.\nFurthermore the staff is fantastic, much better than the others.\nEven if we didn't try the food seemed also very good.",
            "time": 1541649993
        }
    ],
    "type": "bar"
}

