{
    "id": "7b21e599dded0a171e102fcf31977695b3ce597e",
    "location": {
        "lat": 37.980653,
        "lng": 23.713436
    },
    "name": "STEAM ATHENS",
    "rating": 4.3,
    "reviews": [
        {
            "author_name": "Markos Manoledakis",
            "author_url": "https://www.google.com/maps/contrib/102312387743694084148/reviews",
            "language": "en",
            "profile_photo_url": "https://lh4.googleusercontent.com/-x5Wv569R6LA/AAAAAAAAAAI/AAAAAAAAAAA/ACHi3rffJq3PDsesy7HyirpbFV2FbL3-Mg/s128-c0x00000000-cc-rp-mo-ba2/photo.jpg",
            "rating": 5,
            "relative_time_description": "5 months ago",
            "text": "Hands down the best club in Athens for techno, minimal. Great crowd, friendly staff, amazing sound.",
            "time": 1551618674
        },
        {
            "author_name": "Cormos Paul",
            "author_url": "https://www.google.com/maps/contrib/105379239958042531853/reviews",
            "language": "en",
            "profile_photo_url": "https://lh4.googleusercontent.com/-mMs_dsas-ek/AAAAAAAAAAI/AAAAAAAAAHc/08jyBx_pJAI/s128-c0x00000000-cc-rp-mo-ba2/photo.jpg",
            "rating": 4,
            "relative_time_description": "a month ago",
            "text": "Crowded all the time. I like it",
            "time": 1562240110
        },
        {
            "author_name": "Robert Roxxor",
            "author_url": "https://www.google.com/maps/contrib/107198529714583782043/reviews",
            "language": "en",
            "profile_photo_url": "https://lh3.googleusercontent.com/-UQfn8eGstlU/AAAAAAAAAAI/AAAAAAAAtEQ/ew4WBQ2psrw/s128-c0x00000000-cc-rp-mo/photo.jpg",
            "rating": 5,
            "relative_time_description": "9 months ago",
            "text": "Amazing! Clean, nice design, and a Soundsystem that blows your socks off. One of the best clubs I've been in!",
            "time": 1539850826
        },
        {
            "author_name": "Alexander Mahler",
            "author_url": "https://www.google.com/maps/contrib/115188969090431914277/reviews",
            "language": "en",
            "profile_photo_url": "https://lh5.googleusercontent.com/-R8TirQJvryc/AAAAAAAAAAI/AAAAAAAAAe8/A04AShLXOFE/s128-c0x00000000-cc-rp-mo-ba3/photo.jpg",
            "rating": 5,
            "relative_time_description": "9 months ago",
            "text": "Great sound system. Bam bam bam!",
            "time": 1541264345
        },
        {
            "author_name": "Dj. M.ichael M.ilder",
            "author_url": "https://www.google.com/maps/contrib/106410411953497143551/reviews",
            "language": "en",
            "profile_photo_url": "https://lh3.googleusercontent.com/-d13eBu4Z9eo/AAAAAAAAAAI/AAAAAAAANQU/8_GXYul9eyA/s128-c0x00000000-cc-rp-mo-ba4/photo.jpg",
            "rating": 4,
            "relative_time_description": "4 months ago",
            "text": "Perfect music\ud83d\udc4c\ud83c\udffc\ud83d\udc4d\ud83c\udffc\ud83d\udc4d\ud83c\udffc\ud83d\udc4d\ud83c\udffc",
            "time": 1553387588
        }
    ],
    "type": "night_club"
}