{
    "id": "284d5ac258c2567d1de7780964a01f5eca8d995d",
    "location": {
        "lat": 37.9701127,
        "lng": 23.7126113
    },
    "name": "Klouvi",
    "rating": 4.3,
    "reviews": [
        {
            "author_name": "Michail Drakakis",
            "author_url": "https://www.google.com/maps/contrib/100812484011724837148/reviews",
            "language": "en",
            "profile_photo_url": "https://lh6.googleusercontent.com/-KzlToJISjcA/AAAAAAAAAAI/AAAAAAAAAIc/pq49_afED98/s128-c0x00000000-cc-rp-mo-ba3/photo.jpg",
            "rating": 5,
            "relative_time_description": "in the last week",
            "text": "The best place to go on a weekday before heading home. Just to grab a beer, listen to some good music and stress out after a long day.\nI wouldn't recommend it for weekend, unless you like being piled up one next to the other.",
            "time": 1564574657
        },
        {
            "author_name": "Karolina Simaskaite",
            "author_url": "https://www.google.com/maps/contrib/106868894818071527937/reviews",
            "language": "en",
            "profile_photo_url": "https://lh3.googleusercontent.com/-EFc3labSX20/AAAAAAAAAAI/AAAAAAAAAA0/bjd5PgWPJso/s128-c0x00000000-cc-rp-mo/photo.jpg",
            "rating": 5,
            "relative_time_description": "4 months ago",
            "text": "Super lovely bar! Decor is  beautiful, I especially loved the little lamp that shines on the next cocktail in line.",
            "time": 1554285410
        },
        {
            "author_name": "Andreas Damis",
            "author_url": "https://www.google.com/maps/contrib/105434853362705417163/reviews",
            "language": "en",
            "profile_photo_url": "https://lh4.googleusercontent.com/-aVQZuaGiVq0/AAAAAAAAAAI/AAAAAAAAAAA/ACHi3rdtcDNvptgbvUJISOvc2LkbMa6Dow/s128-c0x00000000-cc-rp-mo-ba3/photo.jpg",
            "rating": 4,
            "relative_time_description": "5 months ago",
            "text": "Cool place, fair drinks, funky music at sunday night when i visited it",
            "time": 1551691851
        },
        {
            "author_name": "Alexandros E. Papacharalampous",
            "author_url": "https://www.google.com/maps/contrib/112007573984622845941/reviews",
            "language": "en",
            "profile_photo_url": "https://lh6.googleusercontent.com/-w8HE0wNX0Fc/AAAAAAAAAAI/AAAAAAAAB7U/1JswlC0LCg4/s128-c0x00000000-cc-rp-mo-ba3/photo.jpg",
            "rating": 5,
            "relative_time_description": "12 months ago",
            "text": "A great place for cocktails. Like one of the best places for cocktails I've been in Athens. People are also very friendly. Must go",
            "time": 1533413891
        },
        {
            "author_name": "Chrissyo",
            "author_url": "https://www.google.com/maps/contrib/104901876063172178432/reviews",
            "language": "en",
            "profile_photo_url": "https://lh4.googleusercontent.com/-YbEAbpnYGqE/AAAAAAAAAAI/AAAAAAAAAAA/ACHi3rddYKAkKd2cXomqRkVslNIqcv9T0Q/s128-c0x00000000-cc-rp-mo/photo.jpg",
            "rating": 4,
            "relative_time_description": "a year ago",
            "text": "Rare to find a non-smoking bar in Athens!!\nNice vibe, friendly staff and tasty cocktails. Only one loo which isn\u2019t great but that\u2019s what you get for a cute trendy bar. I would recommend \ud83d\udc4d\ud83c\udffc",
            "time": 1525007042
        }
    ],
    "type": "bar"
}
