{
    "id": "ef687e8a32da4be66af9ea2462f07030fe162981",
    "location": {
        "lat": 37.9857549,
        "lng": 23.7329821
    },
    "name": "Revolt street bar",
    "rating": 4.5,
    "reviews": [
        {
            "author_name": "Rukiya Williams",
            "author_url": "https://www.google.com/maps/contrib/103319066124815042222/reviews",
            "language": "en",
            "profile_photo_url": "https://lh5.googleusercontent.com/--zS4oDL-7Lg/AAAAAAAAAAI/AAAAAAAAPTE/67DtmVve9F4/s128-c0x00000000-cc-rp-mo/photo.jpg",
            "rating": 5,
            "relative_time_description": "a month ago",
            "text": "The best bar in Athens,  the prices and service was on point. I loved the fact that you got chips to snack on at the bar along with nuts and the bartender was awesome. I wish I could pack this place in my suitcase and take it back home with me. If you ever in Athens you have to give this place a shot it was phenomenal.",
            "time": 1559391909
        },
        {
            "author_name": "Nikos Grey",
            "author_url": "https://www.google.com/maps/contrib/103167404572418512504/reviews",
            "language": "en",
            "profile_photo_url": "https://lh3.googleusercontent.com/-Ecraw9BDdbQ/AAAAAAAAAAI/AAAAAAAAArw/jv6mW81BuSs/s128-c0x00000000-cc-rp-mo-ba3/photo.jpg",
            "rating": 5,
            "relative_time_description": "a month ago",
            "text": "Nice place on a pavement, very comfy chairs, quiet and cool for the observer sice all kinds of people pass around.",
            "time": 1559203207
        },
        {
            "author_name": "\u00d6zg\u00fcr Aytekin",
            "author_url": "https://www.google.com/maps/contrib/101028134137713705258/reviews",
            "language": "en",
            "profile_photo_url": "https://lh5.googleusercontent.com/-B6-49qunp4A/AAAAAAAAAAI/AAAAAAAAABA/KLlBE4jYyNI/s128-c0x00000000-cc-rp-mo-ba3/photo.jpg",
            "rating": 5,
            "relative_time_description": "a month ago",
            "text": "Good place to chill and have a conversation",
            "time": 1559596149
        },
        {
            "author_name": "JULIETTE BRASSEY",
            "author_url": "https://www.google.com/maps/contrib/108253692071552577720/reviews",
            "language": "en",
            "profile_photo_url": "https://lh4.googleusercontent.com/-VBfgMXjlQc4/AAAAAAAAAAI/AAAAAAAAAAA/ACHi3rfTWPwe10b4yWdtPzyjUGSQ3jgurA/s128-c0x00000000-cc-rp-mo/photo.jpg",
            "rating": 5,
            "relative_time_description": "3 months ago",
            "text": "Amazing atmosphere, great drinks and ever better service off the bartender Alexander",
            "time": 1553897473
        },
        {
            "author_name": "Yamen Ramadan",
            "author_url": "https://www.google.com/maps/contrib/114932989802768042764/reviews",
            "language": "en",
            "profile_photo_url": "https://lh6.googleusercontent.com/-si0VNzK09rA/AAAAAAAAAAI/AAAAAAAAABo/7fBfE_n7tWc/s128-c0x00000000-cc-rp-mo-ba3/photo.jpg",
            "rating": 4,
            "relative_time_description": "a month ago",
            "text": "Good place for groups to have a drink",
            "time": 1559962879
        }
    ],
    "type": "bar"
}
