{
    "id": "60c3a7f782f9298110203fb4dad951bd580d69a6",
    "location": {
        "lat": 37.9773026,
        "lng": 23.7404771
    },
    "name": "Clown Dogs Night Club",
    "rating": 4,
    "reviews": [
        {
            "author_name": "Panagiotis Smirniotis",
            "author_url": "https://www.google.com/maps/contrib/102157981047009805520/reviews",
            "language": "en",
            "profile_photo_url": "https://lh5.googleusercontent.com/-s9D7B6ZtcoI/AAAAAAAAAAI/AAAAAAAAx_Q/uMN_4C_W5Hg/s128-c0x00000000-cc-rp-mo-ba4/photo.jpg",
            "rating": 5,
            "relative_time_description": "6 months ago",
            "text": "Great nightclub in the city center. Beautiful faces and excellent drinks",
            "time": 1549616052
        },
        {
            "author_name": "Alexander G.",
            "author_url": "https://www.google.com/maps/contrib/108955164664770271531/reviews",
            "language": "en",
            "profile_photo_url": "https://lh6.googleusercontent.com/-eYYMh3kOO5U/AAAAAAAAAAI/AAAAAAAAAAA/ACHi3rfZQzFN4eI2cH1RCKx7gBH70CuCTg/s128-c0x00000000-cc-rp-mo-ba3/photo.jpg",
            "rating": 1,
            "relative_time_description": "7 months ago",
            "text": "Not a nice place. In fact one of the worst in the area. Very bad ventilation system (very strong smell of cigarettes), not good service and over-overcrowded. They squeeze as many people as they can. Much nicer bars/clubs in the area.",
            "time": 1545820567
        },
        {
            "author_name": "xristos pikoulas",
            "author_url": "https://www.google.com/maps/contrib/117210303370978395259/reviews",
            "language": "en",
            "profile_photo_url": "https://lh6.googleusercontent.com/-INq561UShEk/AAAAAAAAAAI/AAAAAAAAjSQ/fBmvhHSehEc/s128-c0x00000000-cc-rp-mo-ba4/photo.jpg",
            "rating": 5,
            "relative_time_description": "7 months ago",
            "text": "Best place in kolonaki for drinks until late \ud83c\udf7e\ud83c\udf79\ud83e\udd42",
            "time": 1545156593
        },
        {
            "author_name": "Richard Okungbowa",
            "author_url": "https://www.google.com/maps/contrib/117876099600139655483/reviews",
            "language": "en",
            "profile_photo_url": "https://lh5.googleusercontent.com/-owtPvR9JtXs/AAAAAAAAAAI/AAAAAAAAIyQ/eif-aaU8gJc/s128-c0x00000000-cc-rp-mo-ba3/photo.jpg",
            "rating": 5,
            "relative_time_description": "6 months ago",
            "text": "Prive space very comfy!",
            "time": 1547516418
        },
        {
            "author_name": "Pierros Zevolis",
            "author_url": "https://www.google.com/maps/contrib/102006500319082251439/reviews",
            "language": "en",
            "profile_photo_url": "https://lh4.googleusercontent.com/-kaeI-frSATw/AAAAAAAAAAI/AAAAAAAEfvw/BxdOwqKiMgk/s128-c0x00000000-cc-rp-mo-ba8/photo.jpg",
            "rating": 4,
            "relative_time_description": "a year ago",
            "text": "Modern night club, close enough to square of Kolonaki. Popular dancing music, party atmosphere, nicely decorated (There is the statue of a big dog outside the main entrance, the symbol of the club) and good drinks. Polite and helpful staff. Nice entertainment option for late at night.",
            "time": 1515716211
        }
    ],
    "type": "night_club"
}