{
    "id": "7d583f8b1d7c8cba0dcef493034b942ba80414c3",
    "location": {
        "lat": 37.9770659,
        "lng": 23.7229424
    },
    "name": "K8 Point Restaurant Cocktail Bar",
    "rating": 4.2,
    "reviews": [
        {
            "author_name": "Kry\u0161tof \u010ceporan",
            "author_url": "https://www.google.com/maps/contrib/104968973124340730033/reviews",
            "language": "en",
            "profile_photo_url": "https://lh5.googleusercontent.com/-3gu9SgR1zEg/AAAAAAAAAAI/AAAAAAAAAMs/RRBvoCm7mAQ/s128-c0x00000000-cc-rp-mo/photo.jpg",
            "rating": 3,
            "relative_time_description": "6 months ago",
            "text": "Looking very good. Sound is also very nice in this club. Suddenly the DJ was horrible. Otherwise very nice place to spend a night.",
            "time": 1549188003
        },
        {
            "author_name": "Jeeca Cabral",
            "author_url": "https://www.google.com/maps/contrib/114815525707423951270/reviews",
            "language": "en",
            "profile_photo_url": "https://lh5.googleusercontent.com/-5ql_0Lhpt3w/AAAAAAAAAAI/AAAAAAAAIeg/9JUdgyL0V50/s128-c0x00000000-cc-rp-mo-ba4/photo.jpg",
            "rating": 1,
            "relative_time_description": "8 months ago",
            "text": "It's a nice place but just an appetizer took so long to receive then I didnt receive my full order. Received my meatballs with no bread as I requested. While I waited for my bread and some parmesan cheese, meatballs got cold. Then they allowed other guest kids to run all over the restaurant.  I definitely would not recommend or come back.",
            "time": 1542556121
        },
        {
            "author_name": "NANDAN S KEDLAYA",
            "author_url": "https://www.google.com/maps/contrib/105339128902887267759/reviews",
            "language": "en",
            "profile_photo_url": "https://lh4.googleusercontent.com/-n4skYWeahHA/AAAAAAAAAAI/AAAAAAAAAfw/4uZajenuZew/s128-c0x00000000-cc-rp-mo-ba5/photo.jpg",
            "rating": 5,
            "relative_time_description": "8 months ago",
            "text": "Had been here because of a exclusive event. Amazing ambience setup with live music. Happened to also meet ibmring338 performer and their chair person Dimios (AKA Benjammin) who was fabulous in this magic tricks. Loved the entire time spent there. This place also had a DJ which accepted music requests.",
            "time": 1543388907
        },
        {
            "author_name": "Panayotis Tsiamis",
            "author_url": "https://www.google.com/maps/contrib/105269508424776987983/reviews",
            "language": "en",
            "profile_photo_url": "https://lh4.googleusercontent.com/-EWJ1zJHO_Ck/AAAAAAAAAAI/AAAAAAAAAFA/u8rshW4MnEg/s128-c0x00000000-cc-rp-mo-ba4/photo.jpg",
            "rating": 4,
            "relative_time_description": "3 months ago",
            "text": "Nice bar for mass events is a bit loud though",
            "time": 1556450845
        },
        {
            "author_name": "Nantia Protogeraki",
            "author_url": "https://www.google.com/maps/contrib/109785652623208530033/reviews",
            "language": "en",
            "profile_photo_url": "https://lh6.googleusercontent.com/-qRomNnznUL4/AAAAAAAAAAI/AAAAAAAAAAA/ACHi3rdCWChNwgKCSWq96rzNPVK5O50NoQ/s128-c0x00000000-cc-rp-mo-ba4/photo.jpg",
            "rating": 5,
            "relative_time_description": "7 months ago",
            "text": "Nice bar. Kind people wonderful design.",
            "time": 1545347804
        }
    ],
    "type": "bar"
}
