{
    "id": "a66e01feb1b33f8b99a7dd71cc9493597f515475",
    "location": {
        "lat": 37.9793579,
        "lng": 23.7110852
    },
    "name": "Second Skin",
    "rating": 4,
    "reviews": [
        {
            "author_name": "Gladys Sobrido",
            "author_url": "https://www.google.com/maps/contrib/107092523715773882869/reviews",
            "language": "en",
            "profile_photo_url": "https://lh6.googleusercontent.com/-d7yixyJkSO8/AAAAAAAAAAI/AAAAAAAAC5s/MiIeirDcX28/s128-c0x00000000-cc-rp-mo-ba2/photo.jpg",
            "rating": 5,
            "relative_time_description": "in the last week",
            "text": "Electronic music, alternative looking people, great parties with go-gos",
            "time": 1565519463
        },
        {
            "author_name": "Irini Toufexes",
            "author_url": "https://www.google.com/maps/contrib/104494301810674490395/reviews",
            "language": "en",
            "profile_photo_url": "https://lh5.googleusercontent.com/-ZwYgeDf67tQ/AAAAAAAAAAI/AAAAAAAAABw/RKeE_7638kI/s128-c0x00000000-cc-rp-mo-ba3/photo.jpg",
            "rating": 5,
            "relative_time_description": "3 months ago",
            "text": "It's something else, weird and unexpected. It's amazing! Great DJ's, lovely crowd. Only love and good vibes!",
            "time": 1556007979
        },
        {
            "author_name": "\u0398\u03b1\u03bd\u03ac\u03c3\u03b7\u03c2 \u039c\u03c0\u03ac\u03bc\u03c0\u03b1\u03bb\u03b7\u03c2",
            "author_url": "https://www.google.com/maps/contrib/101925800743374434174/reviews",
            "language": "en",
            "profile_photo_url": "https://lh3.googleusercontent.com/-qud678RC1r4/AAAAAAAAAAI/AAAAAAAAAG0/FZtni3DZlRg/s128-c0x00000000-cc-rp-mo-ba4/photo.jpg",
            "rating": 4,
            "relative_time_description": "3 months ago",
            "text": "Dance , dance and then some",
            "time": 1557019518
        },
        {
            "author_name": "dimostenhs daskalakis",
            "author_url": "https://www.google.com/maps/contrib/109037915188572162779/reviews",
            "language": "en",
            "profile_photo_url": "https://lh5.googleusercontent.com/-UU3by0dR6x8/AAAAAAAAAAI/AAAAAAAAAAA/ACHi3rda0w4Akbaww1qB1dkcAinwuFZV-w/s128-c0x00000000-cc-rp-mo/photo.jpg",
            "rating": 5,
            "relative_time_description": "7 months ago",
            "text": "The best dance club in Athens.\nOpenminded only.",
            "time": 1545823588
        },
        {
            "author_name": "Marcin J\u0119kot",
            "author_url": "https://www.google.com/maps/contrib/114830114229717056518/reviews",
            "language": "en",
            "profile_photo_url": "https://lh5.googleusercontent.com/-f41laI5KsDY/AAAAAAAAAAI/AAAAAAAAAAA/ACHi3rc5M7KmbEuMySq4lg88prAeuls9yA/s128-c0x00000000-cc-rp-mo-ba3/photo.jpg",
            "rating": 5,
            "relative_time_description": "a year ago",
            "text": "Fantastic alternative club, definitely my favorite in Athens. Resident DJ is a BOSS and certainly knows how to kick off the party.  Very close to a lot of food/drinks venues at Technopolis. Barmaid and the whole staff is super friendly and you can say they love what they do. Great surreal and a bit dark decorations on the walls.",
            "time": 1529929430
        }
    ],
    "type": "night_club"
}