{
    "id": "f7c44aff64f8449537804ac4b675ff5677bd699a",
    "location": {
        "lat": 37.9774684,
        "lng": 23.7268116
    },
    "name": "six d.o.g.s",
    "rating": 4.4,
    "reviews": [
        {
            "author_name": "lacesaria",
            "author_url": "https://www.google.com/maps/contrib/115966336113655855787/reviews",
            "language": "en",
            "profile_photo_url": "https://lh3.googleusercontent.com/-_cWcgUCKvoc/AAAAAAAAAAI/AAAAAAAABc4/KJZItDEnkCU/s128-c0x00000000-cc-rp-mo-ba3/photo.jpg",
            "rating": 5,
            "relative_time_description": "a month ago",
            "text": "I enjoyed my time at six dogs. It was like an oasis in the middle of the city, with lots of plants, wooden furniture, the whole atmosphere was nice. Even though I visited the place alone I had a great time with my cappuccino and my book. Also I would like to note that the service was very good!",
            "time": 1560617634
        },
        {
            "author_name": "suzanne wingfield",
            "author_url": "https://www.google.com/maps/contrib/109573409915642401146/reviews",
            "language": "en",
            "profile_photo_url": "https://lh4.googleusercontent.com/-kkipHzXye-k/AAAAAAAAAAI/AAAAAAAAAAA/ACHi3rfCRfsF6O0R9vty2THAvW7R2GVicg/s128-c0x00000000-cc-rp-mo-ba4/photo.jpg",
            "rating": 5,
            "relative_time_description": "a month ago",
            "text": "Such a lovely surprise. On entering the premises I expected to find a modern run of the mill bar/coffee shop... But found instead a garden..!! Lovely and cool.\nAmazing cocktails",
            "time": 1559116139
        },
        {
            "author_name": "Maria Panduru",
            "author_url": "https://www.google.com/maps/contrib/100819688397544996381/reviews",
            "language": "en",
            "profile_photo_url": "https://lh6.googleusercontent.com/--d8skp9Yg0U/AAAAAAAAAAI/AAAAAAAAC_M/d4OFfTF3fJ4/s128-c0x00000000-cc-rp-mo-ba3/photo.jpg",
            "rating": 5,
            "relative_time_description": "2 months ago",
            "text": "A cool place in Athens. My friends and I were there in a Sunday evening, it was a bit crowded, but we felt very good being there. They have really good pizza and a long cocktails menu from which you can definitely find something you like!\nThe services were ok and everyone looked relaxed, so if you are visiting Athens, you can definitely give this place a try! \ud83d\ude42",
            "time": 1558171238
        },
        {
            "author_name": "Maria Fotidou",
            "author_url": "https://www.google.com/maps/contrib/113990710059981232414/reviews",
            "language": "en",
            "profile_photo_url": "https://lh4.googleusercontent.com/-lj-lsJoOuh0/AAAAAAAAAAI/AAAAAAAAAAc/4GGSKcHSR78/s128-c0x00000000-cc-rp-mo-ba4/photo.jpg",
            "rating": 5,
            "relative_time_description": "a week ago",
            "text": "Nice and cool place with a wonderful back yard! Excellent cocktails! Great parties.",
            "time": 1562862736
        },
        {
            "author_name": "K. A.",
            "author_url": "https://www.google.com/maps/contrib/106236328833290568875/reviews",
            "language": "en",
            "profile_photo_url": "https://lh3.googleusercontent.com/-d9ZfkC8UZ9M/AAAAAAAAAAI/AAAAAAAAAFA/4DUS3ceFl3g/s128-c0x00000000-cc-rp-mo-ba3/photo.jpg",
            "rating": 4,
            "relative_time_description": "a month ago",
            "text": "It's a classic and hip bar option in the city centre. The garden is lovely. Prices are a bit high, and the service can be very slow, but all in all a good experience.",
            "time": 1560334477
        }
    ],
    "type": "bar"
}
