{
    "id": "f717fa689a2f5c31e39aabb35ab7373ac6c49520",
    "location": {
        "lat": 37.986362,
        "lng": 23.723315
    },
    "name": "Rempetadiko Tram",
    "rating": 5,
    "reviews": [
        {
            "author_name": "m mb",
            "author_url": "https://www.google.com/maps/contrib/111498265446121954668/reviews",
            "profile_photo_url": "https://lh4.googleusercontent.com/-lKlUsceNGLs/AAAAAAAAAAI/AAAAAAAAABo/JYzuv6_W6Rc/s128-c0x00000000-cc-rp-mo-ba3/photo.jpg",
            "rating": 5,
            "relative_time_description": "3 months ago",
            "text": "",
            "time": 1556862424
        },
        {
            "author_name": "\u03a3\u03c4\u03b5\u03bb\u03bb\u03b1 \u03a4\u03c3\u03b9\u03b3\u03ba\u03b1\u03c1\u03b9\u03b4\u03b1",
            "author_url": "https://www.google.com/maps/contrib/116783905500532672243/reviews",
            "profile_photo_url": "https://lh6.googleusercontent.com/-xX-qVAxa0U4/AAAAAAAAAAI/AAAAAAAAAQE/WcH-OUHXfhU/s128-c0x00000000-cc-rp-mo-ba3/photo.jpg",
            "rating": 5,
            "relative_time_description": "10 months ago",
            "text": "",
            "time": 1537793078
        }
    ],
    "type": "night_club"
}