{
    "id": "3a952a8a65a23bc7b7960fe18c0948c4a4a6ba5f",
    "location": {
        "lat": 37.967452,
        "lng": 23.747262
    },
    "name": "Medez Cafe & Bar Pagrati",
    "rating": 4.5,
    "reviews": [
        {
            "author_name": "Nikolaos Restemis",
            "author_url": "https://www.google.com/maps/contrib/110313670556802876197/reviews",
            "language": "en",
            "profile_photo_url": "https://lh4.googleusercontent.com/-YKXML8jYphY/AAAAAAAAAAI/AAAAAAAAAAA/ACHi3rdpYve_TUxXyx4F1PTvcmgZrNI4lA/s128-c0x00000000-cc-rp-mo/photo.jpg",
            "rating": 4,
            "relative_time_description": "a month ago",
            "text": "Very kind and helpful people. My family and I always have good time there.",
            "time": 1562254973
        },
        {
            "author_name": "Pagona Karamitsopoulou",
            "author_url": "https://www.google.com/maps/contrib/102518006999947500048/reviews",
            "language": "en",
            "profile_photo_url": "https://lh6.googleusercontent.com/-OgNCOZCZuNs/AAAAAAAAAAI/AAAAAAAAAAA/ACHi3rfTRaBBr8meD7YOitl23UH90NOMLA/s128-c0x00000000-cc-rp-mo-ba3/photo.jpg",
            "rating": 2,
            "relative_time_description": "6 months ago",
            "text": "Nice place, friendly staff, really great coffee and tea. The basic problem is there is too much smoke, impossible for a non smoker to bear, as Medez is a relatively small place. It's a real pitty, because it could be a great place for casual, easy going meetings with friends for coffee or a couple of drinks later at night.",
            "time": 1547661112
        },
        {
            "author_name": "billy84000",
            "author_url": "https://www.google.com/maps/contrib/101372975541576888049/reviews",
            "language": "en",
            "profile_photo_url": "https://lh6.googleusercontent.com/-VC-_GKiN74g/AAAAAAAAAAI/AAAAAAAAAJs/jtpK-56aHLY/s128-c0x00000000-cc-rp-mo-ba4/photo.jpg",
            "rating": 5,
            "relative_time_description": "a month ago",
            "text": "All Time classic!",
            "time": 1560496002
        },
        {
            "author_name": "Panos Moros",
            "author_url": "https://www.google.com/maps/contrib/117441683701716143693/reviews",
            "language": "en",
            "profile_photo_url": "https://lh4.googleusercontent.com/-z9KIooU82u0/AAAAAAAAAAI/AAAAAAAAAAA/ACHi3reI66WPwLN9V6_qmXWo2r6o_sql1A/s128-c0x00000000-cc-rp-mo-ba3/photo.jpg",
            "rating": 5,
            "relative_time_description": "3 months ago",
            "text": "Excellent coffee , excellent place",
            "time": 1555178931
        },
        {
            "author_name": "giannis bratis",
            "author_url": "https://www.google.com/maps/contrib/100606815321577602446/reviews",
            "language": "en",
            "profile_photo_url": "https://lh5.googleusercontent.com/-MJE08UOWw7E/AAAAAAAAAAI/AAAAAAAA2eY/3nwbSPgOSQ8/s128-c0x00000000-cc-rp-mo-ba3/photo.jpg",
            "rating": 5,
            "relative_time_description": "7 months ago",
            "text": "Cozy atmosphere on a lovely afternoon. The cafe even had live music!!",
            "time": 1545665454
        }
    ],
    "type": "bar"
}
