{
    "id": "9b764c4bc944b3dd64c65026d1f861e5b55f8f1e",
    "location": {
        "lat": 37.9797973,
        "lng": 23.7180824
    },
    "name": "Bios",
    "rating": 4.3,
    "reviews": [
        {
            "author_name": "Bill Peppas",
            "author_url": "https://www.google.com/maps/contrib/107599153754078430774/reviews",
            "language": "en",
            "profile_photo_url": "https://lh6.googleusercontent.com/-zthhdsIzf18/AAAAAAAAAAI/AAAAAAAADh8/qVZdcaDvXyo/s128-c0x00000000-cc-rp-mo-ba5/photo.jpg",
            "rating": 5,
            "relative_time_description": "a month ago",
            "text": "A very nice cocktail bar in the central area of Athens with a nice view of the relatively distant Acropolis. The drinks are pretty good. Their prices are very reasonable. The decoration and the various seating options is something you don't see that often in Athens and anywhere in general. They also have a projector playing movies on the wall.  Highly recommended!",
            "time": 1560973536
        },
        {
            "author_name": "Tarta Tourta",
            "author_url": "https://www.google.com/maps/contrib/111965932838715223964/reviews",
            "language": "en",
            "profile_photo_url": "https://lh3.googleusercontent.com/-ikIKYBUkR1Y/AAAAAAAAAAI/AAAAAAAAAxQ/PeitSlUANcI/s128-c0x00000000-cc-rp-mo-ba4/photo.jpg",
            "rating": 5,
            "relative_time_description": "3 weeks ago",
            "text": "Urban vibes, good drinks, acropolis view from the rooftop bar. The bar in the ground floor is decorated by authentic furniture from the former Olympic airlines of Greece.",
            "time": 1562754216
        },
        {
            "author_name": "Dora Chandra",
            "author_url": "https://www.google.com/maps/contrib/104986596362461759041/reviews",
            "language": "en",
            "profile_photo_url": "https://lh5.googleusercontent.com/-MTd7vWGMvTs/AAAAAAAAAAI/AAAAAAAAEEU/I89Ta-XoTdM/s128-c0x00000000-cc-rp-mo/photo.jpg",
            "rating": 4,
            "relative_time_description": "a week ago",
            "text": "Great view of the Parthenon although a bit far. Rather dark, the beach chairs is not something you often see at a bar.",
            "time": 1563873936
        },
        {
            "author_name": "Nick Byroglou",
            "author_url": "https://www.google.com/maps/contrib/114067997772944182895/reviews",
            "language": "en",
            "profile_photo_url": "https://lh4.googleusercontent.com/-iDmdwdXY4KM/AAAAAAAAAAI/AAAAAAAAgTE/KvlC62vozGY/s128-c0x00000000-cc-rp-mo-ba6/photo.jpg",
            "rating": 5,
            "relative_time_description": "a week ago",
            "text": "You have to go there ...it is a must.\nP.s. a more interactive roof garden would be a \"hit\".",
            "time": 1564126766
        },
        {
            "author_name": "Eric Orjebin",
            "author_url": "https://www.google.com/maps/contrib/110580710345652797399/reviews",
            "language": "en",
            "profile_photo_url": "https://lh6.googleusercontent.com/-X0GEUkedXyk/AAAAAAAAAAI/AAAAAAAAALo/FUNCVP-O86A/s128-c0x00000000-cc-rp-mo-ba2/photo.jpg",
            "rating": 5,
            "relative_time_description": "3 weeks ago",
            "text": "Really nice spot with a great view on the acropolis and very affordable cocktails",
            "time": 1562701255
        }
    ],
    "type": "bar"
}
