{
    "id": "fdcaf83d46ab70584c7f35d175cdc318f4201f8e",
    "location": {
        "lat": 37.9683342,
        "lng": 23.7411118
    },
    "name": "Panathenaic Stadium",
    "rating": 4.7,
    "reviews": [
        {
            "author_name": "Major SnowBeast",
            "author_url": "https://www.google.com/maps/contrib/106414684579665839143/reviews",
            "language": "en",
            "profile_photo_url": "https://lh5.googleusercontent.com/-jSjg5Kk_pPM/AAAAAAAAAAI/AAAAAAAAdV0/MINndDxWkWo/s128-c0x00000000-cc-rp-mo-ba5/photo.jpg",
            "rating": 5,
            "relative_time_description": "a week ago",
            "text": "What a brilliant place to visit! Not many tourists seem to make it here (yet it's only a brief stroll from the Acropolis.) Audio tour really interesting, and who can resist the opportunity to jog around the track and snap pictures on the podium?! Well worth the visit! \ud83c\udfc3\u200d\u2640\ufe0f\ud83c\udfc3",
            "time": 1564588542
        },
        {
            "author_name": "Michlerish Michlerish",
            "author_url": "https://www.google.com/maps/contrib/109538620843373620698/reviews",
            "language": "en",
            "profile_photo_url": "https://lh5.googleusercontent.com/-WOZ1qL1Rr90/AAAAAAAAAAI/AAAAAAAAAAA/8jFJUBQP93k/s128-c0x00000000-cc-rp-mo-ba5/photo.jpg",
            "rating": 5,
            "relative_time_description": "a week ago",
            "text": "Incredible! I love the optical illusion they built into the stadium, and the wonderful history it has. I would recommend avoiding the place during the hottest hours of the day in summer, it's extremely hot. The free audio tour was available in several languages and very informative. The adjacent toilet costs \u20ac0.50 to use, there are no free toilets inside.",
            "time": 1564430082
        },
        {
            "author_name": "Satish Chandran",
            "author_url": "https://www.google.com/maps/contrib/111757298443404873095/reviews",
            "language": "en",
            "profile_photo_url": "https://lh4.googleusercontent.com/-kFBCxN84b0U/AAAAAAAAAAI/AAAAAAAADzA/pmkU_I4jBlo/s128-c0x00000000-cc-rp-mo-ba7/photo.jpg",
            "rating": 5,
            "relative_time_description": "3 weeks ago",
            "text": "Truly breathtaking. It gives one a scale of the importance placed on sports. The birth place of the Olympic games, this country has given the world a lot in terms of culture but also sports. Must see. Be a part of history. Entry fee applicable. Small gift shop available. There is a museum to one corner having torches pretty much from most Olympics games to date. Views good and different both at day and at night.",
            "time": 1563705644
        },
        {
            "author_name": "Luke Fuller",
            "author_url": "https://www.google.com/maps/contrib/100811966403059795469/reviews",
            "language": "en",
            "profile_photo_url": "https://lh5.googleusercontent.com/-eXeITD_rEwc/AAAAAAAAAAI/AAAAAAAAAAA/ACHi3rej6ncoNMTwg9xdbnPd6-KFK5wBQQ/s128-c0x00000000-cc-rp-mo-ba4/photo.jpg",
            "rating": 4,
            "relative_time_description": "2 weeks ago",
            "text": "It costs \u20ac5 to get in and was great to experience the place. I did a lap around the running track which is quite a cool experience and sat in the royal box. You don't realise how high the audience sits until you climb the stairs and get to the top. Well worth a visit.",
            "time": 1564166758
        },
        {
            "author_name": "Marc Desciscio",
            "author_url": "https://www.google.com/maps/contrib/115414397207755150720/reviews",
            "language": "en",
            "profile_photo_url": "https://lh3.googleusercontent.com/-vl6zyCYuN8M/AAAAAAAAAAI/AAAAAAAANiA/R47Mv6GMeMM/s128-c0x00000000-cc-rp-mo-ba5/photo.jpg",
            "rating": 5,
            "relative_time_description": "3 weeks ago",
            "text": "So glad we stopped here.  Hardly anyone else was touring and we had the place almost to ourselves.  The recorded guide that you walked around and listened using the number ques was great.  It is well worth the admission.  Come early and enjoy a cooler experience as it's all in the sun.   A must visit while in Athens",
            "time": 1563506073
        }
    ],
    "type": "stadium"
}