{
    "id": "5e1fe5142382d15fe0a5ce7fc861c7299b230d25",
    "location": {
        "lat": 37.9801764,
        "lng": 23.7152326
    },
    "name": "Cabezon",
    "rating": 4.5,
    "reviews": [
        {
            "author_name": "\u03a3\u03c9\u03c4\u03ae\u03c1\u03b7\u03c2 \u03a0\u03b5\u03bb\u03ad\u03ba\u03b7\u03c2",
            "author_url": "https://www.google.com/maps/contrib/103544665423751310062/reviews",
            "language": "en",
            "profile_photo_url": "https://lh3.googleusercontent.com/-hhh17ApxgO0/AAAAAAAAAAI/AAAAAAAAvBA/XYtbY6CYZuk/s128-c0x00000000-cc-rp-mo-ba2/photo.jpg",
            "rating": 5,
            "relative_time_description": "2 months ago",
            "text": "Cheap, cozy, nice outside court.",
            "time": 1558093988
        },
        {
            "author_name": "Stathis K",
            "author_url": "https://www.google.com/maps/contrib/115289287851936711861/reviews",
            "language": "en",
            "profile_photo_url": "https://lh5.googleusercontent.com/-4b_NCcAGi1c/AAAAAAAAAAI/AAAAAAAAAGA/6gRFG9QLEM8/s128-c0x00000000-cc-rp-mo-ba2/photo.jpg",
            "rating": 5,
            "relative_time_description": "2 months ago",
            "text": "Nice place, chill heaven.",
            "time": 1558389131
        },
        {
            "author_name": "Saleh Rezaei",
            "author_url": "https://www.google.com/maps/contrib/117817633459625430913/reviews",
            "language": "en",
            "profile_photo_url": "https://lh4.googleusercontent.com/-JcdXAa5ThRc/AAAAAAAAAAI/AAAAAAAAAAA/ACHi3reAUXDJX5pxw_P4ZySsmY-gHv7Vaw/s128-c0x00000000-cc-rp-mo/photo.jpg",
            "rating": 5,
            "relative_time_description": "7 months ago",
            "text": "It should be considered as a must-see of Athens. Nice people, unique atmosphere, good food. Try it ;)",
            "time": 1545858044
        },
        {
            "author_name": "Cristina G. Cuair\u00e1n",
            "author_url": "https://www.google.com/maps/contrib/104448695847196110783/reviews",
            "language": "en",
            "profile_photo_url": "https://lh4.googleusercontent.com/-Sgg9GXpBhZ8/AAAAAAAAAAI/AAAAAAAAKb0/EKA-5dBBxHw/s128-c0x00000000-cc-rp-mo-ba3/photo.jpg",
            "rating": 2,
            "relative_time_description": "3 months ago",
            "text": "As everywhere else in greece, they still smoke inside. It's ok as a bar, not wonderful",
            "time": 1555198950
        },
        {
            "author_name": "Stelios Bakiris",
            "author_url": "https://www.google.com/maps/contrib/117705395740215235157/reviews",
            "language": "en",
            "profile_photo_url": "https://lh4.googleusercontent.com/-oY2cq4OG1L0/AAAAAAAAAAI/AAAAAAAAAEs/9rqnsdoXzeE/s128-c0x00000000-cc-rp-mo-ba4/photo.jpg",
            "rating": 3,
            "relative_time_description": "a year ago",
            "text": "A really worth seeing meze-bar with a lovely backyard. The food seems interesting however it is not that tasteful. Don\u00b4t miss trying the local beers!",
            "time": 1528973289
        }
    ],
    "type": "bar"
}
