{
    "id": "af181d03e443b4f48cff161206b75293c19b33f4",
    "location": {
        "lat": 37.9769261,
        "lng": 23.7340824
    },
    "name": "DYBBUK",
    "rating": 4,
    "reviews": [
        {
            "author_name": "Robert J. Freeman",
            "author_url": "https://www.google.com/maps/contrib/113569283674332067909/reviews",
            "language": "en",
            "profile_photo_url": "https://lh4.googleusercontent.com/-B3hVlBQLioY/AAAAAAAAAAI/AAAAAAAACRw/fLvdKn6Gw1o/s128-c0x00000000-cc-rp-mo/photo.jpg",
            "rating": 3,
            "relative_time_description": "3 months ago",
            "text": "Really needs to be expanded or moved to another location. The music was good though.",
            "time": 1556317357
        },
        {
            "author_name": "Sanna Aalto",
            "author_url": "https://www.google.com/maps/contrib/109463651025490394662/reviews",
            "language": "en",
            "profile_photo_url": "https://lh3.googleusercontent.com/-s48f3gjIlAk/AAAAAAAAAAI/AAAAAAAAAAA/ACHi3rcPPhsKptq4TydjZKAwu_cnlatwAg/s128-c0x00000000-cc-rp-mo/photo.jpg",
            "rating": 5,
            "relative_time_description": "3 months ago",
            "text": "Relaxed place, good for dancing!",
            "time": 1556544091
        },
        {
            "author_name": "Sarah Irini",
            "author_url": "https://www.google.com/maps/contrib/100183615417965791713/reviews",
            "language": "en",
            "profile_photo_url": "https://lh6.googleusercontent.com/-IeQQ0PESi3U/AAAAAAAAAAI/AAAAAAAABcI/oHy_mwCFZWc/s128-c0x00000000-cc-rp-mo-ba4/photo.jpg",
            "rating": 4,
            "relative_time_description": "a year ago",
            "text": "We stumbled upon DYBBUK and were thankful for it! Don't go before 1am as you'll be alone, but you can always get a bottle if there's an open table. Entrance fee is reasonable and usually comes with a drink. You'll pay a bit more if there is a dj from outside Greece. \n\nThis is one of the clubs here that don't play Greek music. It's a place to dance all night long. A real dance club with lights and dancers.  I've been a few times and the djs are always awesome. \n \nDress for a club, but they will still let you in if you look clean and decent if you end up out late after dinner. ;)\n\n(Most tables at night clubs in Greece are reserved with bottle service; ask the pretty person at the door. You don't pay entrance if you buy a bottle- from 4-6people.)",
            "time": 1531160404
        },
        {
            "author_name": "Christos Sim",
            "author_url": "https://www.google.com/maps/contrib/100691824715301844463/reviews",
            "language": "en",
            "profile_photo_url": "https://lh5.googleusercontent.com/-ggNYr1yexKY/AAAAAAAAAAI/AAAAAAAAAIs/OrGLVyL7MdE/s128-c0x00000000-cc-rp-mo-ba3/photo.jpg",
            "rating": 3,
            "relative_time_description": "5 months ago",
            "text": "Great music, but the layout is terrible and the people that the bouncers choose to let in are lowest of the low, this is not a fine clubbing establishment.",
            "time": 1550512605
        },
        {
            "author_name": "Angeliki Sofia S Zoi",
            "author_url": "https://www.google.com/maps/contrib/107828246347445722970/reviews",
            "language": "en",
            "profile_photo_url": "https://lh6.googleusercontent.com/-AM_0uMfZTbs/AAAAAAAAAAI/AAAAAAAAIeQ/BK0izDkKGqU/s128-c0x00000000-cc-rp-mo-ba6/photo.jpg",
            "rating": 5,
            "relative_time_description": "4 months ago",
            "text": "Dybbuk it's not about the crowd or the drinks..its purely about the music and it's the house that we love and prefer!!",
            "time": 1552711633
        }
    ],
    "type": "night_club"
}