{
    "id": "36b04b3b440e1a3adbd3935a0f509f79a98e8e30",
    "location": {
        "lat": 37.978362,
        "lng": 23.7237395
    },
    "name": "TEDDY BOY",
    "rating": 4.4,
    "reviews": [
        {
            "author_name": "Vasileios Karaklioumis",
            "author_url": "https://www.google.com/maps/contrib/117351547509020539704/reviews",
            "language": "en",
            "profile_photo_url": "https://lh3.googleusercontent.com/-q2XThhgf82k/AAAAAAAAAAI/AAAAAAACbJ8/RSA8LLnby8s/s128-c0x00000000-cc-rp-mo-ba3/photo.jpg",
            "rating": 5,
            "relative_time_description": "2 weeks ago",
            "text": "Excellent music and cheap cocktails. Highly recommended.",
            "time": 1563222001
        },
        {
            "author_name": "Herr Specht",
            "author_url": "https://www.google.com/maps/contrib/102866337113044898768/reviews",
            "language": "en",
            "profile_photo_url": "https://lh5.googleusercontent.com/-7D3WqV-ePI0/AAAAAAAAAAI/AAAAAAAAAAA/ACHi3reRlUU4XnsnF_3UZXCeHjCQwGjG_A/s128-c0x00000000-cc-rp-mo/photo.jpg",
            "rating": 1,
            "relative_time_description": "a month ago",
            "text": "Supposed to be a Alternative / NewWave bar, but after 3 wave songs they played hiphop the whole time, so we had to go. Our ears were bleeding. \n\nThe barkeeper was nice and the interior also.",
            "time": 1560494771
        },
        {
            "author_name": "Angelos Derlopas",
            "author_url": "https://www.google.com/maps/contrib/111398764950363597701/reviews",
            "language": "en",
            "profile_photo_url": "https://lh5.googleusercontent.com/-6y6qc7g66B0/AAAAAAAAAAI/AAAAAAAAAG4/qY4_CXYj6kI/s128-c0x00000000-cc-rp-mo-ba4/photo.jpg",
            "rating": 4,
            "relative_time_description": "4 weeks ago",
            "text": "Cosy small place, polite staff, quality music and cheap drinks.",
            "time": 1561977643
        },
        {
            "author_name": "Marta Martinez",
            "author_url": "https://www.google.com/maps/contrib/100970414053284359561/reviews",
            "language": "en",
            "profile_photo_url": "https://lh5.googleusercontent.com/-JSpKy3I7Kgw/AAAAAAAAAAI/AAAAAAAAB64/pe2n5ZR3OYQ/s128-c0x00000000-cc-rp-mo-ba3/photo.jpg",
            "rating": 4,
            "relative_time_description": "6 months ago",
            "text": "Hardcore new wave/ post punk club with no room for mainstream music. Don't try to be fancy with cocktails! A must for new wave fans!",
            "time": 1546364041
        },
        {
            "author_name": "katerina michala",
            "author_url": "https://www.google.com/maps/contrib/117598973589443796164/reviews",
            "language": "en",
            "profile_photo_url": "https://lh4.googleusercontent.com/-Iljq1EIuSCA/AAAAAAAAAAI/AAAAAAAAAQg/BmyiWSZDVCk/s128-c0x00000000-cc-rp-mo-ba3/photo.jpg",
            "rating": 4,
            "relative_time_description": "4 months ago",
            "text": "Cult, darkwave, post punk, synth pop, lovely bar with an essence of decadence. Have a beer. Oh, there's only one toilet, so you need to share.",
            "time": 1552440610
        }
    ],
    "type": "bar"
}
