{
    "id": "bbb87478400860b2d0f76981a8fffd2d91b18940",
    "location": {
        "lat": 37.9700433,
        "lng": 23.7018971
    },
    "name": "G spot",
    "rating": 4.4,
    "reviews": [
        {
            "author_name": "dimitar dimitrov",
            "author_url": "https://www.google.com/maps/contrib/112219617754038570797/reviews",
            "language": "en",
            "profile_photo_url": "https://lh6.googleusercontent.com/-iEJBA1mQ-mY/AAAAAAAAAAI/AAAAAAAAByY/Y-j_zM-n90s/s128-c0x00000000-cc-rp-mo-ba2/photo.jpg",
            "rating": 5,
            "relative_time_description": "4 years ago",
            "text": "Ok",
            "time": 1425199206
        },
        {
            "author_name": "\u0393\u03b9\u03c9\u03c1\u03b3\u03bf\u03c2 \u039a\u03b1\u03c4\u03c3\u03bf\u03c5\u03c1\u03b1\u03ba\u03b7\u03c2",
            "author_url": "https://www.google.com/maps/contrib/115001928758195707563/reviews",
            "language": "el",
            "profile_photo_url": "https://lh4.googleusercontent.com/-eb3KGuF-y_c/AAAAAAAAAAI/AAAAAAAAtPA/g0sUKt01oCo/s128-c0x00000000-cc-rp-mo-ba8/photo.jpg",
            "rating": 4,
            "relative_time_description": "a year ago",
            "text": "\u03a3\u03b5 \u03c0\u03bf\u03bb\u03cd \u03c9\u03c1\u03b1\u03af\u03bf \u03c3\u03b7\u03bc\u03b5\u03af\u03bf \u03bc\u03b5 \u03c3\u03c7\u03b5\u03c4\u03b9\u03ba\u03ac \u03ac\u03bd\u03b5\u03c4\u03bf \u03c0\u03ac\u03c1\u03ba\u03b9\u03bd\u03b3\u03ba. \u0397 \u03c3\u03ac\u03bb\u03b1 \u03b5\u03af\u03bd\u03b1\u03b9 \u03bc\u03b5\u03b3\u03ac\u03bb\u03b7 \u03ba\u03b1\u03b9 \u03ac\u03bd\u03b5\u03c4\u03b7 \u03b1\u03bd \u03ba\u03ac\u03b8\u03b5\u03c3\u03b1\u03b9 \u03c3\u03c4\u03b7\u03bd \u03b1\u03c1\u03ad\u03bd\u03b1 \u03cc\u03c0\u03bf\u03c5 \u03ad\u03c7\u03b5\u03b9 \u03ba\u03b1\u03bd\u03b1\u03c0\u03ad\u03b4\u03b5\u03c2 \u03c0\u03bf\u03c5 \u03b5\u03af\u03bd\u03b1\u03b9 \u03ad\u03c4\u03c3\u03b9 \u03c4\u03bf\u03c0\u03bf\u03b8\u03b5\u03c4\u03b7\u03bc\u03b5\u03bd\u03bf\u03b9 \u03ce\u03c3\u03c4\u03b5 \u03bd\u03b1 \u03bc\u03b7\u03bd \u03c5\u03c0\u03ac\u03c1\u03c7\u03b5\u03b9 \u03c3\u03c4\u03c1\u03af\u03bc\u03c9\u03b3\u03bc\u03b1. \u03a4\u03bf \u03c0\u03c1\u03bf\u03c3\u03c9\u03c0\u03b9\u03ba\u03cc \u03b1\u03c1\u03ba\u03b5\u03c4\u03ac \u03c0\u03c1\u03cc\u03b8\u03c5\u03bc\u03bf \u03ba\u03b1\u03b9 \u03b5\u03c5\u03b3\u03b5\u03bd\u03b9\u03ba\u03cc. \u039f \u03ba\u03b1\u03c0\u03bd\u03cc\u03c2 \u03b4\u03b5\u03bd \u03b5\u03af\u03bd\u03b1\u03b9 \u03c4\u03cc\u03c3\u03bf \u03b5\u03bd\u03bf\u03c7\u03bb\u03b7\u03c4\u03b9\u03ba\u03cc\u03c2 \u03b3\u03b9\u03b1\u03c4\u03af \u03ad\u03c7\u03b5\u03b9 \u03ba\u03b1\u03bb\u03cc \u03b5\u03be\u03b1\u03b5\u03c1\u03b9\u03c3\u03bc\u03cc \u03ba \u03b5\u03af\u03bd\u03b1\u03b9 \u03c8\u03b7\u03bb\u03bf\u03c4\u03ac\u03b2\u03b1\u03bd\u03bf. \u039f \u03ae\u03c7\u03bf\u03c2 \u03c0\u03bb\u03b7\u03c3\u03b9\u03ac\u03b6\u03b5\u03b9 \u03c4\u03bf \u03c4\u03ad\u03bb\u03b5\u03b9\u03bf",
            "time": 1517827778
        },
        {
            "author_name": "panagiotis antiochos",
            "author_url": "https://www.google.com/maps/contrib/116312197205951583912/reviews",
            "profile_photo_url": "https://lh5.googleusercontent.com/-w6Lw1SBr9Z4/AAAAAAAAAAI/AAAAAAAAAAA/ACHi3resBXNgaFdHX6w13XL6uZddJxMSfQ/s128-c0x00000000-cc-rp-mo-ba3/photo.jpg",
            "rating": 5,
            "relative_time_description": "3 years ago",
            "text": "",
            "time": 1466150334
        },
        {
            "author_name": "\u0391\u03bb\u03b5\u03be\u03b7\u03c2 \u039d\u03b1\u03ba\u03bf\u03c2",
            "author_url": "https://www.google.com/maps/contrib/104881809061969663589/reviews",
            "profile_photo_url": "https://lh4.googleusercontent.com/-nOIsEsCnkpA/AAAAAAAAAAI/AAAAAAAAAAA/ACHi3rdLKL_5x7eavKcFUSQBr-QIuxUMQQ/s128-c0x00000000-cc-rp-mo/photo.jpg",
            "rating": 5,
            "relative_time_description": "5 months ago",
            "text": "",
            "time": 1550946308
        },
        {
            "author_name": "Mumm-Ra",
            "author_url": "https://www.google.com/maps/contrib/117544607475040216509/reviews",
            "profile_photo_url": "https://lh6.googleusercontent.com/-XEoa6cV793Q/AAAAAAAAAAI/AAAAAAAABk4/Erjt2JxTKTA/s128-c0x00000000-cc-rp-mo-ba4/photo.jpg",
            "rating": 4,
            "relative_time_description": "6 months ago",
            "text": "",
            "time": 1547651185
        }
    ],
    "type": "night_club"
}