{
    "id": "104f3877272fa530a5593704eb1a043b974fac5b",
    "location": {
        "lat": 37.9756459,
        "lng": 23.7305646
    },
    "name": "heteroclito",
    "rating": 4.6,
    "reviews": [
        {
            "author_name": "Loona Riin Kauge",
            "author_url": "https://www.google.com/maps/contrib/104498247914185238182/reviews",
            "language": "en",
            "profile_photo_url": "https://lh5.googleusercontent.com/-SWt8KzNmZTY/AAAAAAAAAAI/AAAAAAAAAis/I9efACRAliM/s128-c0x00000000-cc-rp-mo/photo.jpg",
            "rating": 5,
            "relative_time_description": "a week ago",
            "text": "Small wine bar, which extends to the street, bustling with life. Great selection of Greek wines and groovy music. Had a glass of really lovely ros\u00e9 with my friends, of which I ended up taking a bottle home (it was only 9 euros :o)",
            "time": 1563288464
        },
        {
            "author_name": "Eleny Mama",
            "author_url": "https://www.google.com/maps/contrib/100120617118370389771/reviews",
            "language": "en",
            "profile_photo_url": "https://lh3.googleusercontent.com/-OB_VQMvtt9Y/AAAAAAAAAAI/AAAAAAAAAhc/ukfquEhV-3w/s128-c0x00000000-cc-rp-mo-ba3/photo.jpg",
            "rating": 5,
            "relative_time_description": "4 weeks ago",
            "text": "A great selection of wines by the glass and bottle. The service is fast and courteous (there is good chemistry between the ladies working there), the light bites on the menu delicious (try the cheese selection). The by the glass separate menu is renewed every month which is nice.",
            "time": 1561463499
        },
        {
            "author_name": "Sebastian H. Brousseau",
            "author_url": "https://www.google.com/maps/contrib/102656359525988878176/reviews",
            "language": "en",
            "profile_photo_url": "https://lh4.googleusercontent.com/-o8hG9t6I2rM/AAAAAAAAAAI/AAAAAAAASc0/dL7fVUUsgOI/s128-c0x00000000-cc-rp-mo-ba3/photo.jpg",
            "rating": 5,
            "relative_time_description": "a month ago",
            "text": "Fantastic wine bar in Athens at a great location. The barmaid explained me about some of the wine I tasted and it was stunning. I had wine from Santorini and others. Loved it. Could have stayed there all day if I didn\u2019t have to visit the city with my short 2 days in Athens. Highly recommend.",
            "time": 1560119259
        },
        {
            "author_name": "Petros pavlopoulos",
            "author_url": "https://www.google.com/maps/contrib/116033479822878404158/reviews",
            "language": "en",
            "profile_photo_url": "https://lh4.googleusercontent.com/--UjhznHgTXk/AAAAAAAAAAI/AAAAAAAAAAA/ACHi3rfBLxdW3IVB6bTC4g7dVGfMFAGTIg/s128-c0x00000000-cc-rp-mo-ba3/photo.jpg",
            "rating": 5,
            "relative_time_description": "a week ago",
            "text": "lovely place friendly staff, nice location. Loved It. kEEP On the good work",
            "time": 1562879602
        },
        {
            "author_name": "Helmut Traster",
            "author_url": "https://www.google.com/maps/contrib/104552022257294655794/reviews",
            "language": "en",
            "profile_photo_url": "https://lh6.googleusercontent.com/-cHoXzlijDvc/AAAAAAAAAAI/AAAAAAAAAAQ/u1KnLWreLbU/s128-c0x00000000-cc-rp-mo-ba4/photo.jpg",
            "rating": 5,
            "relative_time_description": "a month ago",
            "text": "This is a trendy yet classic wine Bar, very nice staff and a good selection with moderate prices for quality wine ! Enjoyed our stay in the second floor ! Very nice !",
            "time": 1559737742
        }
    ],
    "type": "bar"
}
