{
    "id": "43518ae9e6cccf1f72f6ecf7f8334dccb648200d",
    "location": {
        "lat": 37.9757551,
        "lng": 23.7165799
    },
    "name": "\u03a6 Bar",
    "rating": 4.8,
    "reviews": [
        {
            "author_name": "Fraser Wilson",
            "author_url": "https://www.google.com/maps/contrib/101012559998074123197/reviews",
            "language": "en",
            "profile_photo_url": "https://lh6.googleusercontent.com/-eLRZQ1SRiYk/AAAAAAAAAAI/AAAAAAAAAAA/ACHi3recD4hBP4ijnLqaRSV-ftMCpxP_7A/s128-c0x00000000-cc-rp-mo-ba4/photo.jpg",
            "rating": 5,
            "relative_time_description": "a month ago",
            "text": "Kristos is awesome and the ouzo is great. Good location and great music. I've been back twice already!",
            "time": 1558905026
        },
        {
            "author_name": "Marius Matijo\u0161aitis",
            "author_url": "https://www.google.com/maps/contrib/114897658445291863620/reviews",
            "language": "en",
            "profile_photo_url": "https://lh6.googleusercontent.com/-Sygds3APyf4/AAAAAAAAAAI/AAAAAAAAAiA/q0TN8IY7-Ds/s128-c0x00000000-cc-rp-mo/photo.jpg",
            "rating": 5,
            "relative_time_description": "2 months ago",
            "text": "I found this place randomly just by walking by as I heard a sharming voice of a girl singing there, and a guy accompanying with his guitar. Stayed there for 3 or 4 more hours talking with an owner-bartender and his customers. We all had a great conversation. The bar itself has a great atmosphere and a huge selection of drinks for every taste.",
            "time": 1556889391
        },
        {
            "author_name": "George Katserelis",
            "author_url": "https://www.google.com/maps/contrib/117940606238955844989/reviews",
            "language": "en",
            "profile_photo_url": "https://lh5.googleusercontent.com/-nkMupHkzEmA/AAAAAAAAAAI/AAAAAAAAAAA/ACHi3reTeSzjtxtjtMO4YJYubengsUxM8Q/s128-c0x00000000-cc-rp-mo/photo.jpg",
            "rating": 5,
            "relative_time_description": "4 months ago",
            "text": "The most experienced and friendly bartender in Athens is Christos.\nIf you want some tips about the city and Athenean culture, please go talk to him..\nGreat variety of drinks",
            "time": 1553533973
        },
        {
            "author_name": "Rias Jordens",
            "author_url": "https://www.google.com/maps/contrib/117592814372225437406/reviews",
            "language": "en",
            "profile_photo_url": "https://lh5.googleusercontent.com/-xrS_QfDsrPI/AAAAAAAAAAI/AAAAAAAAAAA/ACHi3rce5lr6ToxlqoFBXsicqx_PilgrsA/s128-c0x00000000-cc-rp-mo/photo.jpg",
            "rating": 5,
            "relative_time_description": "in the last week",
            "text": "chille owner, with great shots of jager !",
            "time": 1563747457
        },
        {
            "author_name": "Kristian Foldager",
            "author_url": "https://www.google.com/maps/contrib/115472355300432805412/reviews",
            "language": "en",
            "profile_photo_url": "https://lh4.googleusercontent.com/-3LStNbgEFe0/AAAAAAAAAAI/AAAAAAAAAO0/t5FMetM-Ku0/s128-c0x00000000-cc-rp-mo/photo.jpg",
            "rating": 5,
            "relative_time_description": "3 months ago",
            "text": "Christo's bar is the best I've visited in Athens. Behind the bar both him and Alex made my visit worth coming back for. Ask for Christo's favourite vodka if you want an extraordinary experience. Cheers!",
            "time": 1555596675
        }
    ],
    "type": "bar"
}
