{
    "id": "aa6acc3cee7601b92e495cb8abe3f8317df4d934",
    "location": {
        "lat": 37.9772645,
        "lng": 23.7273471
    },
    "name": "MONK GRAPES AND SPIRITS",
    "rating": 4.4,
    "reviews": [
        {
            "author_name": "Charles Bloomer",
            "author_url": "https://www.google.com/maps/contrib/104805600217865524706/reviews",
            "language": "en",
            "profile_photo_url": "https://lh6.googleusercontent.com/-kMo-6XVx3Po/AAAAAAAAAAI/AAAAAAAAAAA/ACHi3rfFv7U-mwSxnsbxrCMev7zyn109AA/s128-c0x00000000-cc-rp-mo/photo.jpg",
            "rating": 5,
            "relative_time_description": "3 months ago",
            "text": "Elegant design, amazing bar and perfect service!  Cocktails are well curated and executed, the wine list lengthy...you won't be disappointed with beverage choices.   We each had cocktails, appetizers and a bottle of Greek wine...finished off with a desert \"calzone.\" A special tip of the hat to our server, Constantino.  He offered expert advice on everything we had, especially the wine.",
            "time": 1555010034
        },
        {
            "author_name": "Alexandra Goutra",
            "author_url": "https://www.google.com/maps/contrib/107968544728061493139/reviews",
            "language": "en",
            "profile_photo_url": "https://lh5.googleusercontent.com/-PNHoq3ry7oM/AAAAAAAAAAI/AAAAAAAAAAA/ACHi3reVPzG3vJFvripC7YKRerMqmlkrCQ/s128-c0x00000000-cc-rp-mo-ba3/photo.jpg",
            "rating": 4,
            "relative_time_description": "a month ago",
            "text": "Nice and quiet place in a pedestrians street in the heart of a very busy neighbourhood, just 4 min walk from Monastiraki metro station. Cocktails and drinks are good too.",
            "time": 1560670975
        },
        {
            "author_name": "Ashy Sheppard",
            "author_url": "https://www.google.com/maps/contrib/115683252718651842218/reviews",
            "language": "en",
            "profile_photo_url": "https://lh6.googleusercontent.com/-qRutqvaf96E/AAAAAAAAAAI/AAAAAAAAP8E/gIdpWHA77fo/s128-c0x00000000-cc-rp-mo-ba2/photo.jpg",
            "rating": 5,
            "relative_time_description": "3 months ago",
            "text": "Amazing hospitality, really beautiful and lovely venue. They accomodated for a big group and organised a table for everyone to fit in. \nThe service was amazing and the waitress, Eleni was amazing and super friendly! \nDefinitely one of the best wine bars in Athens!",
            "time": 1555905465
        },
        {
            "author_name": "Michael Ng",
            "author_url": "https://www.google.com/maps/contrib/106471792839842092795/reviews",
            "language": "en",
            "profile_photo_url": "https://lh4.googleusercontent.com/-ZlJDxKoWY7A/AAAAAAAAAAI/AAAAAAAAAVk/0aHBclzB80w/s128-c0x00000000-cc-rp-mo/photo.jpg",
            "rating": 5,
            "relative_time_description": "2 months ago",
            "text": "Cozy place.  Gets you into the mood for a nice evening.",
            "time": 1557318169
        },
        {
            "author_name": "Laura Beck",
            "author_url": "https://www.google.com/maps/contrib/116256877260396068178/reviews",
            "language": "en",
            "profile_photo_url": "https://lh3.googleusercontent.com/-pfDU7F3U0d4/AAAAAAAAAAI/AAAAAAAAAZI/v9laAu0xoFk/s128-c0x00000000-cc-rp-mo/photo.jpg",
            "rating": 5,
            "relative_time_description": "3 months ago",
            "text": "Classy and comfortable space, friendly and helpful staff, great selection of regional wine.",
            "time": 1555086245
        }
    ],
    "type": "bar"
}
