{
    "id": "794252229609aa73e8e365174cdf09591cb494a0",
    "location": {
        "lat": 37.9801353,
        "lng": 23.711267
    },
    "name": "Texas Rock Club",
    "rating": 4.1,
    "reviews": [
        {
            "author_name": "Robert Tomaszewski",
            "author_url": "https://www.google.com/maps/contrib/112744844905196056061/reviews",
            "language": "en",
            "profile_photo_url": "https://lh6.googleusercontent.com/-Ewo36OybIcs/AAAAAAAAAAI/AAAAAAAAAE0/A8yVqHJy758/s128-c0x00000000-cc-rp-mo-ba4/photo.jpg",
            "rating": 5,
            "relative_time_description": "a month ago",
            "text": "Yeah \ud83d\ude0e\ud83d\ude00",
            "time": 1562743918
        },
        {
            "author_name": "\u03a0\u03b1\u03bd\u03b1\u03b3\u03b9\u03c9\u03c4\u03b7\u03c2 \u03a7\u03c1\u03c5\u03c3\u03b9\u03b4\u03b7\u03c2",
            "author_url": "https://www.google.com/maps/contrib/115147575037185303156/reviews",
            "language": "el",
            "profile_photo_url": "https://lh5.googleusercontent.com/-4y9TACIrvMQ/AAAAAAAAAAI/AAAAAAAAAAA/ACHi3re2DteCjMz1-BubF72wSGDoCItDDQ/s128-c0x00000000-cc-rp-mo-ba3/photo.jpg",
            "rating": 1,
            "relative_time_description": "6 months ago",
            "text": "\u03a3\u03c5\u03b3\u03ba\u03b5\u03ba\u03c1\u03b9\u03bc\u03ad\u03bd\u03b7 \u03ba\u03b1\u03c4\u03b7\u03b3\u03bf\u03c1\u03af\u03b1 \u03b1\u03c4\u03cc\u03bc\u03c9\u03bd (\u03b8\u03ad\u03bc\u03b1 \u03b3\u03bf\u03c5\u03c3\u03c4\u03bf\u03c5)",
            "time": 1548107150
        },
        {
            "author_name": "Panos Fotakis",
            "author_url": "https://www.google.com/maps/contrib/113173728585138328616/reviews",
            "profile_photo_url": "https://lh3.googleusercontent.com/-fo-wwUgxOzg/AAAAAAAAAAI/AAAAAAAAAAA/ACHi3rfi7D7P0It0ASXSg-rXmbBcpnNZag/s128-c0x00000000-cc-rp-mo/photo.jpg",
            "rating": 4,
            "relative_time_description": "7 months ago",
            "text": "",
            "time": 1546472957
        },
        {
            "author_name": "\u0395\u039c\u039c\u0391\u039d\u039f\u03a5\u0397\u039b \u0391\u039e\u0399\u03a9\u03a4\u0397\u03a3",
            "author_url": "https://www.google.com/maps/contrib/102842416931944966606/reviews",
            "profile_photo_url": "https://lh6.googleusercontent.com/-rLvJ66S_kJs/AAAAAAAAAAI/AAAAAAAAAzY/W44B-8KpXuE/s128-c0x00000000-cc-rp-mo-ba4/photo.jpg",
            "rating": 5,
            "relative_time_description": "2 months ago",
            "text": "",
            "time": 1557902840
        },
        {
            "author_name": "Ioannis Mavrakis",
            "author_url": "https://www.google.com/maps/contrib/111815907550896910953/reviews",
            "profile_photo_url": "https://lh3.googleusercontent.com/-L7G8_iZQ-Yo/AAAAAAAAAAI/AAAAAAAAAAA/ACHi3rcWUtpnju3bt3L2kmWo_WkuIJSwIw/s128-c0x00000000-cc-rp-mo-ba2/photo.jpg",
            "rating": 4,
            "relative_time_description": "3 months ago",
            "text": "",
            "time": 1556123916
        }
    ],
    "type": "bar"
}