{
    "id": "f482bbddd2fb7e21c4ff56bcb6f9a0f619badf52",
    "location": {
        "lat": 37.965541,
        "lng": 23.742852
    },
    "name": "Geppetto",
    "rating": 4.5,
    "reviews": [
        {
            "author_name": "Theodore Milonas",
            "author_url": "https://www.google.com/maps/contrib/117212252698171283761/reviews",
            "language": "en",
            "profile_photo_url": "https://lh6.googleusercontent.com/-2kpZjbYAwP4/AAAAAAAAAAI/AAAAAAAAAAA/ACHi3rf6BdOhS8Rb8XMjx7DfIDpQ-2YdUQ/s128-c0x00000000-cc-rp-mo-ba3/photo.jpg",
            "rating": 4,
            "relative_time_description": "2 weeks ago",
            "text": "Hidden within the city centre, really nice coffee / bar. Clean and tidy, with friendly staff and great chilled music after around 9pm.  For those interested, you can also play chess.",
            "time": 1563171179
        },
        {
            "author_name": "\u0393\u0399\u03a9\u03a1\u0393\u039f\u03a3 \u0396\u0397\u03a3\u0399\u039c\u0391\u03a4\u039f\u03a3",
            "author_url": "https://www.google.com/maps/contrib/110201035113153463931/reviews",
            "language": "en",
            "profile_photo_url": "https://lh6.googleusercontent.com/-gqUemkCouYg/AAAAAAAAAAI/AAAAAAAAANc/zPobQltkkj8/s128-c0x00000000-cc-rp-mo-ba5/photo.jpg",
            "rating": 3,
            "relative_time_description": "a month ago",
            "text": "A nice city street bar. Service was poor. They can do better.",
            "time": 1559588522
        },
        {
            "author_name": "Dimitris Giannoulis",
            "author_url": "https://www.google.com/maps/contrib/103403747584986053873/reviews",
            "language": "en",
            "profile_photo_url": "https://lh4.googleusercontent.com/-C7XaRf9GMpc/AAAAAAAAAAI/AAAAAAAAAAA/ACHi3reLdcHB8rud9eu3VavJJqlV31jwEQ/s128-c0x00000000-cc-rp-mo-ba5/photo.jpg",
            "rating": 5,
            "relative_time_description": "3 months ago",
            "text": "A truly nice bar.\nCozy atmosphere, very good music, wide selection of alcoholic drinks, tasty snacks and pizzas.\nAbove all, service is fast and staff very friendly and helpful. \nRecommended.",
            "time": 1555528651
        },
        {
            "author_name": "Dimitris Mirotis",
            "author_url": "https://www.google.com/maps/contrib/116881705036408119134/reviews",
            "language": "en",
            "profile_photo_url": "https://lh4.googleusercontent.com/-3cBqnOmZPsU/AAAAAAAAAAI/AAAAAAAAAAA/ACHi3rc01O2aUkAXH-YvjteckJSQtXBd-Q/s128-c0x00000000-cc-rp-mo/photo.jpg",
            "rating": 5,
            "relative_time_description": "3 weeks ago",
            "text": "Nice place with friendly staff",
            "time": 1562416021
        },
        {
            "author_name": "Carito Anieles",
            "author_url": "https://www.google.com/maps/contrib/111528204711883736393/reviews",
            "language": "en",
            "profile_photo_url": "https://lh4.googleusercontent.com/-vDCxl6euqTM/AAAAAAAAAAI/AAAAAAAAAAA/ACHi3rd3dxOJh0i5A0KMI0ESztR-9fouVw/s128-c0x00000000-cc-rp-mo-ba2/photo.jpg",
            "rating": 5,
            "relative_time_description": "4 weeks ago",
            "text": "Good Freddie espresso",
            "time": 1562185034
        }
    ],
    "type": "bar"
}
