{
    "id": "5b8b90ce4b21fe13399f4b2a747fde80df187f03",
    "location": {
        "lat": 37.98442259999999,
        "lng": 23.735022
    },
    "name": "Off the Chain Club",
    "rating": 4.6,
    "reviews": [
        {
            "author_name": "Leonidas-LonisTattoo",
            "author_url": "https://www.google.com/maps/contrib/116407828940150010036/reviews",
            "language": "en",
            "profile_photo_url": "https://lh6.googleusercontent.com/-4QKpZdeq2DQ/AAAAAAAAAAI/AAAAAAAAIBA/UW1dr80yfNw/s128-c0x00000000-cc-rp-mo/photo.jpg",
            "rating": 5,
            "relative_time_description": "4 weeks ago",
            "text": "The best rock bar in Athens!!!",
            "time": 1563042430
        },
        {
            "author_name": "Marilia Karpodini",
            "author_url": "https://www.google.com/maps/contrib/104342602983194332996/reviews",
            "language": "en",
            "profile_photo_url": "https://lh3.googleusercontent.com/-1sYDGsuRZDg/AAAAAAAAAAI/AAAAAAAAAeY/uolehGEUYn0/s128-c0x00000000-cc-rp-mo-ba2/photo.jpg",
            "rating": 5,
            "relative_time_description": "4 months ago",
            "text": "Best place to be for beers and awesome music",
            "time": 1553402133
        },
        {
            "author_name": "L Black",
            "author_url": "https://www.google.com/maps/contrib/105359180488947330358/reviews",
            "language": "en",
            "profile_photo_url": "https://lh6.googleusercontent.com/-k-tc9KBaQuM/AAAAAAAAAAI/AAAAAAAADZA/EUNh0RawrIM/s128-c0x00000000-cc-rp-mo-ba4/photo.jpg",
            "rating": 5,
            "relative_time_description": "10 months ago",
            "text": "Great decor, good music, for the alternative soul.",
            "time": 1537615282
        },
        {
            "author_name": "Alex Katsoulas",
            "author_url": "https://www.google.com/maps/contrib/111301324337252569784/reviews",
            "language": "en",
            "profile_photo_url": "https://lh4.googleusercontent.com/-GtUXnyPd5BE/AAAAAAAAAAI/AAAAAAAAAAs/Ay3h27SyZ6A/s128-c0x00000000-cc-rp-mo-ba2/photo.jpg",
            "rating": 4,
            "relative_time_description": "5 months ago",
            "text": "Was a pleasant surprise",
            "time": 1550095832
        },
        {
            "author_name": "Narek O.",
            "author_url": "https://www.google.com/maps/contrib/116191087129640820727/reviews",
            "language": "en",
            "profile_photo_url": "https://lh4.googleusercontent.com/-Sl7Ufi22vYo/AAAAAAAAAAI/AAAAAAAAAAA/ACHi3rdENXpLUJ_CCKy9zI_nO5MPnE92kA/s128-c0x00000000-cc-rp-mo-ba3/photo.jpg",
            "rating": 5,
            "relative_time_description": "a year ago",
            "text": "Nice for a late night drink or two. It is a well set and playful place. Cool people, music mostly around hard rock, punk and may even play some nice EDM in the morning like Drum'n'Bass. The fact that it is in Exarcheia makes it convenient and around other good options as well.",
            "time": 1526810653
        }
    ],
    "type": "bar"
}