{
    "id": "8a399bc811fccf6628928ac1595168bb1cd03ea9",
    "location": {
        "lat": 37.9633874,
        "lng": 23.7171561
    },
    "name": "Lelos",
    "rating": 4.4,
    "reviews": [
        {
            "author_name": "Catherine Panteli",
            "author_url": "https://www.google.com/maps/contrib/105847734433042197257/reviews",
            "language": "en",
            "profile_photo_url": "https://lh3.googleusercontent.com/-HnwoZYO7gKg/AAAAAAAAAAI/AAAAAAAAteM/o8a1pNGYF14/s128-c0x00000000-cc-rp-mo-ba2/photo.jpg",
            "rating": 5,
            "relative_time_description": "5 months ago",
            "text": "Lelos is a quiet place, ideal for a nice and relaxing lunch. All the plates that we had where really high in quality and had great value for money. You can enjoy a fresh green salad, the stuffed eggplant, the beef with the sweet chili sauce and other. Its nice for a drink as well and they hosted a live  after 5.",
            "time": 1551635555
        },
        {
            "author_name": "Konstantinos Neos-Chalkias",
            "author_url": "https://www.google.com/maps/contrib/111505544200096681268/reviews",
            "language": "en",
            "profile_photo_url": "https://lh4.googleusercontent.com/-fUGa0jebg-c/AAAAAAAAAAI/AAAAAAAAB5I/n3gNt28_GWc/s128-c0x00000000-cc-rp-mo-ba2/photo.jpg",
            "rating": 5,
            "relative_time_description": "in the last week",
            "text": "Alternative caf\u00e9, easy going, well mannered staff, good coffee.",
            "time": 1564652565
        },
        {
            "author_name": "\u03a0\u03b1\u03bd\u03b1\u03b3\u03b9\u03ce\u03c4\u03b7\u03c2 \u0393\u03b5\u03c9\u03c1\u03b3\u03b1\u03ba\u03cc\u03c0\u03bf\u03c5\u03bb\u03bf\u03c2",
            "author_url": "https://www.google.com/maps/contrib/109763039314995563851/reviews",
            "language": "en",
            "profile_photo_url": "https://lh3.googleusercontent.com/-HOG3li52Hxw/AAAAAAAAAAI/AAAAAAAAJz8/Tby_-C4tIm8/s128-c0x00000000-cc-rp-mo-ba4/photo.jpg",
            "rating": 4,
            "relative_time_description": "3 months ago",
            "text": "This place, located in the middle of nowhere, is the most alternative destination in Koukaki. Great to have your alternative wine, your alternative snack (go for black-eyed-peas with honey mustard sauce).",
            "time": 1554479023
        },
        {
            "author_name": "Constantinos Chaidalis",
            "author_url": "https://www.google.com/maps/contrib/106062720033492621423/reviews",
            "language": "en",
            "profile_photo_url": "https://lh6.googleusercontent.com/-cBk5Ng9Ca7k/AAAAAAAAAAI/AAAAAAAAAIA/g1UqBVHUlF0/s128-c0x00000000-cc-rp-mo-ba3/photo.jpg",
            "rating": 5,
            "relative_time_description": "3 months ago",
            "text": "Nice place. Friendly service. Great overall.",
            "time": 1556217682
        },
        {
            "author_name": "Anna G",
            "author_url": "https://www.google.com/maps/contrib/110042233771631133542/reviews",
            "language": "en",
            "profile_photo_url": "https://lh3.googleusercontent.com/-1CSTOrVEH6I/AAAAAAAAAAI/AAAAAAAAJVY/oKOtr_Ro2Lo/s128-c0x00000000-cc-rp-mo/photo.jpg",
            "rating": 5,
            "relative_time_description": "a year ago",
            "text": "Cozy veranda. Great for reading or a quiet conversation. Waiters can adjust the dish to your order. Tasty. But the service is tremendously slow). Although may be the same as in the rest of Athens)).",
            "time": 1526203156
        }
    ],
    "type": "bar"
}
