{
    "id": "0d3b0a9b3925b4c57a0bb5caecc463738bbda7cc",
    "location": {
        "lat": 37.9768797,
        "lng": 23.7227613
    },
    "name": "James Joyce",
    "rating": 4.5,
    "reviews": [
        {
            "author_name": "Jinx",
            "author_url": "https://www.google.com/maps/contrib/113403526018532969884/reviews",
            "language": "en",
            "profile_photo_url": "https://lh6.googleusercontent.com/-DoMGg0dgXeQ/AAAAAAAAAAI/AAAAAAAAAAA/ACHi3rc002wSu0ekFdDyMmBy1CSh0y0auw/s128-c0x00000000-cc-rp-mo/photo.jpg",
            "rating": 5,
            "relative_time_description": "in the last week",
            "text": "Good music, good food, Guinness. What's not to like? Just a quick tip to the cook, though. When making fish and chips have a care with the cod, mine was not properly cooked. You need to have really hot oil, mate.",
            "time": 1564398433
        },
        {
            "author_name": "Callum W",
            "author_url": "https://www.google.com/maps/contrib/116603741958573317556/reviews",
            "language": "en",
            "profile_photo_url": "https://lh4.googleusercontent.com/-o4UhMzjZV2E/AAAAAAAAAAI/AAAAAAAAAEg/vtfSaV98WWQ/s128-c0x00000000-cc-rp-mo/photo.jpg",
            "rating": 5,
            "relative_time_description": "a week ago",
            "text": "wow! This bar was the highlight of my trip to Athens. Amazing food with a wide range to choose from. Drinks refreshing and cold and the views are unbelievable. The staff just topped of my experience they was amazing, Fast service, really polite and friendly.\nIf you are heading to Athens I couldn't recommend this place more!",
            "time": 1563998549
        },
        {
            "author_name": "Don MacAuslan",
            "author_url": "https://www.google.com/maps/contrib/104776303439549816573/reviews",
            "language": "en",
            "profile_photo_url": "https://lh4.googleusercontent.com/-_nBGP62vA0k/AAAAAAAAAAI/AAAAAAAAABQ/mvmyA2pglOA/s128-c0x00000000-cc-rp-mo-ba5/photo.jpg",
            "rating": 4,
            "relative_time_description": "a month ago",
            "text": "It was grand! After 3 weeks in Greece an Irish pub was just the ticket. Guinness and Guinness pie. And the wine is great as well. Pleasant relaxed and good service.",
            "time": 1560708476
        },
        {
            "author_name": "Jelena Kleut",
            "author_url": "https://www.google.com/maps/contrib/112363610446314929880/reviews",
            "language": "en",
            "profile_photo_url": "https://lh6.googleusercontent.com/-yXQJrore-Ys/AAAAAAAAAAI/AAAAAAAAAAA/ACHi3rcCpyJz7OGXk1SPcN2somqkL-U-6w/s128-c0x00000000-cc-rp-mo-ba4/photo.jpg",
            "rating": 4,
            "relative_time_description": "a month ago",
            "text": "Relaxed place with nice view of Acropolis. Their house beer lager is a bit mild, but they have a small selection of Greek craft beers. The menue is pub-like. Sausages and salads are good.",
            "time": 1560572648
        },
        {
            "author_name": "Spyros Depountis",
            "author_url": "https://www.google.com/maps/contrib/103884610232813125904/reviews",
            "language": "en",
            "profile_photo_url": "https://lh3.googleusercontent.com/-sx1Q2ky2ERE/AAAAAAAAAAI/AAAAAAAAAOw/c3uAXsx3g7k/s128-c0x00000000-cc-rp-mo/photo.jpg",
            "rating": 5,
            "relative_time_description": "2 months ago",
            "text": "Great food. Good quality beer and nice music +sky sports. Highly recommended",
            "time": 1557651501
        }
    ],
    "type": "bar"
}
