{
    "id": "8df9d429d36a517400ecf64f106d432dba2e9cc4",
    "location": {
        "lat": 38.0008183,
        "lng": 23.7371649
    },
    "name": "Cafe Bar Soulatso",
    "rating": 4.3,
    "reviews": [
        {
            "author_name": "George Matjouranis",
            "author_url": "https://www.google.com/maps/contrib/113549571468140195303/reviews",
            "language": "en",
            "profile_photo_url": "https://lh5.googleusercontent.com/-Xh8BlnczT8o/AAAAAAAAAAI/AAAAAAAAAAA/ACHi3rfYIEGWxx7rJsVMheqTIpDB4RwfeA/s128-c0x00000000-cc-rp-mo-ba4/photo.jpg",
            "rating": 5,
            "relative_time_description": "3 months ago",
            "text": "One of the best cafeterias in Fokionos Negri, the very best of service with a smile. The owner Christos is always around to make sure everything is spotless.\nHighly recommended.",
            "time": 1556638397
        },
        {
            "author_name": "Dhimitri Balliu",
            "author_url": "https://www.google.com/maps/contrib/112407647097380759140/reviews",
            "language": "en",
            "profile_photo_url": "https://lh6.googleusercontent.com/-MbfBxLeuT38/AAAAAAAAAAI/AAAAAAAAABs/uBonZV39_3Q/s128-c0x00000000-cc-rp-mo-ba4/photo.jpg",
            "rating": 5,
            "relative_time_description": "2 months ago",
            "text": "Located in Negri Fokionos, Cafe Bar Soulatso is a great quality coffee, but not the cheapest. The place is nicely decorated with comfortable seating. The waitress spilled some water at my jeans but it was ok, it was not a big deal enough complain.",
            "time": 1558950755
        },
        {
            "author_name": "Nikolas Mandilaras",
            "author_url": "https://www.google.com/maps/contrib/107685380078022927753/reviews",
            "language": "en",
            "profile_photo_url": "https://lh4.googleusercontent.com/-4QqyVH5fsfo/AAAAAAAAAAI/AAAAAAAAhgI/gmYfduSkQp8/s128-c0x00000000-cc-rp-mo-ba4/photo.jpg",
            "rating": 4,
            "relative_time_description": "2 months ago",
            "text": "Cozy place with nice music. After 23:00 more Greek music gj. Coffee, alcohol drinks and finger food.",
            "time": 1559401075
        },
        {
            "author_name": "Nick Arahovas",
            "author_url": "https://www.google.com/maps/contrib/110294113810765261764/reviews",
            "language": "en",
            "profile_photo_url": "https://lh5.googleusercontent.com/-Di7Q48lMgSU/AAAAAAAAAAI/AAAAAAAAAuI/fa8y2xea9NY/s128-c0x00000000-cc-rp-mo-ba3/photo.jpg",
            "rating": 4,
            "relative_time_description": "7 months ago",
            "text": "Good music, nice atmosphere",
            "time": 1545120693
        },
        {
            "author_name": "Ioannis Mouslidis",
            "author_url": "https://www.google.com/maps/contrib/100913716339565876860/reviews",
            "language": "en",
            "profile_photo_url": "https://lh6.googleusercontent.com/-gQ7SB1tEXxU/AAAAAAAAAAI/AAAAAAAAAAA/ACHi3reg83RibyTX-kQAFBWCHHCvkeMu9Q/s128-c0x00000000-cc-rp-mo-ba4/photo.jpg",
            "rating": 3,
            "relative_time_description": "11 months ago",
            "text": "Cosy, very good service, kind staff, but below average toilets.",
            "time": 1534075262
        }
    ],
    "type": "bar"
}
