{
    "id": "ab6eaf10ad3b17cf8e37c7eb10d9c88fd36cfd03",
    "location": {
        "lat": 37.9683734,
        "lng": 23.7271266
    },
    "name": "POINT a (Acropolis Point)",
    "rating": 4.5,
    "reviews": [
        {
            "author_name": "aaron wilson",
            "author_url": "https://www.google.com/maps/contrib/114166773838468764781/reviews",
            "language": "en",
            "profile_photo_url": "https://lh3.googleusercontent.com/-IwP32aE3Z24/AAAAAAAAAAI/AAAAAAAAAAA/ACHi3rfaKJvL6YwJpwmayiGuzs1FzBIlWw/s128-c0x00000000-cc-rp-mo-ba4/photo.jpg",
            "rating": 5,
            "relative_time_description": "a month ago",
            "text": "Really amazing restaurant. My girlfriend booked this as a surprise for my birthday while we were on holiday in Athens and had the most amazing dining experience. The food was exquisite in both presentation and quality. Their hospitality was top notch and our waiter respected that I didn't want cake brought out and everyone signing happy birthday so he brought us over two shots and had a lovely conversation with us. Would definitely recommend and go back. Well worth the money.",
            "time": 1562198979
        },
        {
            "author_name": "Chris Young",
            "author_url": "https://www.google.com/maps/contrib/113845450026332223941/reviews",
            "language": "en",
            "profile_photo_url": "https://lh5.googleusercontent.com/-mUqCUdJ0c54/AAAAAAAAAAI/AAAAAAAAAAA/ACHi3rfRnuDq3Pez-SRPQRNINmQl1KM9Fg/s128-c0x00000000-cc-rp-mo/photo.jpg",
            "rating": 5,
            "relative_time_description": "2 months ago",
            "text": "Absolutely perfect. The food was incredible and the views were breath taking. My partner and I visited so that we could end our holiday on a good note and it blew our expectations away. Staff were also great.",
            "time": 1558735829
        },
        {
            "author_name": "Parise Reynolds",
            "author_url": "https://www.google.com/maps/contrib/105439018843361133662/reviews",
            "language": "en",
            "profile_photo_url": "https://lh4.googleusercontent.com/---riyFGPS4w/AAAAAAAAAAI/AAAAAAAACvo/70H3-VMQF-g/s128-c0x00000000-cc-rp-mo/photo.jpg",
            "rating": 2,
            "relative_time_description": "2 months ago",
            "text": "If you want to order an appetizer only to find out it'll barely feed your chinchilla, then this might be the place for you. Based on the previous reviews, we were excited to try this place. The view was top notch but after receiving poor service and very questionable stuffed tomatoes (spoiler alert: it was gelatin filled with rice), we decided to leave. The drinks were mostly filled with ice but very tasty.\n\nIn case your chinchilla is still hungry, the bread is served in 2 half pieces as purchase.",
            "time": 1559152308
        },
        {
            "author_name": "Vitaly Kurapov",
            "author_url": "https://www.google.com/maps/contrib/110903138729367396758/reviews",
            "language": "en",
            "profile_photo_url": "https://lh6.googleusercontent.com/-dOJakj7khj8/AAAAAAAAAAI/AAAAAAAAAg4/u9LVUt9lrHU/s128-c0x00000000-cc-rp-mo-ba2/photo.jpg",
            "rating": 5,
            "relative_time_description": "a week ago",
            "text": "Perfect spot for the firstcomers to Athens! The view, the cuisine, the service were amazing - you fall in love with the city if you start here. Don't know if you can repeat the experience of the first impression but the Point is defenitly worth visiting again;)",
            "time": 1564296721
        },
        {
            "author_name": "Phil Hamshaw",
            "author_url": "https://www.google.com/maps/contrib/111441952947517467754/reviews",
            "language": "en",
            "profile_photo_url": "https://lh5.googleusercontent.com/-cmB__ikL4z4/AAAAAAAAAAI/AAAAAAAAAAA/ACHi3rd2E-l0FkQnEx4MPgnk0NdnGedItQ/s128-c0x00000000-cc-rp-mo/photo.jpg",
            "rating": 4,
            "relative_time_description": "a week ago",
            "text": "Nice view and great staff. Food was a bit of a let down. More style over substance. Dishes came served in a fake olive tree or artificial tomato vine with fake tomatoes (red gelatine) and the lamb was far from tender.",
            "time": 1564168763
        }
    ],
    "type": "bar"
}
