{
    "id": "c8bb09a41499b0295cff7e8fecae87b6d0a85012",
    "location": {
        "lat": 37.9864815,
        "lng": 23.7325558
    },
    "name": "Locomotiva",
    "rating": 4.5,
    "reviews": [
        {
            "author_name": "Ntino` Kot",
            "author_url": "https://www.google.com/maps/contrib/104586696268427381678/reviews",
            "language": "en",
            "profile_photo_url": "https://lh5.googleusercontent.com/-CS0dmDwDMKg/AAAAAAAAAAI/AAAAAAAAAAA/ACHi3rduIAoxTd_OnfWuAg_TwxIW7FXBHg/s128-c0x00000000-cc-rp-mo/photo.jpg",
            "rating": 5,
            "relative_time_description": "a week ago",
            "text": "A very nice place",
            "time": 1563632391
        },
        {
            "author_name": "back to the beat!",
            "author_url": "https://www.google.com/maps/contrib/105251246382310297294/reviews",
            "language": "en",
            "profile_photo_url": "https://lh4.googleusercontent.com/-SS9PitwwKJM/AAAAAAAAAAI/AAAAAAAAAAk/A1J-2aUss7g/s128-c0x00000000-cc-rp-mo-ba2/photo.jpg",
            "rating": 4,
            "relative_time_description": "5 months ago",
            "text": "Coffee, drinks & books. A nice place!",
            "time": 1550396856
        },
        {
            "author_name": "Steve Watkins",
            "author_url": "https://www.google.com/maps/contrib/106721340889808146992/reviews",
            "language": "en",
            "profile_photo_url": "https://lh3.googleusercontent.com/-TBmPvBQT0Gc/AAAAAAAAAAI/AAAAAAAAAh4/rykg-pGdo6s/s128-c0x00000000-cc-rp-mo-ba3/photo.jpg",
            "rating": 4,
            "relative_time_description": "10 months ago",
            "text": "Cool place. Good range of beers and friendly staff.",
            "time": 1537886533
        },
        {
            "author_name": "\u039c\u03b9\u03c7\u03ac\u03bb\u03b7\u03c2 \u03a0\u03b9\u03c3\u03ba\u03b9\u03bf\u03cd\u03bb\u03b7\u03c2",
            "author_url": "https://www.google.com/maps/contrib/106512886965634008390/reviews",
            "language": "en",
            "profile_photo_url": "https://lh4.googleusercontent.com/-CgEG8GZrfmU/AAAAAAAAAAI/AAAAAAAAAG4/RTAtkkKcbdw/s128-c0x00000000-cc-rp-mo-ba3/photo.jpg",
            "rating": 5,
            "relative_time_description": "2 months ago",
            "text": "No gods no masters here",
            "time": 1556965303
        },
        {
            "author_name": "Zakaria Taha",
            "author_url": "https://www.google.com/maps/contrib/100750657406632746220/reviews",
            "language": "en",
            "profile_photo_url": "https://lh4.googleusercontent.com/-mQ_Ecu1mDsw/AAAAAAAAAAI/AAAAAAAAAAA/ACHi3reUEVhU4tJjATPo4s1MAY81gDY33g/s128-c0x00000000-cc-rp-mo-ba3/photo.jpg",
            "rating": 5,
            "relative_time_description": "11 months ago",
            "text": "Best place for relax or study or meeting and people there really Soo friendly",
            "time": 1534892285
        }
    ],
    "type": "bar"
}
