{
    "id": "db144a3f5fdff17ed59f5db814c635e51e9fa0cb",
    "location": {
        "lat": 37.976676,
        "lng": 23.728881
    },
    "name": "KUKO's The Bar",
    "rating": 4.5,
    "reviews": [
        {
            "author_name": "Jud Chapman",
            "author_url": "https://www.google.com/maps/contrib/109153926406901490158/reviews",
            "language": "en",
            "profile_photo_url": "https://lh4.googleusercontent.com/-WkCUZ7h_byo/AAAAAAAAAAI/AAAAAAAAAB4/5aVzzyC4OWc/s128-c0x00000000-cc-rp-mo-ba3/photo.jpg",
            "rating": 5,
            "relative_time_description": "2 weeks ago",
            "text": "Wandered in for lunch and had a wonderful meal. Pizza and a beer. Looks like a popular spot for the locals. Might sound odd but good water.",
            "time": 1562411869
        },
        {
            "author_name": "\u0392\u03b1\u03b3\u03b3\u03b5\u03bb\u03b7\u03c2 \u03a4\u03b6\u03b1\u03bc\u03b1\u03ba\u03bf\u03c2",
            "author_url": "https://www.google.com/maps/contrib/107583548797426503619/reviews",
            "language": "en",
            "profile_photo_url": "https://lh4.googleusercontent.com/-9uACvbF9JgY/AAAAAAAAAAI/AAAAAAAAAAA/ACHi3rfCxnlwJlQN056JanCnJutfsh2tlg/s128-c0x00000000-cc-rp-mo/photo.jpg",
            "rating": 5,
            "relative_time_description": "in the last week",
            "text": "Food drinks music perfect",
            "time": 1563765959
        },
        {
            "author_name": "Giovanni Cabrera",
            "author_url": "https://www.google.com/maps/contrib/103323677584700249238/reviews",
            "language": "en",
            "profile_photo_url": "https://lh5.googleusercontent.com/-FGqiroMahx0/AAAAAAAAAAI/AAAAAAAAtxc/A1cqGKxHnE4/s128-c0x00000000-cc-rp-mo-ba4/photo.jpg",
            "rating": 5,
            "relative_time_description": "2 months ago",
            "text": "Lots of fun, nice music with Dj, very good ambience and decoration. Strongly recommended! !",
            "time": 1558265526
        },
        {
            "author_name": "Panagiotis Lampropoulos",
            "author_url": "https://www.google.com/maps/contrib/109036284491786118971/reviews",
            "language": "en",
            "profile_photo_url": "https://lh6.googleusercontent.com/-Q4woCwKCBLM/AAAAAAAAAAI/AAAAAAAAABI/Clrlb3hGEkM/s128-c0x00000000-cc-rp-mo-ba5/photo.jpg",
            "rating": 5,
            "relative_time_description": "3 months ago",
            "text": "One of the trendiest spots in city centre. Nice decoration, coffee and coctails. Quite full most of the time.",
            "time": 1555162582
        },
        {
            "author_name": "Anshuman Thorat",
            "author_url": "https://www.google.com/maps/contrib/116722974935316174373/reviews",
            "language": "en",
            "profile_photo_url": "https://lh6.googleusercontent.com/-cnkUZVeh6Wo/AAAAAAAAAAI/AAAAAAAAAAA/ACHi3rdgHqaziVNaKN6j8f6joZfjdKkJEw/s128-c0x00000000-cc-rp-mo/photo.jpg",
            "rating": 1,
            "relative_time_description": "3 months ago",
            "text": "I have a very bad feeling that this place is racist or does not allow foreign tourists (likely the former). The bouncer denied us entry saying the place was full and let at least 20 other people in while we were standing right there.\nSo, you guys might think we weren\u2019t dressed properly. No. We were perfectly dressed for a Friday evening. It was really insulting.",
            "time": 1555205486
        }
    ],
    "type": "bar"
}
