{
    "id": "c5d96cda3192ffb11a6055872b0be5b959f5f6fd",
    "location": {
        "lat": 37.9769034,
        "lng": 23.7455848
    },
    "name": "Bronco",
    "rating": 4.4,
    "reviews": [
        {
            "author_name": "luis lozano valle",
            "author_url": "https://www.google.com/maps/contrib/113114089461319594346/reviews",
            "language": "en",
            "profile_photo_url": "https://lh3.googleusercontent.com/-Eb96wtmbqXk/AAAAAAAAAAI/AAAAAAAAAAA/ACHi3rdbt3nfi1_kjKKzxNjZkxTRoqMy7A/s128-c0x00000000-cc-rp-mo/photo.jpg",
            "rating": 5,
            "relative_time_description": "a week ago",
            "text": "Nice music, nice drinks and waiter invited to a shot! What else do you need?",
            "time": 1563123018
        },
        {
            "author_name": "Alexandros Bourantas",
            "author_url": "https://www.google.com/maps/contrib/109399598031199750766/reviews",
            "language": "en",
            "profile_photo_url": "https://lh5.googleusercontent.com/-j6A5B2Gt0Xo/AAAAAAAAAAI/AAAAAAAAAd4/maosS2DAWK0/s128-c0x00000000-cc-rp-mo/photo.jpg",
            "rating": 1,
            "relative_time_description": "2 weeks ago",
            "text": "Too small, too loud. Great if you want to get a sense of the Greek entitlement experience.",
            "time": 1562715405
        },
        {
            "author_name": "Konstantinos Kovotsos",
            "author_url": "https://www.google.com/maps/contrib/106796728392651653386/reviews",
            "language": "en",
            "profile_photo_url": "https://lh4.googleusercontent.com/-ZndVWcVY1m4/AAAAAAAAAAI/AAAAAAAAAXI/FJOBfOYLU30/s128-c0x00000000-cc-rp-mo-ba4/photo.jpg",
            "rating": 5,
            "relative_time_description": "3 weeks ago",
            "text": "Great bartender and old classic decor combined with excellent rock music",
            "time": 1562070533
        },
        {
            "author_name": "Nick K",
            "author_url": "https://www.google.com/maps/contrib/108130453044820707044/reviews",
            "language": "en",
            "profile_photo_url": "https://lh6.googleusercontent.com/-oor7-7seNyo/AAAAAAAAAAI/AAAAAAAAAAA/ACHi3rcdtlbitU2zH1sXgzFZHd0FRq6zCQ/s128-c0x00000000-cc-rp-mo-ba3/photo.jpg",
            "rating": 5,
            "relative_time_description": "2 months ago",
            "text": "Best lounge/bar in Kolonaki... Great music & drinks.",
            "time": 1557679767
        },
        {
            "author_name": "Morten Nilsen",
            "author_url": "https://www.google.com/maps/contrib/104829600840215492392/reviews",
            "language": "en",
            "profile_photo_url": "https://lh5.googleusercontent.com/-gFGqLlyaiHc/AAAAAAAAAAI/AAAAAAAAAAA/ACHi3reLUPYhZneXNoLiLIVa9EgpzOxrLA/s128-c0x00000000-cc-rp-mo/photo.jpg",
            "rating": 5,
            "relative_time_description": "a month ago",
            "text": "A lot of cold and good beer, nice location!",
            "time": 1559038104
        }
    ],
    "type": "bar"
}
