{
    "id": "5e9a218d015418b9bcdf7083ae39239eef60eaa7",
    "location": {
        "lat": 37.9910433,
        "lng": 23.7362195
    },
    "name": "Capone Club Sociale",
    "rating": 5,
    "reviews": [
        {
            "author_name": "Paris Papadeas",
            "author_url": "https://www.google.com/maps/contrib/105784540858849959556/reviews",
            "language": "el",
            "profile_photo_url": "https://lh3.googleusercontent.com/-tPLbRBPkT1A/AAAAAAAAAAI/AAAAAAAAFgI/qrDC_Cw7tzA/s128-c0x00000000-cc-rp-mo-ba5/photo.jpg",
            "rating": 5,
            "relative_time_description": "a year ago",
            "text": "\u0394\u03b9\u03bf\u03c3\u03ba\u03bf\u03c5\u03bb\u03af\u03b4\u03b7\u03c2 \u03a3\u03c0\u03c5\u03c1\u03ac\u03ba\u03bf\u03c2 \u03c3\u03c4\u03b1 \u03ba\u03b1\u03bb\u03cd\u03c4\u03b5\u03c1\u03b1 \u03c4\u03bf\u03c5\u03c2. \u03a0\u03ad\u03bc\u03c0\u03c4\u03b7 \u03a0\u03b1\u03c1\u03b1\u03c3\u03ba\u03b5\u03c5\u03ae \u03a3\u03ac\u03b2\u03b2\u03b1\u03c4\u03bf. \u03a4\u03b9\u03c2 \u03a4\u03b5\u03c4\u03ac\u03c1\u03c4\u03b5\u03c2 \u03c0\u03b1\u03af\u03b6\u03bf\u03c5\u03bd \u03ba\u03b1\u03b9 \u03ac\u03bb\u03bb\u03b1 \u03c3\u03c7\u03ae\u03bc\u03b1\u03c4\u03b1.",
            "time": 1517433527
        },
        {
            "author_name": "\u03a3\u03a4\u0391\u039c\u0391\u03a4\u0397\u03a3 \u0392\u0391\u03a3\u0399\u039b\u0395\u0399\u039f\u03a5",
            "author_url": "https://www.google.com/maps/contrib/114330351933236980034/reviews",
            "profile_photo_url": "https://lh6.googleusercontent.com/-XLB-ukbLi90/AAAAAAAAAAI/AAAAAAAAOgQ/BSVKHZuhxpQ/s128-c0x00000000-cc-rp-mo-ba3/photo.jpg",
            "rating": 5,
            "relative_time_description": "3 months ago",
            "text": "",
            "time": 1555210134
        }
    ],
    "type": "night_club"
}