{
    "id": "ef630757a6df744b46ede924cbd786e948f6a265",
    "location": {
        "lat": 37.9569028,
        "lng": 23.7031468
    },
    "name": "DrunkDuck",
    "rating": 4.4,
    "reviews": [
        {
            "author_name": "Kostas Skliros",
            "author_url": "https://www.google.com/maps/contrib/102472869428514941102/reviews",
            "language": "en",
            "profile_photo_url": "https://lh6.googleusercontent.com/-QSaBdjh7rTE/AAAAAAAAAAI/AAAAAAAAHmU/vArHPce6b2M/s128-c0x00000000-cc-rp-mo-ba3/photo.jpg",
            "rating": 5,
            "relative_time_description": "7 months ago",
            "text": "Bar tenders are amazingly friendly and knowledgeable. Great selection of liquids..  Crowded but good spirits in general. Would be much better if smoking was not allowed - as in every bar in Greece I assume.",
            "time": 1546174658
        },
        {
            "author_name": "Anastasia Argyropoulou",
            "author_url": "https://www.google.com/maps/contrib/104959257296781891238/reviews",
            "language": "en",
            "profile_photo_url": "https://lh6.googleusercontent.com/-TvM0W5g1mjM/AAAAAAAAAAI/AAAAAAAAAGo/Eelmzy5IIn4/s128-c0x00000000-cc-rp-mo-ba3/photo.jpg",
            "rating": 5,
            "relative_time_description": "3 weeks ago",
            "text": "A wonderful place to sit in Kalithea!!",
            "time": 1562785683
        },
        {
            "author_name": "MrBillys Billys",
            "author_url": "https://www.google.com/maps/contrib/112771600675027738350/reviews",
            "language": "en",
            "profile_photo_url": "https://lh4.googleusercontent.com/-MmfTSaweLsY/AAAAAAAAAAI/AAAAAAAAAAA/ACHi3rdtG0fQft660rCl5PjYMvedhBvCIQ/s128-c0x00000000-cc-rp-mo/photo.jpg",
            "rating": 5,
            "relative_time_description": "2 months ago",
            "text": "Good place good vibes great music",
            "time": 1559674039
        },
        {
            "author_name": "Theodoros Stefou",
            "author_url": "https://www.google.com/maps/contrib/111798379855609164425/reviews",
            "language": "en",
            "profile_photo_url": "https://lh3.googleusercontent.com/-Ca0jy40PE_k/AAAAAAAAAAI/AAAAAAAABMw/TDpj_LMfcgY/s128-c0x00000000-cc-rp-mo-ba5/photo.jpg",
            "rating": 5,
            "relative_time_description": "a month ago",
            "text": "Cozy place, nice music, good spot",
            "time": 1559805234
        },
        {
            "author_name": "Halil A",
            "author_url": "https://www.google.com/maps/contrib/113732076535370981175/reviews",
            "language": "en",
            "profile_photo_url": "https://lh4.googleusercontent.com/-XH5RpKhIfDk/AAAAAAAAAAI/AAAAAAAAAAA/ACHi3revSymD853pM8yr9aJi8Il7-391QQ/s128-c0x00000000-cc-rp-mo-ba3/photo.jpg",
            "rating": 5,
            "relative_time_description": "2 months ago",
            "text": "Nice interior design and friendly staff",
            "time": 1557919228
        }
    ],
    "type": "bar"
}
