{
    "id": "a2b309a88ccd2d59305051346edbf359fba43f35",
    "location": {
        "lat": 37.9772208,
        "lng": 23.7290726
    },
    "name": "The Dude Bar",
    "rating": 4.6,
    "reviews": [
        {
            "author_name": "Tim Krash",
            "author_url": "https://www.google.com/maps/contrib/109038097721745941572/reviews",
            "language": "en",
            "profile_photo_url": "https://lh4.googleusercontent.com/-3DJ_gT964lU/AAAAAAAAAAI/AAAAAAAAAcs/1L6jEjhW3o0/s128-c0x00000000-cc-rp-mo/photo.jpg",
            "rating": 5,
            "relative_time_description": "5 months ago",
            "text": "This place is small but cozy. Great vibes and nice people, not to mention the music. Come over, order a drink and have a chat with someone. As for the music: Rock, 80's and 90's, Funk, House, Latin and etc.",
            "time": 1550741496
        },
        {
            "author_name": "John Rockwell",
            "author_url": "https://www.google.com/maps/contrib/117102847888796495407/reviews",
            "language": "en",
            "profile_photo_url": "https://lh4.googleusercontent.com/-29Mv0nQzSSs/AAAAAAAAAAI/AAAAAAAAAmc/mPfpUJ3jzgM/s128-c0x00000000-cc-rp-mo-ba2/photo.jpg",
            "rating": 5,
            "relative_time_description": "3 weeks ago",
            "text": "Funky, slender bar with good cocktails and some jams",
            "time": 1561748955
        },
        {
            "author_name": "Lars Heinz",
            "author_url": "https://www.google.com/maps/contrib/109911755449209525554/reviews",
            "language": "en",
            "profile_photo_url": "https://lh6.googleusercontent.com/-pxvbu6TBTQg/AAAAAAAAAAI/AAAAAAAAAp4/v8FF3gA0gnQ/s128-c0x00000000-cc-rp-mo-ba2/photo.jpg",
            "rating": 5,
            "relative_time_description": "a month ago",
            "text": "geiler sound good funky music \ud83d\ude01",
            "time": 1560452924
        },
        {
            "author_name": "dimosthenis boumis",
            "author_url": "https://www.google.com/maps/contrib/110492618634180230970/reviews",
            "language": "en",
            "profile_photo_url": "https://lh3.googleusercontent.com/-NozvU8Eb7cg/AAAAAAAAAAI/AAAAAAAAAAA/ACHi3rfwB3Sr7p_HZoSFAqMYqS_4nFHuTA/s128-c0x00000000-cc-rp-mo/photo.jpg",
            "rating": 5,
            "relative_time_description": "5 months ago",
            "text": "The best music in town! Great variety of spirits , very cosy environment.",
            "time": 1549814373
        },
        {
            "author_name": "David Fusiek",
            "author_url": "https://www.google.com/maps/contrib/107389353231861795460/reviews",
            "language": "en",
            "profile_photo_url": "https://lh3.googleusercontent.com/-CPTCveHwPJU/AAAAAAAAAAI/AAAAAAAAAAs/-P95Fo_4Ww0/s128-c0x00000000-cc-rp-mo-ba3/photo.jpg",
            "rating": 4,
            "relative_time_description": "6 months ago",
            "text": "It is very nice and gem of Athens. It gathers nice and pleasent people. The prices are ok.i would recommend it for a day of the week,but it doesnt mean that it is not nice on the weekends.",
            "time": 1547577233
        }
    ],
    "type": "bar"
}
