{
    "id": "48987946710d420c6b5219db76ede6474388e258",
    "location": {
        "lat": 37.9745969,
        "lng": 23.7309935
    },
    "name": "Thea Terrace",
    "rating": 4.4,
    "reviews": [
        {
            "author_name": "Alexis Rae MacGregor",
            "author_url": "https://www.google.com/maps/contrib/106450716904320724840/reviews",
            "language": "en",
            "profile_photo_url": "https://lh6.googleusercontent.com/-W_mW28L7cE0/AAAAAAAAAAI/AAAAAAACvTU/L5jDBD2855Q/s128-c0x00000000-cc-rp-mo-ba5/photo.jpg",
            "rating": 5,
            "relative_time_description": "a month ago",
            "text": "The view offered from the Thea Terrace restaurant of the Acropolis is amazing. We went just around sunset for dinner and the view was spectacular. \n\nAside from the view, service was amazing. The people working there are nice. The food was great, too. Would highly recommend going back.",
            "time": 1560441134
        },
        {
            "author_name": "Juan Carlos Ivars",
            "author_url": "https://www.google.com/maps/contrib/106716631141680343604/reviews",
            "language": "en",
            "profile_photo_url": "https://lh4.googleusercontent.com/-b6iYvhIGzwY/AAAAAAAAAAI/AAAAAAAAuFM/6g8ByezMFyY/s128-c0x00000000-cc-rp-mo-ba2/photo.jpg",
            "rating": 3,
            "relative_time_description": "a month ago",
            "text": "So if you're willing to pay 5euros for sparkling water then you've found your place. The service is nice but it is quite expensive to get the same view you'd get from any rooftop.",
            "time": 1560621515
        },
        {
            "author_name": "901 Dental",
            "author_url": "https://www.google.com/maps/contrib/103162685524782522188/reviews",
            "language": "en",
            "profile_photo_url": "https://lh6.googleusercontent.com/-UwEC6eGYKPE/AAAAAAAAAAI/AAAAAAAAAAA/ACHi3reXBd48B4Dp_HNvH72WUS5dCw8zWA/s128-c0x00000000-cc-rp-mo/photo.jpg",
            "rating": 1,
            "relative_time_description": "a month ago",
            "text": "Beware!!!!!  Biggest rip off in Greece. 12 Euro for 2 gelato...and there is much better gelato right across the street",
            "time": 1561383091
        },
        {
            "author_name": "Jessica Quigley",
            "author_url": "https://www.google.com/maps/contrib/104590558564190946624/reviews",
            "language": "en",
            "profile_photo_url": "https://lh5.googleusercontent.com/-L0EV9TQ3HRU/AAAAAAAAAAI/AAAAAAAAAAA/ACHi3rdOMYOpsE7Uw3QfDwreifuHFSVD9Q/s128-c0x00000000-cc-rp-mo/photo.jpg",
            "rating": 5,
            "relative_time_description": "3 weeks ago",
            "text": "BEST VIEW IN ATHENS, and best service!!! Great for solo travelers like myself. Staff was more than happy to take my picture and didn\u2019t make me feel annoying at all \ud83d\ude02 drinks were good, too!",
            "time": 1562083205
        },
        {
            "author_name": "Sonam Bhutia",
            "author_url": "https://www.google.com/maps/contrib/108762012288773710992/reviews",
            "language": "en",
            "profile_photo_url": "https://lh4.googleusercontent.com/-awVXxKp8Eek/AAAAAAAAAAI/AAAAAAAAAAA/r9vfeOu33qU/s128-c0x00000000-cc-rp-mo-ba5/photo.jpg",
            "rating": 5,
            "relative_time_description": "9 months ago",
            "text": "Perfect view of the Acropolis -- I recommend walking down to this place after you've completed the tour. Great space to chill and absorb the Acropolis beauty further. Seating is well done with almost all tables having a good view. Menu is satisfactory.",
            "time": 1540101489
        }
    ],
    "type": "bar"
}
