{
    "id": "aee0868bd33824b3feb477fe0cc8923d4ba8a6bc",
    "location": {
        "lat": 37.9861037,
        "lng": 23.7343902
    },
    "name": "BUY or DIE",
    "rating": 4.6,
    "reviews": [
        {
            "author_name": "\u0395\u03bb\u03b9\u03c3\u03ac\u03b2\u03b5\u03c4 \u0396\u03ae",
            "author_url": "https://www.google.com/maps/contrib/113368886827540046430/reviews",
            "language": "en",
            "profile_photo_url": "https://lh5.googleusercontent.com/-arvlOmyr4Tk/AAAAAAAAAAI/AAAAAAAAAAA/ACHi3re47vJ7L-nDVPk0y5sfx9slQM73ow/s128-c0x00000000-cc-rp-mo/photo.jpg",
            "rating": 5,
            "relative_time_description": "2 months ago",
            "text": "One of the best bar in town with frindly environment, low prices and the best bar lady ever!!!!",
            "time": 1559343394
        },
        {
            "author_name": "\u0398\u03b1\u03bd\u03ac\u03c3\u03b7\u03c2 \u039c\u03c0\u03ac\u03bc\u03c0\u03b1\u03bb\u03b7\u03c2",
            "author_url": "https://www.google.com/maps/contrib/101925800743374434174/reviews",
            "language": "en",
            "profile_photo_url": "https://lh3.googleusercontent.com/-qud678RC1r4/AAAAAAAAAAI/AAAAAAAAAG0/FZtni3DZlRg/s128-c0x00000000-cc-rp-mo-ba3/photo.jpg",
            "rating": 5,
            "relative_time_description": "7 months ago",
            "text": "The best place to have fun and enjoy your drink with good music all day!",
            "time": 1546059316
        },
        {
            "author_name": "chgaurd7",
            "author_url": "https://www.google.com/maps/contrib/101884487959568635421/reviews",
            "language": "en",
            "profile_photo_url": "https://lh5.googleusercontent.com/-uzUu2bZOAn8/AAAAAAAAAAI/AAAAAAAABAU/X5JQYh_FM9g/s128-c0x00000000-cc-rp-mo-ba3/photo.jpg",
            "rating": 5,
            "relative_time_description": "6 months ago",
            "text": "very friendly and cozy",
            "time": 1548445472
        },
        {
            "author_name": "Hooman Lotfi",
            "author_url": "https://www.google.com/maps/contrib/111090800131003462316/reviews",
            "language": "en",
            "profile_photo_url": "https://lh3.googleusercontent.com/-uN0IRy6yh-0/AAAAAAAAAAI/AAAAAAAAAUs/3egXw5pH20Q/s128-c0x00000000-cc-rp-mo-ba2/photo.jpg",
            "rating": 5,
            "relative_time_description": "2 months ago",
            "text": "\ud83d\ude0d\ud83d\ude0d\ud83d\ude18\ud83d\ude18",
            "time": 1557770224
        },
        {
            "author_name": "giannis ptrpl",
            "author_url": "https://www.google.com/maps/contrib/110450509059721224635/reviews",
            "language": "el",
            "profile_photo_url": "https://lh3.googleusercontent.com/-EK9oWPcni_8/AAAAAAAAAAI/AAAAAAAAACs/TeKkt5LMTJM/s128-c0x00000000-cc-rp-mo-ba2/photo.jpg",
            "rating": 5,
            "relative_time_description": "3 weeks ago",
            "text": "\u03a4\u03bf \u03ba\u03b1\u03bb\u03cd\u03c4\u03b5\u03c1\u03bf \u03bc\u03b1\u03b3\u03b1\u03b6\u03af \u03c4\u03c9\u03bd \u0395\u03be\u03b1\u03c1\u03c7\u03b5\u03af\u03c9\u03bd!!! \u039c\u03b5\u03c3'\u03c4\u03b7\u03bd \u03c4\u03c1\u03ad\u03bb\u03b1! \u0393\u03bf\u03c5\u03c5\u03c5\u03c5\u03c5\u03c5\u03c5\u03c5\u03c5\u03c7\u03bf\u03c5\u03c5\u03c5\u03c5\u03c5\u03c5!!!",
            "time": 1562749960
        }
    ],
    "type": "bar"
}
