{
    "id": "5110730969c3a2ca974f5ac38c18e50cf91b2871",
    "location": {
        "lat": 37.9791569,
        "lng": 23.7227574
    },
    "name": "\u0392\u039f\u039f! Cafe Bar",
    "rating": 4.6,
    "reviews": [
        {
            "author_name": "Michael Price",
            "author_url": "https://www.google.com/maps/contrib/102276222966385568542/reviews",
            "language": "en",
            "profile_photo_url": "https://lh4.googleusercontent.com/-G4rMdkMnSnU/AAAAAAAAAAI/AAAAAAAAAAA/ACHi3rdcx1-yu6QTmaH0OXj7cZgwCR3LNg/s128-c0x00000000-cc-rp-mo/photo.jpg",
            "rating": 5,
            "relative_time_description": "3 weeks ago",
            "text": "Excellent coffee and yogurt fruit bowl\nServed with a smile. Great place!",
            "time": 1562145733
        },
        {
            "author_name": "Rachel Halton",
            "author_url": "https://www.google.com/maps/contrib/106108195427843760177/reviews",
            "language": "en",
            "profile_photo_url": "https://lh3.googleusercontent.com/-NqT0kffgpgk/AAAAAAAAAAI/AAAAAAAAAAA/ACHi3rd5Z5Ay4UjrNSYD9Am7vLYyJdRYYg/s128-c0x00000000-cc-rp-mo/photo.jpg",
            "rating": 5,
            "relative_time_description": "a month ago",
            "text": "Loved this cute little bar. Happy hour was great, \u20ac6 cocktails that were delicious and well decorated.",
            "time": 1559879079
        },
        {
            "author_name": "Vanessa Serafis",
            "author_url": "https://www.google.com/maps/contrib/110644514574470787790/reviews",
            "language": "en",
            "profile_photo_url": "https://lh4.googleusercontent.com/-eQlACUJ_zrI/AAAAAAAAAAI/AAAAAAAAD70/m9ABgt04rSo/s128-c0x00000000-cc-rp-mo-ba4/photo.jpg",
            "rating": 5,
            "relative_time_description": "2 months ago",
            "text": "Cool place to be, amazing coffee and really nice cocktails to have with friends. The area is safe enough",
            "time": 1557152026
        },
        {
            "author_name": "\u039c\u0391\u03a1\u0399\u0391 \u0391\u03a0\u039f\u03a3\u03a4\u039f\u039b\u039f\u03a5",
            "author_url": "https://www.google.com/maps/contrib/106779557067607463625/reviews",
            "language": "en",
            "profile_photo_url": "https://lh5.googleusercontent.com/-VhT2CI6ar1k/AAAAAAAAAAI/AAAAAAAAACo/gr4EmsdJYV4/s128-c0x00000000-cc-rp-mo-ba4/photo.jpg",
            "rating": 5,
            "relative_time_description": "4 months ago",
            "text": "Small place with really tasteful cocktails. Definitely recommend. Definitely i will be back there soon.",
            "time": 1553428330
        },
        {
            "author_name": "Jacob Briggs",
            "author_url": "https://www.google.com/maps/contrib/118417248213874086960/reviews",
            "language": "en",
            "profile_photo_url": "https://lh5.googleusercontent.com/-eiWAbkAfEq8/AAAAAAAAAAI/AAAAAAAAFMg/-oZ1abIzXNM/s128-c0x00000000-cc-rp-mo-ba4/photo.jpg",
            "rating": 5,
            "relative_time_description": "3 months ago",
            "text": "Wonderful cocktails, nice atmosphere.  Good place for drinks with friends.",
            "time": 1555268894
        }
    ],
    "type": "bar"
}
