{
    "id": "03a7de0f56d9bfda887d82dd8c33330fec2e6330",
    "location": {
        "lat": 37.976566,
        "lng": 23.744136
    },
    "name": "Ritual - rock n roll",
    "rating": 4.7,
    "reviews": [
        {
            "author_name": "\u03a7\u03c1\u03b9\u03c3\u03c4\u03af\u03bd\u03b1 \u0396\u03b1\u03c1\u03ba\u03b1\u03b4\u03bf\u03cd\u03bb\u03b1",
            "author_url": "https://www.google.com/maps/contrib/113208627469559304884/reviews",
            "profile_photo_url": "https://lh5.googleusercontent.com/-hHuMJnrciAE/AAAAAAAAAAI/AAAAAAAANPc/ESHtqwRp468/s128-c0x00000000-cc-rp-mo-ba5/photo.jpg",
            "rating": 5,
            "relative_time_description": "7 months ago",
            "text": "",
            "time": 1547328675
        },
        {
            "author_name": "\u03a0\u0391\u039d\u0391\u0393\u0399\u03a9\u03a4\u0397\u03a3 \u039d\u0399\u039a\u0397\u03a4\u039f\u03a0\u039f\u03a5\u039b\u039f\u03a3",
            "author_url": "https://www.google.com/maps/contrib/115961125871627480309/reviews",
            "profile_photo_url": "https://lh6.googleusercontent.com/-3BuaRAYx2Pg/AAAAAAAAAAI/AAAAAAAAAAw/vb9ClJL8tdI/s128-c0x00000000-cc-rp-mo-ba3/photo.jpg",
            "rating": 5,
            "relative_time_description": "7 months ago",
            "text": "",
            "time": 1545312214
        },
        {
            "author_name": "B\u03b1\u03c3\u03b9\u03bb\u03b7\u03c2 \u03a3\u03b9\u03bd\u03bf\u03c0\u03bf\u03c5\u03bb\u03bf\u03c2",
            "author_url": "https://www.google.com/maps/contrib/100315376875796835683/reviews",
            "profile_photo_url": "https://lh5.googleusercontent.com/-rINAkT6ZjOY/AAAAAAAAAAI/AAAAAAAAAAA/ACHi3rc352xCaOW3eVuliGJ2y8yOch_JWA/s128-c0x00000000-cc-rp-mo-ba2/photo.jpg",
            "rating": 4,
            "relative_time_description": "10 months ago",
            "text": "",
            "time": 1539067298
        }
    ],
    "type": "bar"
}