{
    "id": "bcb4c1ffc6f283d7a784c1b6711c5fb9ec27d8db",
    "location": {
        "lat": 37.9638704,
        "lng": 23.7247637
    },
    "name": "Meerkat Cocktail Safari",
    "rating": 4.6,
    "reviews": [
        {
            "author_name": "Andreas K.",
            "author_url": "https://www.google.com/maps/contrib/109512600691175857809/reviews",
            "language": "en",
            "profile_photo_url": "https://lh6.googleusercontent.com/-z4CV9-jj-_w/AAAAAAAAAAI/AAAAAAAAAAA/ACHi3rfek97uStqyIdLxehvHozV0lDWMUA/s128-c0x00000000-cc-rp-mo-ba5/photo.jpg",
            "rating": 5,
            "relative_time_description": "3 months ago",
            "text": "A bar that travels you in a safari with its decoration. Serves apart from well known cocktails a few  others that are quite unique and are changed on a regular basis. Personnel and owner (he is french) are extremely friendly and in a happy mood. A chef behind the bar is preparing delicious tapas to accompany your cocktails. Non smoking inside.",
            "time": 1554623550
        },
        {
            "author_name": "Aneta Risteska",
            "author_url": "https://www.google.com/maps/contrib/112907899209615825484/reviews",
            "language": "en",
            "profile_photo_url": "https://lh6.googleusercontent.com/-wO4OP9FHY1o/AAAAAAAAAAI/AAAAAAAAAB0/jJjy6ls_XSA/s128-c0x00000000-cc-rp-mo-ba3/photo.jpg",
            "rating": 5,
            "relative_time_description": "a month ago",
            "text": "French little safari bistro in the heart of Athens, Greece. Quaint, romantic atmosphere and nice music. Recommended!",
            "time": 1560720003
        },
        {
            "author_name": "Simo Bennani",
            "author_url": "https://www.google.com/maps/contrib/108188641759718951078/reviews",
            "language": "en",
            "profile_photo_url": "https://lh6.googleusercontent.com/-RRBJVguiZIA/AAAAAAAAAAI/AAAAAAAAAnM/jXXmA8rcpLY/s128-c0x00000000-cc-rp-mo/photo.jpg",
            "rating": 5,
            "relative_time_description": "4 weeks ago",
            "text": "Awesome vibe. Great drinks! Loved this place.",
            "time": 1562415863
        },
        {
            "author_name": "Chris Lineos",
            "author_url": "https://www.google.com/maps/contrib/104197765508401108378/reviews",
            "language": "en",
            "profile_photo_url": "https://lh5.googleusercontent.com/-xQYLN0N5OKg/AAAAAAAAAAI/AAAAAAAAGUc/MuSOIch3CFQ/s128-c0x00000000-cc-rp-mo-ba4/photo.jpg",
            "rating": 5,
            "relative_time_description": "4 months ago",
            "text": "Very nice coffee! And you should try something from the menu. Really tasty croque monsieur. And the cocktails are delicious! Last but not least the service is amazing and you will adore them!",
            "time": 1553955159
        },
        {
            "author_name": "Giacomo Vicario",
            "author_url": "https://www.google.com/maps/contrib/111873267208737966289/reviews",
            "language": "en",
            "profile_photo_url": "https://lh3.googleusercontent.com/-4B-dF1SFiA0/AAAAAAAAAAI/AAAAAAAAAIk/dP85Xrxe4xM/s128-c0x00000000-cc-rp-mo-ba3/photo.jpg",
            "rating": 4,
            "relative_time_description": "3 months ago",
            "text": "Good place to spend the night, but it only has some particular cocktails and not the most common ones. But it's a great place if you want to experiment and fully dive into African culture.",
            "time": 1555583306
        }
    ],
    "type": "bar"
}
