{
    "id": "4ff57b583514db1a8fcf136e307c7a8e7ef8010a",
    "location": {
        "lat": 37.974011,
        "lng": 23.732263
    },
    "name": "Oinoscent",
    "rating": 4.6,
    "reviews": [
        {
            "author_name": "Glen Halvorson",
            "author_url": "https://www.google.com/maps/contrib/103626384776900405787/reviews",
            "language": "en",
            "profile_photo_url": "https://lh6.googleusercontent.com/-E7g99wvwk7k/AAAAAAAAAAI/AAAAAAAAAAA/ACHi3rfWm5JLR8b6aooExfTE38c-Nq9l7A/s128-c0x00000000-cc-rp-mo/photo.jpg",
            "rating": 5,
            "relative_time_description": "2 weeks ago",
            "text": "Second time in years and it has retained its charm with expanded food offerings. Wine list is eclectic for Greek and international wines. Relaxed and knowledgeable staff. Thanks guys and hope to see you on the next visit",
            "time": 1562961516
        },
        {
            "author_name": "Olivia O'Neil",
            "author_url": "https://www.google.com/maps/contrib/113939294560004608206/reviews",
            "language": "en",
            "profile_photo_url": "https://lh4.googleusercontent.com/-q6VnjntxJKo/AAAAAAAAAAI/AAAAAAAAADc/g4maaxaCTsc/s128-c0x00000000-cc-rp-mo-ba3/photo.jpg",
            "rating": 5,
            "relative_time_description": "2 months ago",
            "text": "I really like this place. They have lovely staff ready to talk you through their delicious wines-and they even have a series of tasting menu\u2019s specifically for Greek wines, which, knowing nothing about Greek wines I was excited about. I went with the Intro option & I loved all of them. I\u2019m annoyed I\u2019m flying home so I can\u2019t take any back with me. Oh and the food is outrageously good as well. If you have any interest in discovering Greek wines, or just drinking great wines from anywhere then come here.",
            "time": 1557177237
        },
        {
            "author_name": "Julian Ludowici",
            "author_url": "https://www.google.com/maps/contrib/115176896328837342346/reviews",
            "language": "en",
            "profile_photo_url": "https://lh3.googleusercontent.com/-3MwhD6oZ9gk/AAAAAAAAAAI/AAAAAAAAAAA/ACHi3rcEI4n3a-PNAElz1VPvuY1RZVKlLw/s128-c0x00000000-cc-rp-mo-ba3/photo.jpg",
            "rating": 5,
            "relative_time_description": "2 months ago",
            "text": "Excellent. If you haven\u2019t tasted good Greek wine go here. Tasting flights from 5-9 glasses at \u20ac25-45. Good wine, well explained. Very good food, had a pasta dish with Greek risoni. Just superb.",
            "time": 1557941700
        },
        {
            "author_name": "Ilse Hamming",
            "author_url": "https://www.google.com/maps/contrib/101534950403618280144/reviews",
            "language": "en",
            "profile_photo_url": "https://lh3.googleusercontent.com/-4t8xk8d7MnM/AAAAAAAAAAI/AAAAAAAAA6k/x42zXValDN0/s128-c0x00000000-cc-rp-mo/photo.jpg",
            "rating": 5,
            "relative_time_description": "a month ago",
            "text": "Great Wine bar.\nThe personnel knows so much about the wines served. Also nice food!",
            "time": 1561114176
        },
        {
            "author_name": "Paul Schalkwyk",
            "author_url": "https://www.google.com/maps/contrib/117761159751082729323/reviews",
            "language": "en",
            "profile_photo_url": "https://lh6.googleusercontent.com/-dFjt_uuYwbY/AAAAAAAAAAI/AAAAAAAAG7g/NESbSvzoNQc/s128-c0x00000000-cc-rp-mo/photo.jpg",
            "rating": 5,
            "relative_time_description": "3 months ago",
            "text": "This place is very cool. And has a great atmosphere and decent selection of wine.\nHave only eaten small plates here, but the quality was decent",
            "time": 1555917445
        }
    ],
    "type": "bar"
}
