{
    "id": "2d2c63cdcb3c87fed5d893a9cd16b3943305d900",
    "location": {
        "lat": 37.971732,
        "lng": 23.7305
    },
    "name": "Brettos",
    "rating": 4.6,
    "reviews": [
        {
            "author_name": "Liviu S",
            "author_url": "https://www.google.com/maps/contrib/115923142842006638486/reviews",
            "language": "en",
            "profile_photo_url": "https://lh4.googleusercontent.com/-eELX8HENBQ0/AAAAAAAAAAI/AAAAAAAAAAA/ACHi3rem4W7kb_pmpF9aeQkpaDZSGap96w/s128-c0x00000000-cc-rp-mo-ba4/photo.jpg",
            "rating": 4,
            "relative_time_description": "2 months ago",
            "text": "Great social pub.\nVery original design, good drinks, a very nice place to spend evening with your friends.\nIt was not very crowded when we were there but it was a very pleasant atmosphere.\nIt has a very good vibe and the services are very good.\nThere is a versatile menu, with a lot of drinks options.",
            "time": 1558276096
        },
        {
            "author_name": "Lisa Legault",
            "author_url": "https://www.google.com/maps/contrib/101960935875196794784/reviews",
            "language": "en",
            "profile_photo_url": "https://lh3.googleusercontent.com/--035JNVezUM/AAAAAAAAAAI/AAAAAAAAC_E/g1FX6QJn3wo/s128-c0x00000000-cc-rp-mo-ba3/photo.jpg",
            "rating": 5,
            "relative_time_description": "a month ago",
            "text": "We visited 2 weeks ago and found the service not that great. I went back today with my parents and got great service from Irene. She made me great cocktails and offered my dad great liqueurs. We stayed almost an hour. Because of her I bought a bottle of Ouzo.",
            "time": 1561287480
        },
        {
            "author_name": "John Patsianas",
            "author_url": "https://www.google.com/maps/contrib/106959434173275684241/reviews",
            "language": "en",
            "profile_photo_url": "https://lh3.googleusercontent.com/-DuOtgdAXAwo/AAAAAAAAAAI/AAAAAAAAAAA/ACHi3rdn84KSMBrcpPif_wxgZ9XTkWEj_w/s128-c0x00000000-cc-rp-mo/photo.jpg",
            "rating": 5,
            "relative_time_description": "in the last week",
            "text": "Touch of nostalgia - cool without being contrived in anyway. Gets busy and you have to wait So just chill and soak up the atmosphere.",
            "time": 1564007073
        },
        {
            "author_name": "Christoforos Pantazaras",
            "author_url": "https://www.google.com/maps/contrib/100320873002572889764/reviews",
            "language": "en",
            "profile_photo_url": "https://lh5.googleusercontent.com/-bZA_8kNuwWg/AAAAAAAAAAI/AAAAAAAAAD4/b51GgxrqxMo/s128-c0x00000000-cc-rp-mo-ba3/photo.jpg",
            "rating": 5,
            "relative_time_description": "2 weeks ago",
            "text": "One of the old and still family owned distilleries  of Athens. They even serve you from their barrels. Make no mistake, there is a different liquer taste for every colour on the bar's back wall. From fruit based to nuts to whatever is your desire. Even if you don't like alchohol,  you must visit and experience what I call \"a walk into the rainbow\"",
            "time": 1562668106
        },
        {
            "author_name": "Maksimilian Dikarev",
            "author_url": "https://www.google.com/maps/contrib/104994177524767088119/reviews",
            "language": "en",
            "profile_photo_url": "https://lh3.googleusercontent.com/-qIlXyqAUcZA/AAAAAAAAAAI/AAAAAAAAAPg/CLK4Jy7YK4I/s128-c0x00000000-cc-rp-mo-ba4/photo.jpg",
            "rating": 5,
            "relative_time_description": "3 months ago",
            "text": "Super cute place with a great atmosphere!!! It's one of the oldest distilleries in Athens and has a great selection of wines and drinks. If you're a fan of old fashioned... Try the Greco Forte! It's incredibly tasty \ud83d\ude0b \nI may head downstairs to try the food next.",
            "time": 1555516509
        }
    ],
    "type": "bar"
}
