{
    "id": "b888ecc0be0bd39f8084c81f111751d7a559836d",
    "location": {
        "lat": 37.98534,
        "lng": 23.7320563
    },
    "name": "BlackbirD Bar",
    "rating": 4.3,
    "reviews": [
        {
            "author_name": "Narek O.",
            "author_url": "https://www.google.com/maps/contrib/116191087129640820727/reviews",
            "language": "en",
            "profile_photo_url": "https://lh4.googleusercontent.com/-Sl7Ufi22vYo/AAAAAAAAAAI/AAAAAAAAAAA/ACHi3rdENXpLUJ_CCKy9zI_nO5MPnE92kA/s128-c0x00000000-cc-rp-mo-ba3/photo.jpg",
            "rating": 4,
            "relative_time_description": "2 months ago",
            "text": "A pretty cool bar in Exarcheia, Athens, mostly playing hard rock music and serving all kinds of drinks.. and that's about it!",
            "time": 1556655813
        },
        {
            "author_name": "Apostolis Diamantopoulos",
            "author_url": "https://www.google.com/maps/contrib/115065578570992135792/reviews",
            "language": "en",
            "profile_photo_url": "https://lh3.googleusercontent.com/-ZOx8eIhrpSg/AAAAAAAAAAI/AAAAAAAAAc0/EvN9Kw7dGDE/s128-c0x00000000-cc-rp-mo-ba4/photo.jpg",
            "rating": 4,
            "relative_time_description": "9 months ago",
            "text": "Needs better sound equipment... The new engineer ( \u03a0\u03b1\u03c1\u03b1\u03c3\u03ba\u03b5\u03c5\u03ae), is awesome! Tried really hard to help us have a nice sound!",
            "time": 1539545792
        },
        {
            "author_name": "Naya Gk",
            "author_url": "https://www.google.com/maps/contrib/108932934458741096682/reviews",
            "language": "en",
            "profile_photo_url": "https://lh3.googleusercontent.com/-1TvNtWiBndw/AAAAAAAAAAI/AAAAAAAAJKA/R7eE9n1SU6Q/s128-c0x00000000-cc-rp-mo/photo.jpg",
            "rating": 5,
            "relative_time_description": "11 months ago",
            "text": "I loved it honestly, the staff, the music everything. Keep up with the great job",
            "time": 1534080001
        },
        {
            "author_name": "Gladys Sobrido",
            "author_url": "https://www.google.com/maps/contrib/107092523715773882869/reviews",
            "language": "en",
            "profile_photo_url": "https://lh6.googleusercontent.com/-d7yixyJkSO8/AAAAAAAAAAI/AAAAAAAAC5s/MiIeirDcX28/s128-c0x00000000-cc-rp-mo-ba2/photo.jpg",
            "rating": 5,
            "relative_time_description": "a year ago",
            "text": "Awesome place in Exargia, with a background floor for concerts awesomely decorated with music legends and rockstars. All the street around is also decorated with billar balls and the logo in a3D effect, airy of the moon phases in the lamps. Nice music and nice staff",
            "time": 1530975834
        },
        {
            "author_name": "Orestis Chatzianastasiou",
            "author_url": "https://www.google.com/maps/contrib/100991323813128039311/reviews",
            "language": "en",
            "profile_photo_url": "https://lh6.googleusercontent.com/-5u48IQ-34K4/AAAAAAAAAAI/AAAAAAAAABQ/8aR6Jio5Kck/s128-c0x00000000-cc-rp-mo/photo.jpg",
            "rating": 4,
            "relative_time_description": "a year ago",
            "text": "Little things have remained unspoken for this classic bar! Preferably visit it during fridays - Saturdays or during some special event if you want to meet some people. The music they play is rock and metal - so if u domt like this, stay away. Prices in general are exarchia standards - pretty cheap. Bottomline, you like rock and metal - give it a chance!",
            "time": 1529572856
        }
    ],
    "type": "bar"
}
