{
    "id": "46125278f78fe18f0cb8eaf3681ee5b938ca2b41",
    "location": {
        "lat": 37.9623588,
        "lng": 23.7227306
    },
    "name": "Bel Ray",
    "rating": 4.3,
    "reviews": [
        {
            "author_name": "Christine A Eagleson",
            "author_url": "https://www.google.com/maps/contrib/112356252572756939163/reviews",
            "language": "en",
            "profile_photo_url": "https://lh3.googleusercontent.com/-MKRikeIhmmc/AAAAAAAAAAI/AAAAAAAAEJE/0ZEQyogEyF8/s128-c0x00000000-cc-rp-mo-ba5/photo.jpg",
            "rating": 5,
            "relative_time_description": "2 months ago",
            "text": "Hidden culinary gem. Really present, rich earthy chic vibe with excellent food. Juices, coffee - this was a perfect afternoon lunch for us, basking in the outdoor seating. The salads are a refreshing must. Excellent service.",
            "time": 1558429062
        },
        {
            "author_name": "Tonia Schneider",
            "author_url": "https://www.google.com/maps/contrib/116420993806781426220/reviews",
            "language": "en",
            "profile_photo_url": "https://lh3.googleusercontent.com/-136QUN-VuAk/AAAAAAAAAAI/AAAAAAAAAEQ/txtn2fJ4tKE/s128-c0x00000000-cc-rp-mo-ba5/photo.jpg",
            "rating": 5,
            "relative_time_description": "a month ago",
            "text": "Stylish and relaxed cafe to sit inside or outside. The Earl grey ice tea is awesome and the service is great. Only locals hang out there so we really enjoyed it there",
            "time": 1560836568
        },
        {
            "author_name": "Elrina92 Mark",
            "author_url": "https://www.google.com/maps/contrib/112964384115396258297/reviews",
            "language": "en",
            "profile_photo_url": "https://lh5.googleusercontent.com/-A62DwPSSk3Y/AAAAAAAAAAI/AAAAAAAAAAA/ACHi3rf33jJRM8QcrYEzg_ZzSSS_IAihkw/s128-c0x00000000-cc-rp-mo/photo.jpg",
            "rating": 5,
            "relative_time_description": "a week ago",
            "text": "Nice and friendly place. Unique healthy eating options. Just a little escape from the city..!!",
            "time": 1563827305
        },
        {
            "author_name": "Jessica Smethurst",
            "author_url": "https://www.google.com/maps/contrib/107623316910275744321/reviews",
            "language": "en",
            "profile_photo_url": "https://lh4.googleusercontent.com/-IQhMOekVD2k/AAAAAAAAAAI/AAAAAAAAAG8/YGzMo9TpRt4/s128-c0x00000000-cc-rp-mo-ba2/photo.jpg",
            "rating": 2,
            "relative_time_description": "2 weeks ago",
            "text": "Had a nice enough vodka based cocktail here, their Manhattan was too sweet and tastes of predominantly sherry. The waiters are nice enough but managers have little interest in serving drinks that make their customer happy \ud83e\udd37\ud83c\udffb\u200d\u2640\ufe0f",
            "time": 1562952131
        },
        {
            "author_name": "Aske Stentoft",
            "author_url": "https://www.google.com/maps/contrib/107176825080231407741/reviews",
            "language": "en",
            "profile_photo_url": "https://lh6.googleusercontent.com/-4eXKx0-IkAE/AAAAAAAAAAI/AAAAAAAAN4U/BFMw0RAC3IU/s128-c0x00000000-cc-rp-mo-ba3/photo.jpg",
            "rating": 4,
            "relative_time_description": "2 weeks ago",
            "text": "Nice food and great location.\nUnlucky with the waitress! Behaved like she prefer not to be tipped",
            "time": 1562930698
        }
    ],
    "type": "bar"
}
