{
    "id": "1e5c0d02e12dcdcfd7529fb437688ee4e83226f5",
    "location": {
        "lat": 37.976805,
        "lng": 23.732057
    },
    "name": "The Speakeasy Athens",
    "rating": 4.5,
    "reviews": [
        {
            "author_name": "Ehsanullah Shah",
            "author_url": "https://www.google.com/maps/contrib/115228381967847696130/reviews",
            "language": "en",
            "profile_photo_url": "https://lh4.googleusercontent.com/-iBqkJlQUiNM/AAAAAAAAAAI/AAAAAAAAAI0/7SAmH8a3u-0/s128-c0x00000000-cc-rp-mo-ba4/photo.jpg",
            "rating": 4,
            "relative_time_description": "3 weeks ago",
            "text": "So the place is hidden. \"Speakeasy\" duh. Surprise surprise. The place was really nice and everything. There were a few people there but we were expecting a bigger crowd. I'm not sure as to when the place is actually super crowded, perhaps if there's a band playing. In any case, it's worth a check if you're around the neighborhood. You come to the door and you ring the door bell and they buzz you in. Super clandestine.",
            "time": 1562330797
        },
        {
            "author_name": "nikos lazaridis",
            "author_url": "https://www.google.com/maps/contrib/115569273642198118126/reviews",
            "language": "en",
            "profile_photo_url": "https://lh4.googleusercontent.com/-eON4V7tUmck/AAAAAAAAAAI/AAAAAAAAFpg/z4VsKV4m_ec/s128-c0x00000000-cc-rp-mo/photo.jpg",
            "rating": 5,
            "relative_time_description": "3 months ago",
            "text": "There are just not enough stars to rate this place. Awesome in so many ways. The drinks, the music, the place the politeness. Great job, keep up the good work!",
            "time": 1555203876
        },
        {
            "author_name": "Zsuzsanna Sziveri",
            "author_url": "https://www.google.com/maps/contrib/111148381347160140830/reviews",
            "language": "en",
            "profile_photo_url": "https://lh6.googleusercontent.com/-RnpSIPJ5Sl4/AAAAAAAAAAI/AAAAAAAAqNs/e3dhrPl4j4E/s128-c0x00000000-cc-rp-mo-ba5/photo.jpg",
            "rating": 5,
            "relative_time_description": "a month ago",
            "text": "Great music, atmosphere and drinks.",
            "time": 1559873203
        },
        {
            "author_name": "Kailey Noble-Murray",
            "author_url": "https://www.google.com/maps/contrib/117554222403414403154/reviews",
            "language": "en",
            "profile_photo_url": "https://lh4.googleusercontent.com/-wqN8EJHojzg/AAAAAAAAAAI/AAAAAAAAAAA/ACHi3refffsgL9kq8yT0H4_swUHKna4Z5A/s128-c0x00000000-cc-rp-mo-ba3/photo.jpg",
            "rating": 5,
            "relative_time_description": "6 months ago",
            "text": "The struggle to find this place was very well rewarded! Unique and delicious cocktails, with a good variety of base spirits. We really enjoyed the vibe, such a cool group of people hanging out there drinking on a Wednesday!",
            "time": 1547157103
        },
        {
            "author_name": "Vangelis Moustakas",
            "author_url": "https://www.google.com/maps/contrib/112117183934790112419/reviews",
            "language": "en",
            "profile_photo_url": "https://lh3.googleusercontent.com/-nbW9RTolbD0/AAAAAAAAAAI/AAAAAAAABAo/PSdDpGBnm-s/s128-c0x00000000-cc-rp-mo-ba4/photo.jpg",
            "rating": 3,
            "relative_time_description": "5 months ago",
            "text": "Original drinks, great cocktails, friendly bartender. Decoration could be a lot better. Need to know where you are going, there is no sign at the street!",
            "time": 1550440006
        }
    ],
    "type": "bar"
}
