{
    "id": "fcded47803d585d7f95e7a0da2405dad761160f1",
    "location": {
        "lat": 37.982167,
        "lng": 23.720537
    },
    "name": "\u039c\u03c0\u03b5\u03bc\u03c0\u03b1 Bar Restaurant",
    "rating": 4.6,
    "reviews": [
        {
            "author_name": "Laurent Karim B\u00e9land",
            "author_url": "https://www.google.com/maps/contrib/111555274246376953635/reviews",
            "language": "en",
            "profile_photo_url": "https://lh3.googleusercontent.com/a-/AAuE7mAE5cgxNY_s3WmgPNDonr1sNAmuf8PEqidNrC1o=s128-c0x00000000-cc-rp-mo",
            "rating": 5,
            "relative_time_description": "a month ago",
            "text": "Great little hidden place in the center of Athens. Server recommended the veal liver and house salad. They were absolutely delicious. All in, including a beer and a complementary desert, less than 20 Euros for dinner. Personable staff, and a few English menus (even a handwritten vegetarian and vegan menu!)",
            "time": 1561401365
        },
        {
            "author_name": "Vesna Mijatovic",
            "author_url": "https://www.google.com/maps/contrib/102823196793136820940/reviews",
            "language": "en",
            "profile_photo_url": "https://lh3.googleusercontent.com/-dRhji72Pyic/AAAAAAAAAAI/AAAAAAAAAAA/ACHi3rfrFHGcHPysjt3GQ8K-JgaR3ZapbA/s128-c0x00000000-cc-rp-mo/photo.jpg",
            "rating": 5,
            "relative_time_description": "7 months ago",
            "text": "Great ambience. Great food. Really good house red wine. Decent prices. Highly recommended.",
            "time": 1546109482
        },
        {
            "author_name": "Charlie Albright",
            "author_url": "https://www.google.com/maps/contrib/116473225718569738466/reviews",
            "language": "en",
            "profile_photo_url": "https://lh4.googleusercontent.com/-Nbg68wyUlhw/AAAAAAAAAAI/AAAAAAAAAAA/ACHi3rdo_lvpgoiY03ufM02S1YCapGjtFw/s128-c0x00000000-cc-rp-mo-ba3/photo.jpg",
            "rating": 5,
            "relative_time_description": "a year ago",
            "text": "This cute little restaurant has some amazing dishes that are packed full of flavor. My recommendation is to get yourself a half liter of house white wine (it's delicious, 5\u20ac) and get the Risotto. Hands down the most flavorful risotto I've ever tasted. If you like mushrooms, this is the dish for you.\n\nThe gruyere appetizer was also amazing, and they bring you so much cheese!! Like legitimately half a pound of cheese or so.\n\nThe shrimp linguine was very good as well, but as soon as I tasted the risotto, it was game over.",
            "time": 1528828784
        },
        {
            "author_name": "Georgina Spyres",
            "author_url": "https://www.google.com/maps/contrib/108550680915940950551/reviews",
            "language": "en",
            "profile_photo_url": "https://lh3.googleusercontent.com/a-/AAuE7mAiSInNcSgE50_XD0aBM0Nk5T96c_lOAkALC4sauA=s128-c0x00000000-cc-rp-mo",
            "rating": 5,
            "relative_time_description": "7 months ago",
            "text": "great flavours (and wine!) though a bit on the salty side",
            "time": 1544966980
        },
        {
            "author_name": "Robin Schoot",
            "author_url": "https://www.google.com/maps/contrib/104977206334326008218/reviews",
            "language": "en",
            "profile_photo_url": "https://lh3.googleusercontent.com/-_y3JqTk9y5I/AAAAAAAAAAI/AAAAAAAAAAA/ACHi3rftP3Fhfj72JxAM4SIXVDLhswOqfA/s128-c0x00000000-cc-rp-mo/photo.jpg",
            "rating": 4,
            "relative_time_description": "10 months ago",
            "text": "Great atmosphere, service and food - portions are good and the dishes are decently priced!",
            "time": 1538242534
        }
    ],
    "type": "bar"
}
