{
    "id": "1b896b6a325bb8f4369c23c483ab0390be1f95b2",
    "location": {
        "lat": 37.9848306,
        "lng": 23.731947
    },
    "name": "Vinylio Record Store Cafe Bar",
    "rating": 4.7,
    "reviews": [
        {
            "author_name": "Elaina Boytor",
            "author_url": "https://www.google.com/maps/contrib/117696106124022249357/reviews",
            "language": "en",
            "profile_photo_url": "https://lh3.googleusercontent.com/-bdZyzte1Fms/AAAAAAAAAAI/AAAAAAAAfnU/wBYOs1W9bh8/s128-c0x00000000-cc-rp-mo-ba4/photo.jpg",
            "rating": 5,
            "relative_time_description": "a month ago",
            "text": "Stumbled upon this place - super glad we did. Great music, drink options, and friendly bar tenders. Cool place all around.",
            "time": 1561565180
        },
        {
            "author_name": "Afroditi alexandropoulou",
            "author_url": "https://www.google.com/maps/contrib/114144042508863729653/reviews",
            "language": "en",
            "profile_photo_url": "https://lh3.googleusercontent.com/-bpY1xjHg8aQ/AAAAAAAAAAI/AAAAAAAAFrA/9266tg8oxk4/s128-c0x00000000-cc-rp-mo-ba4/photo.jpg",
            "rating": 5,
            "relative_time_description": "2 months ago",
            "text": "Great music, great service, friendly and helpful staff, very good prices! A nice place to chill right in the centre of Athens!",
            "time": 1559126242
        },
        {
            "author_name": "Anne Espensen",
            "author_url": "https://www.google.com/maps/contrib/110548381713415501518/reviews",
            "language": "en",
            "profile_photo_url": "https://lh5.googleusercontent.com/-lG80d8fkZJw/AAAAAAAAAAI/AAAAAAAAAAA/ACHi3re1alEm_YcEApJnLE-FKVr8vD2wQQ/s128-c0x00000000-cc-rp-mo/photo.jpg",
            "rating": 5,
            "relative_time_description": "a year ago",
            "text": "Nice place \ud83d\ude0a",
            "time": 1529798737
        },
        {
            "author_name": "\u0386\u03b3\u03b3\u03b5\u03bb\u03bf\u03c2 \u03a0\u03b1\u03c0\u03b1\u03c7\u03c1\u03b9\u03c3\u03c4\u03cc\u03c0\u03bf\u03c5\u03bb\u03bf\u03c2",
            "author_url": "https://www.google.com/maps/contrib/111431486209155945753/reviews",
            "language": "el",
            "profile_photo_url": "https://lh3.googleusercontent.com/-TfVZyQp1Rhs/AAAAAAAAAAI/AAAAAAAAAAA/ACHi3rdDZ_QwjYN2KJwmqqojHoLbmz6-Yg/s128-c0x00000000-cc-rp-mo-ba3/photo.jpg",
            "rating": 5,
            "relative_time_description": "a week ago",
            "text": "\u039a\u03ac\u03c4\u03b9 \u03b4\u03b9\u03b1\u03c6\u03bf\u03c1\u03b5\u03c4\u03b9\u03ba\u03cc \u03bc\u03b9\u03b1\u03c2 \u03ba\u03b1\u03b9 \u03ad\u03c7\u03b5\u03b9 \u03ba\u03b1\u03b9 \u03c4\u03b1 \u03b2\u03b9\u03bd\u03cd\u03bb\u03b9\u03b1. \u0395\u03c5\u03b3\u03b5\u03bd\u03b9\u03ba\u03cc\u03c2 \u03bf \u03b9\u03b4\u03b9\u03bf\u03ba\u03c4\u03ae\u03c4\u03b7\u03c2",
            "time": 1563905271
        },
        {
            "author_name": "George Perrakis",
            "author_url": "https://www.google.com/maps/contrib/102912345031788789431/reviews",
            "language": "el",
            "profile_photo_url": "https://lh4.googleusercontent.com/-Ds0xX0M-F3E/AAAAAAAAAAI/AAAAAAAAAvs/Cokes9-SmK8/s128-c0x00000000-cc-rp-mo/photo.jpg",
            "rating": 5,
            "relative_time_description": "2 months ago",
            "text": "\u0396\u03b5\u03c3\u03c4\u03ae \u03ba\u03b1\u03b9 \u03c6\u03b9\u03bb\u03b9\u03ba\u03ae \u03b1\u03c4\u03bc\u03cc\u03c3\u03c6\u03b1\u03b9\u03c1\u03b1.",
            "time": 1558129528
        }
    ],
    "type": "bar"
}
