{
    "id": "f6ba40907efd4a3e46c9f0aa28accd6de19732ca",
    "location": {
        "lat": 37.96604,
        "lng": 23.732739
    },
    "name": "Club 22",
    "rating": 4.4,
    "reviews": [
        {
            "author_name": "Andy Geo",
            "author_url": "https://www.google.com/maps/contrib/116275048949909054865/reviews",
            "language": "en",
            "profile_photo_url": "https://lh6.googleusercontent.com/-nTMV9gDpaoY/AAAAAAAAAAI/AAAAAAAAAAA/ACHi3rcl8WEAIHw_69dJQpo3JUeUm1UAfg/s128-c0x00000000-cc-rp-mo-ba4/photo.jpg",
            "rating": 5,
            "relative_time_description": "a year ago",
            "text": "Pretty good club and hosts",
            "time": 1528835146
        },
        {
            "author_name": "Pedro Garduno",
            "author_url": "https://www.google.com/maps/contrib/107253593562481771150/reviews",
            "language": "en",
            "profile_photo_url": "https://lh4.googleusercontent.com/-ERCDuUdvV6w/AAAAAAAAAAI/AAAAAAAAAAw/zs9-as4upEw/s128-c0x00000000-cc-rp-mo-ba4/photo.jpg",
            "rating": 5,
            "relative_time_description": "a year ago",
            "text": "I was looking to attend bouzoukia night. There are so many places. After I talked with a cashier in a local mini mart she said this place was good and it was just down the street from what I was staying. The place is nice,  15 euro to get in to the bar, tables are more expensive. \nEverything starts late, I showed up at 11pm and they were just getting ready. Around 11:30pm newcomers started to perform while people started to come in. That night Panos Kiamos and Antipas performed, very popular singers in Greece. Things get super fun late night after 1am. Be prepared, lots of people smoke.",
            "time": 1511801186
        },
        {
            "author_name": "Tinks P",
            "author_url": "https://www.google.com/maps/contrib/104883879410452252811/reviews",
            "language": "en",
            "profile_photo_url": "https://lh3.googleusercontent.com/-wQCXGgg5K-g/AAAAAAAAAAI/AAAAAAAAACk/NF2iINXYrdM/s128-c0x00000000-cc-rp-mo-ba4/photo.jpg",
            "rating": 5,
            "relative_time_description": "2 years ago",
            "text": "Good value for money - a whole night of live entertainment! The first few acts are talentless, of course, which makes it all the more entertaining. Be prepared to be very cramped...",
            "time": 1487855738
        },
        {
            "author_name": "Nicola Pissas",
            "author_url": "https://www.google.com/maps/contrib/104276521510374915419/reviews",
            "language": "en",
            "profile_photo_url": "https://lh4.googleusercontent.com/-s6iK1MBZbbk/AAAAAAAAAAI/AAAAAAAAAP8/X391c0LP0EQ/s128-c0x00000000-cc-rp-mo-ba4/photo.jpg",
            "rating": 5,
            "relative_time_description": "2 years ago",
            "text": "Very elegant and fancy club in the Hearth of Athens. Original buzukia experience.",
            "time": 1482530110
        },
        {
            "author_name": "Jacob Syrigos",
            "author_url": "https://www.google.com/maps/contrib/111241393428806140448/reviews",
            "language": "en",
            "profile_photo_url": "https://lh4.googleusercontent.com/-uX0G7_jfjZg/AAAAAAAAAAI/AAAAAAAAAAA/ACHi3rcqAmVnloDFx3sZAP4pL0QHmGej9A/s128-c0x00000000-cc-rp-mo-ba4/photo.jpg",
            "rating": 5,
            "relative_time_description": "a year ago",
            "text": "The best in town !!!",
            "time": 1513933729
        }
    ],
    "type": "night_club"
}