{
    "id": "6a946d98658a32ae424d6b577edc682d0ebc4f32",
    "location": {
        "lat": 37.97271,
        "lng": 23.710164
    },
    "name": "\u03a4\u03b6\u03ad\u03bd\u03b3\u03ba\u03b1 Cafe Bar",
    "rating": 4.6,
    "reviews": [
        {
            "author_name": "Nikolas Bousios",
            "author_url": "https://www.google.com/maps/contrib/117339314661579329722/reviews",
            "language": "en",
            "profile_photo_url": "https://lh6.googleusercontent.com/-0RNt7PhTNDU/AAAAAAAAAAI/AAAAAAAARBc/y5Ng-YapiZI/s128-c0x00000000-cc-rp-mo-ba4/photo.jpg",
            "rating": 5,
            "relative_time_description": "9 months ago",
            "text": "Great, fresh, tasty cocktails at awasome prices. You can be here for two days in a row and not even try all the cocktails. Not to mention beers, a huge variety of them. Most important is music. It's indie, rock and at the right volume in this cosy place.",
            "time": 1540065700
        },
        {
            "author_name": "Manos Mavrogiorgis",
            "author_url": "https://www.google.com/maps/contrib/102289433947915814302/reviews",
            "language": "en",
            "profile_photo_url": "https://lh4.googleusercontent.com/-3wmjvwfjmCQ/AAAAAAAAAAI/AAAAAAAAAAA/ACHi3rc-rrQPYawjqHA0kTfUHk_Z8gY5MA/s128-c0x00000000-cc-rp-mo/photo.jpg",
            "rating": 5,
            "relative_time_description": "a year ago",
            "text": "Tzengka a hidden diamond with tasty cocktails!! Combination of a relaxed coffee place and a party bar! DJs sets every Friday and Saturday nights!!!! Don't hesitate to pass by for a drink... Lovely place; I 'll certainly be back!",
            "time": 1521229919
        },
        {
            "author_name": "Kirrito kun",
            "author_url": "https://www.google.com/maps/contrib/115793883810595994605/reviews",
            "language": "en",
            "profile_photo_url": "https://lh5.googleusercontent.com/-c3BQ0e40LbY/AAAAAAAAAAI/AAAAAAAAABg/ihObWp8JQR8/s128-c0x00000000-cc-rp-mo-ba2/photo.jpg",
            "rating": 5,
            "relative_time_description": "a year ago",
            "text": "Nice place. Good coffee and low prices",
            "time": 1525235228
        },
        {
            "author_name": "e l i e n",
            "author_url": "https://www.google.com/maps/contrib/110450644239388595286/reviews",
            "language": "en",
            "profile_photo_url": "https://lh3.googleusercontent.com/-mRk7it4BRNQ/AAAAAAAAAAI/AAAAAAAAAKw/jSN2R2ecjDw/s128-c0x00000000-cc-rp-mo/photo.jpg",
            "rating": 5,
            "relative_time_description": "a year ago",
            "text": "Friendly and cozy place with really good mrs rose speciality coffee and good prices",
            "time": 1525358994
        },
        {
            "author_name": "Yiannis Gargalietos",
            "author_url": "https://www.google.com/maps/contrib/110965932556297869214/reviews",
            "language": "en",
            "profile_photo_url": "https://lh5.googleusercontent.com/-_DxXZq55yX0/AAAAAAAAAAI/AAAAAAAAAYA/0ZaSVWYxqIY/s128-c0x00000000-cc-rp-mo-ba4/photo.jpg",
            "rating": 5,
            "relative_time_description": "a year ago",
            "text": "A great place to hang out with friends have a few beers enjoy some amazing music and all very affordably service was awesome, and again the music!",
            "time": 1512216584
        }
    ],
    "type": "bar"
}
