{
    "id": "5942e49b689a0147d961440b4c3313c4636d2068",
    "location": {
        "lat": 37.96838710000001,
        "lng": 23.7440256
    },
    "name": "\u0391\u03c1bar\u03bf\u03c1\u03b9\u03b6\u03b1",
    "rating": 4.4,
    "reviews": [
        {
            "author_name": "Maxim Erased",
            "author_url": "https://www.google.com/maps/contrib/100632453899678595166/reviews",
            "language": "en",
            "profile_photo_url": "https://lh4.googleusercontent.com/-5DFJ69UIb_o/AAAAAAAAAAI/AAAAAAAAASQ/lvapOQSx9G4/s128-c0x00000000-cc-rp-mo/photo.jpg",
            "rating": 5,
            "relative_time_description": "a month ago",
            "text": "Maybe the most friendly people work there! Bartender was so nice and shared some local spirits with us just for free!",
            "time": 1561288782
        },
        {
            "author_name": "Ioannis Paspatis",
            "author_url": "https://www.google.com/maps/contrib/105609051600007848221/reviews",
            "language": "en",
            "profile_photo_url": "https://lh3.googleusercontent.com/-oJ7aBjecTpc/AAAAAAAAAAI/AAAAAAAAC4Y/pO206By76gw/s128-c0x00000000-cc-rp-mo-ba4/photo.jpg",
            "rating": 3,
            "relative_time_description": "2 months ago",
            "text": "Very good place for a coctail, normal prices and taste food. The only problem is the noise of the cars if you get there before 21.00 o' clock.",
            "time": 1559633274
        },
        {
            "author_name": "helen stratioti",
            "author_url": "https://www.google.com/maps/contrib/108952560912919723049/reviews",
            "language": "en",
            "profile_photo_url": "https://lh6.googleusercontent.com/-lXA7gDQr95U/AAAAAAAAAAI/AAAAAAAAADw/pkAML84m_bQ/s128-c0x00000000-cc-rp-mo-ba2/photo.jpg",
            "rating": 5,
            "relative_time_description": "3 months ago",
            "text": "Nice place! Very well decorated. The food is very good with a few nice plates at very good prices!",
            "time": 1554934110
        },
        {
            "author_name": "Carito Anieles",
            "author_url": "https://www.google.com/maps/contrib/111528204711883736393/reviews",
            "language": "en",
            "profile_photo_url": "https://lh4.googleusercontent.com/-vDCxl6euqTM/AAAAAAAAAAI/AAAAAAAAAAA/ACHi3rd3dxOJh0i5A0KMI0ESztR-9fouVw/s128-c0x00000000-cc-rp-mo-ba2/photo.jpg",
            "rating": 5,
            "relative_time_description": "a month ago",
            "text": "So nice place to stay...have a nice conversation and excellent frappe. The staff is so polite :)",
            "time": 1562264628
        },
        {
            "author_name": "Sotiria Geo",
            "author_url": "https://www.google.com/maps/contrib/114221238576827013544/reviews",
            "language": "en",
            "profile_photo_url": "https://lh4.googleusercontent.com/-0uwCWcpQpjk/AAAAAAAAAAI/AAAAAAAAAE0/twlbI4iIyL8/s128-c0x00000000-cc-rp-mo-ba3/photo.jpg",
            "rating": 5,
            "relative_time_description": "a week ago",
            "text": "A modern bar, especially for cocktail with a nice balkony with nice view. Usually is busy, it's not always easy to find a sit.",
            "time": 1563944055
        }
    ],
    "type": "bar"
}
