{
    "id": "71f4fe323467d29b41aebda82c262dcf5564ba7e",
    "location": {
        "lat": 37.9753547,
        "lng": 23.7068292
    },
    "name": "Beaver Cooperativa",
    "rating": 4.6,
    "reviews": [
        {
            "author_name": "Foteini",
            "author_url": "https://www.google.com/maps/contrib/118260998506389147710/reviews",
            "language": "en",
            "profile_photo_url": "https://lh4.googleusercontent.com/-k2FNsBTeLUE/AAAAAAAAAAI/AAAAAAAAAAA/ACHi3rdxE7Q7CneEsNRSVM-C3F_Tq8PGSQ/s128-c0x00000000-cc-rp-mo-ba5/photo.jpg",
            "rating": 3,
            "relative_time_description": "4 months ago",
            "text": "Known as lgbtqi friendly. Nothing special about the place. Drinks and food interesting. Choose to go for Sunday breakfast. Good prices",
            "time": 1553908425
        },
        {
            "author_name": "Jorge Andr\u00e9s",
            "author_url": "https://www.google.com/maps/contrib/104258984169533192671/reviews",
            "language": "en",
            "profile_photo_url": "https://lh3.googleusercontent.com/-j4UqAEF9pLc/AAAAAAAAAAI/AAAAAAAAAck/j3Ood_EhKg4/s128-c0x00000000-cc-rp-mo-ba3/photo.jpg",
            "rating": 5,
            "relative_time_description": "5 months ago",
            "text": "Great place. Good price. The speak English and the staff is super nice!",
            "time": 1550186747
        },
        {
            "author_name": "Marina Prema Z.",
            "author_url": "https://www.google.com/maps/contrib/106559994902478601058/reviews",
            "language": "en",
            "profile_photo_url": "https://lh3.googleusercontent.com/-fVizVazS7OI/AAAAAAAAAAI/AAAAAAAAAGo/fY1EkK-CTRs/s128-c0x00000000-cc-rp-mo/photo.jpg",
            "rating": 5,
            "relative_time_description": "3 months ago",
            "text": "Lovely little place, with nice snacks and drinks in reasonable prices, a chill crowd and easy going people.",
            "time": 1557082280
        },
        {
            "author_name": "Giovanna Vingelli",
            "author_url": "https://www.google.com/maps/contrib/110744934982371778951/reviews",
            "language": "en",
            "profile_photo_url": "https://lh6.googleusercontent.com/-WkIfWOTFimY/AAAAAAAAAAI/AAAAAAAAA5I/nJzZUB_TjQs/s128-c0x00000000-cc-rp-mo-ba2/photo.jpg",
            "rating": 5,
            "relative_time_description": "4 months ago",
            "text": "Amazing place! Wonderful atmosphere and people",
            "time": 1554067401
        },
        {
            "author_name": "Tsalaboum",
            "author_url": "https://www.google.com/maps/contrib/112528292336462343306/reviews",
            "language": "en",
            "profile_photo_url": "https://lh5.googleusercontent.com/-L0BVTqHqh8Y/AAAAAAAAAAI/AAAAAAAAAP0/0iQI3ZFQCyA/s128-c0x00000000-cc-rp-mo-ba4/photo.jpg",
            "rating": 4,
            "relative_time_description": "9 months ago",
            "text": "Had a fantastic pizza, freshly made- they do cocoa drinks without sugar (yes!) and some interesting looking sandwiches. It's not the easiest place to get to but if you're planning to visit the Benaki museum in Pireos street then it's just a bit further.",
            "time": 1540917507
        }
    ],
    "type": "bar"
}
