{
    "id": "c40665889f62059101ad421365090f7b72d7aaef",
    "location": {
        "lat": 37.9857737,
        "lng": 23.7346788
    },
    "name": "Underground Cafe",
    "rating": 4.5,
    "reviews": [
        {
            "author_name": "Nikolas Hadjivassiliou",
            "author_url": "https://www.google.com/maps/contrib/114705044495749870350/reviews",
            "language": "en",
            "profile_photo_url": "https://lh4.googleusercontent.com/-evTkzQxDjzs/AAAAAAAAAAI/AAAAAAAADxc/maeeRqai6Jo/s128-c0x00000000-cc-rp-mo-ba3/photo.jpg",
            "rating": 5,
            "relative_time_description": "a month ago",
            "text": "The best metal Cafe in town.",
            "time": 1561206694
        },
        {
            "author_name": "Konstantinos Alvertos",
            "author_url": "https://www.google.com/maps/contrib/115271154731635302122/reviews",
            "language": "en",
            "profile_photo_url": "https://lh4.googleusercontent.com/-C56IRFNtqOw/AAAAAAAAAAI/AAAAAAAAjE4/j85LvOa0a7g/s128-c0x00000000-cc-rp-mo-ba4/photo.jpg",
            "rating": 3,
            "relative_time_description": "6 months ago",
            "text": "On mondays they eeem to not have any draft beer.",
            "time": 1547495139
        },
        {
            "author_name": "Vassiliki Pergamali",
            "author_url": "https://www.google.com/maps/contrib/110419942136935395500/reviews",
            "language": "en",
            "profile_photo_url": "https://lh4.googleusercontent.com/-jc0bz49Y4qY/AAAAAAAAAAI/AAAAAAAAVKU/hHjg5VMNKdw/s128-c0x00000000-cc-rp-mo/photo.jpg",
            "rating": 5,
            "relative_time_description": "2 months ago",
            "text": "Go for the beer, stay for the music ^^",
            "time": 1558879558
        },
        {
            "author_name": "Stormi of Dess",
            "author_url": "https://www.google.com/maps/contrib/116464762911672331663/reviews",
            "language": "en",
            "profile_photo_url": "https://lh5.googleusercontent.com/-Nk_Ms9ns-y0/AAAAAAAAAAI/AAAAAAAARxI/POWdVAoU2Jo/s128-c0x00000000-cc-rp-mo-ba4/photo.jpg",
            "rating": 5,
            "relative_time_description": "a month ago",
            "text": "Beer, Ouzo, snacks and metal!",
            "time": 1561038915
        },
        {
            "author_name": "Marissa Alexandri",
            "author_url": "https://www.google.com/maps/contrib/110135201000885573022/reviews",
            "language": "en",
            "profile_photo_url": "https://lh5.googleusercontent.com/-NZRRf8Ts6jk/AAAAAAAAAAI/AAAAAAAAAAA/ACHi3reRpgsvA0n3yA065AAwdexNe6pU7A/s128-c0x00000000-cc-rp-mo/photo.jpg",
            "rating": 5,
            "relative_time_description": "10 months ago",
            "text": "Love you too death \ud83d\ude08",
            "time": 1539085091
        }
    ],
    "type": "bar"
}