{
    "id": "0f279b954e05ce6d70f1cea7065426628c4f38fd",
    "location": {
        "lat": 37.9811715,
        "lng": 23.7161388
    },
    "name": "James BBar",
    "rating": 4.3,
    "reviews": [
        {
            "author_name": "Jesus DeSaad",
            "author_url": "https://www.google.com/maps/contrib/100724556026597933351/reviews",
            "language": "en",
            "profile_photo_url": "https://lh3.googleusercontent.com/-KQiDFTRyHOo/AAAAAAAAAAI/AAAAAAAAAG8/dxnAXzk6Qng/s128-c0x00000000-cc-rp-mo-ba2/photo.jpg",
            "rating": 5,
            "relative_time_description": "3 months ago",
            "text": "Fantastic pancakes and fruit juice! Also loved the decor and the chairs were super comfy. Waitress was also very friendly and accommodating, top level service!",
            "time": 1555092516
        },
        {
            "author_name": "Arria Na",
            "author_url": "https://www.google.com/maps/contrib/117179107041956966959/reviews",
            "language": "en",
            "profile_photo_url": "https://lh6.googleusercontent.com/-vD3HZXXDRew/AAAAAAAAAAI/AAAAAAAAAC0/XBPEorTTH9A/s128-c0x00000000-cc-rp-mo-ba4/photo.jpg",
            "rating": 4,
            "relative_time_description": "3 months ago",
            "text": "Nice bar with cozy atmosphere to grab some beers or cocktails. Nothing extraordinary though. Recommended in general",
            "time": 1555509171
        },
        {
            "author_name": "Iakovos Kal",
            "author_url": "https://www.google.com/maps/contrib/102834915123504518817/reviews",
            "language": "en",
            "profile_photo_url": "https://lh5.googleusercontent.com/-WcyEQMeRmoo/AAAAAAAAAAI/AAAAAAAAAAA/ACHi3rfy_y9s-LHszxsIleLzcKfW59IwWQ/s128-c0x00000000-cc-rp-mo-ba4/photo.jpg",
            "rating": 4,
            "relative_time_description": "in the last week",
            "text": "It's a nice summer cocktail bar.",
            "time": 1564125189
        },
        {
            "author_name": "Iulia Manda",
            "author_url": "https://www.google.com/maps/contrib/105955491354985318045/reviews",
            "language": "en",
            "profile_photo_url": "https://lh4.googleusercontent.com/-kMoe6msZzdk/AAAAAAAAAAI/AAAAAAAAABs/uc1T2P6g3QU/s128-c0x00000000-cc-rp-mo-ba4/photo.jpg",
            "rating": 5,
            "relative_time_description": "3 months ago",
            "text": "Music is really nice (jazzish, experimental). Good cocktails, nice atmosphere.",
            "time": 1555793144
        },
        {
            "author_name": "Tanya Anadioti",
            "author_url": "https://www.google.com/maps/contrib/116706956267843527295/reviews",
            "language": "en",
            "profile_photo_url": "https://lh5.googleusercontent.com/-_0deuE5f8Rk/AAAAAAAAAAI/AAAAAAAAF_4/kLxHVxdUlqo/s128-c0x00000000-cc-rp-mo-ba3/photo.jpg",
            "rating": 4,
            "relative_time_description": "3 weeks ago",
            "text": "Very beautiful place.",
            "time": 1562542666
        }
    ],
    "type": "bar"
}
