{
    "id": "bde5850e11c076c42f607624c81dbffd552be851",
    "location": {
        "lat": 37.9734542,
        "lng": 23.7503611
    },
    "name": "UTOPIA",
    "rating": 4.4,
    "reviews": [
        {
            "author_name": "Magdalena Pavlova",
            "author_url": "https://www.google.com/maps/contrib/101828453296989967555/reviews",
            "language": "en",
            "profile_photo_url": "https://lh5.googleusercontent.com/-WFQElWYFEuc/AAAAAAAAAAI/AAAAAAAAAKs/WDFiUe7Lt48/s128-c0x00000000-cc-rp-mo-ba4/photo.jpg",
            "rating": 5,
            "relative_time_description": "2 weeks ago",
            "text": "I am impressed by the waiters and the way they surved to us. Sweet cold water and  cherries for free!!!",
            "time": 1563017290
        },
        {
            "author_name": "Taras K",
            "author_url": "https://www.google.com/maps/contrib/112613936324565796922/reviews",
            "language": "en",
            "profile_photo_url": "https://lh3.googleusercontent.com/-5JxOKxUxBt4/AAAAAAAAAAI/AAAAAAAADeo/ITImuZyH1_c/s128-c0x00000000-cc-rp-mo-ba3/photo.jpg",
            "rating": 5,
            "relative_time_description": "4 months ago",
            "text": "Great bar to grab a beer with friends. Good cocktails, clean drinks.",
            "time": 1554191472
        },
        {
            "author_name": "Evaggelia Vasileiou",
            "author_url": "https://www.google.com/maps/contrib/113705121102283560622/reviews",
            "language": "en",
            "profile_photo_url": "https://lh6.googleusercontent.com/-FqH3BdfvW0c/AAAAAAAAAAI/AAAAAAAAWNk/GYEhTcilVYg/s128-c0x00000000-cc-rp-mo/photo.jpg",
            "rating": 5,
            "relative_time_description": "2 months ago",
            "text": "Excellent Quality&Service",
            "time": 1559228291
        },
        {
            "author_name": "Pete Kendrick-Harrison",
            "author_url": "https://www.google.com/maps/contrib/110034395285424929435/reviews",
            "language": "en",
            "profile_photo_url": "https://lh5.googleusercontent.com/-z3HxMvkfJt0/AAAAAAAAAAI/AAAAAAAAW3Y/qzj8V6Psdto/s128-c0x00000000-cc-rp-mo-ba4/photo.jpg",
            "rating": 5,
            "relative_time_description": "11 months ago",
            "text": "Great Coffee and breakfast.\nNo request was too much effort for our fantastic and freindly hostess. Good value and lovely complimentary toast and grapes on ice. Big recommendation for a easy breakfast in a reason surrounded by hotels. \nNote: ask to sit in a location away from smokers if you don't like that sort of thing.",
            "time": 1534057333
        },
        {
            "author_name": "Ryan Young",
            "author_url": "https://www.google.com/maps/contrib/108188370169044914957/reviews",
            "language": "en",
            "profile_photo_url": "https://lh3.googleusercontent.com/-I8d0DNTtdBY/AAAAAAAAAAI/AAAAAAAAAAA/ACHi3rcHznYCFZIBpk5TD9YgkmqDwj-ohQ/s128-c0x00000000-cc-rp-mo/photo.jpg",
            "rating": 5,
            "relative_time_description": "11 months ago",
            "text": "Randomly stumbled upon this restaurant during my first day in Athens. Absolutely fantastic service and food. The staff are all so warm and welcoming. I highly recommend coming here for breakfast / lunch and relaxing on the patio.",
            "time": 1533892766
        }
    ],
    "type": "bar"
}
