{
    "id": "294a233dea06be47fff5e85334b46541cb673606",
    "location": {
        "lat": 37.9787726,
        "lng": 23.7143838
    },
    "name": "Afrikana Jazz Club",
    "rating": 4.6,
    "reviews": [
        {
            "author_name": "Eliseo Di Folco",
            "author_url": "https://www.google.com/maps/contrib/108346644781536299815/reviews",
            "language": "en",
            "profile_photo_url": "https://lh6.googleusercontent.com/-DGRPkNa_MJA/AAAAAAAAAAI/AAAAAAAAAAA/ACHi3rdvblI--AP8tZ8YyoNxebxopaeR1Q/s128-c0x00000000-cc-rp-mo/photo.jpg",
            "rating": 5,
            "relative_time_description": "4 months ago",
            "text": "Very good music and vibe. Also the only smoke free bar I came across here in Athens.\nRed wine by the glass is also good, which is unusual for a music bar.",
            "time": 1553729307
        },
        {
            "author_name": "KAREN KOKABI",
            "author_url": "https://www.google.com/maps/contrib/111141564400340661298/reviews",
            "language": "en",
            "profile_photo_url": "https://lh5.googleusercontent.com/-gYcifGzBk_Q/AAAAAAAAAAI/AAAAAAAAAAA/ACHi3rcwA8waLNWnLEo53TNt5KwTx72YDA/s128-c0x00000000-cc-rp-mo-ba6/photo.jpg",
            "rating": 5,
            "relative_time_description": "2 months ago",
            "text": "By far the best home for jazz in Athens!!!!! A lil spot that feels like home with live music every day. Cool people hanging around, good wine and even better music. Most definitely a MUST GO AND I WILL RETURN. I would have loved to be able to light up my cigar but it is a no smoking establishment but nonetheless it has a huge balcony were I smoke my cigar and 6 meters away within closed doors enjoy a badass jazz jamming session.\n\nP.s. they even sell rare vinyl....really, well that was an excellent, unexpected surprise.",
            "time": 1559268650
        },
        {
            "author_name": "Rhodell Fields",
            "author_url": "https://www.google.com/maps/contrib/117819012155828194138/reviews",
            "language": "en",
            "profile_photo_url": "https://lh6.googleusercontent.com/-97k8-lvxjRI/AAAAAAAAAAI/AAAAAAAAAAA/ACHi3rcgBAm-KLniMh3vpv65azpE0evjoA/s128-c0x00000000-cc-rp-mo-ba5/photo.jpg",
            "rating": 5,
            "relative_time_description": "7 months ago",
            "text": "Awesome acoustics for live. Usually good groups. Nice vibe. No cover for entrance but usually a bit over for the band. It's common for many places. Good place all around.",
            "time": 1545774082
        },
        {
            "author_name": "alexandros kritikos",
            "author_url": "https://www.google.com/maps/contrib/112922546912066498705/reviews",
            "language": "en",
            "profile_photo_url": "https://lh4.googleusercontent.com/-AiclAD1Cw9s/AAAAAAAAAAI/AAAAAAAAABA/16EKG-wi51s/s128-c0x00000000-cc-rp-mo/photo.jpg",
            "rating": 5,
            "relative_time_description": "3 months ago",
            "text": "Explores different styles of jazz music. Beautiful place and very nice vibes.",
            "time": 1557071018
        },
        {
            "author_name": "Yeung Fay",
            "author_url": "https://www.google.com/maps/contrib/108251325047957728921/reviews",
            "language": "en",
            "profile_photo_url": "https://lh5.googleusercontent.com/-cqyVSJFAErs/AAAAAAAAAAI/AAAAAAAAAAA/ACHi3rdDQg26pot_Vp_E38s2J9xeTC3_UQ/s128-c0x00000000-cc-rp-mo-ba3/photo.jpg",
            "rating": 3,
            "relative_time_description": "5 months ago",
            "text": "Been here with local friends last year and I have to say the vibe is really cool.  It's a place for late party especially when you are drunk enough to neglect the terrible toilet.\nHowever the downside was that the drink was really harsh (I ordered not that sophisticated gin tonic and the gin was :( , just like the waitress' attitude.",
            "time": 1551350719
        }
    ],
    "type": "bar"
}