{
    "id": "56fd7f453d11f8154edd519fd647e033e03a985a",
    "location": {
        "lat": 37.9682653,
        "lng": 23.7294579
    },
    "name": "Old School Cocktail Bar",
    "rating": 4,
    "reviews": [
        {
            "author_name": "Cassandre Blais",
            "author_url": "https://www.google.com/maps/contrib/115884654774303186280/reviews",
            "language": "en",
            "profile_photo_url": "https://lh5.googleusercontent.com/-IswFFo1zXmI/AAAAAAAAAAI/AAAAAAAAAAA/ACHi3rejCZhW46E9sU9AYjLM1-UHbbK51w/s128-c0x00000000-cc-rp-mo/photo.jpg",
            "rating": 5,
            "relative_time_description": "2 months ago",
            "text": "Great food and service! Amazing vegetarian options. Highly recommend!",
            "time": 1557416347
        },
        {
            "author_name": "Pawe\u0142 \u0141uszczak",
            "author_url": "https://www.google.com/maps/contrib/109442756024777164554/reviews",
            "language": "en",
            "profile_photo_url": "https://lh5.googleusercontent.com/-Ymg-nB5Zhs4/AAAAAAAAAAI/AAAAAAAAAKc/nMuwjwJBnbU/s128-c0x00000000-cc-rp-mo/photo.jpg",
            "rating": 1,
            "relative_time_description": "in the last week",
            "text": "Unpleasant stuff. No card option, atm touristic place, there are better options",
            "time": 1564655470
        },
        {
            "author_name": "Jane Chernysheva",
            "author_url": "https://www.google.com/maps/contrib/111608332342821508898/reviews",
            "language": "en",
            "profile_photo_url": "https://lh5.googleusercontent.com/-5uaPcQU1Iz4/AAAAAAAAAAI/AAAAAAAAAAA/ACHi3rfPTz8YCwopkk0HeMJZDYbSnFg8Wg/s128-c0x00000000-cc-rp-mo/photo.jpg",
            "rating": 1,
            "relative_time_description": "a month ago",
            "text": "Extremely unpleasent and arrogant staff!\nSeveral months ago my boyfriend and I visited this place. We decided to spend some time drinking coffee and discussing. Later we was going to order the meal. \n\nI think we had been sitting there for 20 minutes when the waiter came and asked us if we would order smth or not. We told: \"not now. later\". Suddenly he told us that there werent enought place for others because of us and If we didnt want to order the meal and just drink coffee we could seat down in another place. As an example he recommended their cafe which is located near this place. \n\nOf course we didnt order anything there!",
            "time": 1560778464
        },
        {
            "author_name": "Ewa Krassowska",
            "author_url": "https://www.google.com/maps/contrib/117396330120797469659/reviews",
            "language": "en",
            "profile_photo_url": "https://lh4.googleusercontent.com/-s85L2fr55W0/AAAAAAAAAAI/AAAAAAAAAAA/ACHi3rdJXmsxyez49l2sSVYCr_a8BEIgpA/s128-c0x00000000-cc-rp-mo-ba3/photo.jpg",
            "rating": 5,
            "relative_time_description": "2 months ago",
            "text": "We tried lamb souvlaki, grilled halloumi ang mastic tea. Everything was very tasty! The waitress was very nice too.",
            "time": 1558878863
        },
        {
            "author_name": "Katie Cox",
            "author_url": "https://www.google.com/maps/contrib/109436350466931492826/reviews",
            "language": "en",
            "profile_photo_url": "https://lh6.googleusercontent.com/-7shNvRB40LQ/AAAAAAAAAAI/AAAAAAAAAG8/_HdLtXavzKI/s128-c0x00000000-cc-rp-mo-ba2/photo.jpg",
            "rating": 5,
            "relative_time_description": "3 weeks ago",
            "text": "Delcious cocktails and great service, try the Dark River",
            "time": 1562853790
        }
    ],
    "type": "bar"
}
