{
    "id": "f991b5914a69b93ac5a2b4691ef217152205d187",
    "location": {
        "lat": 37.977293,
        "lng": 23.7309111
    },
    "name": "Drunk Sinatra",
    "rating": 4.2,
    "reviews": [
        {
            "author_name": "John Andrew Kypriotakis",
            "author_url": "https://www.google.com/maps/contrib/118415173694117237042/reviews",
            "language": "en",
            "profile_photo_url": "https://lh3.googleusercontent.com/-Tq9iZDRNDZ8/AAAAAAAAAAI/AAAAAAABMaQ/s4u-1vKFCIg/s128-c0x00000000-cc-rp-mo-ba4/photo.jpg",
            "rating": 4,
            "relative_time_description": "a week ago",
            "text": "Very good place. Very nice, well tended menu. Want to visit couple more times to give 5 stars",
            "time": 1563045125
        },
        {
            "author_name": "Anastasios Maragiannis",
            "author_url": "https://www.google.com/maps/contrib/112228501810267983960/reviews",
            "language": "en",
            "profile_photo_url": "https://lh3.googleusercontent.com/-C8HfYytyj60/AAAAAAAAAAI/AAAAAAAAMCE/8Lo_IqrE1Ww/s128-c0x00000000-cc-rp-mo/photo.jpg",
            "rating": 1,
            "relative_time_description": "in the last week",
            "text": "Very poor overall.\nNot sure if alcoholic beverages were in line with the brands that was requested. I m gin expert and I do know how \u201chendrinks\u201d taste. \nWaiters should definitely need to get a bit of training. 3 tables only in the bar and they didn\u2019t even pay attention to customers. Maybe they had a bad day, not sure, however I paid \u20ac7 for a G&T that tasted as who knows what. \nHaving said that the bar aesthetics absolutely stunning. Going back ? No thanks plenty of options in Athens!",
            "time": 1563986016
        },
        {
            "author_name": "Mazin Al-Riyami",
            "author_url": "https://www.google.com/maps/contrib/102523670073638804092/reviews",
            "language": "en",
            "profile_photo_url": "https://lh3.googleusercontent.com/-CsDr2QEFahM/AAAAAAAAAAI/AAAAAAAAB2A/0mVi3a3PyTs/s128-c0x00000000-cc-rp-mo-ba3/photo.jpg",
            "rating": 5,
            "relative_time_description": "3 months ago",
            "text": "What an amazing cocktails they make. Nice music nice people and definitely nice atmosphere. If you are in Athens visit the place won't regret.",
            "time": 1555672407
        },
        {
            "author_name": "Arria Na",
            "author_url": "https://www.google.com/maps/contrib/117179107041956966959/reviews",
            "language": "en",
            "profile_photo_url": "https://lh6.googleusercontent.com/-vD3HZXXDRew/AAAAAAAAAAI/AAAAAAAAAC0/XBPEorTTH9A/s128-c0x00000000-cc-rp-mo-ba4/photo.jpg",
            "rating": 4,
            "relative_time_description": "a month ago",
            "text": "Nice bar in the heart of Athens. The service can be a bit slow because of the place always being really crowded. A bit pricey also.",
            "time": 1561117975
        },
        {
            "author_name": "\u03a7\u03c1\u03b9\u03c3\u03c4\u03af\u03bd\u03b1-\u03a0\u03c9\u03bb\u03af\u03bd\u03b1 \u039b\u03b1\u03bc\u03c0\u03c1\u03b9\u03bd\u03bf\u03cd",
            "author_url": "https://www.google.com/maps/contrib/107066209812348909005/reviews",
            "language": "en",
            "profile_photo_url": "https://lh3.googleusercontent.com/-IKYs4ogmo-s/AAAAAAAAAAI/AAAAAAAAEe8/DBzASLpXVrw/s128-c0x00000000-cc-rp-mo-ba4/photo.jpg",
            "rating": 5,
            "relative_time_description": "a month ago",
            "text": "Nice bar with interesting cocktails! Do go inside to enjoy the beautiful decoration and especially its ceiling.",
            "time": 1558882860
        }
    ],
    "type": "bar"
}
