{
    "id": "25ba376c7e02e0c17da6e9bc0001d84e44fab807",
    "location": {
        "lat": 37.9838994,
        "lng": 23.7293825
    },
    "name": "Dope Club Thursdays",
    "rating": 3.3,
    "reviews": [
        {
            "author_name": "Galina Kalju",
            "author_url": "https://www.google.com/maps/contrib/102883217151668748825/reviews",
            "language": "ru",
            "profile_photo_url": "https://lh6.googleusercontent.com/-XPWbpa7_GQk/AAAAAAAAAAI/AAAAAAAAAmo/VBRQctifsvw/s128-c0x00000000-cc-rp-mo/photo.jpg",
            "rating": 1,
            "relative_time_description": "4 years ago",
            "text": "\u043a\u043b\u0430\u0441\u0441",
            "time": 1419096853
        },
        {
            "author_name": "m mb",
            "author_url": "https://www.google.com/maps/contrib/111498265446121954668/reviews",
            "profile_photo_url": "https://lh4.googleusercontent.com/-lKlUsceNGLs/AAAAAAAAAAI/AAAAAAAAABo/JYzuv6_W6Rc/s128-c0x00000000-cc-rp-mo-ba3/photo.jpg",
            "rating": 5,
            "relative_time_description": "3 months ago",
            "text": "",
            "time": 1556862332
        },
        {
            "author_name": "Patrick Burger",
            "author_url": "https://www.google.com/maps/contrib/104835909806244402357/reviews",
            "profile_photo_url": "https://lh3.googleusercontent.com/-SsjZmj9Xc3c/AAAAAAAAAAI/AAAAAAAAAAA/ACHi3rdcQhpCGHdEIlBYYOb7UHpj-m__gQ/s128-c0x00000000-cc-rp-mo/photo.jpg",
            "rating": 5,
            "relative_time_description": "9 months ago",
            "text": "",
            "time": 1540338074
        },
        {
            "author_name": "Wael Geweely",
            "author_url": "https://www.google.com/maps/contrib/107807431561396159899/reviews",
            "profile_photo_url": "https://lh5.googleusercontent.com/-XP1wHMb6epo/AAAAAAAAAAI/AAAAAAABHbU/PasZYcf4MwE/s128-c0x00000000-cc-rp-mo/photo.jpg",
            "rating": 2,
            "relative_time_description": "4 years ago",
            "text": "",
            "time": 1429661323
        }
    ],
    "type": "night_club"
}