{
    "id": "1b4cdf09a00c8b3d6b63fb35dc2284906cd30c0e",
    "location": {
        "lat": 37.978931,
        "lng": 23.729756
    },
    "name": "The Clumsies",
    "rating": 4.5,
    "reviews": [
        {
            "author_name": "Parita Patel",
            "author_url": "https://www.google.com/maps/contrib/105311948758747027554/reviews",
            "language": "en",
            "profile_photo_url": "https://lh3.googleusercontent.com/-a8ZQrCRLNr4/AAAAAAAAAAI/AAAAAAAAAAA/ACHi3reEArjE57ZsdIY3g-d1wanz2sT_Mg/s128-c0x00000000-cc-rp-mo-ba3/photo.jpg",
            "rating": 5,
            "relative_time_description": "in the last week",
            "text": "We absolutely loved this place...we decided to go for some drinks last minute and came across The Clumsies.\nIf you are in Athens then you must visit, it is open till 2 am even on a weekday \ud83d\ude01\n\nDrinks are reasonably priced for a fancy bar \ud83e\udd42\ud83c\udf78\ud83c\udf79",
            "time": 1563567169
        },
        {
            "author_name": "P J S",
            "author_url": "https://www.google.com/maps/contrib/105834708562851079236/reviews",
            "language": "en",
            "profile_photo_url": "https://lh3.googleusercontent.com/-whcfy4VdFgw/AAAAAAAAAAI/AAAAAAAAGW0/iWyjWeGyJYo/s128-c0x00000000-cc-rp-mo-ba5/photo.jpg",
            "rating": 5,
            "relative_time_description": "a month ago",
            "text": "Discovered this place when I was looking for a cool local bar in Athens. \n\nI really enjoyed it, good music, good crowd and nice cocktails. \n\nThe menue is all white and they bring a blue light for it to appear (you to read it). \n\nWe did not order any hot food, only the cheese and ham platter. It was big.",
            "time": 1560011195
        },
        {
            "author_name": "Andrew & Megan Winters",
            "author_url": "https://www.google.com/maps/contrib/102212419656914974082/reviews",
            "language": "en",
            "profile_photo_url": "https://lh5.googleusercontent.com/-ZQDOVHysQ54/AAAAAAAAAAI/AAAAAAAAAA0/TeF-n_3iRlg/s128-c0x00000000-cc-rp-mo-ba4/photo.jpg",
            "rating": 5,
            "relative_time_description": "a month ago",
            "text": "You have to visit this place.  The Greeks love their cocktail bars and this is the best.  Weird and wacky cocktails but you have to try them.  Really cool atmosphere.  Be warned... This place will be busy so you have to flag the staff down sometimes if you need another drink.",
            "time": 1559924228
        },
        {
            "author_name": "yorsh ee",
            "author_url": "https://www.google.com/maps/contrib/114469526746435445199/reviews",
            "language": "en",
            "profile_photo_url": "https://lh4.googleusercontent.com/-ROhUQsuoDe8/AAAAAAAAAAI/AAAAAAAADx4/bP8FPJQLk4U/s128-c0x00000000-cc-rp-mo-ba3/photo.jpg",
            "rating": 5,
            "relative_time_description": "a month ago",
            "text": "Really nice house red wine. We visited during the afternoon and got dessert and some drinks. The chocolate cheesecake with raspberry was really amazing.",
            "time": 1560457765
        },
        {
            "author_name": "Eschelle Westwood",
            "author_url": "https://www.google.com/maps/contrib/110585112040805641702/reviews",
            "language": "en",
            "profile_photo_url": "https://lh4.googleusercontent.com/-GhdHYP7Q1c8/AAAAAAAAAAI/AAAAAAAAGtw/6wdHP9Gz5Ak/s128-c0x00000000-cc-rp-mo-ba4/photo.jpg",
            "rating": 4,
            "relative_time_description": "a week ago",
            "text": "Super lovely space and great atmosphere - major hipster vibe. \n\nDrinks are definitely unique... perhaps too much so. Their deconstructed sangria wasn't at all what my husband expected. The toothbrush with the mojito definitely presents a challenge with food I suggest waiting till the end of the night for that drink. \n\nFood plate was huge and it was only the cheese and meat board. \n\nDrink service could have been waaaaay faster and I would have loved to have not been stared at the whole time we ate. The amount they stared at us I would have thought getting a drink would have been faster. \n\nSuper cool experience though that you need to do if in the area - also super hard to find via Google maps.",
            "time": 1563207864
        }
    ],
    "type": "bar"
}
