{
    "id": "210b817370d47fffcb8fb3d41713a6ee1382ab3b",
    "location": {
        "lat": 37.9741677,
        "lng": 23.7321718
    },
    "name": "Portrait StreetBar",
    "rating": 4.4,
    "reviews": [
        {
            "author_name": "Philip Kincade",
            "author_url": "https://www.google.com/maps/contrib/112640534958603704757/reviews",
            "language": "en",
            "profile_photo_url": "https://lh5.googleusercontent.com/-1cduAMA_X8s/AAAAAAAAAAI/AAAAAAAAEnA/_3YxXXq37nU/s128-c0x00000000-cc-rp-mo-ba3/photo.jpg",
            "rating": 4,
            "relative_time_description": "3 months ago",
            "text": "Nice little spot for drinks, several that could serve as dessert (lemon pie). Friendly staff. People watching on a back street can\u2019t be beat",
            "time": 1555707696
        },
        {
            "author_name": "Marta Martinez",
            "author_url": "https://www.google.com/maps/contrib/100970414053284359561/reviews",
            "language": "en",
            "profile_photo_url": "https://lh5.googleusercontent.com/-JSpKy3I7Kgw/AAAAAAAAAAI/AAAAAAAAB64/pe2n5ZR3OYQ/s128-c0x00000000-cc-rp-mo-ba3/photo.jpg",
            "rating": 5,
            "relative_time_description": "7 months ago",
            "text": "Amazing experience for cocktail lovers. The bartender is friendly and skilled. Good prices (8-9\u20ac/cocktails, 4-5\u20ac/wine) for value!",
            "time": 1546371186
        },
        {
            "author_name": "Staci Carpenter",
            "author_url": "https://www.google.com/maps/contrib/111202772326948700971/reviews",
            "language": "en",
            "profile_photo_url": "https://lh4.googleusercontent.com/-4Ie_2GqDTYQ/AAAAAAAAAAI/AAAAAAAAhWo/5QBfrYcpeOU/s128-c0x00000000-cc-rp-mo/photo.jpg",
            "rating": 5,
            "relative_time_description": "a year ago",
            "text": "The cocktails here are AMAZING! The bartender, George, is a true artist\u2014he made us personalized drinks that weren\u2019t on the menu and they were so good (not to mention entertaining to watch being made). The patio is cozy too. Highly recommend!",
            "time": 1527448338
        },
        {
            "author_name": "antonio perone",
            "author_url": "https://www.google.com/maps/contrib/115015474280310971345/reviews",
            "language": "en",
            "profile_photo_url": "https://lh4.googleusercontent.com/-gI9PLJizVeg/AAAAAAAAAAI/AAAAAAAAAAA/ACHi3reyarj4u8LdXNxojzQgUhX-xNPBzw/s128-c0x00000000-cc-rp-mo/photo.jpg",
            "rating": 1,
            "relative_time_description": "7 months ago",
            "text": "The cocktail are really bad! Just ice, no alchol in them. There are much better places around",
            "time": 1544307208
        },
        {
            "author_name": "Savvas Aporellis",
            "author_url": "https://www.google.com/maps/contrib/111209505747507691330/reviews",
            "language": "en",
            "profile_photo_url": "https://lh6.googleusercontent.com/-bTdpgvqT7tE/AAAAAAAAAAI/AAAAAAAAAAA/ACHi3rc3UwhAv8RPyDmLAxazHcJv-uNYUw/s128-c0x00000000-cc-rp-mo-ba3/photo.jpg",
            "rating": 5,
            "relative_time_description": "6 months ago",
            "text": "A different place near the heart of Athens! About 5 minutes from metro station Suntagma at voulis street!! Nice spirits, fancy cocktails and an elegant wine variety!!! Prortrait street bar guarantee an old fashion experience with arommas of the center of Athens!!",
            "time": 1546567118
        }
    ],
    "type": "bar"
}
