{
    "id": "7baef30a0ff83c9cb60d17e0b55f85acedc01583",
    "location": {
        "lat": 37.9975791,
        "lng": 23.7350067
    },
    "name": "Village",
    "rating": 4.5,
    "reviews": [
        {
            "author_name": "\u0391\u03bd\u03b4\u03c1\u03ad\u03b1\u03c2 \u0398\u03b5\u03bf\u03b4\u03ce\u03c1\u03bf\u03c5",
            "author_url": "https://www.google.com/maps/contrib/102982436010711237756/reviews",
            "language": "en",
            "profile_photo_url": "https://lh6.googleusercontent.com/-VFNYtuq4dXc/AAAAAAAAAAI/AAAAAAAAAH8/oAZYDiMfE_U/s128-c0x00000000-cc-rp-mo/photo.jpg",
            "rating": 5,
            "relative_time_description": "a month ago",
            "text": "Cutest dogs in town! Super branch dishes! Good coffee! Nice place! Friendly employees! The place I visit the most in the neighbourhood!",
            "time": 1562075961
        },
        {
            "author_name": "Manolis Samarakis",
            "author_url": "https://www.google.com/maps/contrib/102806738361838322336/reviews",
            "language": "en",
            "profile_photo_url": "https://lh6.googleusercontent.com/-GTokagfZRD0/AAAAAAAAAAI/AAAAAAAAeVw/rWa0iEqsuWk/s128-c0x00000000-cc-rp-mo-ba4/photo.jpg",
            "rating": 5,
            "relative_time_description": "3 months ago",
            "text": "Village is a small, local cafe-bar, located in a very nice square just in the outskirts of the center of Athens. I really like the atmosphere, the food and the drinks they offer. The staff is very polite and accommodating. You can also have a breakfast or lunch, and they also serve pizza and various salads between others. Totally recommended!",
            "time": 1555234919
        },
        {
            "author_name": "Maria Sotiropoulou",
            "author_url": "https://www.google.com/maps/contrib/107003533915329920453/reviews",
            "language": "en",
            "profile_photo_url": "https://lh6.googleusercontent.com/-CR_vsR6a1R8/AAAAAAAAAAI/AAAAAAAALnY/dPMAOyzmmtQ/s128-c0x00000000-cc-rp-mo-ba2/photo.jpg",
            "rating": 5,
            "relative_time_description": "3 months ago",
            "text": "Industrial-like decor, a variety of prices and choices, and nice view to the small round square with trees.",
            "time": 1554972955
        },
        {
            "author_name": "George Giakoumis",
            "author_url": "https://www.google.com/maps/contrib/113278565146576794586/reviews",
            "language": "en",
            "profile_photo_url": "https://lh5.googleusercontent.com/-fQOzSzEA8ew/AAAAAAAAAAI/AAAAAAAAYqU/GUGcANWf1pw/s128-c0x00000000-cc-rp-mo-ba4/photo.jpg",
            "rating": 5,
            "relative_time_description": "2 months ago",
            "text": "Amazing local caf\u00e9 and bar. Dog friendly",
            "time": 1557534287
        },
        {
            "author_name": "Sotirios Nameless",
            "author_url": "https://www.google.com/maps/contrib/117640763455248421583/reviews",
            "language": "en",
            "profile_photo_url": "https://lh5.googleusercontent.com/-nDSee3eLGUM/AAAAAAAAAAI/AAAAAAAAAB0/UDpFKp1lywA/s128-c0x00000000-cc-rp-mo/photo.jpg",
            "rating": 4,
            "relative_time_description": "4 months ago",
            "text": "Pretty nice and comfy spot to drink a coffee, nice and quiet if the church right opposite of the store is excluded. The coffee was good and the service was pretty good as well.",
            "time": 1552932191
        }
    ],
    "type": "bar"
}
