{
    "id": "30b468b7b7d9e370805db6ae8fc6e9848e8df0b8",
    "location": {
        "lat": 37.9781102,
        "lng": 23.725655
    },
    "name": "Barrett",
    "rating": 4.4,
    "reviews": [
        {
            "author_name": "Micah Carrick",
            "author_url": "https://www.google.com/maps/contrib/116745652131305361785/reviews",
            "language": "en",
            "profile_photo_url": "https://lh5.googleusercontent.com/-5z_BDC71LXo/AAAAAAAAAAI/AAAAAAAAZ7c/dUB2lM6tMqI/s128-c0x00000000-cc-rp-mo-ba4/photo.jpg",
            "rating": 5,
            "relative_time_description": "2 months ago",
            "text": "Fantastic bar and quite unexpected as a tourist being a tourist in this part of Athens.\n\nThe scene in this bar is comfortable and authentic. They care about the vinyl being played, pour good cocktails, are friendly, and have some variety in beer options.\n\nFelt like my neighborhood bar back home rather than yet another facade for tourists like me.",
            "time": 1559749373
        },
        {
            "author_name": "\u039d\u03af\u03ba\u03bf\u03c2 \u0399\u03c4\u03c3\u03b9\u03bd\u03ad\u03c2",
            "author_url": "https://www.google.com/maps/contrib/103458432884831051559/reviews",
            "language": "en",
            "profile_photo_url": "https://lh4.googleusercontent.com/-XpVVrpgIQe8/AAAAAAAAAAI/AAAAAAAAANY/LaByF7nuq04/s128-c0x00000000-cc-rp-mo-ba3/photo.jpg",
            "rating": 5,
            "relative_time_description": "4 weeks ago",
            "text": "What can I say... One of the top 5 places to be in Athens. Good music, interesting crowd, good drinks and nice coffee in the middle of The street in Athens now.",
            "time": 1562494101
        },
        {
            "author_name": "Bill Gouveros",
            "author_url": "https://www.google.com/maps/contrib/112879944258419671628/reviews",
            "language": "en",
            "profile_photo_url": "https://lh3.googleusercontent.com/-tZ41zjg0HMY/AAAAAAAAAAI/AAAAAAABGKc/bW52Ewe-2zM/s128-c0x00000000-cc-rp-mo-ba4/photo.jpg",
            "rating": 5,
            "relative_time_description": "a week ago",
            "text": "Once a new entry, now one of the classics in Monastiraki (and really my favorite)! Best hotspot for socializing and good tunes most nights of the week, all year round. Perfectly fine for a nice coffee and chat too earlier in the day.",
            "time": 1564051354
        },
        {
            "author_name": "its.kateign",
            "author_url": "https://www.google.com/maps/contrib/108735607181393068250/reviews",
            "language": "en",
            "profile_photo_url": "https://lh3.googleusercontent.com/-GHHqBS_mO6c/AAAAAAAAAAI/AAAAAAAAB-8/WmwQnXrsvQo/s128-c0x00000000-cc-rp-mo-ba3/photo.jpg",
            "rating": 4,
            "relative_time_description": "2 weeks ago",
            "text": "Cozy, nice music, nice cocktails, with seatings on the street side where the music is not as loud and you can actually chat. On summer nights everyone is outside, you will always see people passing by or sitting at the next bars, it is lovely.",
            "time": 1563428555
        },
        {
            "author_name": "Paul",
            "author_url": "https://www.google.com/maps/contrib/115700517296173418938/reviews",
            "language": "en",
            "profile_photo_url": "https://lh3.googleusercontent.com/-m8czD_GU1pA/AAAAAAAAAAI/AAAAAAAAAAA/ACHi3rc3NgllgrlPtQTF_01bWPWu_EB_-g/s128-c0x00000000-cc-rp-mo/photo.jpg",
            "rating": 4,
            "relative_time_description": "a week ago",
            "text": "A great place to stop and escape the heat with a drink and the cool kids of Athens.",
            "time": 1563810028
        }
    ],
    "type": "bar"
}
