{
    "id": "ec67b5d9898066b8de9bf2bef6dffd883cbb744c",
    "location": {
        "lat": 37.980089,
        "lng": 23.714086
    },
    "name": "Lohan Nightclub",
    "rating": 4.1,
    "reviews": [
        {
            "author_name": "Elias Marrero Jr",
            "author_url": "https://www.google.com/maps/contrib/116863521103224973103/reviews",
            "language": "en",
            "profile_photo_url": "https://lh3.googleusercontent.com/-4DlmHy3EHwQ/AAAAAAAAAAI/AAAAAAAAAs4/amgskUyAtmw/s128-c0x00000000-cc-rp-mo/photo.jpg",
            "rating": 1,
            "relative_time_description": "4 months ago",
            "text": "I took a cab out there to soacificly enjoy the club when I was told by a rude bouncer I could not come in unless I brought ladies with me. Lame. I won\u2019t waist my time again",
            "time": 1554223172
        },
        {
            "author_name": "Rares Almas",
            "author_url": "https://www.google.com/maps/contrib/117094808677490429418/reviews",
            "language": "en",
            "profile_photo_url": "https://lh4.googleusercontent.com/-1TW3u097R7o/AAAAAAAAAAI/AAAAAAAAAAA/ACHi3rdHVI7XqyxWtFWjORbRN-juuf7DNA/s128-c0x00000000-cc-rp-mo/photo.jpg",
            "rating": 1,
            "relative_time_description": "6 months ago",
            "text": "The most terrible and rip-off club I\u2019ve been to in Athens. We booked a place for 30 people in the VIP or \u201cprivate section\u201d as they call it and we received 3 tables 1m x 0.3 m. The service was horrible, no waiter to take orders, extremely crowded, people stepping on each other etc. We don\u2019t have a problem with spending money for a night out, but obviously you expect a certain level of services. This club does NOT offer them. Search for something else.",
            "time": 1549755903
        },
        {
            "author_name": "Chris Karatzas",
            "author_url": "https://www.google.com/maps/contrib/104823166388316134186/reviews",
            "language": "en",
            "profile_photo_url": "https://lh3.googleusercontent.com/-rg61Vgcpxak/AAAAAAAAAAI/AAAAAAAAAAA/ACHi3reNhV8534z3uh1Y_rc35uBbZVqyVw/s128-c0x00000000-cc-rp-mo/photo.jpg",
            "rating": 4,
            "relative_time_description": "6 months ago",
            "text": "Very nice club!!! The only problem was that i added the club escorts on instagram to close a private meeting but they don't respond. I can afford to pay 200\u20ac with Hotel Kreoli included!!",
            "time": 1548504227
        },
        {
            "author_name": "Julia Tepper",
            "author_url": "https://www.google.com/maps/contrib/113289056528087496014/reviews",
            "language": "en",
            "profile_photo_url": "https://lh6.googleusercontent.com/-PQegseHr12Q/AAAAAAAAAAI/AAAAAAAAAAA/ACHi3re6gZjsL3HIoIRAhqTtxq-yOx4D4A/s128-c0x00000000-cc-rp-mo/photo.jpg",
            "rating": 5,
            "relative_time_description": "4 months ago",
            "text": "best club ever!!! had a great time!!! i loved confessions of a teenage drama queen thank you lindsay!!!!",
            "time": 1553023633
        },
        {
            "author_name": "Elnur Rzayev",
            "author_url": "https://www.google.com/maps/contrib/110443020901191958564/reviews",
            "language": "en",
            "profile_photo_url": "https://lh4.googleusercontent.com/-1q8b-VyYF4Q/AAAAAAAAAAI/AAAAAAAAAjM/zzzsF1IO9PA/s128-c0x00000000-cc-rp-mo/photo.jpg",
            "rating": 4,
            "relative_time_description": "8 months ago",
            "text": "Amazing music, good service, but too crowded. Very difficult to dance (even if almost nobody dancing)))\nEntrance should be limited...",
            "time": 1542537252
        }
    ],
    "type": "night_club"
}