{
    "id": "c5e1bbce581535696067cfcd8954431a0f8bb1ac",
    "location": {
        "lat": 37.9826384,
        "lng": 23.7202057
    },
    "name": "Saorsa Athens",
    "rating": 4.5,
    "reviews": [
        {
            "author_name": "Romeshi Nomori",
            "author_url": "https://www.google.com/maps/contrib/117650096452037636695/reviews",
            "language": "en",
            "profile_photo_url": "https://lh4.googleusercontent.com/-x533cUKp-Ek/AAAAAAAAAAI/AAAAAAAACFs/9hZDCZLdHCU/s128-c0x00000000-cc-rp-mo-ba2/photo.jpg",
            "rating": 4,
            "relative_time_description": "in the last week",
            "text": "Great place to hang out in the summer (on the yard). I've been seeing many complaints about the waiters, but ours was nice. Though when I asked for the toilet inside, I did find one who was not friendly, that's what the -1 star is for. Ordered ice green tea with lemon, it was great",
            "time": 1564903451
        },
        {
            "author_name": "Alka Tsala",
            "author_url": "https://www.google.com/maps/contrib/108139710422627997173/reviews",
            "language": "en",
            "profile_photo_url": "https://lh3.googleusercontent.com/-b4gztEm2zmU/AAAAAAAAAAI/AAAAAAAAAAA/ACHi3rfgpz9_IO0lLf_fuC5WbI8cyYQ52g/s128-c0x00000000-cc-rp-mo/photo.jpg",
            "rating": 5,
            "relative_time_description": "2 weeks ago",
            "text": "Surely the trendiest bar in Athens. I mean that in the best possible way. Hidden, great music and outdoor area",
            "time": 1563460181
        },
        {
            "author_name": "Ana P",
            "author_url": "https://www.google.com/maps/contrib/103844905796403060960/reviews",
            "language": "en",
            "profile_photo_url": "https://lh4.googleusercontent.com/-wt1hJxhRKr0/AAAAAAAAAAI/AAAAAAAAACU/sH3aAZYu5fE/s128-c0x00000000-cc-rp-mo/photo.jpg",
            "rating": 5,
            "relative_time_description": "2 weeks ago",
            "text": "Amazing inside yard. A Hidden gem in Athens, a great spot for a drink!",
            "time": 1563460420
        },
        {
            "author_name": "Nontas K",
            "author_url": "https://www.google.com/maps/contrib/106869286803126135343/reviews",
            "language": "en",
            "profile_photo_url": "https://lh5.googleusercontent.com/-FIXZcwtjelo/AAAAAAAAAAI/AAAAAAAAKDM/3tITqAo459M/s128-c0x00000000-cc-rp-mo-ba3/photo.jpg",
            "rating": 3,
            "relative_time_description": "a month ago",
            "text": "Really nice-looking cafe. But seriously, do something about the service. Extremely slow for no apparent reason. Staff is not smiling.\nBoth are an indication of bad management/work conditions.\nPS. Room-temperature cappuccino is a big NOPE.",
            "time": 1560683691
        },
        {
            "author_name": "Iosif Spartalis",
            "author_url": "https://www.google.com/maps/contrib/116954150871772192161/reviews",
            "language": "en",
            "profile_photo_url": "https://lh6.googleusercontent.com/-g3ywvnrNB-k/AAAAAAAAAAI/AAAAAAAAFNk/rjdSg0tUfbM/s128-c0x00000000-cc-rp-mo-ba3/photo.jpg",
            "rating": 5,
            "relative_time_description": "2 months ago",
            "text": "Great place with nice atrium yard.",
            "time": 1557579256
        }
    ],
    "type": "bar"
}
