{
    "id": "e6f51f0e3a4a257de7a50a3a1dcaaa304a57d487",
    "location": {
        "lat": 37.9903294,
        "lng": 23.7388087
    },
    "name": "Old Boy",
    "rating": 4.4,
    "reviews": [
        {
            "author_name": "Dimitris Fragos",
            "author_url": "https://www.google.com/maps/contrib/104741401304189798221/reviews",
            "language": "en",
            "profile_photo_url": "https://lh5.googleusercontent.com/-95GyWhvm0q8/AAAAAAAAAAI/AAAAAAAAAAA/ACHi3rdB9m0zlRB7BVftNV0MN2DLnzfoPA/s128-c0x00000000-cc-rp-mo-ba3/photo.jpg",
            "rating": 5,
            "relative_time_description": "a month ago",
            "text": "A real classic heavy metal bar.",
            "time": 1561904011
        },
        {
            "author_name": "Panos Moros",
            "author_url": "https://www.google.com/maps/contrib/117441683701716143693/reviews",
            "language": "en",
            "profile_photo_url": "https://lh4.googleusercontent.com/-z9KIooU82u0/AAAAAAAAAAI/AAAAAAAAAAA/ACHi3reI66WPwLN9V6_qmXWo2r6o_sql1A/s128-c0x00000000-cc-rp-mo-ba3/photo.jpg",
            "rating": 5,
            "relative_time_description": "3 months ago",
            "text": "Awsome place to have your beer , excellent service , friendly people and excellent prices plus music",
            "time": 1555344303
        },
        {
            "author_name": "panajotis p.",
            "author_url": "https://www.google.com/maps/contrib/100138085689349065730/reviews",
            "language": "en",
            "profile_photo_url": "https://lh3.googleusercontent.com/-XTC_Vs8TLcg/AAAAAAAAAAI/AAAAAAAABL0/CRviU62xxQc/s128-c0x00000000-cc-rp-mo/photo.jpg",
            "rating": 5,
            "relative_time_description": "7 months ago",
            "text": "If you are a real rocker. You ll love it.\nGood prices, friendly service, excellent music",
            "time": 1544446717
        },
        {
            "author_name": "George T.",
            "author_url": "https://www.google.com/maps/contrib/111298943260241273038/reviews",
            "language": "en",
            "profile_photo_url": "https://lh6.googleusercontent.com/-QAVNE1cLzCc/AAAAAAAAAAI/AAAAAAAAM2Q/zrO_PhDIbN0/s128-c0x00000000-cc-rp-mo-ba5/photo.jpg",
            "rating": 1,
            "relative_time_description": "5 months ago",
            "text": "The place sucks. Only good thing is the wei\u00df beer! I miss Alligator.",
            "time": 1551374728
        },
        {
            "author_name": "Hyun Ally",
            "author_url": "https://www.google.com/maps/contrib/100245800561697653900/reviews",
            "language": "en",
            "profile_photo_url": "https://lh5.googleusercontent.com/-QFf8Z3euEhU/AAAAAAAAAAI/AAAAAAAAw2E/Jrg5KYcqG0g/s128-c0x00000000-cc-rp-mo-ba5/photo.jpg",
            "rating": 5,
            "relative_time_description": "10 months ago",
            "text": "Friendly bartender and staffs. Local place with good vibe. Nice to stop by for quick drink if you like rock music (its former name is alligator)",
            "time": 1536422457
        }
    ],
    "type": "bar"
}
