{
    "id": "8235e140b3eb441d65ded4ea5f3a5ca934c3eba5",
    "location": {
        "lat": 37.9755185,
        "lng": 23.7318298
    },
    "name": "Tazza All day bistro & wine bar",
    "rating": 4.4,
    "reviews": [
        {
            "author_name": "Victoria Grigorian",
            "author_url": "https://www.google.com/maps/contrib/100021851603027570540/reviews",
            "language": "en",
            "profile_photo_url": "https://lh3.googleusercontent.com/-QspZjufdRas/AAAAAAAAAAI/AAAAAAAAAAA/ACHi3rfjgpnKxWM_wdeYjV3NxYDkTVfdrw/s128-c0x00000000-cc-rp-mo/photo.jpg",
            "rating": 5,
            "relative_time_description": "a week ago",
            "text": "As an American traveling alone, I decided to spend the day in Athens while on a 14 hour layover. I walked around for a few hours, until a 5.3 magnitude earthquake, just NW of Athens shook the entire center of Athens. As a solo female traveler, this shook me to the core... I stopped by this cute cafe to recharge my phone and the staff was so hospitable and kind. They let me charge my phone while the cafe remained closed due to the earthquake. Another earthquake within the same hour was felt once more, which took me nerves over the edge. The entire staff was extremely friendly and welcoming, offering cold water and biscuits until they eventually opened. Thank you for making this scary experience less stressful and treating me like I was family. Even though I\u2019m completely shaken up after the earthquakes, this cafe made up for my traumatic experience. Great service and amazing drinks! Definitely recommend! 5 stars!",
            "time": 1563544045
        },
        {
            "author_name": "Makenna Sandidge",
            "author_url": "https://www.google.com/maps/contrib/114323585740083502007/reviews",
            "language": "en",
            "profile_photo_url": "https://lh3.googleusercontent.com/-gBJk6Y-Qi_E/AAAAAAAAAAI/AAAAAAAAA2Q/OaN6ugb2b5I/s128-c0x00000000-cc-rp-mo/photo.jpg",
            "rating": 1,
            "relative_time_description": "a month ago",
            "text": "Horrible service. Our waiter was super nice, but I ordered a cheesecake and everything went wrong. After waiting for 45 minutes, he came up to us and said they didn\u2019t have desserts right now, but if there was anything else he could do, he would. I ordered a hot chocolate, and while waiting, I saw the waiter bring multiple desserts to other customers. Finally my got chocolate arrived, and it was... a chocolate milkshake with ice in it. Horribly disappointed with this restaurant. It is beautiful, but definitely not worth wasting my time on. Doesn\u2019t even feel like I should have paid for what I (never) got.",
            "time": 1561491236
        },
        {
            "author_name": "Lisa Payne",
            "author_url": "https://www.google.com/maps/contrib/101105840953235101393/reviews",
            "language": "en",
            "profile_photo_url": "https://lh5.googleusercontent.com/-9SJto3o_gDI/AAAAAAAAAAI/AAAAAAAAAAA/ACHi3rfa96pAdIjf8crWOxbCwbfEnODMEQ/s128-c0x00000000-cc-rp-mo-ba2/photo.jpg",
            "rating": 1,
            "relative_time_description": "a month ago",
            "text": "Went there for drinks and a few appetizers.  It took 20 minutes to get drinks.  When our food arrived (finally) I ordered a second beer.  Half an hour later I gave up and canceled the beer and asked for our bill.   Our waitress told us that they recently expanded the seating area but the kitchen and bar are the same.  Clearly isn\u2019t working!  I thought the place was full because it was good but it was probably because they are slow.",
            "time": 1560629771
        },
        {
            "author_name": "Santiago Diaz Lampez",
            "author_url": "https://www.google.com/maps/contrib/117511705043732898737/reviews",
            "language": "en",
            "profile_photo_url": "https://lh5.googleusercontent.com/-oYlwP3Krb-k/AAAAAAAAAAI/AAAAAAAAAAA/ACHi3rfWG-C7pEMVcwQV7wXUah6ZDI8feA/s128-c0x00000000-cc-rp-mo/photo.jpg",
            "rating": 1,
            "relative_time_description": "in the last week",
            "text": "Slow and poor service\nWe had to ask for the drinks three times\nWaiter failed to bring the order so two of us had the food before the other 4 people in the table\nIt does not worth the price",
            "time": 1564429615
        },
        {
            "author_name": "Caryn Salkowski",
            "author_url": "https://www.google.com/maps/contrib/108121665236245355631/reviews",
            "language": "en",
            "profile_photo_url": "https://lh5.googleusercontent.com/-yselbH8i8So/AAAAAAAAAAI/AAAAAAAAAAA/ACHi3rcG-d_um8LjXWhV1Qinim452CzGWQ/s128-c0x00000000-cc-rp-mo/photo.jpg",
            "rating": 5,
            "relative_time_description": "a month ago",
            "text": "So glad we came across this place while walking through the city!   Live sidewalk music.....good wine.....food.....and I loved all the decor.......Had so much fun looking all around the inside even though we sat outdoors.......cause it was a beautiful day!   Thus is the kind of lunch days I will dream about......",
            "time": 1561516437
        }
    ],
    "type": "bar"
}
