{
    "id": "f0630778dfa312351c48bfea74e710b53b2bdbc1",
    "location": {
        "lat": 37.97622990000001,
        "lng": 23.7288333
    },
    "name": "Athens Ghost Crawl",
    "rating": 2,
    "reviews": [
        {
            "author_name": "chris williams",
            "author_url": "https://www.google.com/maps/contrib/115812714654820765026/reviews",
            "profile_photo_url": "https://lh3.googleusercontent.com/-Kh-YLyGK0Xs/AAAAAAAAAAI/AAAAAAAAAB0/tTy4NDeFpcM/s128-c0x00000000-cc-rp-mo/photo.jpg",
            "rating": 1,
            "relative_time_description": "6 months ago",
            "text": "",
            "time": 1547931400
        },
        {
            "author_name": "Alexandra Erni",
            "author_url": "https://www.google.com/maps/contrib/104267356767215385807/reviews",
            "profile_photo_url": "https://lh6.googleusercontent.com/-ilnFxVsefjQ/AAAAAAAAAAI/AAAAAAAAAAA/ACHi3rekAuHM8I4vokWufD_lakKD6E1ERg/s128-c0x00000000-cc-rp-mo/photo.jpg",
            "rating": 3,
            "relative_time_description": "7 months ago",
            "text": "",
            "time": 1545941665
        }
    ],
    "type": "night_club"
}