{
    "id": "175a8d53a4bbe0e82bc6ef606d17f7dda4a6b621",
    "location": {
        "lat": 37.9790227,
        "lng": 23.7109958
    },
    "name": "Why Sleep?",
    "rating": 3.9,
    "reviews": [
        {
            "author_name": "Andrej Kova\u010di\u010d",
            "author_url": "https://www.google.com/maps/contrib/102202814506508289794/reviews",
            "language": "en",
            "profile_photo_url": "https://lh6.googleusercontent.com/-wLa9G6pM9Ck/AAAAAAAAAAI/AAAAAAAAINs/2B9pSY-LWeA/s128-c0x00000000-cc-rp-mo-ba6/photo.jpg",
            "rating": 4,
            "relative_time_description": "7 months ago",
            "text": "Great club to spend time in Athens. Stuff is so nice and kind, you won\u2019t regret if you go here. Nice party with good music. I love it",
            "time": 1546037622
        },
        {
            "author_name": "Ni Stefan",
            "author_url": "https://www.google.com/maps/contrib/114185794760029628889/reviews",
            "language": "en",
            "profile_photo_url": "https://lh4.googleusercontent.com/-iTGNXp4fofk/AAAAAAAAAAI/AAAAAAAAAAA/ACHi3rdPGoDdEp0eubo-pCgl9uvqjJP98g/s128-c0x00000000-cc-rp-mo-ba5/photo.jpg",
            "rating": 3,
            "relative_time_description": "a month ago",
            "text": "It doesn't exist anymore. Nowadays it's a Goody's Burger House",
            "time": 1561061643
        },
        {
            "author_name": "Simone Cocina",
            "author_url": "https://www.google.com/maps/contrib/102616578188665086494/reviews",
            "language": "en",
            "profile_photo_url": "https://lh3.googleusercontent.com/-0oZa4n5s3Bc/AAAAAAAAAAI/AAAAAAAAABE/C8ZsyxACcLk/s128-c0x00000000-cc-rp-mo/photo.jpg",
            "rating": 1,
            "relative_time_description": "9 months ago",
            "text": "Me and a group of friends went at \"Why Sleep\" last week, this place had been recommended by others. Well until now it was for sure my worst experience in Greece. We were welcomed with extreme superficiality as if it were the most cool place in athens, entered, a waiter was literally 10 minutes attached to us, imposing to consume something, when we ordered he said that each of us have to consume. Due to the fact that some of us didn't want to drink again, we were forced to leave!\nStrongly discouraged!",
            "time": 1541415941
        },
        {
            "author_name": "yassir alowesie",
            "author_url": "https://www.google.com/maps/contrib/109323222901240828050/reviews",
            "language": "en",
            "profile_photo_url": "https://lh5.googleusercontent.com/-Jq8zDqzh-dw/AAAAAAAAAAI/AAAAAAAAAAA/ACHi3rcqjptQMezKcva-cC0zBrgQnLT6Rw/s128-c0x00000000-cc-rp-mo-ba4/photo.jpg",
            "rating": 5,
            "relative_time_description": "4 months ago",
            "text": "nice place for night life\nbut for teenagers",
            "time": 1552593853
        },
        {
            "author_name": "Olive Green",
            "author_url": "https://www.google.com/maps/contrib/116459687556687431256/reviews",
            "language": "en",
            "profile_photo_url": "https://lh5.googleusercontent.com/-yLv3ZPMdFSA/AAAAAAAAAAI/AAAAAAAAAuo/VDcjZkZiY54/s128-c0x00000000-cc-rp-mo/photo.jpg",
            "rating": 1,
            "relative_time_description": "6 months ago",
            "text": "Racists. We made reservation and showed them our chat conversation with the FB page, but because we are people of color. they refused let us in and lied that we didn\u2019t get reservation. I would never go back, too many other options in Athens.",
            "time": 1549798852
        }
    ],
    "type": "night_club"
}