{
    "id": "50dbc363648f1c2cb93c3649635cb182f461fcc1",
    "location": {
        "lat": 37.9680668,
        "lng": 23.7374861
    },
    "name": "Skyfall",
    "rating": 3.9,
    "reviews": [
        {
            "author_name": "\u0391\u03bd\u03b4\u03c1\u03cc\u03bc\u03b1\u03c7\u03bf\u03c2 \u0394\u03b7\u03bc\u03b7\u03c4\u03c1\u03bf\u03ba\u03ac\u03bb\u03bb\u03b7\u03c2",
            "author_url": "https://www.google.com/maps/contrib/109334291452247506713/reviews",
            "language": "en",
            "profile_photo_url": "https://lh4.googleusercontent.com/-AF2PEAwY8JE/AAAAAAAAAAI/AAAAAAADG-4/lvfcCHjmluc/s128-c0x00000000-cc-rp-mo-ba3/photo.jpg",
            "rating": 1,
            "relative_time_description": "a month ago",
            "text": "We went on a weekday evening. Despite the place being almost empty, we waited for more than 30' for someone to came for our order. When he finally did, the waiter, instead of apologising, was rude and condescending.  \nWe left immediately, and found a much more pleasant and cosy alternative just across the street. Good views do not counterbalance bad service. \nAvoid Skyfall at all costs.",
            "time": 1560227764
        },
        {
            "author_name": "Maria Lalea",
            "author_url": "https://www.google.com/maps/contrib/115673519283055262185/reviews",
            "language": "en",
            "profile_photo_url": "https://lh4.googleusercontent.com/-uHvJwcZ_VCo/AAAAAAAAAAI/AAAAAAAAAAA/ACHi3reNHHTLliTmKRzLeGURlnAcsYabhA/s128-c0x00000000-cc-rp-mo-ba6/photo.jpg",
            "rating": 4,
            "relative_time_description": "10 months ago",
            "text": "Nice views great cocktails. If you are looking for a special place to spend an evening either having cocktails or food this is a place to go to. Imaginative tasty dishes and tasty cocktails served by a helpful friendly staff facing the  Acropolis will make your evening ungoegettable. Dance parties are also held there. Check their website for announcements. Prices are reasonable do book a table though",
            "time": 1537102452
        },
        {
            "author_name": "Soti Pap",
            "author_url": "https://www.google.com/maps/contrib/112203001493612669686/reviews",
            "language": "en",
            "profile_photo_url": "https://lh3.googleusercontent.com/-pwfvjE9sj1Q/AAAAAAAAAAI/AAAAAAAAAAA/ACHi3rf1xEP1pmkPwiJxXq-Je7pIe9fDOg/s128-c0x00000000-cc-rp-mo-ba3/photo.jpg",
            "rating": 1,
            "relative_time_description": "a year ago",
            "text": "Awful service from people who they don't know how to serve a glass of wine. Really bad food. One star for the amazing view.",
            "time": 1529296885
        },
        {
            "author_name": "Linsey Lipinski",
            "author_url": "https://www.google.com/maps/contrib/104961847796453059703/reviews",
            "language": "en",
            "profile_photo_url": "https://lh3.googleusercontent.com/-QsnGkYQJJUQ/AAAAAAAAAAI/AAAAAAAAAAA/ACHi3rf-_U3CaZ8VGGPi1KiAoiHRGwgYWQ/s128-c0x00000000-cc-rp-mo/photo.jpg",
            "rating": 1,
            "relative_time_description": "11 months ago",
            "text": "This was the worst meal we had on our entire trip. We went to Greece and Italy for 3 weeks and I booked this restaurant for my husband for our honeymoon due to the great reviews and it was horrendous. There was jello in the ceviche that tasted of pure lime jello and made up of orange juice. The main dishes we not flavourful and extremely disappointing. This was also the most expensive meal of our vacation and the worst in our entire 3 weeks. I would not recommend this place.",
            "time": 1535147288
        },
        {
            "author_name": "Alexandros Tsikolatas",
            "author_url": "https://www.google.com/maps/contrib/109864225359654485630/reviews",
            "language": "en",
            "profile_photo_url": "https://lh3.googleusercontent.com/-w5bwf3EbENE/AAAAAAAAAAI/AAAAAAAAAqE/nC-a1nKDQcg/s128-c0x00000000-cc-rp-mo-ba6/photo.jpg",
            "rating": 3,
            "relative_time_description": "a year ago",
            "text": "Great view, although stuff, drinks and music need improvement. you have to ask for receipt also",
            "time": 1526761133
        }
    ],
    "type": "bar"
}
