{
    "id": "3afcf360549997b42851da143c5d3183f3fc9f15",
    "location": {
        "lat": 37.9828305,
        "lng": 23.7201365
    },
    "name": "Blue Parrot",
    "rating": 4.4,
    "reviews": [
        {
            "author_name": "Chang",
            "author_url": "https://www.google.com/maps/contrib/113639627703782045387/reviews",
            "language": "en",
            "profile_photo_url": "https://lh6.googleusercontent.com/-6wQuFzrEqP8/AAAAAAAAAAI/AAAAAAAAANk/ePrXoIWHam4/s128-c0x00000000-cc-rp-mo/photo.jpg",
            "rating": 5,
            "relative_time_description": "2 weeks ago",
            "text": "Visited this place with a couple of friends and we absolutely loved the drinks. The service was gorgeous! Will be back..",
            "time": 1563289309
        },
        {
            "author_name": "Walter Kruk",
            "author_url": "https://www.google.com/maps/contrib/105755686256790343591/reviews",
            "language": "en",
            "profile_photo_url": "https://lh4.googleusercontent.com/-jUlPN4EQFV8/AAAAAAAAAAI/AAAAAAAAJAE/xgtY8Tsv-OY/s128-c0x00000000-cc-rp-mo-ba4/photo.jpg",
            "rating": 4,
            "relative_time_description": "a month ago",
            "text": "Nice place for a good meal. Relaxed atmosphere. We had just some small plates but they were very tasty. Greek food with a little twist.",
            "time": 1561232472
        },
        {
            "author_name": "Sven Schellberg",
            "author_url": "https://www.google.com/maps/contrib/113900699744726308684/reviews",
            "language": "en",
            "profile_photo_url": "https://lh4.googleusercontent.com/-psUtOsk_IQQ/AAAAAAAAAAI/AAAAAAAAAAA/ACHi3reBltbCFppwHJn4bSPPhgTmdYqJkQ/s128-c0x00000000-cc-rp-mo-ba4/photo.jpg",
            "rating": 4,
            "relative_time_description": "in the last week",
            "text": "Cool atmosphere. Feels like a pub in Saigon. Great choice of drinks. Busy on afternoons",
            "time": 1564516158
        },
        {
            "author_name": "Kevin Kae",
            "author_url": "https://www.google.com/maps/contrib/107191546735068369504/reviews",
            "language": "en",
            "profile_photo_url": "https://lh5.googleusercontent.com/-P77inOIGKPU/AAAAAAAAAAI/AAAAAAAAmKo/IwWy4rGUu00/s128-c0x00000000-cc-rp-mo-ba4/photo.jpg",
            "rating": 5,
            "relative_time_description": "a month ago",
            "text": "Great place to be. Nice appearance. Good drinks. Just the service was a little bit slow, but it was really crowded.",
            "time": 1561126716
        },
        {
            "author_name": "Courtney Williamson",
            "author_url": "https://www.google.com/maps/contrib/100603171177592737915/reviews",
            "language": "en",
            "profile_photo_url": "https://lh3.googleusercontent.com/-U2BmYKs9Z5w/AAAAAAAAAAI/AAAAAAAAAAA/ACHi3rdSqGXoSl3QhNdDLp8_ZstvDHdYrg/s128-c0x00000000-cc-rp-mo-ba2/photo.jpg",
            "rating": 5,
            "relative_time_description": "a month ago",
            "text": "Enjoy you coffee, brunch or a variety of sweet dishes any time of the day. It is an all-day cafe-bar which is really beautiful during day and night.",
            "time": 1562214802
        }
    ],
    "type": "bar"
}
