{
    "id": "3a685091ef423f706cafc2c3cbbd297464a35450",
    "location": {
        "lat": 37.97335,
        "lng": 23.733646
    },
    "name": "NEW Art Lounge",
    "rating": 4.3,
    "reviews": [
        {
            "author_name": "Dean Shulver",
            "author_url": "https://www.google.com/maps/contrib/108041068431405323398/reviews",
            "language": "en",
            "profile_photo_url": "https://lh5.googleusercontent.com/-Od7vVD7lXWk/AAAAAAAAAAI/AAAAAAAAAAA/ACHi3rej1RHhSMf0FKFYi7Z_1CUN_aGDiQ/s128-c0x00000000-cc-rp-mo/photo.jpg",
            "rating": 5,
            "relative_time_description": "a month ago",
            "text": "Amazing food!",
            "time": 1560588531
        },
        {
            "author_name": "angeliki anagnostopoulou",
            "author_url": "https://www.google.com/maps/contrib/102048641313613779645/reviews",
            "language": "el",
            "profile_photo_url": "https://lh3.googleusercontent.com/-lYIjStpwHGY/AAAAAAAAAAI/AAAAAAAAAKc/WnoGCj3sHnM/s128-c0x00000000-cc-rp-mo-ba2/photo.jpg",
            "rating": 5,
            "relative_time_description": "2 months ago",
            "text": "\u03a9\u03c1\u03b1\u03af\u03b1 \u03b8\u03ad\u03b1, \u03b5\u03be\u03b1\u03b9\u03c1\u03b5\u03c4\u03b9\u03ba\u03cc \u03c0\u03c1\u03bf\u03c3\u03c9\u03c0\u03b9\u03ba\u03cc.",
            "time": 1559249956
        },
        {
            "author_name": "Dimitra Papandrinopoulou",
            "author_url": "https://www.google.com/maps/contrib/107001262870965862234/reviews",
            "language": "el",
            "profile_photo_url": "https://lh5.googleusercontent.com/-rxCTn9j8fto/AAAAAAAAAAI/AAAAAAAAADA/9t-4X_WNNeU/s128-c0x00000000-cc-rp-mo-ba3/photo.jpg",
            "rating": 5,
            "relative_time_description": "9 months ago",
            "text": "\u0395\u03be\u03b1\u03b9\u03c1\u03b5\u03c4\u03b9\u03ba\u03bf \u03bc\u03b5\u03bd\u03bf\u03c5 brunch- \u03c0\u03bf\u03bb\u03c5 \u03ba\u03b1\u03bb\u03bf \u03c3\u03b5\u03c1\u03b2\u03b9\u03c2- \u03c9\u03c1\u03b1\u03b9\u03bf \u03c0\u03b5\u03c1\u03b9\u03b2\u03b1\u03bb\u03bb\u03bf\u03bd- \u03c0\u03bf\u03bb\u03c5 \u03ba\u03b1\u03bb\u03b7 \u03b8\u03ad\u03b1",
            "time": 1540052170
        },
        {
            "author_name": "\u0393\u03b9\u03ce\u03c1\u03b3\u03bf\u03c2 \u03a4\u03c3\u03b9\u03b1\u03bb\u03cc\u03c2",
            "author_url": "https://www.google.com/maps/contrib/106878035896817970993/reviews",
            "language": "el",
            "profile_photo_url": "https://lh4.googleusercontent.com/-ctcK0O7rzQc/AAAAAAAAAAI/AAAAAAAAAAA/ACHi3rfbqIB5UMWVz95hcnXknPLnQ6xgYA/s128-c0x00000000-cc-rp-mo-ba3/photo.jpg",
            "rating": 4,
            "relative_time_description": "5 months ago",
            "text": "\u039a\u03b1\u03c4\u03b1\u03c0\u03bb\u03b7\u03ba\u03c4\u03b9\u03ba\u03ae \u03b8\u03ad\u03b1!!",
            "time": 1549378863
        },
        {
            "author_name": "Yiannis Lianos",
            "author_url": "https://www.google.com/maps/contrib/109097574439521351809/reviews",
            "language": "es",
            "profile_photo_url": "https://lh6.googleusercontent.com/-2iG31BCq1aU/AAAAAAAAAAI/AAAAAAAAASk/FT2a1aYsVow/s128-c0x00000000-cc-rp-mo-ba3/photo.jpg",
            "rating": 4,
            "relative_time_description": "7 months ago",
            "text": "Buen ambiente",
            "time": 1545069603
        }
    ],
    "type": "bar"
}
