{
    "id": "42737682d9149a4e3da6be3d14c4feeff43f30bc",
    "location": {
        "lat": 37.9779686,
        "lng": 23.7115869
    },
    "name": "Palma Athens",
    "rating": 3.7,
    "reviews": [
        {
            "author_name": "Dimitris Bosmpotinis",
            "author_url": "https://www.google.com/maps/contrib/111651209722038463843/reviews",
            "language": "en",
            "profile_photo_url": "https://lh5.googleusercontent.com/-6lBtFhO3Wmw/AAAAAAAAAAI/AAAAAAAAAAA/ACHi3rdcGFUUeoWG7X17vIT-eEIJRp-nrg/s128-c0x00000000-cc-rp-mo-ba4/photo.jpg",
            "rating": 4,
            "relative_time_description": "a year ago",
            "text": "Night Club",
            "time": 1527497053
        },
        {
            "author_name": "AineiasGV",
            "author_url": "https://www.google.com/maps/contrib/116743044072822340183/reviews",
            "language": "el",
            "profile_photo_url": "https://lh3.googleusercontent.com/-SRqaVScb36g/AAAAAAAAAAI/AAAAAAAABQY/UDmToOI7hAU/s128-c0x00000000-cc-rp-mo-ba4/photo.jpg",
            "rating": 2,
            "relative_time_description": "2 years ago",
            "text": "\u0391\u03bd \u03ba\u03b1\u03b9 \u03b5\u03c7\u03c9 \u03bd\u03b1 \u03c0\u03b1\u03c9 \u03b1\u03c1\u03ba\u03b5\u03c4\u03bf \u03ba\u03b1\u03b9\u03c1\u03bf...\u03bd\u03bf\u03bc\u03b9\u03b6\u03c9 \u03bf\u03c4\u03b9 \u03b5\u03c7\u03b5\u03b9 \u03bc\u03b5\u03b9\u03bd\u03b5\u03b9 \u03c4\u03bf \u03b9\u03b4\u03b9\u03bf, \"\u03ba\u03bb\u03b1\u03bc\u03c0 \u03c0\u03bf\u03c5 \u03c0\u03b1\u03c2 \u03b1\u03bd \u03b4\u03b5\u03bd \u03b5\u03c7\u03b5\u03b9\u03c2 \u03b2\u03c1\u03b5\u03b9 \u03c0\u03bf\u03c5\u03b8\u03b5\u03bd\u03b1 \u03b1\u03bb\u03bb\u03bf\u03c5\"",
            "time": 1481681073
        },
        {
            "author_name": "Pantelis Koufakis",
            "author_url": "https://www.google.com/maps/contrib/114813798176462548638/reviews",
            "language": "el",
            "profile_photo_url": "https://lh5.googleusercontent.com/-vUbaR5hV6gI/AAAAAAAAAAI/AAAAAAAAAAA/ACHi3rfD6sxj-shELMDENOFMyQDzuUNv8w/s128-c0x00000000-cc-rp-mo-ba3/photo.jpg",
            "rating": 4,
            "relative_time_description": "2 years ago",
            "text": "\u039a\u03b1\u03bb\u03cc \u03bc\u03b1\u03b3\u03b1\u03b6\u03b9, \u03b1\u03c1\u03ba\u03b5\u03c4\u03ac \u03bc\u03b9\u03ba\u03c1\u03cc \u03b1\u03bb\u03bb\u03ac \u03b2\u03ac\u03b6\u03b5\u03b9 \u03c0\u03ac\u03c1\u03b1 \u03c0\u03bf\u03bb\u03cd \u03ba\u03bf\u03c3\u03bc\u03bf \u03ba\u03b1\u03b9 \u03b4\u03b5\u03bd \u03c0\u03b1\u03bb\u03b5\u03cd\u03b5\u03c4\u03b1\u03b9 ",
            "time": 1483569559
        },
        {
            "author_name": "Logg 1904",
            "author_url": "https://www.google.com/maps/contrib/105896458106454187234/reviews",
            "language": "el",
            "profile_photo_url": "https://lh5.googleusercontent.com/-N6o0lb_yueI/AAAAAAAAAAI/AAAAAAAAAHE/4EO5-DmzYfE/s128-c0x00000000-cc-rp-mo/photo.jpg",
            "rating": 1,
            "relative_time_description": "2 years ago",
            "text": "Piga kai pira tin aderfi mou 2:30 kai tin epomeni mera douleba... kalo magazi ala i aderfi mou aparadekti..",
            "time": 1485730926
        },
        {
            "author_name": "Eleni Kalligerou",
            "author_url": "https://www.google.com/maps/contrib/113949866860436259107/reviews",
            "language": "el",
            "profile_photo_url": "https://lh4.googleusercontent.com/-d3mxziH9-bo/AAAAAAAAAAI/AAAAAAAAAAA/ACHi3rd7ZWRYv7r2LjUDA68WKcVonMd4vg/s128-c0x00000000-cc-rp-mo/photo.jpg",
            "rating": 5,
            "relative_time_description": "3 years ago",
            "text": "Apo ts kaluterous xeimerinous alla kai kalokairinous proorismous sto gazi!!",
            "time": 1466601512
        }
    ],
    "type": "night_club"
}