{
    "id": "6a3e6bafcf9ae283ab58c3c73bea8d6625ffbd40",
    "location": {
        "lat": 37.97419259999999,
        "lng": 23.7112444
    },
    "name": "Lola",
    "rating": 4.4,
    "reviews": [
        {
            "author_name": "leon heart",
            "author_url": "https://www.google.com/maps/contrib/104823758039271469240/reviews",
            "language": "en",
            "profile_photo_url": "https://lh5.googleusercontent.com/-P3n3NnVjKJU/AAAAAAAAAAI/AAAAAAAACTs/_YLX07X4Kfg/s128-c0x00000000-cc-rp-mo-ba4/photo.jpg",
            "rating": 4,
            "relative_time_description": "2 months ago",
            "text": "Good location in a hip and trendy neighborhood of Athens. Fast service. Very nice coctails, gotta try 'em. Good prices. Can sit outside. Music needs improvement.",
            "time": 1559165460
        },
        {
            "author_name": "Kevin Costello",
            "author_url": "https://www.google.com/maps/contrib/105099688026361531639/reviews",
            "language": "en",
            "profile_photo_url": "https://lh3.googleusercontent.com/-nwfVHp9lLpw/AAAAAAAAAAI/AAAAAAAAACI/NcbvIDsPBt8/s128-c0x00000000-cc-rp-mo/photo.jpg",
            "rating": 5,
            "relative_time_description": "a month ago",
            "text": "Cool tunes, reasonably priced drinks, and tasty finger food. All you want really. Just be careful if you're sitting out under the trees that a bird doesn't ... on you. \ud83d\ude05",
            "time": 1560066780
        },
        {
            "author_name": "Andriana Kanelli",
            "author_url": "https://www.google.com/maps/contrib/107055938454268335930/reviews",
            "language": "en",
            "profile_photo_url": "https://lh5.googleusercontent.com/-dl25BCienu4/AAAAAAAAAAI/AAAAAAAAAAA/ACHi3re5-YyAKYiRxu18IiXn81FUCwei2w/s128-c0x00000000-cc-rp-mo-ba2/photo.jpg",
            "rating": 5,
            "relative_time_description": "a month ago",
            "text": "Very nice meeting point quite close to the centre of Athens.Quality drinks and food suggestions. Value for money",
            "time": 1561852089
        },
        {
            "author_name": "Panayotis Tsiamis",
            "author_url": "https://www.google.com/maps/contrib/105269508424776987983/reviews",
            "language": "en",
            "profile_photo_url": "https://lh4.googleusercontent.com/-EWJ1zJHO_Ck/AAAAAAAAAAI/AAAAAAAAAFA/u8rshW4MnEg/s128-c0x00000000-cc-rp-mo-ba4/photo.jpg",
            "rating": 4,
            "relative_time_description": "2 months ago",
            "text": "Nice bar with very nice table outside for a summer night out. Good prices the cocktail are not so good though",
            "time": 1558221899
        },
        {
            "author_name": "Joanna Panaretou",
            "author_url": "https://www.google.com/maps/contrib/113993712594653795306/reviews",
            "language": "en",
            "profile_photo_url": "https://lh3.googleusercontent.com/-UhSqH5BKT6E/AAAAAAAAAAI/AAAAAAAAAAA/ACHi3reFTAAMhjdxTzul0cpfAyceh3HTxA/s128-c0x00000000-cc-rp-mo-ba5/photo.jpg",
            "rating": 5,
            "relative_time_description": "a month ago",
            "text": "One very nicely decorated places...",
            "time": 1560085782
        }
    ],
    "type": "bar"
}
