{
    "id": "15f96d8bb603ec5efe919a6699a03e69d0ef502c",
    "location": {
        "lat": 37.9773318,
        "lng": 23.7130414
    },
    "name": "The Lazy Bulldog Pub",
    "rating": 4.6,
    "reviews": [
        {
            "author_name": "\u0391\u03bd\u03b1\u03c3\u03c4\u03b1\u03c3\u03b9\u03b1 \u039c\u03b5\u03b3\u03b1\u03bb\u03bf\u03ba\u03bf\u03bd\u03bf\u03bc\u03bf\u03c5",
            "author_url": "https://www.google.com/maps/contrib/101072118795106766385/reviews",
            "language": "en",
            "profile_photo_url": "https://lh4.googleusercontent.com/-4wThM_zLBW0/AAAAAAAAAAI/AAAAAAAAAYk/1RROJUs6qCU/s128-c0x00000000-cc-rp-mo-ba3/photo.jpg",
            "rating": 5,
            "relative_time_description": "2 months ago",
            "text": "Great variety of beer. The stuff is very kind. You can describe the kind of beer you like to get a suggestion, and even try different beers before deciding what to drink. Also, excellent food, big portions at very reasonable prices. Totally recommended!",
            "time": 1558771162
        },
        {
            "author_name": "Irish Nogal",
            "author_url": "https://www.google.com/maps/contrib/112228537675418826475/reviews",
            "language": "en",
            "profile_photo_url": "https://lh4.googleusercontent.com/-YfAPHPmHQDg/AAAAAAAAAAI/AAAAAAAAAdU/QrPI6fU0yKg/s128-c0x00000000-cc-rp-mo-ba3/photo.jpg",
            "rating": 5,
            "relative_time_description": "2 months ago",
            "text": "A lot of beer options! A great place to hang out (indoor and outdoor). Very close to metro station Keramikos. No smoking inside and kid friendly. Large portions of food. I remember well, I paid only \u20ac5 for a huge salad. Athens have very few places with fish and chips, but here's where you gotta go for a tasty and generous fish and chips. Highly recommended!",
            "time": 1558861623
        },
        {
            "author_name": "Jason Harris",
            "author_url": "https://www.google.com/maps/contrib/118274890069440194781/reviews",
            "language": "en",
            "profile_photo_url": "https://lh4.googleusercontent.com/-XnA0DEQmOww/AAAAAAAAAAI/AAAAAAAAAAA/ACHi3rc_VEmnhbNw5ZRCguM5Zl2JQgI0CQ/s128-c0x00000000-cc-rp-mo-ba3/photo.jpg",
            "rating": 5,
            "relative_time_description": "2 months ago",
            "text": "I only sampled beers but the staff was very friendly and quite willing to offer suggestions. A good selection of beer but unfortunately it seemed dominated by IPA (I like some variety in my beer). On the upside they are apparently associated with a local brewery and had a good number of Greek beers I might not have found otherwise! Definitely worth a stop.",
            "time": 1557674346
        },
        {
            "author_name": "Philip Alexander Hassialis",
            "author_url": "https://www.google.com/maps/contrib/118092662423804238959/reviews",
            "language": "en",
            "profile_photo_url": "https://lh5.googleusercontent.com/-Q4xAPzQ0I4I/AAAAAAAAAAI/AAAAAAAAS0c/2f3MJ28SrMA/s128-c0x00000000-cc-rp-mo-ba4/photo.jpg",
            "rating": 4,
            "relative_time_description": "a month ago",
            "text": "Excellent choice of beers including some micro breweries which cannot be found in many places. Warm atmosphere, young energetic crowd.",
            "time": 1561718132
        },
        {
            "author_name": "Antonio Barrios",
            "author_url": "https://www.google.com/maps/contrib/110448858215934125626/reviews",
            "language": "en",
            "profile_photo_url": "https://lh4.googleusercontent.com/-q_K7ENKolUw/AAAAAAAAAAI/AAAAAAAAAAA/ACHi3rerV-1ZLrQuZ9gc6Y9ZUg9VsSTEXw/s128-c0x00000000-cc-rp-mo/photo.jpg",
            "rating": 5,
            "relative_time_description": "a month ago",
            "text": "Great pub in the centre of Athens. Good beer and fantastic service. A must have for beer lovers in Athens.",
            "time": 1561141816
        }
    ],
    "type": "bar"
}
