{
    "id": "abe5543c59c9cba62065cce9d900dc1c60fd74cb",
    "location": {
        "lat": 37.9801092,
        "lng": 23.7130935
    },
    "name": "Tokyo Theater live club athens",
    "rating": 4.1,
    "reviews": [
        {
            "author_name": "david akhlaqi",
            "author_url": "https://www.google.com/maps/contrib/115110343766008856073/reviews",
            "language": "en",
            "profile_photo_url": "https://lh3.googleusercontent.com/-LkvnipV5c4g/AAAAAAAAAAI/AAAAAAAAABY/94z58JZ3e6I/s128-c0x00000000-cc-rp-mo/photo.jpg",
            "rating": 5,
            "relative_time_description": "4 months ago",
            "text": "One of those best clubs in Europe. A huge space, Clean and nice atmosphere, very friendly staff and great drinks. Live stage and good planning for all their programs. I really enjoyed my every single moments.",
            "time": 1553975199
        },
        {
            "author_name": "Le Pendu",
            "author_url": "https://www.google.com/maps/contrib/110520271720434328852/reviews",
            "language": "en",
            "profile_photo_url": "https://lh5.googleusercontent.com/-jj3fSE4s4bM/AAAAAAAAAAI/AAAAAAAAABU/Gpi1ru5eaGE/s128-c0x00000000-cc-rp-mo/photo.jpg",
            "rating": 1,
            "relative_time_description": "a month ago",
            "text": "The party of  1200 Micrograms was a joke, this is not a place for Trance party this is a night club, the price and the quality were not matching the expectation...This is the last time for us definitely I really don't recommend the place...This was an attempt to make a party...a real joke....The spirit was far from the atmosphere we were looking for...so disappointing!!",
            "time": 1561894267
        },
        {
            "author_name": "Bull's Modz",
            "author_url": "https://www.google.com/maps/contrib/114861657599247126286/reviews",
            "language": "en",
            "profile_photo_url": "https://lh6.googleusercontent.com/-xaufLuyIsQs/AAAAAAAAAAI/AAAAAAAAAeQ/KilKrcJIWVQ/s128-c0x00000000-cc-rp-mo-ba3/photo.jpg",
            "rating": 4,
            "relative_time_description": "a year ago",
            "text": "It is a club that you absolutely have to visit but there a some better ones for sure",
            "time": 1531299375
        },
        {
            "author_name": "Akis Thomas",
            "author_url": "https://www.google.com/maps/contrib/102898375051043666326/reviews",
            "language": "en",
            "profile_photo_url": "https://lh4.googleusercontent.com/-tN3GBxOExMk/AAAAAAAAAAI/AAAAAAAABC4/Bb1sNxDyJDc/s128-c0x00000000-cc-rp-mo-ba2/photo.jpg",
            "rating": 5,
            "relative_time_description": "8 months ago",
            "text": "The Best club in Town",
            "time": 1543700998
        },
        {
            "author_name": "Mike Gr",
            "author_url": "https://www.google.com/maps/contrib/118384832604455289193/reviews",
            "language": "en",
            "profile_photo_url": "https://lh4.googleusercontent.com/-OarHkl71rlI/AAAAAAAAAAI/AAAAAAAAJrQ/Mr2co7PvLN4/s128-c0x00000000-cc-rp-mo-ba4/photo.jpg",
            "rating": 5,
            "relative_time_description": "a year ago",
            "text": "Its a good night club",
            "time": 1524240978
        }
    ],
    "type": "night_club"
}