{
    "id": "06e765a84a26c9b9bd49c3cd7c1d1045e3be3159",
    "location": {
        "lat": 37.9778695,
        "lng": 23.7416652
    },
    "name": "Cinderella",
    "rating": 3.7,
    "reviews": [
        {
            "author_name": "Athens Glance",
            "author_url": "https://www.google.com/maps/contrib/102221417898560166228/reviews",
            "language": "en",
            "profile_photo_url": "https://lh5.googleusercontent.com/-G7D0T1VWPTM/AAAAAAAAAAI/AAAAAAAAADQ/6kUYvbwwGFU/s128-c0x00000000-cc-rp-mo-ba4/photo.jpg",
            "rating": 5,
            "relative_time_description": "6 months ago",
            "text": "Amazing music, great interior!",
            "time": 1548608438
        },
        {
            "author_name": "\u03a3\u039f\u03a6\u0399\u0391 \u03a3\u03a4\u0395\u03a6\u039f\u03a0\u039f\u03a5\u039b\u039f\u03a5",
            "author_url": "https://www.google.com/maps/contrib/103458127776113156651/reviews",
            "language": "en",
            "profile_photo_url": "https://lh5.googleusercontent.com/-J5X3H_TzZdE/AAAAAAAAAAI/AAAAAAAAAAA/ACHi3rcsbJWGqbgY42S__csnyd9m15n1tg/s128-c0x00000000-cc-rp-mo-ba3/photo.jpg",
            "rating": 5,
            "relative_time_description": "8 months ago",
            "text": "Nice place nice people nice dj !! Lots of fun",
            "time": 1542544375
        },
        {
            "author_name": "Zoi Toumpakari",
            "author_url": "https://www.google.com/maps/contrib/109395544898227769284/reviews",
            "language": "en",
            "profile_photo_url": "https://lh4.googleusercontent.com/-Koh_2XAwFlc/AAAAAAAAAAI/AAAAAAAAAFk/pHJdEb0xgeU/s128-c0x00000000-cc-rp-mo/photo.jpg",
            "rating": 1,
            "relative_time_description": "a year ago",
            "text": "Horrible service, the worst I have ever encountered!! Very rude members of staff! Although we had booked a TABLE for 10 people, they gave us a 1m stand and insisted that this is a table. They also did not care to be of any help at all. There are a lot better and more authentic discos in Athens, please choose another one instead!",
            "time": 1514288634
        },
        {
            "author_name": "Hikmat Mihyar",
            "author_url": "https://www.google.com/maps/contrib/102957802362649668800/reviews",
            "language": "en",
            "profile_photo_url": "https://lh6.googleusercontent.com/-PgBSXoG3o2g/AAAAAAAAAAI/AAAAAAAAQCM/ArixNo3k5Wo/s128-c0x00000000-cc-rp-mo-ba4/photo.jpg",
            "rating": 4,
            "relative_time_description": "2 years ago",
            "text": "Great music . Service is \ud83d\udc4c. Different from all other bars. More accurately described as a Disco. Plays 80s music. Trendy and fun . ",
            "time": 1488158083
        },
        {
            "author_name": "Constantinos Chaidalis",
            "author_url": "https://www.google.com/maps/contrib/106062720033492621423/reviews",
            "language": "en",
            "profile_photo_url": "https://lh6.googleusercontent.com/-cBk5Ng9Ca7k/AAAAAAAAAAI/AAAAAAAAAIA/g1UqBVHUlF0/s128-c0x00000000-cc-rp-mo-ba3/photo.jpg",
            "rating": 3,
            "relative_time_description": "a year ago",
            "text": "Not a seasoned disco. More like a disco rnb club.",
            "time": 1515751990
        }
    ],
    "type": "night_club"
}