{
    "id": "9713bdc0329a6bb6f1886053694502ad1d67c804",
    "location": {
        "lat": 37.9792479,
        "lng": 23.7134745
    },
    "name": "Blast Athens",
    "rating": 4.1,
    "reviews": [
        {
            "author_name": "Haris Aslanidis",
            "author_url": "https://www.google.com/maps/contrib/107903154900771807243/reviews",
            "language": "en",
            "profile_photo_url": "https://lh3.googleusercontent.com/-iENAZ8N0E4c/AAAAAAAAAAI/AAAAAAAADGc/jJZ93l8T5Zg/s128-c0x00000000-cc-rp-mo-ba5/photo.jpg",
            "rating": 5,
            "relative_time_description": "8 months ago",
            "text": "A friend had birthday and took us out.\nGreat DJ, hits and beautiful young crowd :)\nCrowded, but worth it.\nNot accessible, but the very helpful staff got me in by the employee entrance!",
            "time": 1544307043
        },
        {
            "author_name": "Dimitris Karalekas",
            "author_url": "https://www.google.com/maps/contrib/117671566079923271856/reviews",
            "language": "en",
            "profile_photo_url": "https://lh3.googleusercontent.com/-iBU8VjEC6K8/AAAAAAAAAAI/AAAAAAAAAAA/ACHi3reAWxz42Prat6vb4oz437movj8MlQ/s128-c0x00000000-cc-rp-mo/photo.jpg",
            "rating": 5,
            "relative_time_description": "8 months ago",
            "text": "BLAST , THE BEST PLACE TO RAVE \ud83e\udd18\ud83c\udffc",
            "time": 1542732816
        },
        {
            "author_name": "Pedrik",
            "author_url": "https://www.google.com/maps/contrib/105571847688853283680/reviews",
            "language": "en",
            "profile_photo_url": "https://lh4.googleusercontent.com/--PiJ6u6uTV0/AAAAAAAAAAI/AAAAAAAAABA/IeZ_nwyBfD0/s128-c0x00000000-cc-rp-mo/photo.jpg",
            "rating": 5,
            "relative_time_description": "a year ago",
            "text": "Pure house music.. best club in town",
            "time": 1522608762
        },
        {
            "author_name": "Jay Greed",
            "author_url": "https://www.google.com/maps/contrib/115070313269117363879/reviews",
            "language": "en",
            "profile_photo_url": "https://lh4.googleusercontent.com/-LS4SN3S-fJw/AAAAAAAAAAI/AAAAAAAAAAs/uS_0jsND_O4/s128-c0x00000000-cc-rp-mo/photo.jpg",
            "rating": 5,
            "relative_time_description": "a year ago",
            "text": "The best place to party in ATHENS !",
            "time": 1522605729
        },
        {
            "author_name": "Stelios Peithis",
            "author_url": "https://www.google.com/maps/contrib/103545261008418928670/reviews",
            "language": "en",
            "profile_photo_url": "https://lh4.googleusercontent.com/-X8EQ2WcZWjk/AAAAAAAAAAI/AAAAAAAAAAA/ACHi3reBhIaTgaVlCe5N_WHrleyisk7e_A/s128-c0x00000000-cc-rp-mo/photo.jpg",
            "rating": 5,
            "relative_time_description": "a year ago",
            "text": "The ultimate clubbing experience in Athens.",
            "time": 1522605811
        }
    ],
    "type": "night_club"
}