{
    "id": "4f7a7fc2424310761c2afcdc0036271e04996aaf",
    "location": {
        "lat": 37.9742068,
        "lng": 23.7101852
    },
    "name": "Upupa Epops - The bar",
    "rating": 4.5,
    "reviews": [
        {
            "author_name": "Ves Kachev",
            "author_url": "https://www.google.com/maps/contrib/109018605781527337962/reviews",
            "language": "en",
            "profile_photo_url": "https://lh3.googleusercontent.com/-rVHuF0ZBBY4/AAAAAAAAAAI/AAAAAAAAAJs/KtgTQH0enLg/s128-c0x00000000-cc-rp-mo-ba4/photo.jpg",
            "rating": 5,
            "relative_time_description": "2 weeks ago",
            "text": "Excellent place. A bit off tourist road but totally worth it. From the decor to the menu and the drinks. Really unique. Staff is super friendly and the cocktails are on point. Don\u2019t miss out when in Athens",
            "time": 1562446116
        },
        {
            "author_name": "La Basil",
            "author_url": "https://www.google.com/maps/contrib/115501990374566560382/reviews",
            "language": "en",
            "profile_photo_url": "https://lh6.googleusercontent.com/-pt5WFAIaIeQ/AAAAAAAAAAI/AAAAAAAADxU/FAeRbZ2K2QQ/s128-c0x00000000-cc-rp-mo-ba3/photo.jpg",
            "rating": 5,
            "relative_time_description": "in the last week",
            "text": "I always love coming here, whether it's early (ish) morning for a relaxed coffee or evening for cocktails and fun. This place has character. And great coffee. Okay, great alcohol too ^^",
            "time": 1563483928
        },
        {
            "author_name": "Neal Ratta",
            "author_url": "https://www.google.com/maps/contrib/109201421206842423882/reviews",
            "language": "en",
            "profile_photo_url": "https://lh3.googleusercontent.com/-AbuY88gb2PU/AAAAAAAAAAI/AAAAAAAAAjU/_yCZI4Fh724/s128-c0x00000000-cc-rp-mo-ba2/photo.jpg",
            "rating": 5,
            "relative_time_description": "2 months ago",
            "text": "Nice cocktail lounge out of the tourist areas. In a converted old house with fantastic crafted cocktails. This was around the corner from our B&B. We went twice during our stay in Athens. Both days were weekdays and they were busy. The drink menu is in Greek so it was difficult to figure out what we were ordering. We guessed on the first cocktail and they were delicious. We asked the bartender about the second cocktail and he gave us suggestions after asking some questions about our tastes. The second round was great also.",
            "time": 1557911872
        },
        {
            "author_name": "George G",
            "author_url": "https://www.google.com/maps/contrib/113935926274482677897/reviews",
            "language": "en",
            "profile_photo_url": "https://lh3.googleusercontent.com/-hURSLZXbjXk/AAAAAAAAAAI/AAAAAAAAAAA/ACHi3rcQ0TKQpKVILRiax5OHY4F9jrN5SA/s128-c0x00000000-cc-rp-mo-ba4/photo.jpg",
            "rating": 5,
            "relative_time_description": "2 months ago",
            "text": "Very cozy place. Original cocktails. Didn't have to eat but the dishes i saw was really good. Nice and very gentle personnel. It's a little bit crowded. Generally maybe the best place in the neighborhood. Definitely will go again.",
            "time": 1558789882
        },
        {
            "author_name": "Craig Dominique-Smith",
            "author_url": "https://www.google.com/maps/contrib/117773879948962405324/reviews",
            "language": "en",
            "profile_photo_url": "https://lh5.googleusercontent.com/-J8G--C8L02g/AAAAAAAAAAI/AAAAAAAAAAA/ACHi3rfyewHW51vlGoUcW24qgkJLJAF04A/s128-c0x00000000-cc-rp-mo-ba4/photo.jpg",
            "rating": 4,
            "relative_time_description": "2 weeks ago",
            "text": "Great choice of cocktails. Limited but varied menu for light snacks. Nice atmosphere.",
            "time": 1562365040
        }
    ],
    "type": "bar"
}
