{
    "id": "82b935d9eb7632833a6cfd662e4625226ae5fe4f",
    "location": {
        "lat": 37.9650101,
        "lng": 23.7346627
    },
    "name": "Half Note Jazz Club",
    "rating": 4.5,
    "reviews": [
        {
            "author_name": "Lila Routzouni",
            "author_url": "https://www.google.com/maps/contrib/107009918382567474748/reviews",
            "language": "en",
            "profile_photo_url": "https://lh5.googleusercontent.com/-QKYnyisWNgE/AAAAAAAAAAI/AAAAAAAADPk/Jdg4rfdtEaw/s128-c0x00000000-cc-rp-mo-ba2/photo.jpg",
            "rating": 3,
            "relative_time_description": "a week ago",
            "text": "The space during performances are sooo crowded. I understand the their produsction are expensive, especially when they host famous jazz players from abroad, but, god... the eyelashes of the person sitting next to me have to be away of my cheek. Mercy...",
            "time": 1563968050
        },
        {
            "author_name": "Anastasia B",
            "author_url": "https://www.google.com/maps/contrib/101189633077576971154/reviews",
            "language": "en",
            "profile_photo_url": "https://lh3.googleusercontent.com/-5xFJikIiXu8/AAAAAAAAAAI/AAAAAAAAAJ4/IguR5wGrRcM/s128-c0x00000000-cc-rp-mo-ba3/photo.jpg",
            "rating": 5,
            "relative_time_description": "3 months ago",
            "text": "Amazing atmosphere for live music, especially the jazz nights. Not too expensive drinks, however in combination with the ticket for the performance, it may be above a reasonable budget. However, for a special night and a good concern, it is totally worth it.",
            "time": 1555685386
        },
        {
            "author_name": "Andreas Mavrodis",
            "author_url": "https://www.google.com/maps/contrib/113078275703153363792/reviews",
            "language": "en",
            "profile_photo_url": "https://lh6.googleusercontent.com/-0qY4PbzKecA/AAAAAAAAAAI/AAAAAAAAAAA/ACHi3rfee47NIDDAYG2_bZWYYk5c_QxGGQ/s128-c0x00000000-cc-rp-mo-ba3/photo.jpg",
            "rating": 5,
            "relative_time_description": "4 months ago",
            "text": "Excellent acoustics, an intimate experience. I can not stress enough the fact the owners implement a non-smoking policy, that allows for a great experience. A bit pricy drinks/wine menu. You do have to share a table, just have fun and socialise!",
            "time": 1554126021
        },
        {
            "author_name": "Eleni Papakosta",
            "author_url": "https://www.google.com/maps/contrib/118444989384442163594/reviews",
            "language": "en",
            "profile_photo_url": "https://lh3.googleusercontent.com/-jBPWMHbazXU/AAAAAAAAAAI/AAAAAAAAAAc/8Gza2BvqiLk/s128-c0x00000000-cc-rp-mo/photo.jpg",
            "rating": 5,
            "relative_time_description": "2 months ago",
            "text": "NIce place, good vibes and atmosphere. They love what they do. Definately going back",
            "time": 1559549394
        },
        {
            "author_name": "Irina Senikidi",
            "author_url": "https://www.google.com/maps/contrib/109206762958696960206/reviews",
            "language": "en",
            "profile_photo_url": "https://lh4.googleusercontent.com/-U3XrYpSs_Ec/AAAAAAAAAAI/AAAAAAAAAC4/LZLBZDlwNw0/s128-c0x00000000-cc-rp-mo/photo.jpg",
            "rating": 5,
            "relative_time_description": "2 months ago",
            "text": "Thank you so much, guys, for great performances, authentic atmosphere and non-smoking policy!",
            "time": 1558386738
        }
    ],
    "type": "night_club"
}
