{
    "id": "87e2e2629cf692f1c1ffaba1893a41f23d04d611",
    "location": {
        "lat": 38.0013371,
        "lng": 23.735117
    },
    "name": "70 bar",
    "rating": 4.5,
    "reviews": [
        {
            "author_name": "Poppy Delli",
            "author_url": "https://www.google.com/maps/contrib/115871064378785850663/reviews",
            "language": "en",
            "profile_photo_url": "https://lh3.googleusercontent.com/-tfphj0_8KTE/AAAAAAAAAAI/AAAAAAAAAAA/yYoQd_hbMT4/s128-c0x00000000-cc-rp-mo-ba4/photo.jpg",
            "rating": 5,
            "relative_time_description": "7 months ago",
            "text": "Perfect bar, great music from the 60s-70s. Lovely surroundings and decoration. Amazing staff, helpful, quick, effective, always smiling.  You can even have some bite to eat, tasty tapas",
            "time": 1545775470
        },
        {
            "author_name": "\u0393\u03b9\u03ac\u03bd\u03bd\u03b7\u03c2 \u03a4\u03c3\u03b9\u03bb\u03af\u03ba\u03b7\u03c2",
            "author_url": "https://www.google.com/maps/contrib/113844395182886717323/reviews",
            "language": "en",
            "profile_photo_url": "https://lh5.googleusercontent.com/-qct60bQ41lI/AAAAAAAAAAI/AAAAAAAAAMo/H-5OVFu5nDg/s128-c0x00000000-cc-rp-mo-ba3/photo.jpg",
            "rating": 4,
            "relative_time_description": "7 months ago",
            "text": "Very nice place. Reasonable prices. The music selection could be improved a bit. But overall it was a nice experience!",
            "time": 1545750296
        },
        {
            "author_name": "ninaaaki",
            "author_url": "https://www.google.com/maps/contrib/100550438876208593806/reviews",
            "language": "en",
            "profile_photo_url": "https://lh6.googleusercontent.com/-eHKY3WDExqk/AAAAAAAAAAI/AAAAAAAAAAA/ACHi3reCic6FWSkOiFlarQRt96v9fc4uFw/s128-c0x00000000-cc-rp-mo/photo.jpg",
            "rating": 5,
            "relative_time_description": "6 months ago",
            "text": "It\u2019s an amazing place with warm atmosphere, polite people and an excellent service! The combination of  the above plus the good prices make it a perfect choice for drinks!!!",
            "time": 1546802454
        },
        {
            "author_name": "Charalampos-Paraskevas Zotos",
            "author_url": "https://www.google.com/maps/contrib/113409696406927398527/reviews",
            "language": "en",
            "profile_photo_url": "https://lh5.googleusercontent.com/-o-qU2rUekRU/AAAAAAAAAAI/AAAAAAAAAAA/ACHi3rfDt_n9YEFH8RhfDl8GreKKOH-MWg/s128-c0x00000000-cc-rp-mo/photo.jpg",
            "rating": 5,
            "relative_time_description": "6 months ago",
            "text": "Nice and cosy bar!!!! The staff is super friendly and the music is great!! A must visit place if you are in the neighborhood!",
            "time": 1546889196
        },
        {
            "author_name": "Alain Georges Crevesy",
            "author_url": "https://www.google.com/maps/contrib/112726800715914919425/reviews",
            "language": "en",
            "profile_photo_url": "https://lh6.googleusercontent.com/-Gr3azIIvYXE/AAAAAAAAAAI/AAAAAAAAAUc/GfxbyEpjkeE/s128-c0x00000000-cc-rp-mo-ba4/photo.jpg",
            "rating": 5,
            "relative_time_description": "6 months ago",
            "text": "Very Nice place to be with very Nice music !",
            "time": 1548624954
        }
    ],
    "type": "bar"
}
