{
    "id": "bae7bf65df9e3ef6278a2d88fbcd65990be2c056",
    "location": {
        "lat": 37.9774374,
        "lng": 23.7241065
    },
    "name": "Greek Music Venue",
    "rating": 5,
    "reviews": [
        {
            "author_name": "Nicole Bading",
            "author_url": "https://www.google.com/maps/contrib/111364478211947428323/reviews",
            "profile_photo_url": "https://lh6.googleusercontent.com/-nQZEr8Enhgk/AAAAAAAAAAI/AAAAAAAAAAA/ACHi3rf7D_allDTZGNwTVxOrtRiazoRcmQ/s128-c0x00000000-cc-rp-mo/photo.jpg",
            "rating": 5,
            "relative_time_description": "a month ago",
            "text": "",
            "time": 1562497322
        },
        {
            "author_name": "Lara Shapovalova",
            "author_url": "https://www.google.com/maps/contrib/115796680298470570211/reviews",
            "profile_photo_url": "https://lh6.googleusercontent.com/-T5jToypXi8U/AAAAAAAAAAI/AAAAAAAAynI/c5bsErpw0II/s128-c0x00000000-cc-rp-mo-ba6/photo.jpg",
            "rating": 5,
            "relative_time_description": "11 months ago",
            "text": "",
            "time": 1535119848
        }
    ],
    "type": "night_club"
}