{
    "id": "671519c7befd6f64bad4f9238a7f1e376a4aed51",
    "location": {
        "lat": 37.9741597,
        "lng": 23.732207
    },
    "name": "Loser Bar",
    "rating": 4.8,
    "reviews": [
        {
            "author_name": "kofi kofi",
            "author_url": "https://www.google.com/maps/contrib/108855234783847103974/reviews",
            "language": "en",
            "profile_photo_url": "https://lh4.googleusercontent.com/-5zo54p0rTAg/AAAAAAAAAAI/AAAAAAAAAAA/ACHi3rdtk1Kn7YexzyPnLxCfm5iwIKnBdA/s128-c0x00000000-cc-rp-mo/photo.jpg",
            "rating": 5,
            "relative_time_description": "a month ago",
            "text": "Friendly staff, good prices, interesting music. A beautiful place in the center of the Athens to have a drink or two. Check out the choices from greek breweries",
            "time": 1560353457
        },
        {
            "author_name": "Christian Atkin",
            "author_url": "https://www.google.com/maps/contrib/100560774125111078228/reviews",
            "language": "en",
            "profile_photo_url": "https://lh4.googleusercontent.com/-kmpd8N20D_I/AAAAAAAAAAI/AAAAAAAAAAA/ACHi3rfKX7vH9OXJ-Tbgc03Vb2tjYolNMQ/s128-c0x00000000-cc-rp-mo/photo.jpg",
            "rating": 5,
            "relative_time_description": "3 months ago",
            "text": "Fantastic little bar in the most vibrant area. We arrived in the afternoon and after a couple of quality cocktails and a lazy wander around the local streets we couldn\u2019t help but come back. Professional without being pretentious, these guys know about booze.",
            "time": 1554559277
        },
        {
            "author_name": "Giorgos Chryssinis",
            "author_url": "https://www.google.com/maps/contrib/110700871964788694247/reviews",
            "language": "en",
            "profile_photo_url": "https://lh3.googleusercontent.com/-sS2FxarDLLo/AAAAAAAAAAI/AAAAAAAAAEg/X4ZQXrxLgO8/s128-c0x00000000-cc-rp-mo/photo.jpg",
            "rating": 5,
            "relative_time_description": "a week ago",
            "text": "Cool, cosy and cute! Really nice cocktails and good music!",
            "time": 1562926997
        },
        {
            "author_name": "Natassa Manitsa",
            "author_url": "https://www.google.com/maps/contrib/102469320080221165799/reviews",
            "language": "en",
            "profile_photo_url": "https://lh5.googleusercontent.com/-jzonK6nHwNg/AAAAAAAAAAI/AAAAAAAAC1g/n_theh0PC_Y/s128-c0x00000000-cc-rp-mo-ba5/photo.jpg",
            "rating": 5,
            "relative_time_description": "4 months ago",
            "text": "One of my favourites. Excellent music, nice drinks and the best stuff ever. I love the spot it is situated and its coziness",
            "time": 1553167701
        },
        {
            "author_name": "Stu Missen",
            "author_url": "https://www.google.com/maps/contrib/107294416045570654600/reviews",
            "language": "en",
            "profile_photo_url": "https://lh5.googleusercontent.com/-AKSH8NgR0Qc/AAAAAAAAAAI/AAAAAAAAAAA/ACHi3rf1lYnaIqBqr3N9tds570OBBVdP7w/s128-c0x00000000-cc-rp-mo/photo.jpg",
            "rating": 5,
            "relative_time_description": "5 months ago",
            "text": "Fantastic bar, wonderful staff and cheap drinks. I can't commend this bar enough. The most genuine bar owner I've met in my time",
            "time": 1548975600
        }
    ],
    "type": "bar"
}
