{
    "id": "20b4ebf90b180364e1993d74eadeceb03d409b47",
    "location": {
        "lat": 37.9777776,
        "lng": 23.7136161
    },
    "name": "Technopolis",
    "rating": 4.4,
    "reviews": [
        {
            "author_name": "Michlerish Michlerish",
            "author_url": "https://www.google.com/maps/contrib/109538620843373620698/reviews",
            "language": "en",
            "profile_photo_url": "https://lh5.googleusercontent.com/-WOZ1qL1Rr90/AAAAAAAAAAI/AAAAAAAAAAA/8jFJUBQP93k/s128-c0x00000000-cc-rp-mo-ba5/photo.jpg",
            "rating": 4,
            "relative_time_description": "a week ago",
            "text": "Cool spot! I saw an open-air movie here, and could see the \"dinner in the sky\" table go up and down. They seem to have a ton of events happening here at all times. There were plenty of cafes selling for and beverages. Easily accessible from the metro station or walking.",
            "time": 1564431114
        },
        {
            "author_name": "Tahimy world",
            "author_url": "https://www.google.com/maps/contrib/102717876610177170938/reviews",
            "language": "en",
            "profile_photo_url": "https://lh4.googleusercontent.com/--Vs08gwNGr8/AAAAAAAAAAI/AAAAAAAAK_U/gRPPlbfmU_U/s128-c0x00000000-cc-rp-mo-ba4/photo.jpg",
            "rating": 5,
            "relative_time_description": "3 weeks ago",
            "text": "Perfect nights events! Tickets always from 28 euros.\nHave nice and comfortable shoes.\nAmazing",
            "time": 1563269606
        },
        {
            "author_name": "Nina Dagre",
            "author_url": "https://www.google.com/maps/contrib/110355067294526130900/reviews",
            "language": "en",
            "profile_photo_url": "https://lh5.googleusercontent.com/-NEag2OV0xPU/AAAAAAAAAAI/AAAAAAAAAAA/ACHi3rcfzuDdTdXXXgI5Tqsw_nm0Aga2LA/s128-c0x00000000-cc-rp-mo-ba4/photo.jpg",
            "rating": 4,
            "relative_time_description": "a month ago",
            "text": "Art center located at the heart of Athens.\nMany events like concerts, festivals, dance shows take place there weekly even during the winter.\nVery popular destination for all age groups.",
            "time": 1562860199
        },
        {
            "author_name": "Ioannis Paisis",
            "author_url": "https://www.google.com/maps/contrib/100798324337210552131/reviews",
            "language": "en",
            "profile_photo_url": "https://lh4.googleusercontent.com/-Xb5y38oIXYY/AAAAAAAAAAI/AAAAAAAAAOA/WLYG0kXYShA/s128-c0x00000000-cc-rp-mo-ba6/photo.jpg",
            "rating": 5,
            "relative_time_description": "2 weeks ago",
            "text": "Very nice place with many beautiful and fully renovated buildings. Numerous exhibitions and various events are take place in this buildings every year. Some of them are free of charge.",
            "time": 1563743246
        },
        {
            "author_name": "Panagiotis J. Dimas",
            "author_url": "https://www.google.com/maps/contrib/111780639522234199101/reviews",
            "language": "en",
            "profile_photo_url": "https://lh5.googleusercontent.com/-spTUU6D_Ze8/AAAAAAAAAAI/AAAAAAAAAC8/ZB97N2RYsPc/s128-c0x00000000-cc-rp-mo/photo.jpg",
            "rating": 5,
            "relative_time_description": "a week ago",
            "text": "Happy times. Many activities happen here throughout the year. Great place.",
            "time": 1564636740
        }
    ],
    "type": "museum"
}