{
    "id": "76787738043141c7798bbb709feeb3f0d9fbb85f",
    "location": {
        "lat": 37.9789356,
        "lng": 23.7116041
    },
    "name": "HOXTON",
    "rating": 4.3,
    "reviews": [
        {
            "author_name": "Stavroula Tsoka",
            "author_url": "https://www.google.com/maps/contrib/106519554082406193616/reviews",
            "language": "en",
            "profile_photo_url": "https://lh3.googleusercontent.com/-reCdv5gToU4/AAAAAAAAAAI/AAAAAAAAAQg/lfL2aGvIuPM/s128-c0x00000000-cc-rp-mo-ba3/photo.jpg",
            "rating": 5,
            "relative_time_description": "3 months ago",
            "text": "Great bar, great staff, good music",
            "time": 1555622570
        },
        {
            "author_name": "Kuivanen Jari",
            "author_url": "https://www.google.com/maps/contrib/107768513517889790900/reviews",
            "language": "en",
            "profile_photo_url": "https://lh5.googleusercontent.com/-pxP2PtDTdyA/AAAAAAAAAAI/AAAAAAAAAAA/ACHi3rfiFK3_x4jaQf3QrV9IMSbG445Vjw/s128-c0x00000000-cc-rp-mo-ba3/photo.jpg",
            "rating": 5,
            "relative_time_description": "2 months ago",
            "text": "Great place for lives",
            "time": 1559315777
        },
        {
            "author_name": "Efi Ntouni",
            "author_url": "https://www.google.com/maps/contrib/117703460314693195681/reviews",
            "language": "en",
            "profile_photo_url": "https://lh6.googleusercontent.com/-M-q7otP0Eh8/AAAAAAAAAAI/AAAAAAAAAAA/ACHi3rcr_cQRzNwWM0Gl-PZ10rFGspmCsA/s128-c0x00000000-cc-rp-mo-ba4/photo.jpg",
            "rating": 5,
            "relative_time_description": "9 months ago",
            "text": "One of the most famous bars in the area (Gazi). Right on the Keramikos square, easily accessible by metro (blue line- direction to Aghia Marina). It plays mostly rock music and it also holds live performances. I was actually there some days ago, on a Saturday night, for a music concert and I had a great time! The staff is friendly and the drinks are good. It's not expensive.. no more than the other bars in Athens at least!",
            "time": 1541023890
        },
        {
            "author_name": "love love",
            "author_url": "https://www.google.com/maps/contrib/105843371148403958407/reviews",
            "language": "en",
            "profile_photo_url": "https://lh5.googleusercontent.com/-jm_PfXiuLvk/AAAAAAAAAAI/AAAAAAAAPiA/Gzki1cbpxjU/s128-c0x00000000-cc-rp-mo-ba3/photo.jpg",
            "rating": 2,
            "relative_time_description": "8 months ago",
            "text": "Nice place, no comfortably seatings and no smoke air cleaner but good choice for music.",
            "time": 1542707339
        },
        {
            "author_name": "Ivaylo Stoyanov",
            "author_url": "https://www.google.com/maps/contrib/118204523932912168384/reviews",
            "language": "en",
            "profile_photo_url": "https://lh3.googleusercontent.com/-RC2VizjOOkA/AAAAAAAAAAI/AAAAAAAAAAA/ACHi3rengRtJdXsM7WSLr2lAxcuGkuCSnw/s128-c0x00000000-cc-rp-mo/photo.jpg",
            "rating": 5,
            "relative_time_description": "4 months ago",
            "text": "Very nice \ud83d\udc4d\ud83d\udc4d\ud83d\udc4d",
            "time": 1553622118
        }
    ],
    "type": "bar"
}
