{
    "id": "37587b9393de14cfeba2895cbb967e76951abe0b",
    "location": {
        "lat": 37.9677968,
        "lng": 23.7298178
    },
    "name": "Wine o'clock",
    "rating": 4.8,
    "reviews": [
        {
            "author_name": "Silvia Gon",
            "author_url": "https://www.google.com/maps/contrib/114620117395024882400/reviews",
            "language": "en",
            "profile_photo_url": "https://lh6.googleusercontent.com/-k8H2cxFxMgQ/AAAAAAAAAAI/AAAAAAAAAAA/ACHi3rcgyV0RFfaH2rhg_4zp-TcjlrOF-w/s128-c0x00000000-cc-rp-mo/photo.jpg",
            "rating": 5,
            "relative_time_description": "2 months ago",
            "text": "We loved this place! We have been there all the 4 nights of our stay. Great offer of Greek wines and some amazing discoveries. Delicious \u201ctapas\u201d. The owner is very nice and knows a lot about wines. Thank you very much Demosthenes! Our stay in Athens was better because of you.",
            "time": 1559050413
        },
        {
            "author_name": "Janice Doiron",
            "author_url": "https://www.google.com/maps/contrib/108151332977213811522/reviews",
            "language": "en",
            "profile_photo_url": "https://lh6.googleusercontent.com/-S6dzncXtfAs/AAAAAAAAAAI/AAAAAAAAHSs/UtaP_q2Pc8w/s128-c0x00000000-cc-rp-mo/photo.jpg",
            "rating": 5,
            "relative_time_description": "2 weeks ago",
            "text": "We found this place one night on our way back to the hotel and it became our favorite place to visit. The owner tempted us with a variety of wines in his attempt to find our favorite Greek wine. He took the time to explain the region each wine came from, along with their subtle and unique flavors. If you are ever in Athens I would urge you to drop by for a glass of wine, you will become enamored with the place and the people.",
            "time": 1563344085
        },
        {
            "author_name": "Sven",
            "author_url": "https://www.google.com/maps/contrib/114604804783947344760/reviews",
            "language": "en",
            "profile_photo_url": "https://lh6.googleusercontent.com/-u_ZH0ckk2c8/AAAAAAAAAAI/AAAAAAAABlQ/hQAUriBZVoM/s128-c0x00000000-cc-rp-mo-ba4/photo.jpg",
            "rating": 5,
            "relative_time_description": "2 months ago",
            "text": "Best wine bar in Athens! Two very nice hosts who make you feel welcome. Very knowledgeable on their wines and very helpful when picking wines. The small side dishes and snacks that they have are delicious and light. Hands down the best place to relax after a long day.",
            "time": 1557830193
        },
        {
            "author_name": "Odysseas",
            "author_url": "https://www.google.com/maps/contrib/108851483128030774999/reviews",
            "language": "en",
            "profile_photo_url": "https://lh5.googleusercontent.com/-pQwUC07EjsA/AAAAAAAAAAI/AAAAAAAAMWw/CUR2pkO6w5g/s128-c0x00000000-cc-rp-mo-ba5/photo.jpg",
            "rating": 5,
            "relative_time_description": "a month ago",
            "text": "Great wine, great service, really fun. \nCan't recommend it enough.\nPlus you gotta love the clever name.",
            "time": 1561047870
        },
        {
            "author_name": "Jens Oreel",
            "author_url": "https://www.google.com/maps/contrib/104064315452478616188/reviews",
            "language": "en",
            "profile_photo_url": "https://lh4.googleusercontent.com/-HaPR-YKpZoE/AAAAAAAAAAI/AAAAAAAAAKY/ZFYSsBjZ-pw/s128-c0x00000000-cc-rp-mo-ba3/photo.jpg",
            "rating": 5,
            "relative_time_description": "3 months ago",
            "text": "The owner is teaching \"wine\" at the university and explains the wines in his very unique own way that I appreciated so much. If you are a wine enthusiast or you want to learn more about Greek wines this will your best place.",
            "time": 1556886476
        }
    ],
    "type": "bar"
}
