{
    "id": "b597b97243ad859e10df45ced858f06650c3ee9b",
    "location": {
        "lat": 37.968022,
        "lng": 23.729416
    },
    "name": "Regal Cafe Bar",
    "rating": 4.3,
    "reviews": [
        {
            "author_name": "Simran Mann",
            "author_url": "https://www.google.com/maps/contrib/103084332975663710600/reviews",
            "language": "en",
            "profile_photo_url": "https://lh3.googleusercontent.com/-64xf-3W1Ipw/AAAAAAAAAAI/AAAAAAAAAZY/oOJjDT_eN1g/s128-c0x00000000-cc-rp-mo-ba3/photo.jpg",
            "rating": 5,
            "relative_time_description": "in the last week",
            "text": "The server was great, but I felt like the kitchen was bit slow. We ordered the spicy burger and turkey sandwiches. Even though kitchen was bit slow in preparing our order, the flavor in our burgers was so delicious. We really enjoyed our food. Might go tomorrow night again.",
            "time": 1564261290
        },
        {
            "author_name": "Lauren Fanelli",
            "author_url": "https://www.google.com/maps/contrib/110991332517102310329/reviews",
            "language": "en",
            "profile_photo_url": "https://lh5.googleusercontent.com/-i1z3v0t5OIc/AAAAAAAAAAI/AAAAAAAAEHs/8G8iaihHvf0/s128-c0x00000000-cc-rp-mo/photo.jpg",
            "rating": 5,
            "relative_time_description": "2 weeks ago",
            "text": "The food was the best I have had in a while. I ordered the black angus burger (I was feeling home sick and burgers feel American to me) that burger was cooked perfectly and tasted amazing. My mind was blown, the egg was cooked perfectly as well as the meat, there was the perfect amount of sauce and it was all fresh!!! The burger itself tasted a little different than the meat back home but in my opinion it was much better! If I lived here I'd be a regular for sure!",
            "time": 1562941611
        },
        {
            "author_name": "irene malley",
            "author_url": "https://www.google.com/maps/contrib/101215650419541514080/reviews",
            "language": "en",
            "profile_photo_url": "https://lh5.googleusercontent.com/-rEiE7xyr_pk/AAAAAAAAAAI/AAAAAAAAAAA/ACHi3rc-6Op_bYIuWd231fZkpSBRadMqLw/s128-c0x00000000-cc-rp-mo/photo.jpg",
            "rating": 5,
            "relative_time_description": "2 weeks ago",
            "text": "A lovely, relaxed afternoon with good music, great food and super friendly staff.  Milk shake was awesome as we're the burgers.",
            "time": 1562939801
        },
        {
            "author_name": "Tina Tuerlings",
            "author_url": "https://www.google.com/maps/contrib/109852141187337893331/reviews",
            "language": "en",
            "profile_photo_url": "https://lh4.googleusercontent.com/-PWInV-oE1b4/AAAAAAAAAAI/AAAAAAAAABw/w3K8tVVQBeE/s128-c0x00000000-cc-rp-mo-ba3/photo.jpg",
            "rating": 2,
            "relative_time_description": "a week ago",
            "text": "I don't like to give bad reviews but i don't have another choice. We had to wait half an hour for breakfast which is way longer than usual and it was not busy at all. The orange juice was warm and when we asked for ice cubes they only gave a few so it was still warm. The poached eggs were given with sweet bread and syrup? Which is n\u00f3t a good combination. And it was without spinach although that was stated on the menu. Also service was not so polite.\n\nEDIT; thank you for your passive aggresive response, very professional.",
            "time": 1563983140
        },
        {
            "author_name": "sak vou",
            "author_url": "https://www.google.com/maps/contrib/102774295061948223160/reviews",
            "language": "en",
            "profile_photo_url": "https://lh4.googleusercontent.com/-5MYJIzq9YLk/AAAAAAAAAAI/AAAAAAAADa0/AecJBltOZFc/s128-c0x00000000-cc-rp-mo-ba4/photo.jpg",
            "rating": 1,
            "relative_time_description": "3 weeks ago",
            "text": "Better avoid this place. Receipts not right bad manors",
            "time": 1562747022
        }
    ],
    "type": "bar"
}
