{
    "id": "7f798473cc921f82fa267d4e7e681a6cd4381a77",
    "location": {
        "lat": 37.98657499999999,
        "lng": 23.7352224
    },
    "name": "Blue Bear",
    "rating": 4.4,
    "reviews": [
        {
            "author_name": "Rocky Dt",
            "author_url": "https://www.google.com/maps/contrib/113137138780738493784/reviews",
            "language": "en",
            "profile_photo_url": "https://lh3.googleusercontent.com/-IqfZHAyEa7s/AAAAAAAAAAI/AAAAAAAAAIY/rAFAkTFaduM/s128-c0x00000000-cc-rp-mo-ba3/photo.jpg",
            "rating": 5,
            "relative_time_description": "a month ago",
            "text": "The coffee shop caught my attention with its esthetic. The decor is unique enough to intrigue but not obnoxiously so. It has two floors both which are adorned with wooden tables and cushioned chairs. It has a high ceiling from which beautiful blue light fixtures are hanging. There's also a bar, behind which, the walls are decorated with colourful liquor bottles. The service was amazing. The staff was friendly and polite. I would undoubtedly recommend visiting.",
            "time": 1560961139
        },
        {
            "author_name": "Nikos Grey",
            "author_url": "https://www.google.com/maps/contrib/103167404572418512504/reviews",
            "language": "en",
            "profile_photo_url": "https://lh3.googleusercontent.com/-Ecraw9BDdbQ/AAAAAAAAAAI/AAAAAAAAArw/jv6mW81BuSs/s128-c0x00000000-cc-rp-mo-ba3/photo.jpg",
            "rating": 5,
            "relative_time_description": "2 months ago",
            "text": "Excellent quality service and products. There is hidden floor accessed by an internal ladder. The floor is perfect for the person who wants to study or focus on himself.",
            "time": 1559203329
        },
        {
            "author_name": "Kastriot Z",
            "author_url": "https://www.google.com/maps/contrib/109621806161335199066/reviews",
            "language": "en",
            "profile_photo_url": "https://lh5.googleusercontent.com/-uUCzrtQJhw0/AAAAAAAAAAI/AAAAAAAAAAA/ACHi3rcCEEBXKuUUuWH3qmsiwLKTfmp2_A/s128-c0x00000000-cc-rp-mo/photo.jpg",
            "rating": 5,
            "relative_time_description": "3 months ago",
            "text": "Top service excellent atmosphere,\nExcellent breakfast and very reasonably prices.\nI suggest to everyone who would like too enjoy the day must visit Blue Bear .",
            "time": 1555189346
        },
        {
            "author_name": "Sonja L\u00fcbeck",
            "author_url": "https://www.google.com/maps/contrib/115029347538353467891/reviews",
            "language": "en",
            "profile_photo_url": "https://lh6.googleusercontent.com/-KD9ufLqX8y0/AAAAAAAAAAI/AAAAAAAAAAA/ACHi3rexhV-kV5UMJmaynF10uTLeBcp1PA/s128-c0x00000000-cc-rp-mo-ba3/photo.jpg",
            "rating": 4,
            "relative_time_description": "2 weeks ago",
            "text": "Nice homemade lemonade and freddo espresso; relaxing atmosphere and music; in the heart of Exarcheia \ud83d\ude0d",
            "time": 1563103975
        },
        {
            "author_name": "pavlina vasileva",
            "author_url": "https://www.google.com/maps/contrib/111596409547433629967/reviews",
            "language": "en",
            "profile_photo_url": "https://lh6.googleusercontent.com/-OL9MNJwVYgA/AAAAAAAAAAI/AAAAAAAAAAA/ACHi3rdJ1p-Vsz6h5DZMhKOxIA862TVy-g/s128-c0x00000000-cc-rp-mo/photo.jpg",
            "rating": 5,
            "relative_time_description": "a month ago",
            "text": "If you are looking for a truly excercise living in the Greek most popular neirbourhood, best price quality, delicious food or just student-friendly spot with fast speed internet, Blue Bear is your perfect choice. I had visited the bar several times and every time the staff was chatty and warm, made me feel their friend. Don't miss it and thanks me later ;)",
            "time": 1561116214
        }
    ],
    "type": "cafe"
}
