{
    "id": "627fcadeb2ab41b6b127b24f2c67bae9b88b7082",
    "location": {
        "lat": 37.9880882,
        "lng": 23.7370348
    },
    "name": "Bourbon",
    "rating": 4.4,
    "reviews": [
        {
            "author_name": "Eftihis Efthimiou",
            "author_url": "https://www.google.com/maps/contrib/102640159038292561048/reviews",
            "language": "en",
            "profile_photo_url": "https://lh5.googleusercontent.com/-ZVOwfUnU4N4/AAAAAAAAAAI/AAAAAAAAAAA/ACHi3rcTSjp3fn-Rr4ro0OCVgfiAumbBYg/s128-c0x00000000-cc-rp-mo-ba4/photo.jpg",
            "rating": 3,
            "relative_time_description": "4 months ago",
            "text": "Quite nice space, very generic drinks and general services.",
            "time": 1553346819
        },
        {
            "author_name": "Sam Wolk",
            "author_url": "https://www.google.com/maps/contrib/108290565038043169502/reviews",
            "language": "en",
            "profile_photo_url": "https://lh3.googleusercontent.com/-j5KYxYuYqbw/AAAAAAAAAAI/AAAAAAAABto/zcs4pUBlP9A/s128-c0x00000000-cc-rp-mo-ba3/photo.jpg",
            "rating": 5,
            "relative_time_description": "a year ago",
            "text": "I didn\u2019t actually go into Bourbon. It looked cute. I sat in the cafe next store (same owners I think) when I needed a quiet place to read. Very nice music and the cafe looks into a gorgeous courtyard. They turned on a green light in the garden at sunset, which was so nice.",
            "time": 1517145526
        },
        {
            "author_name": "Demetris Psychomanis",
            "author_url": "https://www.google.com/maps/contrib/110287713980533181252/reviews",
            "language": "en",
            "profile_photo_url": "https://lh3.googleusercontent.com/-RcpeLDH5Tqs/AAAAAAAAAAI/AAAAAAAABMo/lJLXTi0dr_o/s128-c0x00000000-cc-rp-mo-ba4/photo.jpg",
            "rating": 5,
            "relative_time_description": "a year ago",
            "text": "One of the oldest and original bars in the City on the beautiful Kallidromiou street fair prices friendly stuff and owner with lots of stories to share am sure!!  Enjoy your drink\\cocktail or homemade lemonade under Lecabetus hill and the Athenian sky!  Cheers...",
            "time": 1525002534
        },
        {
            "author_name": "Rachel Hyatt",
            "author_url": "https://www.google.com/maps/contrib/112274601424783470298/reviews",
            "language": "en",
            "profile_photo_url": "https://lh3.googleusercontent.com/-iOnGUZMybEQ/AAAAAAAAAAI/AAAAAAAAAAA/ACHi3rdZbSQ4vVuK8tTXUarGpAK-1hGzQg/s128-c0x00000000-cc-rp-mo/photo.jpg",
            "rating": 2,
            "relative_time_description": "a year ago",
            "text": "After a 20min trek to get there, I didn\u2019t order a drink and left.  It looked decent on the inside but it\u2019s located in a rough area and has a terrible actual bourbon selection!!!!  Jack Daniels and makers mark are not what I go to a \u201cbourbon\u201d bar for",
            "time": 1532704678
        },
        {
            "author_name": "Dio Xantzo",
            "author_url": "https://www.google.com/maps/contrib/109589411919691690781/reviews",
            "language": "en",
            "profile_photo_url": "https://lh6.googleusercontent.com/-qzNvaCbJhl4/AAAAAAAAAAI/AAAAAAAABWc/Fpj7KlltdpU/s128-c0x00000000-cc-rp-mo-ba4/photo.jpg",
            "rating": 5,
            "relative_time_description": "a year ago",
            "text": "Jazz atmosphere, old bar, clean drinks! Not easy to find places like this anymore ;)",
            "time": 1521542551
        }
    ],
    "type": "bar"
}
