{
    "id": "2416d9f32ef6598f76e76b4b6b1c84a4d014e77b",
    "location": {
        "lat": 37.9859968,
        "lng": 23.7355303
    },
    "name": "Alexandrin\u00f3",
    "rating": 4.5,
    "reviews": [
        {
            "author_name": "Thomas Auer",
            "author_url": "https://www.google.com/maps/contrib/100557658075504762442/reviews",
            "language": "en",
            "profile_photo_url": "https://lh6.googleusercontent.com/-3h0s-b--K4o/AAAAAAAAAAI/AAAAAAAAAAA/ACHi3rd0xWfD1kl903rys9DKfG6pofJM8w/s128-c0x00000000-cc-rp-mo/photo.jpg",
            "rating": 5,
            "relative_time_description": "a month ago",
            "text": "Lovely Caf\u00e9! Had a Freddo Cappuchino and it was very tasteful and strong! \ud83d\ude04",
            "time": 1560507685
        },
        {
            "author_name": "Andreas Torday Gulden",
            "author_url": "https://www.google.com/maps/contrib/105781073327704778605/reviews",
            "language": "en",
            "profile_photo_url": "https://lh5.googleusercontent.com/-4PGhWyjf8HE/AAAAAAAAAAI/AAAAAAAAUDg/02DtDR_331Q/s128-c0x00000000-cc-rp-mo/photo.jpg",
            "rating": 5,
            "relative_time_description": "2 months ago",
            "text": "Worth a detour fo shu",
            "time": 1559570441
        },
        {
            "author_name": "Periklis Hristidis",
            "author_url": "https://www.google.com/maps/contrib/113181178226168592088/reviews",
            "language": "en",
            "profile_photo_url": "https://lh6.googleusercontent.com/--dHLvsyYSbo/AAAAAAAAAAI/AAAAAAAAJcg/Fioe48eLpBY/s128-c0x00000000-cc-rp-mo-ba4/photo.jpg",
            "rating": 4,
            "relative_time_description": "5 months ago",
            "text": "Very nice music, good drinks.",
            "time": 1549521307
        },
        {
            "author_name": "Panagiotis",
            "author_url": "https://www.google.com/maps/contrib/112900154884913926922/reviews",
            "language": "en",
            "profile_photo_url": "https://lh3.googleusercontent.com/-xqZ0QmVC45E/AAAAAAAAAAI/AAAAAAAAAR4/S8HEtmd4Xy0/s128-c0x00000000-cc-rp-mo-ba2/photo.jpg",
            "rating": 5,
            "relative_time_description": "6 months ago",
            "text": "Great atmosphere, like a small paris bistrot. Friendly service.",
            "time": 1548106989
        },
        {
            "author_name": "Vagelis Antoniadis",
            "author_url": "https://www.google.com/maps/contrib/116823731101648993366/reviews",
            "language": "en",
            "profile_photo_url": "https://lh6.googleusercontent.com/-EOFpfHzGKQY/AAAAAAAAAAI/AAAAAAAAHYE/XixGp8mhEJU/s128-c0x00000000-cc-rp-mo-ba5/photo.jpg",
            "rating": 3,
            "relative_time_description": "7 months ago",
            "text": "Nice place for a glass of white or beer",
            "time": 1545983560
        }
    ],
    "type": "bar"
}
