{
    "id": "664ffafb8fc5fa5d912a9dfa786f78967e06c85d",
    "location": {
        "lat": 38.0016289,
        "lng": 23.7400792
    },
    "name": "YRIA",
    "rating": 4.4,
    "reviews": [
        {
            "author_name": "Tommy Lellos",
            "author_url": "https://www.google.com/maps/contrib/115403994147859146647/reviews",
            "language": "en",
            "profile_photo_url": "https://lh4.googleusercontent.com/-vLjxKK7B7Bg/AAAAAAAAAAI/AAAAAAAAMDs/Im39fnKm5sI/s128-c0x00000000-cc-rp-mo-ba4/photo.jpg",
            "rating": 5,
            "relative_time_description": "10 months ago",
            "text": "Great little spot in Kipseli to have a cup of coffee!!",
            "time": 1538392286
        },
        {
            "author_name": "Costas Krallis",
            "author_url": "https://www.google.com/maps/contrib/117008198381136619181/reviews",
            "language": "en",
            "profile_photo_url": "https://lh5.googleusercontent.com/-XHNKIMib8uM/AAAAAAAAAAI/AAAAAAAAAsI/HbvUlBxgDBY/s128-c0x00000000-cc-rp-mo-ba4/photo.jpg",
            "rating": 5,
            "relative_time_description": "a year ago",
            "text": "A nice, cozy and warm cafe for the winter. Serves excellent capuccino coffee. Background music is OK.",
            "time": 1517137359
        },
        {
            "author_name": "Yiannis Dedoussis",
            "author_url": "https://www.google.com/maps/contrib/101984439778250485829/reviews",
            "language": "en",
            "profile_photo_url": "https://lh4.googleusercontent.com/-jn0XVZdDrWk/AAAAAAAAAAI/AAAAAAAAAHY/XEhtZzdjixg/s128-c0x00000000-cc-rp-mo-ba4/photo.jpg",
            "rating": 5,
            "relative_time_description": "a year ago",
            "text": "Warm, fine wine experience, balanced jazzy music. Highly recommended",
            "time": 1515309735
        },
        {
            "author_name": "\u03a7\u03b1\u03c1\u03b1\u03bb\u03b1\u03bc\u03c0\u03bf\u03c2 \u03a3\u03b9\u03c9\u03ba\u03bf\u03c2",
            "author_url": "https://www.google.com/maps/contrib/100965314197810609895/reviews",
            "language": "en",
            "profile_photo_url": "https://lh3.googleusercontent.com/-aCkqF4Vfs-A/AAAAAAAAAAI/AAAAAAAAAAA/ACHi3rehr3NdvFLNHVqyJBc2JCq6UACdLA/s128-c0x00000000-cc-rp-mo/photo.jpg",
            "rating": 5,
            "relative_time_description": "a year ago",
            "text": "Cozy place,premium coffe and elegant drinks.\nBest chose in town for a pet friendly place!",
            "time": 1515074598
        },
        {
            "author_name": "Olympia Tsapari",
            "author_url": "https://www.google.com/maps/contrib/102206411522639226322/reviews",
            "language": "el",
            "profile_photo_url": "https://lh6.googleusercontent.com/-tjKiWlD2EDU/AAAAAAAAAAI/AAAAAAAAAAA/ACHi3rdvcPnPeEbMvoZR5GCSqiZjWr8dyg/s128-c0x00000000-cc-rp-mo-ba2/photo.jpg",
            "rating": 5,
            "relative_time_description": "in the last week",
            "text": "\u03a0\u03bf\u03bb\u03cd \u03ba\u03b1\u03bb\u03cc\u03c2 \u03ba\u03b1\u03c6\u03ad\u03c2 \u03ba\u03b1\u03b9 \u03b5\u03be\u03b1\u03b9\u03c1\u03b5\u03c4\u03b9\u03ba\u03cc \u03c3\u03ad\u03c1\u03b2\u03b9\u03c2. \u039a\u03b1\u03b8\u03b1\u03c1\u03cc \u03ba\u03b1\u03b9 \u03b5\u03c5\u03c7\u03ac\u03c1\u03b9\u03c3\u03c4\u03bf \u03c0\u03b5\u03c1\u03b9\u03b2\u03ac\u03bb\u03bb\u03bf\u03bd.",
            "time": 1564484189
        }
    ],
    "type": "bar"
}
