{
    "id": "1cd9b5894e70f0306c6157b07058074932cdb7f1",
    "location": {
        "lat": 38.0018993,
        "lng": 23.7397465
    },
    "name": "Suzie Q",
    "rating": 4.7,
    "reviews": [
        {
            "author_name": "george pat",
            "author_url": "https://www.google.com/maps/contrib/104251608131240150819/reviews",
            "language": "en",
            "profile_photo_url": "https://lh4.googleusercontent.com/-pbVkPxYVjDo/AAAAAAAAAAI/AAAAAAAAAlw/EP113jAI-vo/s128-c0x00000000-cc-rp-mo/photo.jpg",
            "rating": 5,
            "relative_time_description": "2 weeks ago",
            "text": "Best bar in kipseli!",
            "time": 1563577194
        },
        {
            "author_name": "George Agallo",
            "author_url": "https://www.google.com/maps/contrib/109112801898934410480/reviews",
            "language": "en",
            "profile_photo_url": "https://lh6.googleusercontent.com/-ZQWzEON1lXA/AAAAAAAAAAI/AAAAAAAAABU/1MOzq7gmHh4/s128-c0x00000000-cc-rp-mo-ba2/photo.jpg",
            "rating": 5,
            "relative_time_description": "6 months ago",
            "text": "If you don't know SuzieQ you should visit. The craziest Kipseli can offer!",
            "time": 1546974299
        },
        {
            "author_name": "tania karanika",
            "author_url": "https://www.google.com/maps/contrib/113441322585992262128/reviews",
            "language": "el",
            "profile_photo_url": "https://lh4.googleusercontent.com/-rRWjBHYI-r8/AAAAAAAAAAI/AAAAAAAAAAA/ACHi3rf-NySrWuMTo7DeMHfLFI0m-bLEqQ/s128-c0x00000000-cc-rp-mo/photo.jpg",
            "rating": 5,
            "relative_time_description": "a month ago",
            "text": "\u0395\u03c0\u03b9\u03ba\u03cc! \u03bc\u03bf\u03c5\u03c3\u03b9\u03ba\u03ac\u03c1\u03b5\u03c2, \u03ba\u03b1\u03b8\u03b1\u03c1\u03ac \u03c0\u03bf\u03c4\u03ac \u03ba\u03b1\u03b9 genial \u03b8\u03b1\u03bc\u03ce\u03bd\u03b5\u03c2. \u03a0\u03bf\u03bb\u03cd \u03c0\u03bb\u03ac\u03ba\u03b1 \u03cc\u03bc\u03c9\u03c2",
            "time": 1562239135
        },
        {
            "author_name": "Sylvia Stoufi",
            "author_url": "https://www.google.com/maps/contrib/108359711973392489457/reviews",
            "language": "el",
            "profile_photo_url": "https://lh3.googleusercontent.com/-YoWflYNhoPU/AAAAAAAAAAI/AAAAAAAAGEA/oHJOPdBIvXM/s128-c0x00000000-cc-rp-mo/photo.jpg",
            "rating": 5,
            "relative_time_description": "2 months ago",
            "text": "\u039c\u03bf\u03bd\u03b1\u03b4\u03b9\u03ba\u03cc \u03c3\u03c4\u03bf \u03b5\u03af\u03b4\u03bf\u03c2 \u03c4\u03bf\u03c5..\u03b1\u03c0\u03af\u03c3\u03c4\u03b5\u03c5\u03c4\u03b5\u03c2 \u03bc\u03bf\u03c5\u03c3\u03b9\u03ba\u03ad\u03c2, \u03c6\u03b9\u03bb\u03b9\u03ba\u03cc \u03c0\u03b5\u03c1\u03b9\u03b2\u03ac\u03bb\u03bb\u03bf\u03bd, \u03ba\u03b1\u03bb\u03cc\u03c2 \u03ba\u03cc\u03c3\u03bc\u03bf\u03c2, \u03b9\u03b4\u03b9\u03b1\u03af\u03c4\u03b5\u03c1\u03b5\u03c2 \u03ba\u03b1\u03c4\u03b1\u03c3\u03c4\u03ac\u03c3\u03b5\u03b9\u03c2!!! \u039a\u03b1\u03b8\u03b1\u03c1\u03ac \u03ba \u03c6\u03c4\u03b7\u03bd\u03b1 \u03c0\u03bf\u03c4\u03b1..\u03ba \u03bf \u03bf\u03b9\u03ba\u03bf\u03b4\u03b5\u03c3\u03c0\u03cc\u03c4\u03b7\u03c2 \u03c4\u03bf\u03c5 \u03b1\u03be\u03b9\u03bf\u03bb\u03b1\u03c4\u03c1\u03b5\u03c5\u03c4\u03bf\u03c2!! \u0391\u03c0\u03cc \u03c4\u03b1 \u03bc\u03ad\u03c1\u03b7 \u03c0\u03bf\u03c5 \u03b1\u03bd \u03c0\u03b1\u03c2, \u03be\u03b1\u03bd\u03b1\u03c0\u03ac\u03c2 \u03ba \u03be\u03b1\u03bd\u03b1\u03c0\u03ac\u03c2..",
            "time": 1558552601
        },
        {
            "author_name": "Apostolos matzanis",
            "author_url": "https://www.google.com/maps/contrib/108762842910801039271/reviews",
            "language": "el",
            "profile_photo_url": "https://lh3.googleusercontent.com/-usNiTUIfn_I/AAAAAAAAAAI/AAAAAAAAAAA/ACHi3rf44Wet_X-J6ejuRfbeM6M28hBQVA/s128-c0x00000000-cc-rp-mo/photo.jpg",
            "rating": 5,
            "relative_time_description": "4 months ago",
            "text": "\u039a\u03b1\u03bb\u03b1 \u03c0\u03bf\u03c4\u03ac, \u03c4\u03ad\u03bb\u03b5\u03b9\u03b5\u03c2 \u03bc\u03bf\u03c5\u03c3\u03b9\u03ba\u03ad\u03c2 \u03ba\u03b1\u03b9 \u03c6\u03bf\u03b2\u03b5\u03c1\u03bf\u03c2 Bar owner!",
            "time": 1554298629
        }
    ],
    "type": "bar"
}
