{
    "id": "724e12fccc0f2205c47b1e27abfb2e32de303a6e",
    "location": {
        "lat": 37.97722470000001,
        "lng": 23.7283223
    },
    "name": "Rooster",
    "rating": 3.9,
    "reviews": [
        {
            "author_name": "Goa Dane",
            "author_url": "https://www.google.com/maps/contrib/101120265989832530171/reviews",
            "language": "en",
            "profile_photo_url": "https://lh5.googleusercontent.com/-LRe3swMvaLo/AAAAAAAAAAI/AAAAAAAAAJo/GJYDJa-8HuY/s128-c0x00000000-cc-rp-mo-ba3/photo.jpg",
            "rating": 4,
            "relative_time_description": "a month ago",
            "text": "We had some great Greek wine. The atmosphere was fantastic late night next to church they played house music. So you could still hear everyone and they were well staffed I i didn\u2019t eat however they had a full menu. Aloooooha",
            "time": 1560771948
        },
        {
            "author_name": "Tsubura Sakai",
            "author_url": "https://www.google.com/maps/contrib/105727441467675527810/reviews",
            "language": "en",
            "profile_photo_url": "https://lh6.googleusercontent.com/-IljzRDL73lw/AAAAAAAAAAI/AAAAAAAAAlg/LUNkoYOteoQ/s128-c0x00000000-cc-rp-mo-ba4/photo.jpg",
            "rating": 5,
            "relative_time_description": "a week ago",
            "text": "Great place for coffee/cocktails. Waiters are always friendly and thoughtful.",
            "time": 1562855026
        },
        {
            "author_name": "Matthew Correia",
            "author_url": "https://www.google.com/maps/contrib/114796649011099728611/reviews",
            "language": "en",
            "profile_photo_url": "https://lh6.googleusercontent.com/-LmUOfgqMySw/AAAAAAAAAAI/AAAAAAAAG3g/O4e9Kpsoir0/s128-c0x00000000-cc-rp-mo/photo.jpg",
            "rating": 4,
            "relative_time_description": "2 months ago",
            "text": "Coffee was good, waiters were polite. No soy/almond/oat milk. Vegetarian options are quite limited. Otherwise it's fine.",
            "time": 1557261675
        },
        {
            "author_name": "Marios Drakopoulos",
            "author_url": "https://www.google.com/maps/contrib/114966366246683577968/reviews",
            "language": "en",
            "profile_photo_url": "https://lh5.googleusercontent.com/-m8878Xt1qUg/AAAAAAAAAAI/AAAAAAAAAAA/3F9lFqxrweM/s128-c0x00000000-cc-rp-mo-ba2/photo.jpg",
            "rating": 3,
            "relative_time_description": "a month ago",
            "text": "I still don't like how pretentious it is. After that controversy that averted its status as a gay friendly store, it still bears that stigma. Otherwise it's a nice store.",
            "time": 1560250904
        },
        {
            "author_name": "Alexia Annitsi",
            "author_url": "https://www.google.com/maps/contrib/102878469759575623874/reviews",
            "language": "en",
            "profile_photo_url": "https://lh4.googleusercontent.com/-8rbuMBKU0e8/AAAAAAAAAAI/AAAAAAAAAAA/ACHi3rdNZi26hZmGI8bVt8lEPq2AZNH0aQ/s128-c0x00000000-cc-rp-mo-ba3/photo.jpg",
            "rating": 5,
            "relative_time_description": "a month ago",
            "text": "Very friendly and helpful stuff, really good coffee and nice atmosphere, this place worths a visit.",
            "time": 1561307571
        }
    ],
    "type": "bar"
}
