{
    "id": "5e898a2f018bd97e6ae610db51634dd50b0978e8",
    "location": {
        "lat": 37.9773634,
        "lng": 23.7454009
    },
    "name": "MAI TAI A\u0398ENS",
    "rating": 4.5,
    "reviews": [
        {
            "author_name": "Petros pavlopoulos",
            "author_url": "https://www.google.com/maps/contrib/116033479822878404158/reviews",
            "language": "en",
            "profile_photo_url": "https://lh4.googleusercontent.com/--UjhznHgTXk/AAAAAAAAAAI/AAAAAAAAAAA/ACHi3rfBLxdW3IVB6bTC4g7dVGfMFAGTIg/s128-c0x00000000-cc-rp-mo-ba3/photo.jpg",
            "rating": 5,
            "relative_time_description": "3 weeks ago",
            "text": "your simply the best, better than all the rest, better than anyone....",
            "time": 1562878936
        },
        {
            "author_name": "Panagiotis Dimopoulos",
            "author_url": "https://www.google.com/maps/contrib/108101334937694084953/reviews",
            "language": "en",
            "profile_photo_url": "https://lh5.googleusercontent.com/-I1u7Fsb6Xfo/AAAAAAAAAAI/AAAAAAAAE6U/tf13nIXGD90/s128-c0x00000000-cc-rp-mo-ba4/photo.jpg",
            "rating": 5,
            "relative_time_description": "5 months ago",
            "text": "An old classic, in the heart of Kolonaki freshly renovated. Amazing cocktails, and also great food. Small in size but big on quality, a worthy visit!",
            "time": 1551616720
        },
        {
            "author_name": "Alex Karatzas",
            "author_url": "https://www.google.com/maps/contrib/116354059322667198118/reviews",
            "language": "en",
            "profile_photo_url": "https://lh6.googleusercontent.com/-GW4A_b7RwjY/AAAAAAAAAAI/AAAAAAAAAAA/ACHi3rd-P6YMJri024uUioCVfY2VeT7IIw/s128-c0x00000000-cc-rp-mo/photo.jpg",
            "rating": 5,
            "relative_time_description": "7 months ago",
            "text": "Vibes cocktails and food are out of this world \ud83d\ude4f\ud83c\udffb",
            "time": 1546586162
        },
        {
            "author_name": "Christina Kalli",
            "author_url": "https://www.google.com/maps/contrib/114461525987592799475/reviews",
            "language": "en",
            "profile_photo_url": "https://lh5.googleusercontent.com/-H5An9o-RM70/AAAAAAAAAAI/AAAAAAAAC40/Dz-UryTBiqs/s128-c0x00000000-cc-rp-mo/photo.jpg",
            "rating": 5,
            "relative_time_description": "7 months ago",
            "text": "Amazing food, cocktails and crowd!",
            "time": 1546593517
        },
        {
            "author_name": "tatiana terzh",
            "author_url": "https://www.google.com/maps/contrib/101869984677157203877/reviews",
            "language": "en",
            "profile_photo_url": "https://lh3.googleusercontent.com/-msoWZ1L61Ds/AAAAAAAAAAI/AAAAAAAAAAA/ACHi3rcZB1AOv8YBSYSJoQV-D5ipa65cIg/s128-c0x00000000-cc-rp-mo/photo.jpg",
            "rating": 4,
            "relative_time_description": "4 months ago",
            "text": "nice cocktails",
            "time": 1552904305
        }
    ],
    "type": "bar"
}
