{
    "id": "b3da7efe73cd31da7bcda8096eeb37090c4a9edd",
    "location": {
        "lat": 37.9794068,
        "lng": 23.7572134
    },
    "name": "Mojo Club",
    "rating": 4.4,
    "reviews": [
        {
            "author_name": "Kalli Melissinou",
            "author_url": "https://www.google.com/maps/contrib/106550010286662959693/reviews",
            "language": "en",
            "profile_photo_url": "https://lh5.googleusercontent.com/-UNGVO1eD7aA/AAAAAAAAAAI/AAAAAAAAANg/a6-TSQFUldg/s128-c0x00000000-cc-rp-mo/photo.jpg",
            "rating": 5,
            "relative_time_description": "2 months ago",
            "text": "It's a cosy place for coffee during the day and it's one of my favourite spots for a summer night's beer in their garden.",
            "time": 1558521784
        },
        {
            "author_name": "Peter Tragoudaras",
            "author_url": "https://www.google.com/maps/contrib/105681581410254399808/reviews",
            "language": "en",
            "profile_photo_url": "https://lh4.googleusercontent.com/-L3ku-oFp-yI/AAAAAAAAAAI/AAAAAAAAAAA/ACHi3rcFtHri8bmDK3UwLHiOc0VNV3qYJw/s128-c0x00000000-cc-rp-mo/photo.jpg",
            "rating": 4,
            "relative_time_description": "6 months ago",
            "text": "I did not like the barman's awkward conversations. Further than that really nice place. This acoustic duo silver and blue was awesome!!!",
            "time": 1549299045
        },
        {
            "author_name": "iHave NoName",
            "author_url": "https://www.google.com/maps/contrib/108240713362365684141/reviews",
            "language": "en",
            "profile_photo_url": "https://lh4.googleusercontent.com/-LL2709xhuVo/AAAAAAAAAAI/AAAAAAAAAAo/jhcJoNkTDM8/s128-c0x00000000-cc-rp-mo-ba2/photo.jpg",
            "rating": 4,
            "relative_time_description": "5 months ago",
            "text": "By far the best place in the area to have a drink at night, or a coffee during the day - strong recommendation.",
            "time": 1551213687
        },
        {
            "author_name": "George Knoring",
            "author_url": "https://www.google.com/maps/contrib/107633432565132547811/reviews",
            "language": "en",
            "profile_photo_url": "https://lh4.googleusercontent.com/-8UDHtMaYNtc/AAAAAAAAAAI/AAAAAAAABYs/iJMBjU_PxeA/s128-c0x00000000-cc-rp-mo-ba4/photo.jpg",
            "rating": 5,
            "relative_time_description": "7 months ago",
            "text": "Lovely bar, friendly atmosphere. Worth it a try. You'll become a regular happy customer.",
            "time": 1545807769
        },
        {
            "author_name": "Adv Traveler",
            "author_url": "https://www.google.com/maps/contrib/113022391686587962888/reviews",
            "language": "en",
            "profile_photo_url": "https://lh5.googleusercontent.com/-qcGOz5Xq4Yk/AAAAAAAAAAI/AAAAAAAAAAA/ACHi3re2Src9Km3qrUM2UapHW6Tryz0b-g/s128-c0x00000000-cc-rp-mo-ba3/photo.jpg",
            "rating": 5,
            "relative_time_description": "5 months ago",
            "text": "Nice place good music..and drinks",
            "time": 1551021260
        }
    ],
    "type": "bar"
}