{
    "id": "3ebac5d340fec0a7410be2a3ef1b4523b1a19b5e",
    "location": {
        "lat": 37.987683,
        "lng": 23.725159
    },
    "name": "\u039a\u03ad\u03bd\u03c4\u03c1\u03bf \u0391\u0393\u03a1\u0399\u039c\u0399\u0391",
    "rating": 4.2,
    "reviews": [
        {
            "author_name": "fotis lpl",
            "author_url": "https://www.google.com/maps/contrib/109019327983010047341/reviews",
            "language": "en",
            "profile_photo_url": "https://lh6.googleusercontent.com/-1UmiljPcreo/AAAAAAAAAAI/AAAAAAAAAAc/ZiZ12Q-ei_Q/s128-c0x00000000-cc-rp-mo-ba3/photo.jpg",
            "rating": 5,
            "relative_time_description": "3 months ago",
            "text": "best",
            "time": 1555328448
        },
        {
            "author_name": "Spiros par",
            "author_url": "https://www.google.com/maps/contrib/102568494154853610756/reviews",
            "language": "el",
            "profile_photo_url": "https://lh4.googleusercontent.com/-GHr2PwG2MRE/AAAAAAAAAAI/AAAAAAAAAAA/ACHi3rcaELY9EYG-PX1t3tJ0CSVwsqNV5Q/s128-c0x00000000-cc-rp-mo/photo.jpg",
            "rating": 5,
            "relative_time_description": "5 months ago",
            "text": "\u03a0\u03bf\u03bb\u03cd \u03c9\u03c1\u03b1\u03af\u03bf \u03c0\u03c1\u03cc\u03b3\u03c1\u03b1\u03bc\u03bc\u03b1, \u03c9\u03c1\u03b1\u03af\u03bf\u03c2 \u03b1\u03bd\u03b1\u03ba\u03b1\u03b9\u03bd\u03b9\u03c3\u03bc\u03b5\u03bd\u03bf\u03c2 \u03c7\u03ce\u03c1\u03bf\u03c2",
            "time": 1550690587
        },
        {
            "author_name": "Miltiadis Tasiopoulos",
            "author_url": "https://www.google.com/maps/contrib/107724116471721526585/reviews",
            "language": "el",
            "profile_photo_url": "https://lh6.googleusercontent.com/-XUQylXRjjHk/AAAAAAAAAAI/AAAAAAAAABc/a3vDbSa7X-M/s128-c0x00000000-cc-rp-mo-ba5/photo.jpg",
            "rating": 3,
            "relative_time_description": "5 months ago",
            "text": "\u0393\u03b9\u03b1 \u03ba\u03bb\u03b1\u03c1\u03b9\u03bd\u03b1 \u03c3\u03c4\u03b1 \u0391\u03b3\u03c1\u03b9\u03bc\u03b9\u03b1 , \u03c4\u03b9\u03c0\u03bf\u03c4\u03b1 \u03b1\u03bb\u03bb\u03bf",
            "time": 1550039632
        },
        {
            "author_name": "Thodoris Pal",
            "author_url": "https://www.google.com/maps/contrib/104721793229869203659/reviews",
            "language": "el",
            "profile_photo_url": "https://lh5.googleusercontent.com/-JWozo1JaIxE/AAAAAAAAAAI/AAAAAAAAFgE/SLjAfyEbPdY/s128-c0x00000000-cc-rp-mo-ba4/photo.jpg",
            "rating": 5,
            "relative_time_description": "2 years ago",
            "text": "\u039f \u03bd\u03b1\u03cc\u03c2 \u03c4\u03b7\u03c2 Cult \u03b4\u03b9\u03b1\u03c3\u03ba\u03ad\u03b4\u03b1\u03c3\u03b7\u03c2. \u0394\u03b5\u03bd \u03c0\u03b5\u03c1\u03b9\u03b3\u03c1\u03ac\u03c6\u03b5\u03c4\u03b1\u03b9 \u03bc\u03b5 \u03bb\u03ad\u03be\u03b5\u03b9\u03c2. ",
            "time": 1490096540
        },
        {
            "author_name": "Alexdio Axd",
            "author_url": "https://www.google.com/maps/contrib/105662550714975352398/reviews",
            "language": "el",
            "profile_photo_url": "https://lh6.googleusercontent.com/-0L9o1ho6SqY/AAAAAAAAAAI/AAAAAAAAAAA/ACHi3rcLbqeq7Em3ohujn5zcb4ntWiUn5w/s128-c0x00000000-cc-rp-mo/photo.jpg",
            "rating": 5,
            "relative_time_description": "3 years ago",
            "text": "\u03b5\u03af\u03c3\u03c4\u03b5 \u03b1\u03c3\u03c4\u03ad\u03c1\u03b9\u03b1 \u03cc\u03bb\u03bf\u03b9 \u03bf\u03b9 \u03c4\u03c1\u03b1\u03b3\u03bf\u03c5\u03b4\u03b9\u03c3\u03c4\u03ad\u03c2 \u03b5\u03ba\u03b5\u03af \u03c3\u03c4\u03b1 \u0391\u03b3\u03c1\u03af\u03bc\u03b9\u03b1 ",
            "time": 1461417502
        }
    ],
    "type": "night_club"
}