{
    "id": "78c85e029e49c5af5b7734a11f48402933c46e0f",
    "location": {
        "lat": 37.974881,
        "lng": 23.752178
    },
    "name": "EXCALIBUR BAR",
    "rating": 4.6,
    "reviews": [
        {
            "author_name": "Effie Metalouda",
            "author_url": "https://www.google.com/maps/contrib/109315429799520641019/reviews",
            "language": "en",
            "profile_photo_url": "https://lh3.googleusercontent.com/-b-WE8hThVKE/AAAAAAAAAAI/AAAAAAAAAhg/-hpyrxbfuMw/s128-c0x00000000-cc-rp-mo-ba4/photo.jpg",
            "rating": 5,
            "relative_time_description": "2 months ago",
            "text": "Excalibur bar comes second to none! Is the best rock bar down town Athens. A pure diamond!  Awesome and loud rock & metal music. Beautiful decoration and wall art inside. Kind and fun employees and owner who provide excellent customer service at all times. Amazing variety of beers, drinks, cocktails and shots. They organise often events and they take good care of their loyal customers. \ud83e\udd18\ud83d\udc9a\ud83c\udf39",
            "time": 1559057209
        },
        {
            "author_name": "Aurora Gallardo",
            "author_url": "https://www.google.com/maps/contrib/107300979210867092317/reviews",
            "language": "en",
            "profile_photo_url": "https://lh6.googleusercontent.com/-E_ZibEm6hfI/AAAAAAAAAAI/AAAAAAAAAG8/g4GylgFSLbI/s128-c0x00000000-cc-rp-mo-ba3/photo.jpg",
            "rating": 5,
            "relative_time_description": "a month ago",
            "text": "excellent service . the service provided by the man bar was excellent. Mexico",
            "time": 1562238351
        },
        {
            "author_name": "Balder Edda",
            "author_url": "https://www.google.com/maps/contrib/102695503180346826421/reviews",
            "language": "en",
            "profile_photo_url": "https://lh6.googleusercontent.com/-5p5EEdIgykk/AAAAAAAAAAI/AAAAAAAAAwo/DBhPywVNsgI/s128-c0x00000000-cc-rp-mo/photo.jpg",
            "rating": 5,
            "relative_time_description": "7 months ago",
            "text": "Great place for people who are into the metal scene. Good variety of liquors and craft beers. Nice employee and DJ's.\nOnly minus is that smoking.",
            "time": 1546263178
        },
        {
            "author_name": "Vasileios Karaklioumis",
            "author_url": "https://www.google.com/maps/contrib/117351547509020539704/reviews",
            "language": "en",
            "profile_photo_url": "https://lh3.googleusercontent.com/-q2XThhgf82k/AAAAAAAAAAI/AAAAAAACbJ8/RSA8LLnby8s/s128-c0x00000000-cc-rp-mo-ba3/photo.jpg",
            "rating": 5,
            "relative_time_description": "4 months ago",
            "text": "Cheap, cozy and friendly. Highly recommended.",
            "time": 1555018937
        },
        {
            "author_name": "\u0398\u03b1\u03bd\u03b1\u03c3\u03b7\u03c2 \u03a3\u03b1\u03ba\u03bf\u03c5\u03bb\u03b9\u03b1\u03c2",
            "author_url": "https://www.google.com/maps/contrib/114203349108551675814/reviews",
            "language": "en",
            "profile_photo_url": "https://lh3.googleusercontent.com/-pzxbk3ix4E0/AAAAAAAAAAI/AAAAAAAABGE/rvHnaaKXFHc/s128-c0x00000000-cc-rp-mo-ba2/photo.jpg",
            "rating": 5,
            "relative_time_description": "3 months ago",
            "text": "Nowhere like home... Love you Excalibur!!!",
            "time": 1556418614
        }
    ],
    "type": "bar"
}