{
    "id": "faa5e0b5896f23d735da40d6344fbbb93a83b942",
    "location": {
        "lat": 37.966848,
        "lng": 23.729
    },
    "name": "Tiki Bar Athens",
    "rating": 4.5,
    "reviews": [
        {
            "author_name": "Andreas K.",
            "author_url": "https://www.google.com/maps/contrib/109512600691175857809/reviews",
            "language": "en",
            "profile_photo_url": "https://lh6.googleusercontent.com/-z4CV9-jj-_w/AAAAAAAAAAI/AAAAAAAAAAA/ACHi3rfek97uStqyIdLxehvHozV0lDWMUA/s128-c0x00000000-cc-rp-mo-ba5/photo.jpg",
            "rating": 4,
            "relative_time_description": "3 weeks ago",
            "text": "Great place for a cocktail close to Acropolis museum. A huge variety of drinks and great music. There are also special music nights. It is quite vivid after 10 pm when people actually are even dancing. Has limited outside sitting. Music quality from the speakers is not the best. Definitely worth visiting !!",
            "time": 1563298812
        },
        {
            "author_name": "Anders Blomqvist",
            "author_url": "https://www.google.com/maps/contrib/118183376651459303067/reviews",
            "language": "en",
            "profile_photo_url": "https://lh5.googleusercontent.com/-B9-FkVa-Fks/AAAAAAAAAAI/AAAAAAAAM8U/72vjyWJbNJI/s128-c0x00000000-cc-rp-mo-ba3/photo.jpg",
            "rating": 5,
            "relative_time_description": "a week ago",
            "text": "Nice staff, a few different beers, great cocktails and surprisingly good food. Would recommend to anyone.",
            "time": 1564758895
        },
        {
            "author_name": "Clint Brenchley",
            "author_url": "https://www.google.com/maps/contrib/103901332354289068637/reviews",
            "language": "en",
            "profile_photo_url": "https://lh4.googleusercontent.com/-P51SrDQuB6c/AAAAAAAAAAI/AAAAAAAAAAA/ACHi3reKKeClL6fdMU6LMF_XQOq9drNi5g/s128-c0x00000000-cc-rp-mo-ba3/photo.jpg",
            "rating": 3,
            "relative_time_description": "2 months ago",
            "text": "This place is ok. I was recommended to go here and it seems very popular, but maybe I was expecting too much. Still a decent place to have a drink and the crowd is pretty cool",
            "time": 1558111969
        },
        {
            "author_name": "avi rubin",
            "author_url": "https://www.google.com/maps/contrib/117432433825503750924/reviews",
            "language": "en",
            "profile_photo_url": "https://lh5.googleusercontent.com/-h4mkXb6bYNM/AAAAAAAAAAI/AAAAAAAAAAA/ACHi3rdYqzo_2ynQQy72Q784uyh7WOij-g/s128-c0x00000000-cc-rp-mo/photo.jpg",
            "rating": 5,
            "relative_time_description": "a month ago",
            "text": "Highly recommended. Great vibe, good food, best cocktails and very good  music!!!",
            "time": 1562608965
        },
        {
            "author_name": "Donal Moore",
            "author_url": "https://www.google.com/maps/contrib/108433653488767781125/reviews",
            "language": "en",
            "profile_photo_url": "https://lh5.googleusercontent.com/-5GZUWrkCj8U/AAAAAAAAAAI/AAAAAAAAUSQ/0tBkwZujDC4/s128-c0x00000000-cc-rp-mo-ba4/photo.jpg",
            "rating": 4,
            "relative_time_description": "a month ago",
            "text": "Great watress very nice place to chill 10 mts from main drag. Menu looked good but we had a drink to rest a short while",
            "time": 1562512644
        }
    ],
    "type": "bar"
}