{
    "id": "5cac0260cf94f023a7e3f51b80a705973b4eae87",
    "location": {
        "lat": 37.9692729,
        "lng": 23.7129718
    },
    "name": "Paribaba",
    "rating": 4.6,
    "reviews": [
        {
            "author_name": "Lavinia Georgiana",
            "author_url": "https://www.google.com/maps/contrib/109164795241841688642/reviews",
            "language": "en",
            "profile_photo_url": "https://lh4.googleusercontent.com/-3xrxDkQ8ROQ/AAAAAAAAAAI/AAAAAAAACDU/iev6mN08Zoo/s128-c0x00000000-cc-rp-mo-ba3/photo.jpg",
            "rating": 5,
            "relative_time_description": "3 months ago",
            "text": "Perfect secret garden for coffee. The staff is very friendly and polite. Cozy atmosphere and very interesting style. A hidden gem that has become our favorite spot.",
            "time": 1556811625
        },
        {
            "author_name": "Irena007str",
            "author_url": "https://www.google.com/maps/contrib/101071256149686163952/reviews",
            "language": "en",
            "profile_photo_url": "https://lh4.googleusercontent.com/-4fIuVeHBLcE/AAAAAAAAAAI/AAAAAAAAAGg/0TrdJzAgwcQ/s128-c0x00000000-cc-rp-mo-ba3/photo.jpg",
            "rating": 5,
            "relative_time_description": "4 months ago",
            "text": "Really nice and hip place for a morning or afternoon coffee! Has a pretty back yard and the interior is very stylish. Staff was really nice, brunch and cocktails are offered. Prices seemed normal. Neighborhood is very nice. \nIf you are visiting for drinks the interior gets a bit crowded but the service is pretty fast considering the crowd. Cocktails are really good and the owner is very hospitable!",
            "time": 1554064636
        },
        {
            "author_name": "George Demetriades",
            "author_url": "https://www.google.com/maps/contrib/115989883012761813398/reviews",
            "language": "en",
            "profile_photo_url": "https://lh4.googleusercontent.com/-xtxfSkmAfY4/AAAAAAAAAAI/AAAAAAACoQg/JBS4nN9urYg/s128-c0x00000000-cc-rp-mo-ba3/photo.jpg",
            "rating": 5,
            "relative_time_description": "a month ago",
            "text": "Excellent place and very good service !! Definitely worth coming for a coffe or a drink",
            "time": 1561817658
        },
        {
            "author_name": "Maria Lalea",
            "author_url": "https://www.google.com/maps/contrib/115673519283055262185/reviews",
            "language": "en",
            "profile_photo_url": "https://lh4.googleusercontent.com/-uHvJwcZ_VCo/AAAAAAAAAAI/AAAAAAAAAAA/ACHi3reNHHTLliTmKRzLeGURlnAcsYabhA/s128-c0x00000000-cc-rp-mo-ba6/photo.jpg",
            "rating": 4,
            "relative_time_description": "2 months ago",
            "text": "Cosy place new add to the area. Nicely decorated retains previous glory of the old mansion, friendly fast service,  menu options it promises a chill out time",
            "time": 1557259946
        },
        {
            "author_name": "Nina hoopbasket91",
            "author_url": "https://www.google.com/maps/contrib/100830174999131317515/reviews",
            "language": "en",
            "profile_photo_url": "https://lh4.googleusercontent.com/-R6NdgOS9fPQ/AAAAAAAAAAI/AAAAAAAAAAA/ACHi3rehsok7Y8FqFo1lUscyfr-yfgJurA/s128-c0x00000000-cc-rp-mo/photo.jpg",
            "rating": 5,
            "relative_time_description": "2 months ago",
            "text": "Amazing new upscale place in Petralona.",
            "time": 1558293788
        }
    ],
    "type": "bar"
}
