{
    "id": "9a7deacd1b8a8bf861f916f799b678517307b536",
    "location": {
        "lat": 37.9823962,
        "lng": 23.7369653
    },
    "name": "Ippopotamos",
    "rating": 4.5,
    "reviews": [
        {
            "author_name": "Dora Chandra",
            "author_url": "https://www.google.com/maps/contrib/104986596362461759041/reviews",
            "language": "en",
            "profile_photo_url": "https://lh5.googleusercontent.com/-MTd7vWGMvTs/AAAAAAAAAAI/AAAAAAAAEEU/I89Ta-XoTdM/s128-c0x00000000-cc-rp-mo/photo.jpg",
            "rating": 5,
            "relative_time_description": "2 weeks ago",
            "text": "Really nice place. Situated in an alley looks like a garden. Liked the music too (hits like Depeche Mode, Cure, Pulp - I don't remember more) The only drawback for me was the frozen margarita which was too mild. I will definitely go again!",
            "time": 1563091723
        },
        {
            "author_name": "lacesaria",
            "author_url": "https://www.google.com/maps/contrib/115966336113655855787/reviews",
            "language": "en",
            "profile_photo_url": "https://lh3.googleusercontent.com/-_cWcgUCKvoc/AAAAAAAAAAI/AAAAAAAABc4/KJZItDEnkCU/s128-c0x00000000-cc-rp-mo-ba3/photo.jpg",
            "rating": 4,
            "relative_time_description": "a month ago",
            "text": "A place that is quite good outdoors (it reminds me of a Greek island) and very cozy inside. I really liked the decoration and the lighting at night. The music was mainly jazz, a big plus for someone who enjoys it. The service was fair and the beverages were good. I appreciated the frozen glass that came with my beer!",
            "time": 1560616863
        },
        {
            "author_name": "Nikos Nikalexis",
            "author_url": "https://www.google.com/maps/contrib/101904283037248107595/reviews",
            "language": "en",
            "profile_photo_url": "https://lh4.googleusercontent.com/-Wa9lK9D1KWM/AAAAAAAAAAI/AAAAAAAAEHQ/Wgwl2tgzA5M/s128-c0x00000000-cc-rp-mo-ba3/photo.jpg",
            "rating": 5,
            "relative_time_description": "in the last week",
            "text": "Nice and quite place to enjoy your drink on a summer night! Decent prices!",
            "time": 1564145240
        },
        {
            "author_name": "Christina Met",
            "author_url": "https://www.google.com/maps/contrib/101655625150831082608/reviews",
            "language": "en",
            "profile_photo_url": "https://lh4.googleusercontent.com/--XqgXm2xY3E/AAAAAAAAAAI/AAAAAAAAVrA/tJmt8_MINYA/s128-c0x00000000-cc-rp-mo-ba4/photo.jpg",
            "rating": 4,
            "relative_time_description": "2 weeks ago",
            "text": "I love this place!! It's in a great spot and it plays good music \ud83d\udc4c it's a bit expensive but not too much.",
            "time": 1563108940
        },
        {
            "author_name": "Kevin Costello",
            "author_url": "https://www.google.com/maps/contrib/105099688026361531639/reviews",
            "language": "en",
            "profile_photo_url": "https://lh3.googleusercontent.com/-nwfVHp9lLpw/AAAAAAAAAAI/AAAAAAAAACI/NcbvIDsPBt8/s128-c0x00000000-cc-rp-mo/photo.jpg",
            "rating": 5,
            "relative_time_description": "3 weeks ago",
            "text": "Lovely outdoor seating area with fairy lights. Like Christmas in July! :)",
            "time": 1562464249
        }
    ],
    "type": "bar"
}
