{
    "id": "056fe46425d58b282265ef868e5f023b663788bf",
    "location": {
        "lat": 38.0033479,
        "lng": 23.730001
    },
    "name": "\u0391\u03c1\u03c7\u03bf\u03bd\u03c4\u03b9\u03ba\u03cc \u03c4\u03bf\u03c5 \u03a3\u03b1\u03c1\u03ac\u03bd\u03c4\u03b7",
    "rating": 4.5,
    "reviews": [
        {
            "author_name": "george theodorakakis",
            "author_url": "https://www.google.com/maps/contrib/103227966988950468726/reviews",
            "language": "el",
            "profile_photo_url": "https://lh5.googleusercontent.com/-SGqlVCuDXog/AAAAAAAAAAI/AAAAAAAAAFs/lN0nAyc4_wE/s128-c0x00000000-cc-rp-mo-ba3/photo.jpg",
            "rating": 5,
            "relative_time_description": "7 months ago",
            "text": "\u03a0\u03bf\u03bb\u03cd \u03c9\u03c1\u03b1\u03af\u03bf\u03c2 \u03c7\u03ce\u03c1\u03bf\u03c2 \u03b1\u03c0\u03cc \u03c4\u03b7\u03bd \u03ac\u03c6\u03b9\u03be\u03b7 \u03ba\u03b9\u03cc\u03bb\u03b1\u03c2 \u03c4\u03bf \u03bc\u03ac\u03c4\u03b9 \u03b4\u03b5\u03bd \u03c7\u03bf\u03c1\u03c4\u03b1\u03af\u03bd\u03b5\u03b9,\u03bc\u03c0\u03b1\u03af\u03bd\u03bf\u03bd\u03c4\u03b1\u03c2 \u03bc\u03ad\u03c3\u03b1 \u03bf \u03c7\u03ce\u03c1\u03bf\u03c2 \u03c5\u03c0\u03ad\u03c1\u03bf\u03c7\u03b1 \u03b4\u03b9\u03b1\u03ba\u03bf\u03c3\u03bc\u03b7\u03bc\u03b5\u03bd\u03bf\u03c2 \u03ba\u03b1\u03b9 \u03cc\u03bb\u03bf\u03b9 \u03c0\u03b1\u03c1\u03ac \u03c0\u03bf\u03bb\u03cd \u03b5\u03be\u03c5\u03c0\u03b7\u03c1\u03b5\u03c4\u03b9\u03ba\u03bf\u03af.\u03c6\u03b1\u03b3\u03b7\u03c4\u03bf \u03c0\u03b5\u03bd\u03c4\u03b1\u03bd\u03bf\u03c3\u03c4\u03b9\u03bc\u03bf \u03cc\u03c4\u03b9 \u03b4\u03bf\u03ba\u03b9\u03bc\u03ac\u03c3\u03b1\u03bc\u03b5 \u03ae\u03c4\u03b1\u03bd \u03c0\u03bf\u03bb\u03cd \u03c0\u03c1\u03bf\u03c3\u03b5\u03b3\u03bc\u03ad\u03bd\u03bf \u03ba\u03b1\u03b9 \u03bc\u03b5\u03b3\u03ac\u03bb\u03b7 \u03c0\u03bf\u03b9\u03ba\u03b9\u03bb\u03af\u03b1 \u03c3\u03b5 \u03ba\u03c1\u03b1\u03c3\u03b9\u03ac.\u0393\u03b9\u03b1 \u03c4\u03b7\u03bd \u03bc\u03bf\u03c5\u03c3\u03b9\u03ba\u03ae \u03c4\u03b9 \u03bc\u03c0\u03bf\u03c1\u03ce \u03bd\u03b1 \u03c0\u03c9....\u03ba\u03b1\u03c4\u03b1\u03c0\u03bb\u03b7\u03ba\u03c4\u03b9\u03ba\u03ae...\u03b1\u03ba\u03bf\u03bb\u03bf\u03c5\u03b8\u03b5\u03b9 \u03c4\u03bf \u03ba\u03ad\u03c6\u03b9 \u03c4\u03b7\u03c2 \u03c0\u03b1\u03c1\u03ad\u03b1\u03c2 \u03ba\u03b1\u03b9 \u03c3\u03b5 \u03ba\u03ac\u03bd\u03bf\u03c5\u03bd \u03bd\u03b1 \u03bd\u03b9\u03ce\u03b8\u03b5\u03b9\u03c2 \u03cc\u03c4\u03b9 \u03c4\u03bf\u03c5\u03c2 \u03be\u03ad\u03c1\u03b5\u03b9\u03c2 \u03a7\u03c1\u03cc\u03bd\u03b9\u03b1.\u03b5\u03bd\u03bd\u03bf\u03b5\u03af\u03c4\u03b1\u03b9 \u03cc\u03c4\u03b9 \u03b8\u03b1 \u03be\u03b1\u03bd\u03ac \u03c0\u03ac\u03bc\u03b5 \u03ba\u03b1\u03b9 \u03c4\u03bf \u03c3\u03c5\u03c3\u03c4\u03ae\u03bd\u03c9 \u03b1\u03bd\u03b5\u03c0\u03b9\u03c6\u03cd\u03bb\u03b1\u03ba\u03c4\u03b1...",
            "time": 1546345353
        },
        {
            "author_name": "\u039d\u03b1\u03bd\u03c4\u03b9\u03b1 \u039a\u03bf\u03bb\u03b9\u03bf\u03c0\u03bf\u03c5\u03bb\u03bf\u03c5",
            "author_url": "https://www.google.com/maps/contrib/101027722893869276384/reviews",
            "language": "el",
            "profile_photo_url": "https://lh5.googleusercontent.com/-S_Nimbj76n4/AAAAAAAAAAI/AAAAAAAAAAA/ACHi3rc-as1rP636WrE6S9nbPHTmbcIYQQ/s128-c0x00000000-cc-rp-mo-ba4/photo.jpg",
            "rating": 4,
            "relative_time_description": "5 months ago",
            "text": "\u03bf \u03c6\u03c9\u03c4\u03b9\u03c3\u03bc\u03cc\u03c2 \u03c3\u03b5 \u03b1\u03c1\u03bc\u03bf\u03bd\u03b9\u03ba\u03bf \u03c3\u03c5\u03bd\u03b4\u03c5\u03b1\u03c3\u03bc\u03bf \u03bc\u03b5 \u03c4\u03b7 \u03b4\u03b9\u03b1\u03ba\u03cc\u03c3\u03bc\u03b7\u03c3\u03b7, \u03b5\u03bd\u03b4\u03b9\u03b1\u03c6\u03b5\u03c1\u03bf\u03c5\u03c3\u03b5\u03c2 \u03b3\u03b5\u03cd\u03c3\u03b5\u03b9\u03c2, \u03bd\u03bf\u03c3\u03c4\u03b1\u03bb\u03b3\u03b9\u03ba\u03b7, \u03c4\u03b1\u03b9\u03c1\u03b9\u03b1\u03c3\u03c4\u03b7 \u03bc\u03b5 \u03c4\u03bf \u03c0\u03b5\u03c1\u03b9\u03b2\u03ac\u03bb\u03bb\u03bf\u03bd \u03bc\u03bf\u03c5\u03c3\u03b9\u03ba\u03ae, \u03b5\u03be\u03b1\u03b9\u03c1\u03b5\u03c4\u03b9\u03ba\u03bf\u03af \u03c3\u03c5\u03bd\u03c4\u03b5\u03bb\u03b5\u03c3\u03c4\u03ad\u03c2!",
            "time": 1550073054
        },
        {
            "author_name": "\u039a\u0399\u039a\u0397 \u039d\u03a4\u0395\u03a1\u0391\u039a\u0397",
            "author_url": "https://www.google.com/maps/contrib/104011246315380350430/reviews",
            "language": "el",
            "profile_photo_url": "https://lh5.googleusercontent.com/-hgJQO6kCKcY/AAAAAAAAAAI/AAAAAAAAAAA/ACHi3rcmEBiGDJCervsDE9NYCAcsF2j0_A/s128-c0x00000000-cc-rp-mo/photo.jpg",
            "rating": 2,
            "relative_time_description": "9 months ago",
            "text": "\u03a4\u03bf \u03ba\u03c5\u03c1\u03b9\u03bf\u03c2 \u03c0\u03b9\u03ac\u03c4\u03bf \u03ba\u03b1\u03bb\u03cc! \u03a4\u03b1 \u03ac\u03bb\u03bb\u03b1 \u03ba\u03ac\u03c4\u03c9 \u03c4\u03bf\u03c5 \u03bc\u03b5\u03c4\u03c1\u03af\u03bf\u03c5 \u03bc\u03b5 \u03b1\u03c0\u03bf\u03ba\u03bf\u03c1\u03cd\u03c6\u03c9\u03c3\u03b7 \u03c4\u03bf \u03b1\u03c0\u03b1\u03c1\u03ac\u03b4\u03b5\u03ba\u03c4\u03bf \u03ba\u03c1\u03b1\u03c3\u03af !!!! \u0397 \u03bc\u03bf\u03c5\u03c3\u03b9\u03ba\u03ae \u03c9\u03c1\u03b1\u03af\u03b1!",
            "time": 1541613455
        },
        {
            "author_name": "PAN LEONIDAKOS",
            "author_url": "https://www.google.com/maps/contrib/117501408549313025823/reviews",
            "language": "el",
            "profile_photo_url": "https://lh5.googleusercontent.com/-hrw7PvjPqv4/AAAAAAAAAAI/AAAAAAAAAAA/ACHi3rdTGBDdQUxRQ3LI4f9M3hLbCVskbg/s128-c0x00000000-cc-rp-mo/photo.jpg",
            "rating": 5,
            "relative_time_description": "a year ago",
            "text": "\u0395\u039d\u0391 \u039d\u0395\u039f\u039a\u039b\u0391\u03a3\u0399\u039a\u039f \u03a3\u03a4\u039f \u039a\u0395\u039d\u03a4\u03a1\u039f \u03a4\u0397\u03a3 \u0391\u0398\u0397\u039d\u0391\u03a3, \u03a0\u039f\u03a5 \u03a3\u0395 \u03a4\u0391\u039e\u0399\u0394\u0395\u03a5\u0395\u0399 \u039c\u0395 \u03a4\u0397\u039d \u039c\u039f\u03a5\u03a3\u0399\u039a\u0397 \u03a4\u039f\u03a5. \u039a\u0395\u03a6\u0399, \u03a7\u039f\u03a1\u039f\u03a3, \u039c\u039f\u039d\u0391\u0394\u0399\u039a\u039f \u03a3\u0395\u03a1\u0392\u0399\u03a3 \u039c\u0395\u03a3\u0391 \u03a3\u0395 \u0395\u039d\u0391 \u03a7\u03a9\u03a1\u039f \u03a0\u039f\u03a5 \u0398\u0391\u03a3 \u039c\u0395\u0399\u039d\u0395\u0399 \u0391\u039e\u0395\u03a7\u0391\u03a3\u03a4\u039f\u03a3.",
            "time": 1526574391
        },
        {
            "author_name": "sofia filishvili",
            "author_url": "https://www.google.com/maps/contrib/116958429950479951443/reviews",
            "language": "el",
            "profile_photo_url": "https://lh3.googleusercontent.com/-H8pBV4ArEwc/AAAAAAAAAAI/AAAAAAAAAAA/ACHi3rdP85yGaLsHIxJRdQ25yTuA-Y-f6w/s128-c0x00000000-cc-rp-mo/photo.jpg",
            "rating": 5,
            "relative_time_description": "a year ago",
            "text": "\u0388\u03bd\u03b1\u03c2 \u03b6\u03b5\u03c3\u03c4\u03cc\u03c2 \u03c7\u03ce\u03c1\u03bf\u03c2 \u03bc\u03b5 \u03c0\u03bf\u03b9\u03bf\u03c4\u03b9\u03ba\u03cc \u03c6\u03b1\u03b3\u03b7\u03c4\u03cc \u03ba\u03b1\u03b9 \u03c0\u03bf\u03bb\u03cd \u03cc\u03bc\u03bf\u03c1\u03c6\u03b7 \u03b1\u03c4\u03bc\u03cc\u03c3\u03c6\u03b1\u03b9\u03c1\u03b1 !\n\u03a4\u03bf \u03c3\u03ad\u03c1\u03b2\u03b9\u03c2 \u03b5\u03af\u03bd\u03b1\u03b9 \u03b9\u03b4\u03b9\u03b1\u03af\u03c4\u03b5\u03c1\u03bf \u03c6\u03b9\u03bb\u03b7\u03ba\u03bf, \u03c0\u03c1\u03cc\u03b8\u03c5\u03bc\u03bf \u03ba\u03b1\u03b9 \u03c7\u03b1\u03bc\u03bf\u03b3\u03b5\u03bb\u03b1\u03c3\u03c4\u03bf! \n\u03a0\u03b1\u03bd\u03c4\u03b1 \u03bc\u03b5 \u03c0\u03bf\u03bb\u03c5 \u03c9\u03c1\u03b1\u03af\u03b1 \u03bc\u03bf\u03c5\u03c3\u03b9\u03ba\u03ae...\n\n\u03a4\u03bf \u03c3\u03c5\u03c3\u03c4\u03ae\u03bd\u03c9 \u03b1\u03bd\u03b5\u03c0\u03b9\u03c6\u03cd\u03bb\u03b1\u03ba\u03c4\u03b1 !",
            "time": 1526652890
        }
    ],
    "type": "night_club"
}