{
    "id": "b429bfd671d596668b6b9cf9ceb605776ae8aa29",
    "location": {
        "lat": 37.9722202,
        "lng": 23.7457281
    },
    "name": "Mint All Day Bar - Bistro",
    "rating": 4.5,
    "reviews": [
        {
            "author_name": "Maria Bardis",
            "author_url": "https://www.google.com/maps/contrib/112101137530361772007/reviews",
            "language": "en",
            "profile_photo_url": "https://lh5.googleusercontent.com/-4z73BTcNDLU/AAAAAAAAAAI/AAAAAAAAAZQ/wHmvg1SRXMQ/s128-c0x00000000-cc-rp-mo-ba4/photo.jpg",
            "rating": 3,
            "relative_time_description": "3 weeks ago",
            "text": "A cozy place to start your night, with a warning up drink. Kind personnel. A little space though and really hot when temperature is high, during summer period. You can choose to enjoy your drink right outside the bar, whilst there are a few tables on the pavement. Music is good. Good quality and quantity of the drinks and affordable prices. Easy to get by car, better by motor vehicle, whilst it's a bit hard to find a parking space. Easier to enjoy this place if you live in the same area.",
            "time": 1562403767
        },
        {
            "author_name": "Adrienne Kammerer",
            "author_url": "https://www.google.com/maps/contrib/106915985833599757970/reviews",
            "language": "en",
            "profile_photo_url": "https://lh6.googleusercontent.com/-UwhCgZmurDA/AAAAAAAAAAI/AAAAAAAAAzs/CikDAORvmDI/s128-c0x00000000-cc-rp-mo-ba3/photo.jpg",
            "rating": 4,
            "relative_time_description": "5 months ago",
            "text": "the drink i ordered was large,  \u201cfunky\u201d and reasonably priced. the music could have been 45% quieter and if there were approx 50% less people i would have had a truly amazing time.",
            "time": 1549917131
        },
        {
            "author_name": "Ingmar Sandberg",
            "author_url": "https://www.google.com/maps/contrib/107286719129693917743/reviews",
            "language": "en",
            "profile_photo_url": "https://lh6.googleusercontent.com/--P3F-SVHsek/AAAAAAAAAAI/AAAAAAAACc8/5ZycXfqF-9I/s128-c0x00000000-cc-rp-mo-ba3/photo.jpg",
            "rating": 4,
            "relative_time_description": "3 months ago",
            "text": "The only bar in Arhelaou street which remains open till late hours.. Funky, rock music and pleasant environment..",
            "time": 1554879187
        },
        {
            "author_name": "Alexander Holyoake",
            "author_url": "https://www.google.com/maps/contrib/109699946361220699358/reviews",
            "language": "en",
            "profile_photo_url": "https://lh6.googleusercontent.com/-I1Cy_3BqXBM/AAAAAAAAAAI/AAAAAAAALUU/nRcuNirrU6g/s128-c0x00000000-cc-rp-mo-ba4/photo.jpg",
            "rating": 5,
            "relative_time_description": "6 months ago",
            "text": "This was fun, but made my head and liver hurt.",
            "time": 1548015510
        },
        {
            "author_name": "Eirini Kagiabaki",
            "author_url": "https://www.google.com/maps/contrib/108847709123840555196/reviews",
            "language": "en",
            "profile_photo_url": "https://lh6.googleusercontent.com/-E5Q4HFTMIa8/AAAAAAAAAAI/AAAAAAAAN0w/KHV9OcEIwAk/s128-c0x00000000-cc-rp-mo-ba2/photo.jpg",
            "rating": 5,
            "relative_time_description": "6 months ago",
            "text": "Friendly, small and cozy place for all day long \ud83d\udc8e\ud83c\udf1f\ud83d\udc8e",
            "time": 1547193428
        }
    ],
    "type": "bar"
}
