{
    "id": "4a53bd0b90a5fe9147739dccd003e52d1c18b88c",
    "location": {
        "lat": 37.9778112,
        "lng": 23.7407939
    },
    "name": "Minnie The Moocher",
    "rating": 4.4,
    "reviews": [
        {
            "author_name": "hornpharm hornpharm",
            "author_url": "https://www.google.com/maps/contrib/100376767881474765664/reviews",
            "language": "en",
            "profile_photo_url": "https://lh4.googleusercontent.com/-nQzLFbzjWSE/AAAAAAAAAAI/AAAAAAAAAAA/ACHi3rcWAFp1tfQBwPVEwZqe4H84AtHo1Q/s128-c0x00000000-cc-rp-mo/photo.jpg",
            "rating": 5,
            "relative_time_description": "a week ago",
            "text": "Very nice place , food, drinks, music,  staff",
            "time": 1563123372
        },
        {
            "author_name": "Elen Michailidis",
            "author_url": "https://www.google.com/maps/contrib/110986837422942871849/reviews",
            "language": "en",
            "profile_photo_url": "https://lh5.googleusercontent.com/-oEGzuNd-pEA/AAAAAAAAAAI/AAAAAAAAAAA/ACHi3rekmjFEqedm8XEVylrkSN-fUABJlA/s128-c0x00000000-cc-rp-mo-ba4/photo.jpg",
            "rating": 4,
            "relative_time_description": "3 months ago",
            "text": "An easy and popular street cafe in the heart of Kolonaki. Athens..friendly service..1920s atmosphere",
            "time": 1555773658
        },
        {
            "author_name": "Harris Kisseoglou",
            "author_url": "https://www.google.com/maps/contrib/114753629549384574278/reviews",
            "language": "en",
            "profile_photo_url": "https://lh5.googleusercontent.com/-64RWh3tc9IQ/AAAAAAAAAAI/AAAAAAAAAAA/ACHi3rdmCI2ccVj42QwLxjz_VIokH-kRjQ/s128-c0x00000000-cc-rp-mo-ba3/photo.jpg",
            "rating": 5,
            "relative_time_description": "5 months ago",
            "text": "Love this place. Excellent service, great food. Have to visit if you're in the area.",
            "time": 1549738015
        },
        {
            "author_name": "HARRIET OKWI",
            "author_url": "https://www.google.com/maps/contrib/115096256944841132730/reviews",
            "language": "en",
            "profile_photo_url": "https://lh3.googleusercontent.com/-coraw5F-Db8/AAAAAAAAAAI/AAAAAAAAAAA/ACHi3rcy_1VDgLY4pJP5hvGr7qedgwvnGw/s128-c0x00000000-cc-rp-mo/photo.jpg",
            "rating": 5,
            "relative_time_description": "7 months ago",
            "text": "This is my favorite place in Athens for cocktails and food. It draws an interesting crowd. The music is eclectic and great. Can't wait to be back!",
            "time": 1543937888
        },
        {
            "author_name": "Afrodite Kafetsi",
            "author_url": "https://www.google.com/maps/contrib/101388313110782565608/reviews",
            "language": "en",
            "profile_photo_url": "https://lh6.googleusercontent.com/-vn-UTglUjV8/AAAAAAAAAAI/AAAAAAAAAAA/ACHi3reQHsex4N8yztNH_YbVqvHz_82RkA/s128-c0x00000000-cc-rp-mo/photo.jpg",
            "rating": 5,
            "relative_time_description": "3 months ago",
            "text": "Amazing service, great snacks and  the most fantastic cocktails in Kolonaki. You should join Minnie the Moocher for sure!",
            "time": 1555352416
        }
    ],
    "type": "bar"
}
