{
    "id": "4b5ceaaf2f9b33d28f9bc6bef06acd681fe2c6a2",
    "location": {
        "lat": 37.98099550000001,
        "lng": 23.711941
    },
    "name": "Noiz Club",
    "rating": 4.2,
    "reviews": [
        {
            "author_name": "Maria Bardis",
            "author_url": "https://www.google.com/maps/contrib/112101137530361772007/reviews",
            "language": "en",
            "profile_photo_url": "https://lh5.googleusercontent.com/-4z73BTcNDLU/AAAAAAAAAAI/AAAAAAAAAZQ/wHmvg1SRXMQ/s128-c0x00000000-cc-rp-mo-ba4/photo.jpg",
            "rating": 5,
            "relative_time_description": "3 months ago",
            "text": "Wanna shake your body to the rhythm?\nDance your soul out? Celebrate your birthday, or just with your mate and friends? Especially after 02:00, have a blast and enjoy drinks at affordable prices! Amazing nights till the morning light!",
            "time": 1555348411
        },
        {
            "author_name": "shiran farhi",
            "author_url": "https://www.google.com/maps/contrib/102149621223003667535/reviews",
            "language": "en",
            "profile_photo_url": "https://lh3.googleusercontent.com/-TT2GRjna_PM/AAAAAAAAAAI/AAAAAAAAJCc/DvZDYR-PunE/s128-c0x00000000-cc-rp-mo-ba4/photo.jpg",
            "rating": 5,
            "relative_time_description": "2 months ago",
            "text": "Nice place! Been there on friday, great music :)",
            "time": 1556974856
        },
        {
            "author_name": "Jimmy Pamken",
            "author_url": "https://www.google.com/maps/contrib/107233117545920443701/reviews",
            "language": "en",
            "profile_photo_url": "https://lh3.googleusercontent.com/-Of_V6q7Q9jM/AAAAAAAAAAI/AAAAAAAACGU/3wjUhZ6XFzk/s128-c0x00000000-cc-rp-mo-ba3/photo.jpg",
            "rating": 3,
            "relative_time_description": "6 months ago",
            "text": "Good crowd nice atmosphere but depending on the dj u will either just wobble at one spot or dance you heart out, best to come at 02:00 when the beat picks up.",
            "time": 1547335498
        },
        {
            "author_name": "A BC",
            "author_url": "https://www.google.com/maps/contrib/106683959794760101330/reviews",
            "language": "en",
            "profile_photo_url": "https://lh3.googleusercontent.com/-PkmLb132fmw/AAAAAAAAAAI/AAAAAAAAAAA/ACHi3rdRG5bNq5x87sq2QfDo-1JpsE51Mg/s128-c0x00000000-cc-rp-mo/photo.jpg",
            "rating": 5,
            "relative_time_description": "4 months ago",
            "text": "Nice place and so much fun",
            "time": 1553705421
        },
        {
            "author_name": "Brieann Guzman",
            "author_url": "https://www.google.com/maps/contrib/105070917256086645487/reviews",
            "language": "en",
            "profile_photo_url": "https://lh4.googleusercontent.com/-OHBBmnbLp_g/AAAAAAAAAAI/AAAAAAAAAAA/ACHi3rcR9Ftfkxk50S2KhVNtyhBEV4jN8w/s128-c0x00000000-cc-rp-mo/photo.jpg",
            "rating": 3,
            "relative_time_description": "a year ago",
            "text": "Dead AF, that\u2019s what we get for a Sunday. Cute guard dog though!",
            "time": 1528064922
        }
    ],
    "type": "bar"
}
