{
    "id": "af5828f9ad972e01ab62e34b3a64a08ba136ce45",
    "location": {
        "lat": 37.9857638,
        "lng": 23.7334876
    },
    "name": "\u039d\u03ac\u03bd\u03bf\u03c2 \u039c\u03c0\u03b1\u03c1",
    "rating": 4.3,
    "reviews": [
        {
            "author_name": "alex mess",
            "author_url": "https://www.google.com/maps/contrib/109012182731703870248/reviews",
            "language": "en",
            "profile_photo_url": "https://lh3.googleusercontent.com/-R4E0COCQzOw/AAAAAAAAAAI/AAAAAAAAGlg/KxFeproKi24/s128-c0x00000000-cc-rp-mo-ba5/photo.jpg",
            "rating": 4,
            "relative_time_description": "a year ago",
            "text": "Nice place for a beer",
            "time": 1529001488
        },
        {
            "author_name": "Alejandro Forero Cuervo",
            "author_url": "https://www.google.com/maps/contrib/111655850702649140147/reviews",
            "language": "en",
            "profile_photo_url": "https://lh4.googleusercontent.com/-pO4zAnOQV_M/AAAAAAAAAAI/AAAAAAAAhks/aadh8ybqVDw/s128-c0x00000000-cc-rp-mo-ba6/photo.jpg",
            "rating": 5,
            "relative_time_description": "2 years ago",
            "text": "Amazing atmosphere. If I lived in Athens, I'd come here every night.",
            "time": 1498989626
        },
        {
            "author_name": "\u039c\u03ac\u03bd\u03bf\u03c2 \u03a4\u03c3\u03b9\u03ba",
            "author_url": "https://www.google.com/maps/contrib/101917174239222787742/reviews",
            "language": "en",
            "profile_photo_url": "https://lh3.googleusercontent.com/-OE4Q5bZlTOs/AAAAAAAAAAI/AAAAAAAAAAA/ACHi3reLuw3ffkADY6yfqAVV8QZEwen1YQ/s128-c0x00000000-cc-rp-mo-ba4/photo.jpg",
            "rating": 5,
            "relative_time_description": "2 years ago",
            "text": "Nice place, good coffe and drinks.\n",
            "time": 1480803518
        },
        {
            "author_name": "\u0391\u03bd\u03c4\u03ce\u03bd\u03b7\u03c2 \u039c\u03b9\u03c7\u03b1\u03b7\u03bb\u03af\u03b4\u03b7\u03c2",
            "author_url": "https://www.google.com/maps/contrib/105416385825896243275/reviews",
            "language": "el",
            "profile_photo_url": "https://lh4.googleusercontent.com/-41SIK85Iaxg/AAAAAAAAAAI/AAAAAAAAAAA/ACHi3rf-fuzSeB1_HR1wqUa21e7WxbBZag/s128-c0x00000000-cc-rp-mo-ba3/photo.jpg",
            "rating": 5,
            "relative_time_description": "11 months ago",
            "text": "\u03a9\u03c1\u03b1\u03b9\u03bf \u03bc\u03b9\u03ba\u03c1\u03bf \u03ba\u03b1\u03b9 \u03b6\u03b5\u03c3\u03c4\u03cc  \u03bc\u03b1\u03b3\u03b1\u03b6\u03af  \u03bf\u03c4\u03b9 \u03c0\u03c1\u03b5\u03c0\u03b5\u03b9 \u03b3\u03b9\u03b1 \u03ba\u03bf\u03c5\u03b2\u03b5\u03bd\u03c4\u03bf\u03cd\u03bb\u03b1 \u03ba\u03b1\u03b9 \u03c0\u03bf\u03c4\u03ac\u03ba\u03b9",
            "time": 1536008940
        },
        {
            "author_name": "Thanos Del",
            "author_url": "https://www.google.com/maps/contrib/102402682115848896601/reviews",
            "language": "el",
            "profile_photo_url": "https://lh6.googleusercontent.com/-Djul0jaD6j8/AAAAAAAAAAI/AAAAAAAAANQ/YIgB5vDWaiM/s128-c0x00000000-cc-rp-mo-ba4/photo.jpg",
            "rating": 5,
            "relative_time_description": "10 months ago",
            "text": "\u038c\u03bc\u03bf\u03c1\u03c6\u03bf \u03bc\u03c0\u03b1\u03c1 \u03ba\u03b1\u03b9 \u03ba\u03b1\u03bb\u03ad\u03c2 \u03c4\u03b9\u03bc\u03ad\u03c2!",
            "time": 1538721627
        }
    ],
    "type": "bar"
}
