{
    "id": "4c22765edfc1d295a34673daf9eb807f8e1fedaf",
    "location": {
        "lat": 37.9574191,
        "lng": 23.7350637
    },
    "name": "Studio",
    "rating": 5,
    "reviews": [
        {
            "author_name": "\u03b8\u03b5\u03bf\u03b4\u03c9\u03c1\u03bf\u03c2 \u0391\u03b3\u03b3\u03b5\u03bb\u03bf\u03c0\u03bf\u03c5\u03bb\u03bf\u03c3",
            "author_url": "https://www.google.com/maps/contrib/116973389302814783202/reviews",
            "language": "el",
            "profile_photo_url": "https://lh3.googleusercontent.com/-bSlBIvc394o/AAAAAAAAAAI/AAAAAAAAAAA/ACHi3rdCKd7x0q9ZayVemJc8_dbFLNXemw/s128-c0x00000000-cc-rp-mo-ba4/photo.jpg",
            "rating": 5,
            "relative_time_description": "2 weeks ago",
            "text": "\u03a3\u03bf\u03cd\u03c0\u03b5\u03c1 \u03c4\u03bf \u03bc\u03b1\u03b3\u03b1\u03b6\u03af",
            "time": 1563878361
        }
    ],
    "type": "night_club"
}