{
    "id": "74968ecc6fb16ef551878bdba66f58680ce4cd10",
    "location": {
        "lat": 37.987234,
        "lng": 23.7417173
    },
    "name": "LIFO cafe Bar",
    "rating": 5,
    "reviews": [
        {
            "author_name": "Adonis Koronaios",
            "author_url": "https://www.google.com/maps/contrib/109036551522195206745/reviews",
            "profile_photo_url": "https://lh5.googleusercontent.com/-9rJ0-7tMY6E/AAAAAAAAAAI/AAAAAAAABcw/SWD1FQkCYsI/s128-c0x00000000-cc-rp-mo-ba3/photo.jpg",
            "rating": 5,
            "relative_time_description": "a year ago",
            "text": "",
            "time": 1518514369
        },
        {
            "author_name": "Boxe Thaia",
            "author_url": "https://www.google.com/maps/contrib/106197896972468550390/reviews",
            "profile_photo_url": "https://lh4.googleusercontent.com/-CGkeXGTtyvI/AAAAAAAAAAI/AAAAAAAAAAA/ACHi3rdQg3plfNQudlmFyXt8SVvyPnhvog/s128-c0x00000000-cc-rp-mo/photo.jpg",
            "rating": 5,
            "relative_time_description": "a year ago",
            "text": "",
            "time": 1510628047
        }
    ],
    "type": "bar"
}
