{
    "id": "bda67acecffa4dfb1c5d856c2f8bd1474904a842",
    "location": {
        "lat": 37.9767702,
        "lng": 23.7319167
    },
    "name": "capu",
    "rating": 4.3,
    "reviews": [
        {
            "author_name": "Adam Kuna",
            "author_url": "https://www.google.com/maps/contrib/115800753875148620572/reviews",
            "language": "en",
            "profile_photo_url": "https://lh3.googleusercontent.com/-Wjtj5riN3lI/AAAAAAAAAAI/AAAAAAAAAAA/ACHi3rf_rEWj0RZywPSX0dWk8dyiXQ-KFg/s128-c0x00000000-cc-rp-mo-ba3/photo.jpg",
            "rating": 5,
            "relative_time_description": "5 months ago",
            "text": "Great drinks, astonishing climate and good music",
            "time": 1550746991
        },
        {
            "author_name": "Sophia Mpaglatzi",
            "author_url": "https://www.google.com/maps/contrib/106846360025683036787/reviews",
            "language": "el",
            "profile_photo_url": "https://lh3.googleusercontent.com/-979ifjrLntU/AAAAAAAAAAI/AAAAAAAATqk/7j3qXg1TeXo/s128-c0x00000000-cc-rp-mo-ba3/photo.jpg",
            "rating": 4,
            "relative_time_description": "7 years ago",
            "text": "\u03a0\u03bf\u03bb\u03cd \u03bf\u03bc\u03bf\u03c1\u03c6\u03bf \u03bc\u03b1\u03b3\u03b1\u03b6\u03af.. \"\u03ba\u03c1\u03c5\u03bc\u03bc\u03ad\u03bd\u03bf\" \u03bc\u03ad\u03c3\u03b1 \u03c3\u03c4\u03bf \u03ba\u03ad\u03bd\u03c4\u03c1\u03bf \u03c4\u03b7\u03c2 \u0391\u03b8\u03ae\u03bd\u03b1\u03c2!! \u039f\u03c1\u03b3\u03b1\u03bd\u03ce\u03bd\u03bf\u03c5\u03bd \u03ba\u03b1\u03b9 \u03c9\u03c1\u03b1\u03af\u03b1 Live..",
            "time": 1338383924
        },
        {
            "author_name": "Meletis Stavridis",
            "author_url": "https://www.google.com/maps/contrib/106774482576440775707/reviews",
            "language": "el",
            "profile_photo_url": "https://lh3.googleusercontent.com/-YKRnyg2k5Mc/AAAAAAAAAAI/AAAAAAAAA3c/10U7xdSWBJ0/s128-c0x00000000-cc-rp-mo/photo.jpg",
            "rating": 4,
            "relative_time_description": "5 years ago",
            "text": "\u038c\u03bc\u03bf\u03c1\u03c6\u03bf \u03bc\u03c0\u03b1\u03c1\u03ac\u03ba\u03b9 \u03bc\u03b5 \u03ba\u03b1\u03bb\u03b7 \u03bc\u03bf\u03c5\u03c3\u03b9\u03ba\u03ae. ",
            "time": 1393063742
        },
        {
            "author_name": "Tom Hardy",
            "author_url": "https://www.google.com/maps/contrib/105883365852218341500/reviews",
            "profile_photo_url": "https://lh4.googleusercontent.com/-TtzfrpjPQSY/AAAAAAAAAAI/AAAAAAAAAAA/ACHi3rdvCU8_SiuD0RLz5HY89fTwl2WcyQ/s128-c0x00000000-cc-rp-mo/photo.jpg",
            "rating": 4,
            "relative_time_description": "a month ago",
            "text": "",
            "time": 1561154755
        },
        {
            "author_name": "Ted Regklis",
            "author_url": "https://www.google.com/maps/contrib/112528399780151745668/reviews",
            "profile_photo_url": "https://lh3.googleusercontent.com/-svY_WZ1itG0/AAAAAAAAAAI/AAAAAAAB0U4/MFo6qdBZfEE/s128-c0x00000000-cc-rp-mo/photo.jpg",
            "rating": 5,
            "relative_time_description": "4 years ago",
            "text": "",
            "time": 1413327192
        }
    ],
    "type": "night_club"
}