{
    "id": "33b132d1e3a10da11a1e7fe0125c1f9cdbcce4af",
    "location": {
        "lat": 37.976003,
        "lng": 23.750628
    },
    "name": "Galaxy Restaurant & Bar",
    "rating": 4.6,
    "reviews": [
        {
            "author_name": "Assimina Kouris",
            "author_url": "https://www.google.com/maps/contrib/109022854091286735580/reviews",
            "language": "en",
            "profile_photo_url": "https://lh5.googleusercontent.com/-DVswmggJFIM/AAAAAAAAAAI/AAAAAAAAAMM/oJgxMur69hA/s128-c0x00000000-cc-rp-mo-ba2/photo.jpg",
            "rating": 4,
            "relative_time_description": "in the last week",
            "text": "Breathtaking view and nice environment. Coffee and cocktails very nice. Prices as expected for a Hilton bar but the service could be seriously improved for a bar like this.... a bit slow and a coaster was on the floor for hours and the staff just walked by it. You can see it in the picture. Nevertheless the staff was very kind and the location is so pretty one should visit in their Athenian nights out.",
            "time": 1563919926
        },
        {
            "author_name": "Dimitris Minas",
            "author_url": "https://www.google.com/maps/contrib/102045950024111743775/reviews",
            "language": "en",
            "profile_photo_url": "https://lh4.googleusercontent.com/-Ze178qF6wOo/AAAAAAAAAAI/AAAAAAAABTE/QpTfF-yDscI/s128-c0x00000000-cc-rp-mo/photo.jpg",
            "rating": 4,
            "relative_time_description": "a month ago",
            "text": "One of the best rooftop bars of the Greek capital, elegant and stylish, serving a unique experience to residents of Hilton hotel, locals and visitors.\nA great place to have a cocktail with the view of the Acropolis and the city of Athens. Worth to attend Havana nights, Latin parties taking place occasionally.",
            "time": 1560326763
        },
        {
            "author_name": "Akis Tratsis",
            "author_url": "https://www.google.com/maps/contrib/112100547989969566680/reviews",
            "language": "en",
            "profile_photo_url": "https://lh3.googleusercontent.com/-ioQBbEcpFf8/AAAAAAAAAAI/AAAAAAAAk6E/QkwVvo9BYNQ/s128-c0x00000000-cc-rp-mo-ba5/photo.jpg",
            "rating": 4,
            "relative_time_description": "a month ago",
            "text": "Be prepared for what you will be getting yourself into. The bar is located on the rooftop of one of Athens's most iconic hotels, the Hilton, and prices definitely match both it's history and location. Killer prices but also killer view...",
            "time": 1559895958
        },
        {
            "author_name": "Gabriel K",
            "author_url": "https://www.google.com/maps/contrib/116179406308258644173/reviews",
            "language": "en",
            "profile_photo_url": "https://lh5.googleusercontent.com/-TgYtFdKBknY/AAAAAAAAAAI/AAAAAAAAAAA/ACHi3rcEJJO-Up3TyWn0bSu7Ii7lO6EARA/s128-c0x00000000-cc-rp-mo-ba4/photo.jpg",
            "rating": 5,
            "relative_time_description": "4 months ago",
            "text": "Everything we tried was perfect.Excellent dishes, very tasteful well served. Polite service with smile as always. \nI didn't like that the smoking area (room) get all Parthenon view.",
            "time": 1553599275
        },
        {
            "author_name": "Andreas Tsouchlaris",
            "author_url": "https://www.google.com/maps/contrib/110147953642980102168/reviews",
            "language": "en",
            "profile_photo_url": "https://lh4.googleusercontent.com/-xpMfnYX6ohA/AAAAAAAAAAI/AAAAAAAAEhc/3adnUUa_0nk/s128-c0x00000000-cc-rp-mo-ba5/photo.jpg",
            "rating": 5,
            "relative_time_description": "2 months ago",
            "text": "Amazing view of Acropolis and Lycabettus hill. Excellent food and cocktails. One of the highest places in Athens.",
            "time": 1558772696
        }
    ],
    "type": "bar"
}
