{
    "id": "729a648de3c147aa16fdbefcf9501e26b52ff52a",
    "location": {
        "lat": 37.962781,
        "lng": 23.722113
    },
    "name": "Spirtokouto",
    "rating": 4.5,
    "reviews": [
        {
            "author_name": "Onno ter Wisscha",
            "author_url": "https://www.google.com/maps/contrib/110588159645630724471/reviews",
            "language": "en",
            "profile_photo_url": "https://lh3.googleusercontent.com/a-/AAuE7mDukDyFprFOIQ73-Tm8_gSmOxbe9u0SaMg_qUekT_M=s128-c0x00000000-cc-rp-mo-ba4",
            "rating": 5,
            "relative_time_description": "4 months ago",
            "text": "Two cocktails for \u20ac10,- if you order them before 21:00. \nFunny fact about the picture: first of all, it\u2019s taken in Amsterdam. And although the car appears to be from the twenties, it\u2019s from the sixties. But the best part is: it\u2019s an electric car. With a solar panel on the roof!",
            "time": 1553718404
        },
        {
            "author_name": "george",
            "author_url": "https://www.google.com/maps/contrib/107670334928468360609/reviews",
            "language": "en",
            "profile_photo_url": "https://lh6.googleusercontent.com/-kRC8Vhe-MXA/AAAAAAAAAAI/AAAAAAAAAAA/ACHi3rf4juGM1SbBdr8oqSqe8C4YPwd-Lw/s128-c0x00000000-cc-rp-mo-ba3/photo.jpg",
            "rating": 5,
            "relative_time_description": "3 months ago",
            "text": "Local cosy bar, blues music and relaxed atmosphere. A very extended range of coctails and spirits at a low cost",
            "time": 1556491540
        },
        {
            "author_name": "Eftihis Efthimiou",
            "author_url": "https://www.google.com/maps/contrib/102640159038292561048/reviews",
            "language": "en",
            "profile_photo_url": "https://lh5.googleusercontent.com/-ZVOwfUnU4N4/AAAAAAAAAAI/AAAAAAAAAAA/ACHi3rcTSjp3fn-Rr4ro0OCVgfiAumbBYg/s128-c0x00000000-cc-rp-mo-ba4/photo.jpg",
            "rating": 3,
            "relative_time_description": "3 weeks ago",
            "text": "Nothing really wrong, just a general lack of character.",
            "time": 1563060204
        },
        {
            "author_name": "Kostas K.",
            "author_url": "https://www.google.com/maps/contrib/109293626339393393324/reviews",
            "language": "en",
            "profile_photo_url": "https://lh3.googleusercontent.com/a-/AAuE7mBquj7ofCg9Mn0uWGt1ZAbdF-mVHFa_NM-b-GlK5g=s128-c0x00000000-cc-rp-mo-ba2",
            "rating": 5,
            "relative_time_description": "5 months ago",
            "text": "Small place but nice personnel and clear whiskies",
            "time": 1551115002
        },
        {
            "author_name": "crallakis4",
            "author_url": "https://www.google.com/maps/contrib/109332048372219137794/reviews",
            "language": "en",
            "profile_photo_url": "https://lh3.googleusercontent.com/a-/AAuE7mC0jHCXP2RnZ-sB7tpPT20SJ0WcdQZbXQj9cIDg1A=s128-c0x00000000-cc-rp-mo-ba3",
            "rating": 5,
            "relative_time_description": "2 months ago",
            "text": "Great bar, recommended \ud83d\ude4f",
            "time": 1558458086
        }
    ],
    "type": "bar"
}
