{
    "id": "9e209dd1d61fc6e785b3e211d5e786620caaed4b",
    "location": {
        "lat": 37.9783045,
        "lng": 23.7222485
    },
    "name": "GhostHouse",
    "rating": 4.4,
    "reviews": [
        {
            "author_name": "Ardyn Janelia Baia",
            "author_url": "https://www.google.com/maps/contrib/108716006458357173111/reviews",
            "language": "en",
            "profile_photo_url": "https://lh6.googleusercontent.com/-RKZtIE5BFtI/AAAAAAAAAAI/AAAAAAAAAAo/MV7NwSaPe9g/s128-c0x00000000-cc-rp-mo-ba3/photo.jpg",
            "rating": 2,
            "relative_time_description": "a month ago",
            "text": "It's tiny inside and very hot. When we arrived we had to oay 5 euros to get in which came with a drink but we couldn't sit anywhere but the bar. They had tables empty but reserved. The two tables occupied took all the karaoke books and we just didn't feel welcome. We ended up leaving and they refunded us which is the only reason they have a second star.",
            "time": 1561317906
        },
        {
            "author_name": "Darren Routley",
            "author_url": "https://www.google.com/maps/contrib/107348659285718862942/reviews",
            "language": "en",
            "profile_photo_url": "https://lh4.googleusercontent.com/-i8Fp_qChHgc/AAAAAAAAAAI/AAAAAAAAAAA/ACHi3resY-2ZSYoGhRLLzVPPxCExbADTIQ/s128-c0x00000000-cc-rp-mo-ba3/photo.jpg",
            "rating": 5,
            "relative_time_description": "2 months ago",
            "text": "Place is small but lots of fun to hang out a sing a little  karaoke. The bartender and owner were great hosts",
            "time": 1559694396
        },
        {
            "author_name": "Kinjal Vora",
            "author_url": "https://www.google.com/maps/contrib/107586611271404841342/reviews",
            "language": "en",
            "profile_photo_url": "https://lh4.googleusercontent.com/-FE6OSr_qWgU/AAAAAAAAAAI/AAAAAAAAHnQ/k-1fWpvhp9Y/s128-c0x00000000-cc-rp-mo-ba3/photo.jpg",
            "rating": 4,
            "relative_time_description": "4 weeks ago",
            "text": "The sound is better and therefore you enjoy even the karaoke if you don't know the song",
            "time": 1562972772
        },
        {
            "author_name": "Zeratul175",
            "author_url": "https://www.google.com/maps/contrib/105649112201521095280/reviews",
            "language": "en",
            "profile_photo_url": "https://lh6.googleusercontent.com/-wtqr8nkyfpE/AAAAAAAAAAI/AAAAAAAAAFU/tETtPiMkbtk/s128-c0x00000000-cc-rp-mo-ba3/photo.jpg",
            "rating": 5,
            "relative_time_description": "4 months ago",
            "text": "Super fun karaoke. Everyone gets to sing, no judging. The bar has everything, from beer and wine to cocktails and whatnot. Really nice place. I go there weekly. There's also a photographer who takes your pictures!!",
            "time": 1552899108
        },
        {
            "author_name": "Valeria #lifeMe",
            "author_url": "https://www.google.com/maps/contrib/117557638838480827461/reviews",
            "language": "en",
            "profile_photo_url": "https://lh5.googleusercontent.com/-prj0Utc1XuI/AAAAAAAAAAI/AAAAAAAAABY/aztIWaQItL0/s128-c0x00000000-cc-rp-mo/photo.jpg",
            "rating": 5,
            "relative_time_description": "a week ago",
            "text": "Cool place to sing and make a new friends, and of course to sing",
            "time": 1564782945
        }
    ],
    "type": "bar"
}