{
    "id": "1965faffe8d272692f350c647b81be4f0087e445",
    "location": {
        "lat": 37.9761364,
        "lng": 23.7517216
    },
    "name": "CV Distiller",
    "rating": 4.5,
    "reviews": [
        {
            "author_name": "Andreas Ampatzoglou",
            "author_url": "https://www.google.com/maps/contrib/107296482922218828570/reviews",
            "language": "en",
            "profile_photo_url": "https://lh3.googleusercontent.com/-enbNPo2MC84/AAAAAAAAAAI/AAAAAAAAC8w/ciYNVu7teLE/s128-c0x00000000-cc-rp-mo-ba4/photo.jpg",
            "rating": 5,
            "relative_time_description": "2 months ago",
            "text": "Great place with enormous variety of liquors! You need to study a lot before you order.\nAmazing atmosphere and very professional service!\nExcellent!!",
            "time": 1557669978
        },
        {
            "author_name": "Konstantinos Charitonidis",
            "author_url": "https://www.google.com/maps/contrib/113050248894500878900/reviews",
            "language": "en",
            "profile_photo_url": "https://lh5.googleusercontent.com/-Qm2otvP3Phs/AAAAAAAAAAI/AAAAAAAAAAA/ACHi3rcdtkVG_xp4nYFLNYKKIAQuzvhwEQ/s128-c0x00000000-cc-rp-mo-ba3/photo.jpg",
            "rating": 5,
            "relative_time_description": "in the last week",
            "text": "The greatest premium drinks list in Greece.",
            "time": 1563491172
        },
        {
            "author_name": "Pano Nikitopoulos",
            "author_url": "https://www.google.com/maps/contrib/105224040027970190775/reviews",
            "language": "en",
            "profile_photo_url": "https://lh3.googleusercontent.com/-e5IvtzYOA48/AAAAAAAAAAI/AAAAAAAAAAA/ACHi3rftefHEee9DjkWURemGxyRkZzi80A/s128-c0x00000000-cc-rp-mo/photo.jpg",
            "rating": 5,
            "relative_time_description": "3 weeks ago",
            "text": "Excellent bar wonderful staff cool drinks",
            "time": 1561754762
        },
        {
            "author_name": "Konstantinos Syrgiannis",
            "author_url": "https://www.google.com/maps/contrib/107017900620735035787/reviews",
            "language": "en",
            "profile_photo_url": "https://lh6.googleusercontent.com/-HDDOtnvVbc4/AAAAAAAAAAI/AAAAAAAAAok/iBVnjFa8ZN4/s128-c0x00000000-cc-rp-mo-ba3/photo.jpg",
            "rating": 5,
            "relative_time_description": "3 weeks ago",
            "text": "One of the most valuable choices for whiskey lovers!",
            "time": 1562092859
        },
        {
            "author_name": "Maria Ariadni Markouizou",
            "author_url": "https://www.google.com/maps/contrib/107311409089502605431/reviews",
            "language": "en",
            "profile_photo_url": "https://lh6.googleusercontent.com/-E55p-3YvPeA/AAAAAAAAAAI/AAAAAAAAEDo/lWSkeMf_GRk/s128-c0x00000000-cc-rp-mo-ba3/photo.jpg",
            "rating": 5,
            "relative_time_description": "4 months ago",
            "text": "The variety of whiskey is breathtaking. U can have a nice date in the main store or a private experience in the cellar",
            "time": 1553495274
        }
    ],
    "type": "bar"
}
