{
    "id": "4ca27c5653c5b831df00f658b202b1349f3ab875",
    "location": {
        "lat": 37.949948,
        "lng": 23.7359187
    },
    "name": "Spoiled",
    "rating": 4.6,
    "reviews": [
        {
            "author_name": "Chris Ks",
            "author_url": "https://www.google.com/maps/contrib/114115644591343147601/reviews",
            "language": "en",
            "profile_photo_url": "https://lh3.googleusercontent.com/-oOGpGeO85EA/AAAAAAAAAAI/AAAAAAAADdU/Mglfx84zGY8/s128-c0x00000000-cc-rp-mo-ba4/photo.jpg",
            "rating": 5,
            "relative_time_description": "3 weeks ago",
            "text": "I don't visit Dafni very often but, every time I do, it's to come to this place! Situated in small street close to the metro station, Spoiled is an all-day bar, meaning that you can come at any moment during the day and enjoy one of their many signature cocktails. If you're not an avid drinker, you will certainly find something that will pique you interest but if you are, you should make sure to visit this place. I promise, you won't be disappointed!\n\nPS: As of a few months ago, they also have a brunch menu on Sundays! What better way to spend your Sunday than having a tasty brunch and an early drink?! ;)",
            "time": 1562742294
        },
        {
            "author_name": "Vicky Gk",
            "author_url": "https://www.google.com/maps/contrib/106331634190043995241/reviews",
            "language": "en",
            "profile_photo_url": "https://lh4.googleusercontent.com/-KirgIW4XzeI/AAAAAAAAAAI/AAAAAAAAAAA/ACHi3rektRFRpICsgw2EuvwQKZ3uy66UKw/s128-c0x00000000-cc-rp-mo/photo.jpg",
            "rating": 5,
            "relative_time_description": "a week ago",
            "text": "Amazing cocktails. I tried one that's called \"it is what it is\" 100% recommend trying it.",
            "time": 1563606523
        },
        {
            "author_name": "Rafal Tarnowski",
            "author_url": "https://www.google.com/maps/contrib/100927016359687115855/reviews",
            "language": "en",
            "profile_photo_url": "https://lh6.googleusercontent.com/-RudJ7RbmKfs/AAAAAAAAAAI/AAAAAAAAAAA/ACHi3rf9choE-BPjnTFauAMhxZsZ2M-pYQ/s128-c0x00000000-cc-rp-mo/photo.jpg",
            "rating": 5,
            "relative_time_description": "in the last week",
            "text": "Cool place, good drinks, even nicer service, definitely come back here!",
            "time": 1564251625
        },
        {
            "author_name": "Papoutsis Panayiotis",
            "author_url": "https://www.google.com/maps/contrib/102478199376777598634/reviews",
            "language": "en",
            "profile_photo_url": "https://lh3.googleusercontent.com/-1uY98FfdeMQ/AAAAAAAAAAI/AAAAAAAAAAA/ACHi3rdo7hSyo_6-26VaPiUrzepqCexncQ/s128-c0x00000000-cc-rp-mo-ba3/photo.jpg",
            "rating": 5,
            "relative_time_description": "5 months ago",
            "text": "Nice bar, good rock music. We tried pizza and cocktails. They were nice, but the portions could be a little bigger. Good value for money. Relatively small place for winter, but okay when the weather is good, since there are tables outside.",
            "time": 1549745284
        },
        {
            "author_name": "Efi Ntouni",
            "author_url": "https://www.google.com/maps/contrib/117703460314693195681/reviews",
            "language": "en",
            "profile_photo_url": "https://lh6.googleusercontent.com/-M-q7otP0Eh8/AAAAAAAAAAI/AAAAAAAAAAA/ACHi3rcr_cQRzNwWM0Gl-PZ10rFGspmCsA/s128-c0x00000000-cc-rp-mo-ba4/photo.jpg",
            "rating": 5,
            "relative_time_description": "7 months ago",
            "text": "Wanna taste what a mind-blowing cocktail is?\ud83c\udf79\ud83c\udf78 Visit this place! You will be amazed by the quality of its drinks or whatever else you wish to try. Everything is treated with so much respect (from coffee and beverages to spirits and liquors) that this small bar captures all your senses!! The staff is fabulous, polite, smiley and always attending to your needs! Plus: it's pet friendly! \ud83d\udc29",
            "time": 1544030467
        }
    ],
    "type": "bar"
}
