{
    "id": "fb8a07de185e4c3c59c5ed03d252ddd7142a2bf9",
    "location": {
        "lat": 37.9908824,
        "lng": 23.7237612
    },
    "name": "Bamboo Athens club",
    "rating": 4.1,
    "reviews": [
        {
            "author_name": "Loreen Mano",
            "author_url": "https://www.google.com/maps/contrib/105880655916550835395/reviews",
            "language": "el",
            "profile_photo_url": "https://lh4.googleusercontent.com/-nwX2zqFhuTY/AAAAAAAAAAI/AAAAAAAAAAA/ACHi3reFyjuQDJm3yHueX9zz8AHFDZ-1tA/s128-c0x00000000-cc-rp-mo/photo.jpg",
            "rating": 4,
            "relative_time_description": "3 weeks ago",
            "text": "Gia sou Patrida!!!",
            "time": 1563524312
        },
        {
            "author_name": "Veerle Uhlenbusch",
            "author_url": "https://www.google.com/maps/contrib/113462721552102352185/reviews",
            "profile_photo_url": "https://lh6.googleusercontent.com/-QmrnvAyP3qQ/AAAAAAAAAAI/AAAAAAAAATQ/2uifWdMVcs8/s128-c0x00000000-cc-rp-mo/photo.jpg",
            "rating": 5,
            "relative_time_description": "a month ago",
            "text": "",
            "time": 1562441449
        },
        {
            "author_name": "Frank O'Boyle",
            "author_url": "https://www.google.com/maps/contrib/101528499803576768760/reviews",
            "profile_photo_url": "https://lh3.googleusercontent.com/-th4t2utyICE/AAAAAAAAAAI/AAAAAAAAAAA/ACHi3rfPLWgjOLy7zDpdFjTRH7feVvi03A/s128-c0x00000000-cc-rp-mo/photo.jpg",
            "rating": 5,
            "relative_time_description": "a year ago",
            "text": "",
            "time": 1530401155
        },
        {
            "author_name": "Arbi Nora",
            "author_url": "https://www.google.com/maps/contrib/109155631870519235210/reviews",
            "profile_photo_url": "https://lh3.googleusercontent.com/-PpXA4kR8DLQ/AAAAAAAAAAI/AAAAAAAAA1k/5QXOYbW8Wsk/s128-c0x00000000-cc-rp-mo-ba2/photo.jpg",
            "rating": 5,
            "relative_time_description": "4 months ago",
            "text": "",
            "time": 1553293019
        },
        {
            "author_name": "Peter Pan",
            "author_url": "https://www.google.com/maps/contrib/102795207976346751017/reviews",
            "profile_photo_url": "https://lh5.googleusercontent.com/-QPO7a3lrIZM/AAAAAAAAAAI/AAAAAAAAAAA/ACHi3rcVRRlClbxQgRZWGx7i9VDDNPpXkQ/s128-c0x00000000-cc-rp-mo/photo.jpg",
            "rating": 3,
            "relative_time_description": "10 months ago",
            "text": "",
            "time": 1538829654
        }
    ],
    "type": "night_club"
}