{
    "id": "c6a1656713e832807e45b65df1026671b5952b4d",
    "location": {
        "lat": 37.9859035,
        "lng": 23.7352829
    },
    "name": "RARAOU CANTINA",
    "rating": 4.7,
    "reviews": [
        {
            "author_name": "Mario Uribe",
            "author_url": "https://www.google.com/maps/contrib/118435166446316571205/reviews",
            "language": "en",
            "profile_photo_url": "https://lh5.googleusercontent.com/-_EK56yDJ3ho/AAAAAAAAAAI/AAAAAAAAAdI/2Lh_aA3DeUI/s128-c0x00000000-cc-rp-mo-ba4/photo.jpg",
            "rating": 5,
            "relative_time_description": "2 weeks ago",
            "text": "My wife and I tried the tongue and we it was so good the next plate was bread with tomatoes, olive oil and feta cheese. I forgot to take pictures of it. That plate was delicious and I would reccomend to let sit and soak up the juice because the bread was very hard but delicious. 100% reccomend this place plus try their lemonade and their craft beers. When in Athens it is a must.",
            "time": 1563455795
        },
        {
            "author_name": "Alex Ingalls",
            "author_url": "https://www.google.com/maps/contrib/108684100703244935864/reviews",
            "language": "en",
            "profile_photo_url": "https://lh3.googleusercontent.com/-5DSehyWcKNA/AAAAAAAAAAI/AAAAAAAAAAA/ACHi3rep5vO4vyebjBzL-Zs7-HEPw1vgSg/s128-c0x00000000-cc-rp-mo/photo.jpg",
            "rating": 5,
            "relative_time_description": "a month ago",
            "text": "Super chill vibes, delicious food, best lemonade I've had in my life, and Greek craft beer - what more could you want?",
            "time": 1560671904
        },
        {
            "author_name": "Patrick de Snoo",
            "author_url": "https://www.google.com/maps/contrib/110951882318169211223/reviews",
            "language": "en",
            "profile_photo_url": "https://lh6.googleusercontent.com/-Fse2Sv5ocI0/AAAAAAAAAAI/AAAAAAAAHUA/xoi6O3Xpjfk/s128-c0x00000000-cc-rp-mo-ba4/photo.jpg",
            "rating": 3,
            "relative_time_description": "4 months ago",
            "text": "Nice food, good atmosphere, but not the best personnel... Very hard to order something and to actually keep the attention of the waiter. He seemed very distracted somehow. Bartender wasn't much more interested in serving either.",
            "time": 1554272686
        },
        {
            "author_name": "Johanna Burns",
            "author_url": "https://www.google.com/maps/contrib/101356316243901729179/reviews",
            "language": "en",
            "profile_photo_url": "https://lh3.googleusercontent.com/-lHyS-yQn3hk/AAAAAAAAAAI/AAAAAAAARoE/3x5E3SYiboI/s128-c0x00000000-cc-rp-mo-ba3/photo.jpg",
            "rating": 5,
            "relative_time_description": "3 months ago",
            "text": "Amazing food and vibe. Great size tapas -- perfect for sharing multiple",
            "time": 1555437479
        },
        {
            "author_name": "Victoria\u2019s Secrets",
            "author_url": "https://www.google.com/maps/contrib/108460042006340284874/reviews",
            "language": "en",
            "profile_photo_url": "https://lh5.googleusercontent.com/-F1WELqI5jr4/AAAAAAAAAAI/AAAAAAAABRU/k54OuMIm-7I/s128-c0x00000000-cc-rp-mo/photo.jpg",
            "rating": 5,
            "relative_time_description": "2 months ago",
            "text": "Avant- guard \nOne if the more interesting places in exharchia \n\nGood folks\nNice music",
            "time": 1558656912
        }
    ],
    "type": "restaurant"
}
