{
    "id": "92a655d9daa6ee86f5ced28873799393a8ad9e79",
    "location": {
        "lat": 37.9586323,
        "lng": 23.7185898
    },
    "name": "Dream Girls Bar",
    "rating": 4.3,
    "reviews": [
        {
            "author_name": "Mario's zouesis",
            "author_url": "https://www.google.com/maps/contrib/112727583825450692494/reviews",
            "language": "en",
            "profile_photo_url": "https://lh3.googleusercontent.com/-o-EUQKx-nmI/AAAAAAAAAAI/AAAAAAAAAB0/aWHnfP33hC8/s128-c0x00000000-cc-rp-mo/photo.jpg",
            "rating": 5,
            "relative_time_description": "a week ago",
            "text": "The best club in Athens",
            "time": 1564457220
        },
        {
            "author_name": "Doug",
            "author_url": "https://www.google.com/maps/contrib/113308081426197999591/reviews",
            "language": "en",
            "profile_photo_url": "https://lh4.googleusercontent.com/-5WxWg546IRY/AAAAAAAAAAI/AAAAAAAAAAA/ACHi3rf9-5pmrPbmtthGYYryZ6nWfbUJ2Q/s128-c0x00000000-cc-rp-mo/photo.jpg",
            "rating": 1,
            "relative_time_description": "4 months ago",
            "text": "Complete con, don't go here. Took over 100 EUR to have a beer. Cheated in every way, don't go here.",
            "time": 1554930992
        },
        {
            "author_name": "bobby jowers",
            "author_url": "https://www.google.com/maps/contrib/101670107378879141369/reviews",
            "language": "en",
            "profile_photo_url": "https://lh6.googleusercontent.com/-fItuQNRfZWI/AAAAAAAAAAI/AAAAAAAAAAA/ACHi3re5zqsYQ0jOfo27MIqA_qcaAE6fRg/s128-c0x00000000-cc-rp-mo/photo.jpg",
            "rating": 1,
            "relative_time_description": "7 months ago",
            "text": "They charged me 2,208 Euro for two lap dances and six drinks. Do not let them charge your card, only bring cash.",
            "time": 1545121759
        },
        {
            "author_name": "\u039d\u03b9\u03ba\u03bf\u03bb\u03ae\u03c2 \u039a\u03b1\u03c4\u03c1\u03af\u03bd\u03b7\u03c2",
            "author_url": "https://www.google.com/maps/contrib/103308540597424099546/reviews",
            "language": "el",
            "profile_photo_url": "https://lh3.googleusercontent.com/-kryb9odIw7c/AAAAAAAAAAI/AAAAAAABRao/pjg2MgIMoco/s128-c0x00000000-cc-rp-mo/photo.jpg",
            "rating": 5,
            "relative_time_description": "9 months ago",
            "text": "\u039a\u03bb\u03b5\u03af\u03c3\u03c4\u03b5 \u03ad\u03bd\u03b1 \u03c4\u03c1\u03b1\u03c0\u03ad\u03b6\u03b9 \u03c3\u03c4\u03cc \u03bd\u03c5\u03c7\u03c4\u03b5\u03c1\u03b9\u03bd\u03cc \u03ba\u03ad\u03bd\u03c4\u03c1\u03bf \u03b4\u03b9\u03b1\u03c3\u03ba\u03ad\u03b4\u03b1\u03c3\u03b7\u03c2 DREAM GIRLS  \u03b3\u03b9\u03ac \u03bd\u03ac \u03b1\u03c0\u03bf\u03bb\u03b1\u03cd\u03c3\u03b5\u03c4\u03b5 \u03ba\u03b1\u03af \u03bd\u03ac \u03c0\u03b5\u03c1\u03ac\u03c3\u03b5\u03c4\u03b5 \u03cc\u03c3\u03bf \u03c0\u03b9\u03cc \u03cc\u03bc\u03bf\u03c1\u03c6\u03b1 \u03ba\u03b1\u03af \u03b5\u03c5\u03c7\u03ac\u03c1\u03b9\u03c3\u03c4\u03b1 \u03b3\u03af\u03bd\u03b5\u03c4\u03b1\u03b9 \u03ba\u03ac\u03b8\u03b5 \u03ce\u03c1\u03b1 \u03ba\u03b1\u03b9 \u03c3\u03c4\u03b9\u03b3\u03bc\u03ae........\u0391\u03bb\u03bb\u03ac \u03c0\u03c1\u03bf\u03c3\u03ad\u03be\u03c4\u03b5 \u03c4\u03ae\u03bd \u03b5\u03c0\u03cc\u03bc\u03b5\u03bd\u03b7 \u03b4\u03ad\u03bd \u03b8\u03ac \u03c0\u03c1\u03ad\u03c0\u03b5\u03b9 \u03bd\u03ac \u03b5\u03c1\u03b3\u03ac\u03b6\u03b5\u03c3\u03c4\u03b5 \u03b3\u03b9\u03b1\u03c4\u03af \u03bf\u03cd\u03c4\u03b5 \u03ba\u03b1\u03c6\u03ad \u03b4\u03ad\u03bd \u03b8\u03ac \u03bc\u03c0\u03bf\u03c1\u03b5\u03af\u03c4\u03b5 \u03bd\u03ac \u03c0\u03b9\u03b5\u03af\u03c4\u03b5  \ud83d\ude09\ud83d\ude09\ud83d\ude09\ud83d\ude09\ud83d\ude09\ud83d\ude09\ud83d\ude09\ud83d\ude09\ud83d\ude09\ud83d\ude09\ud83d\ude09\ud83d\ude09",
            "time": 1542068934
        },
        {
            "author_name": "Luc Rob",
            "author_url": "https://www.google.com/maps/contrib/101041108855827955716/reviews",
            "profile_photo_url": "https://lh6.googleusercontent.com/-tcl7UouxeEU/AAAAAAAAAAI/AAAAAAAAAAA/ACHi3rfy60JeYyM97H_lpwvVdnh89FqaQg/s128-c0x00000000-cc-rp-mo/photo.jpg",
            "rating": 5,
            "relative_time_description": "2 months ago",
            "text": "",
            "time": 1559762533
        }
    ],
    "type": "night_club"
}