{
    "id": "f5d0565d66451852b020a8ed28a1f803dfda4ea2",
    "location": {
        "lat": 37.96715500000001,
        "lng": 23.728367
    },
    "name": "Pulp",
    "rating": 4.5,
    "reviews": [
        {
            "author_name": "Isabela Siqueira",
            "author_url": "https://www.google.com/maps/contrib/108430603359404952455/reviews",
            "language": "en",
            "profile_photo_url": "https://lh3.googleusercontent.com/-G2a6Ydisrh4/AAAAAAAAAAI/AAAAAAAAAAA/ACHi3rc3nEYeR-RBEMSPmE-JBYVvzFKwbg/s128-c0x00000000-cc-rp-mo-ba2/photo.jpg",
            "rating": 5,
            "relative_time_description": "3 weeks ago",
            "text": "Awesome place with a lot of good beers and great soundtrack. A very nice break from the touristic path (and from the heat - the ac works!!)",
            "time": 1562513567
        },
        {
            "author_name": "sara aboutaleb",
            "author_url": "https://www.google.com/maps/contrib/112609263405139948719/reviews",
            "language": "en",
            "profile_photo_url": "https://lh6.googleusercontent.com/-D09e3Yl_0vQ/AAAAAAAAAAI/AAAAAAAAAG4/S0c4BP38Vmk/s128-c0x00000000-cc-rp-mo/photo.jpg",
            "rating": 5,
            "relative_time_description": "a month ago",
            "text": "Amazing service! No where like it; tried to bar hop and ended up going back here because the service and drinks were great and at a very reasonable price! Definitely recommend coming here!",
            "time": 1560550607
        },
        {
            "author_name": "Stavros Samatas",
            "author_url": "https://www.google.com/maps/contrib/104568377958036265722/reviews",
            "language": "en",
            "profile_photo_url": "https://lh4.googleusercontent.com/-PlwfHVr8o3k/AAAAAAAAAAI/AAAAAAAAAZc/XEk36jKHeNc/s128-c0x00000000-cc-rp-mo-ba4/photo.jpg",
            "rating": 5,
            "relative_time_description": "4 months ago",
            "text": "Very nice and pretty quite environment to enjoy a glass of beer with your significant other or good friends. Love the variety of beers as well! \nCheers!",
            "time": 1553807231
        },
        {
            "author_name": "Winfred van de Put",
            "author_url": "https://www.google.com/maps/contrib/104385012001026597290/reviews",
            "language": "en",
            "profile_photo_url": "https://lh5.googleusercontent.com/-eb7Blpxh17Y/AAAAAAAAAAI/AAAAAAAASe4/FqQXbSFkI-o/s128-c0x00000000-cc-rp-mo-ba3/photo.jpg",
            "rating": 5,
            "relative_time_description": "3 weeks ago",
            "text": "Very nice beer caf\u00e9 with an excellent choice of czech beer and greek microbrewery products, both bottled and on draft. New wave/ska/rock music, good athmosphere. Big drawback is the noisy tasteless touristic neighboring sports bar..",
            "time": 1562495962
        },
        {
            "author_name": "illoominated civilization",
            "author_url": "https://www.google.com/maps/contrib/103541835433142751681/reviews",
            "language": "en",
            "profile_photo_url": "https://lh5.googleusercontent.com/-57ECxQULAH4/AAAAAAAAAAI/AAAAAAAAACQ/E1kOtVjihPM/s128-c0x00000000-cc-rp-mo-ba4/photo.jpg",
            "rating": 2,
            "relative_time_description": "a week ago",
            "text": "Good selection of beers but uncomfortable, cheap chairs, no plants around or any upgrades since time. Boring.",
            "time": 1563752652
        }
    ],
    "type": "bar"
}
