{
    "id": "49215a24e82a3c53fdf1fe78c89499f4e1a20f43",
    "location": {
        "lat": 37.9768244,
        "lng": 23.7329432
    },
    "name": "Low Profile Whisky Bar",
    "rating": 4.5,
    "reviews": [
        {
            "author_name": "Pavlos Panagiotopoulos",
            "author_url": "https://www.google.com/maps/contrib/116635647133843045142/reviews",
            "language": "en",
            "profile_photo_url": "https://lh5.googleusercontent.com/-m8Q6IMNUcLQ/AAAAAAAAAAI/AAAAAAAA3ZY/2aj3ZLLsBak/s128-c0x00000000-cc-rp-mo-ba3/photo.jpg",
            "rating": 5,
            "relative_time_description": "2 months ago",
            "text": "Great whiskey selection, nice music, warm place, kind and helpful staff. Absolutely recommended!",
            "time": 1557058475
        },
        {
            "author_name": "Lila Routzouni",
            "author_url": "https://www.google.com/maps/contrib/107009918382567474748/reviews",
            "language": "en",
            "profile_photo_url": "https://lh5.googleusercontent.com/-QKYnyisWNgE/AAAAAAAAAAI/AAAAAAAADPk/Jdg4rfdtEaw/s128-c0x00000000-cc-rp-mo-ba2/photo.jpg",
            "rating": 5,
            "relative_time_description": "in the last week",
            "text": "Cool place, nice playlist !",
            "time": 1563965970
        },
        {
            "author_name": "Dax S.",
            "author_url": "https://www.google.com/maps/contrib/116721233857320243715/reviews",
            "language": "en",
            "profile_photo_url": "https://lh6.googleusercontent.com/-XrNlUXnc3JM/AAAAAAAAAAI/AAAAAAAA0vE/Afh5BTOKi9c/s128-c0x00000000-cc-rp-mo-ba2/photo.jpg",
            "rating": 5,
            "relative_time_description": "10 months ago",
            "text": "Great looking place, a good selection of whiskeys and other alcohol; friendly service. \n\nThe staff were helpful and attentive, service was prompt and there were plenty of whiskey's to choose from. \n\nThey have some cool hand-drawn pictures of Tom Waits as well. I see Tom Waits, the review goes up by a star. :-)",
            "time": 1536158964
        },
        {
            "author_name": "Giovana Fotopoulou",
            "author_url": "https://www.google.com/maps/contrib/116059144996699054711/reviews",
            "language": "en",
            "profile_photo_url": "https://lh6.googleusercontent.com/-PS-r9sH5_fM/AAAAAAAAAAI/AAAAAAAABMw/XIazybN_eos/s128-c0x00000000-cc-rp-mo-ba5/photo.jpg",
            "rating": 4,
            "relative_time_description": "6 months ago",
            "text": "An old time option at the center for good quality liquor, relaxed and easygoing jazz atmosphere and friendly service. The missing star is only because I would like some dark chocolate and/or some dried fruits to accompany the great malt options that they have.",
            "time": 1546557349
        },
        {
            "author_name": "George Handjinicolaou",
            "author_url": "https://www.google.com/maps/contrib/114428458197479322124/reviews",
            "language": "en",
            "profile_photo_url": "https://lh6.googleusercontent.com/-P8eSvEK3yag/AAAAAAAAAAI/AAAAAAAAAAA/ACHi3rfi423xk-pTsbqeJ3KCM2N03ukv7w/s128-c0x00000000-cc-rp-mo-ba4/photo.jpg",
            "rating": 4,
            "relative_time_description": "3 months ago",
            "text": "Good local watering hole. A bit small",
            "time": 1554220146
        }
    ],
    "type": "bar"
}
