{
    "id": "96dbbc1ff3966e27f94ec92fd05725aab3f6b5ab",
    "location": {
        "lat": 37.980113,
        "lng": 23.712038
    },
    "name": "Sodade2",
    "rating": 4.2,
    "reviews": [
        {
            "author_name": "Kisa Tsote",
            "author_url": "https://www.google.com/maps/contrib/111251249663926407540/reviews",
            "language": "en",
            "profile_photo_url": "https://lh5.googleusercontent.com/-umdWSxJLl0Y/AAAAAAAAAAI/AAAAAAAAAAA/ACHi3rcx6zvYqSDkSuJ8_7J8982rDcsxQA/s128-c0x00000000-cc-rp-mo/photo.jpg",
            "rating": 5,
            "relative_time_description": "a month ago",
            "text": "Only the fact that it is open every day it\u2019s enough to get a five star review . Really busy Friday and Saturday. Great music as well",
            "time": 1559477971
        },
        {
            "author_name": "Maria Bardis",
            "author_url": "https://www.google.com/maps/contrib/112101137530361772007/reviews",
            "language": "en",
            "profile_photo_url": "https://lh5.googleusercontent.com/-4z73BTcNDLU/AAAAAAAAAAI/AAAAAAAAAZQ/wHmvg1SRXMQ/s128-c0x00000000-cc-rp-mo-ba4/photo.jpg",
            "rating": 5,
            "relative_time_description": "3 months ago",
            "text": "Dance your heart out, enjoy #endless_fun, two stages, (pop and house music), 7\u20ac entry fee with a drink. Really endless fun, till sun is up and get straight to enjoy breakfast and coffee!",
            "time": 1555405464
        },
        {
            "author_name": "dj PanV",
            "author_url": "https://www.google.com/maps/contrib/116822578173933696629/reviews",
            "language": "en",
            "profile_photo_url": "https://lh5.googleusercontent.com/-5lILkF0LxAY/AAAAAAAAAAI/AAAAAAAAAaQ/8pGvy28Y_eY/s128-c0x00000000-cc-rp-mo/photo.jpg",
            "rating": 5,
            "relative_time_description": "6 months ago",
            "text": "One of the best club in Athens, feel the #endless_fun till the end! Full of great music, two stages open ever Friday and Saturday, many shows, special events, great decorations! Every Monday there is also Greek night event and is full crowded!",
            "time": 1547330128
        },
        {
            "author_name": "abd errahim Bahlouly",
            "author_url": "https://www.google.com/maps/contrib/108118667342805358257/reviews",
            "language": "en",
            "profile_photo_url": "https://lh5.googleusercontent.com/-y_ACCV19ZIg/AAAAAAAAAAI/AAAAAAAAPzU/VsbYj0BM7IQ/s128-c0x00000000-cc-rp-mo/photo.jpg",
            "rating": 1,
            "relative_time_description": "8 months ago",
            "text": "Today 30/11/2018 in sodat 2  they treated us with racism and did not let us in. They asked why you prevented us. Give me a convincing reason they killed us (the reason is that we are different in the skin and language) What a racist in the country of Europe",
            "time": 1543646814
        },
        {
            "author_name": "Andrej Kova\u010di\u010d",
            "author_url": "https://www.google.com/maps/contrib/102202814506508289794/reviews",
            "language": "en",
            "profile_photo_url": "https://lh6.googleusercontent.com/-wLa9G6pM9Ck/AAAAAAAAAAI/AAAAAAAAINs/2B9pSY-LWeA/s128-c0x00000000-cc-rp-mo-ba6/photo.jpg",
            "rating": 2,
            "relative_time_description": "7 months ago",
            "text": "I was there for a Christmas eve and it was sooooo crowded that you could dance. What dance, you couldn\u2019t move. Really too many people inside. And Greek people are so, how do I say, closed. They come with their company and they are there together, they don\u2019t \u201cmingle\u201d or flirting. The music is so loud that you can\u2019t talk. And again, they are smoking inside and the air was awful (but i am a smoker) ...\nEntrance fee is 7\u20ac and you get a drink for that\n\nP.S. pictures are from the time right after opening, while it was almost empty",
            "time": 1545862982
        }
    ],
    "type": "bar"
}
