{
    "id": "1e3c0cd020396b1e0f37377f29b0dd2df3e821b3",
    "location": {
        "lat": 37.976824,
        "lng": 23.728183
    },
    "name": "School Pizza Bar",
    "rating": 4.3,
    "reviews": [
        {
            "author_name": "Al R",
            "author_url": "https://www.google.com/maps/contrib/104818190279126406425/reviews",
            "language": "en",
            "profile_photo_url": "https://lh6.googleusercontent.com/-vysh1LOyoY0/AAAAAAAAAAI/AAAAAAAAAAA/ACHi3rdOmiexJRFu35ZHPM_Z-Lm0n3hXNQ/s128-c0x00000000-cc-rp-mo/photo.jpg",
            "rating": 5,
            "relative_time_description": "3 weeks ago",
            "text": "Very good Italian food. The pizza was amazing, so was risotto. Everything was very fresh and delicious. Great and friendly service too. They also have chocolate souffl\u00e9s.",
            "time": 1562235500
        },
        {
            "author_name": "Gavin Matesich",
            "author_url": "https://www.google.com/maps/contrib/108358996136857975639/reviews",
            "language": "en",
            "profile_photo_url": "https://lh5.googleusercontent.com/-xavqwGfrCqw/AAAAAAAAAAI/AAAAAAAAAUQ/CjVygplXuoQ/s128-c0x00000000-cc-rp-mo/photo.jpg",
            "rating": 5,
            "relative_time_description": "a month ago",
            "text": "Fantastic pizza!  Super thin crust.  The Verde salad is amazeballs!!!! Fast and friendly service!!!!  They even have a Greek brewed IPA that ain\u2019t bad!!!",
            "time": 1560883348
        },
        {
            "author_name": "Clare Adams",
            "author_url": "https://www.google.com/maps/contrib/100919306376583687104/reviews",
            "language": "en",
            "profile_photo_url": "https://lh3.googleusercontent.com/-PWWG2jUXWs4/AAAAAAAAAAI/AAAAAAAAAAA/ACHi3rdmU3eZFujM9_qQZ2dvc1BrVCxhHw/s128-c0x00000000-cc-rp-mo/photo.jpg",
            "rating": 5,
            "relative_time_description": "a month ago",
            "text": "We\u2019re from Canada and a year later STILL try to find pizza this good!  Great memories.  Highly recommend.",
            "time": 1560732103
        },
        {
            "author_name": "Maria Charalampaki",
            "author_url": "https://www.google.com/maps/contrib/112253160854548296586/reviews",
            "language": "en",
            "profile_photo_url": "https://lh4.googleusercontent.com/-zmLuFm55-kA/AAAAAAAAAAI/AAAAAAAAAEQ/FnBdbeBAiM0/s128-c0x00000000-cc-rp-mo-ba2/photo.jpg",
            "rating": 5,
            "relative_time_description": "3 months ago",
            "text": "Food is nice, try the pizza with the garlic oil. Do not miss the chicken salad! It has one of the best chicken I 've ever tasted in a salad!\nService is kind of slow but kind.\nI also liked the basement's decoration",
            "time": 1555533499
        },
        {
            "author_name": "Andrianakis Giannis",
            "author_url": "https://www.google.com/maps/contrib/103013089884485058964/reviews",
            "language": "en",
            "profile_photo_url": "https://lh3.googleusercontent.com/-t3gmWpNY4Js/AAAAAAAAAAI/AAAAAAAAN1A/BfEjtM3hnCg/s128-c0x00000000-cc-rp-mo-ba5/photo.jpg",
            "rating": 1,
            "relative_time_description": "3 months ago",
            "text": "I had 5 stars but today I decided to change my review. I was a frequent client in this pizzeria because I liked the food but today I got totally disappointed. I had a cup of Starbucks coffee when I decided to sit there for lunch and the waiter said rudely that I cannot have it with me. I'm sorry but you just lost a client for no reason. \ud83d\udc4e\ud83d\udc4e\ud83d\udc4e",
            "time": 1555965012
        }
    ],
    "type": "bar"
}
