{
    "id": "1738771989e7505b178619434c05de84b2819d0a",
    "location": {
        "lat": 37.9832383,
        "lng": 23.7563683
    },
    "name": "MG bar",
    "rating": 4.3,
    "reviews": [
        {
            "author_name": "Kalli Melissinou",
            "author_url": "https://www.google.com/maps/contrib/106550010286662959693/reviews",
            "language": "en",
            "profile_photo_url": "https://lh5.googleusercontent.com/-UNGVO1eD7aA/AAAAAAAAAAI/AAAAAAAAANg/a6-TSQFUldg/s128-c0x00000000-cc-rp-mo/photo.jpg",
            "rating": 5,
            "relative_time_description": "8 months ago",
            "text": "Friendly staff, really good music. Good for drinks after 10 pm.",
            "time": 1541722112
        },
        {
            "author_name": "Christos Megarchiotis",
            "author_url": "https://www.google.com/maps/contrib/100439990237176776300/reviews",
            "language": "en",
            "profile_photo_url": "https://lh4.googleusercontent.com/-OQuai0xgi_4/AAAAAAAAAAI/AAAAAAACK7w/LzivAC0U9xY/s128-c0x00000000-cc-rp-mo-ba4/photo.jpg",
            "rating": 3,
            "relative_time_description": "6 months ago",
            "text": "Small uncomfortable bar. Music ok. Service ok.",
            "time": 1547742875
        },
        {
            "author_name": "Jenkins Noel",
            "author_url": "https://www.google.com/maps/contrib/102503828495291497974/reviews",
            "language": "en",
            "profile_photo_url": "https://lh3.googleusercontent.com/-am0agx8AfA0/AAAAAAAAAAI/AAAAAAAACkM/T-MnXe-vAqo/s128-c0x00000000-cc-rp-mo-ba2/photo.jpg",
            "rating": 5,
            "relative_time_description": "a year ago",
            "text": "Nice, quiet,  chill vibe. Perfect for pregame or relaxing drink",
            "time": 1527576231
        },
        {
            "author_name": "\u03bc\u03b1\u03c1\u03b9\u03bb\u03b5\u03bd\u03b1 \u03b3.",
            "author_url": "https://www.google.com/maps/contrib/113957826101282608240/reviews",
            "language": "en",
            "profile_photo_url": "https://lh3.googleusercontent.com/-XXbJonhQvkY/AAAAAAAAAAI/AAAAAAAAAAA/ACHi3rdR3rgOxixgjKSPqwKrTzu1uvo74w/s128-c0x00000000-cc-rp-mo-ba2/photo.jpg",
            "rating": 5,
            "relative_time_description": "8 months ago",
            "text": "Loved the music on a Friday night",
            "time": 1541932959
        },
        {
            "author_name": "Panayiotis Gotsis",
            "author_url": "https://www.google.com/maps/contrib/110938544074243951307/reviews",
            "language": "en",
            "profile_photo_url": "https://lh5.googleusercontent.com/-pC6Zj_4Mgus/AAAAAAAAAAI/AAAAAAAAAuc/OxU7vC-Ywyw/s128-c0x00000000-cc-rp-mo-ba3/photo.jpg",
            "rating": 5,
            "relative_time_description": "a year ago",
            "text": "The best after bar in town!",
            "time": 1532737552
        }
    ],
    "type": "bar"
}
