{
    "id": "ad475c384bd8bb01aaeb9971b22e7283e5f2886d",
    "location": {
        "lat": 37.9774277,
        "lng": 23.7121624
    },
    "name": "S-Cape",
    "rating": 4.1,
    "reviews": [
        {
            "author_name": "Jordan Mathews",
            "author_url": "https://www.google.com/maps/contrib/102409096438514205953/reviews",
            "language": "en",
            "profile_photo_url": "https://lh3.googleusercontent.com/--2GTyC5Xur8/AAAAAAAAAAI/AAAAAAAAEYI/iHHhApP_nuE/s128-c0x00000000-cc-rp-mo-ba3/photo.jpg",
            "rating": 2,
            "relative_time_description": "a month ago",
            "text": "If you know people there or go with a group you might enjoy it more. I Travel alone all the time and it is never a problem, but I did not feel welcome. I would recommend a different place. The admission cost was 5 euro which included a drink.",
            "time": 1561221995
        },
        {
            "author_name": "Iskander Mo",
            "author_url": "https://www.google.com/maps/contrib/106866145168481894612/reviews",
            "language": "en",
            "profile_photo_url": "https://lh3.googleusercontent.com/-TyAl8yP9nqs/AAAAAAAAAAI/AAAAAAAAnow/jdLe0X_K7m4/s128-c0x00000000-cc-rp-mo/photo.jpg",
            "rating": 5,
            "relative_time_description": "3 months ago",
            "text": "Great place for your night trip over the bars and clubs! This place can be last stop point over the night where you can find cheap prices for any cocktails, good music and interesting people around. No rules only fun!",
            "time": 1556143393
        },
        {
            "author_name": "Diogo Carreira",
            "author_url": "https://www.google.com/maps/contrib/106864423206434300878/reviews",
            "language": "en",
            "profile_photo_url": "https://lh3.googleusercontent.com/-nt-2AfKi3VQ/AAAAAAAAAAI/AAAAAAAAAMY/nTSDDX44gwc/s128-c0x00000000-cc-rp-mo-ba2/photo.jpg",
            "rating": 5,
            "relative_time_description": "a month ago",
            "text": "Great bar/disco. More young People and good music and dancers. Price its ok for the City.",
            "time": 1560686604
        },
        {
            "author_name": "artfully sinful",
            "author_url": "https://www.google.com/maps/contrib/106423739232873779030/reviews",
            "language": "en",
            "profile_photo_url": "https://lh5.googleusercontent.com/-z2wAiPakxrQ/AAAAAAAAAAI/AAAAAAAAEB8/8-o5qLjxL2g/s128-c0x00000000-cc-rp-mo/photo.jpg",
            "rating": 5,
            "relative_time_description": "4 weeks ago",
            "text": "Great first experience at a gay bar, staff was super nice",
            "time": 1563075700
        },
        {
            "author_name": "Andrew Shikhov",
            "author_url": "https://www.google.com/maps/contrib/112597176431003444683/reviews",
            "language": "en",
            "profile_photo_url": "https://lh3.googleusercontent.com/-MsRtfnh5nPY/AAAAAAAAAAI/AAAAAAAAHPQ/20z0RkpYbiI/s128-c0x00000000-cc-rp-mo-ba3/photo.jpg",
            "rating": 5,
            "relative_time_description": "2 months ago",
            "text": "music is euro dance :thumbs: shots are 1-2 euro, 5 euro entry with 1 welcome shot, dance zones are bit small but everyone is friendly, one diwnside is people are smoking inside.",
            "time": 1558745793
        }
    ],
    "type": "night_club"
}