{
    "id": "ef361a55be58dfb27624a250ab4ea2a90feb1cdd",
    "location": {
        "lat": 37.9909988,
        "lng": 23.7237154
    },
    "name": "Majestic Night Club",
    "rating": 4,
    "reviews": [
        {
            "author_name": "James Macharia",
            "author_url": "https://www.google.com/maps/contrib/110889340084414931836/reviews",
            "language": "en",
            "profile_photo_url": "https://lh3.googleusercontent.com/-VgyvqMurGw8/AAAAAAAAAAI/AAAAAAAAABg/HmtsubG0pGg/s128-c0x00000000-cc-rp-mo/photo.jpg",
            "rating": 4,
            "relative_time_description": "8 months ago",
            "text": "Not bad for a first timer in Athens",
            "time": 1543345354
        },
        {
            "author_name": "pierro dash",
            "author_url": "https://www.google.com/maps/contrib/104789844558158594889/reviews",
            "language": "el",
            "profile_photo_url": "https://lh5.googleusercontent.com/-SXlBkglH_9o/AAAAAAAAAAI/AAAAAAAAAAA/ACHi3renLt0bGFRaEilYlyAxne3-dMDEwg/s128-c0x00000000-cc-rp-mo-ba6/photo.jpg",
            "rating": 4,
            "relative_time_description": "a year ago",
            "text": "\u0391\u03c1\u03ba\u03b5\u03c4\u03ac \u03ba\u03b1\u03bb\u03cc",
            "time": 1527705625
        }
    ],
    "type": "night_club"
}