{
    "id": "526067e81c9e2d18c099f6d061a511671a8964e6",
    "location": {
        "lat": 37.9791475,
        "lng": 23.7297087
    },
    "name": "Xorostasio",
    "rating": 4.4,
    "reviews": [
        {
            "author_name": "Panagiotis Sentementes",
            "author_url": "https://www.google.com/maps/contrib/110331283529699718702/reviews",
            "language": "en",
            "profile_photo_url": "https://lh4.googleusercontent.com/-2yaG6pt2cTA/AAAAAAAAAAI/AAAAAAAACNY/YRDJbNPKbR8/s128-c0x00000000-cc-rp-mo-ba3/photo.jpg",
            "rating": 5,
            "relative_time_description": "9 months ago",
            "text": "If you ever see a poster for Swing party on the second floor, passing by then join freely and say hello. Boogie Cheers! :)",
            "time": 1541272947
        },
        {
            "author_name": "Eftihis Efthimiou",
            "author_url": "https://www.google.com/maps/contrib/102640159038292561048/reviews",
            "language": "en",
            "profile_photo_url": "https://lh5.googleusercontent.com/-ZVOwfUnU4N4/AAAAAAAAAAI/AAAAAAAAAAA/ACHi3rcTSjp3fn-Rr4ro0OCVgfiAumbBYg/s128-c0x00000000-cc-rp-mo-ba4/photo.jpg",
            "rating": 2,
            "relative_time_description": "2 weeks ago",
            "text": "Generic, mainstream, boring crowd, boring music.",
            "time": 1563740631
        },
        {
            "author_name": "Angelos Derlopas",
            "author_url": "https://www.google.com/maps/contrib/111398764950363597701/reviews",
            "language": "en",
            "profile_photo_url": "https://lh5.googleusercontent.com/-6y6qc7g66B0/AAAAAAAAAAI/AAAAAAAAAG4/qY4_CXYj6kI/s128-c0x00000000-cc-rp-mo-ba4/photo.jpg",
            "rating": 4,
            "relative_time_description": "8 months ago",
            "text": "Nice vibes, cozy casual place for a funky drink.",
            "time": 1543093862
        },
        {
            "author_name": "Melina.Vavoula@gmail.com arxidia",
            "author_url": "https://www.google.com/maps/contrib/102988985017709194178/reviews",
            "language": "en",
            "profile_photo_url": "https://lh5.googleusercontent.com/-zM6sfO2ZbfE/AAAAAAAAAAI/AAAAAAAAAAA/ACHi3rcscvrQngJa11nRTzmrDqRr6ceoRg/s128-c0x00000000-cc-rp-mo-ba3/photo.jpg",
            "rating": 5,
            "relative_time_description": "7 months ago",
            "text": "Great place to dance and have fun!",
            "time": 1545483344
        },
        {
            "author_name": "Roxanne Metzikof",
            "author_url": "https://www.google.com/maps/contrib/109794317063052886271/reviews",
            "language": "en",
            "profile_photo_url": "https://lh6.googleusercontent.com/-J57GYOrvAQ8/AAAAAAAAAAI/AAAAAAAABaM/A9KwCCKT-bk/s128-c0x00000000-cc-rp-mo-ba3/photo.jpg",
            "rating": 5,
            "relative_time_description": "11 months ago",
            "text": "Fine tunes, good drinks too. The view to Lycabettus is also charming...",
            "time": 1536951131
        }
    ],
    "type": "bar"
}