{
    "id": "7c5ce3ac0762c72ec8951b8eb89db7adfc1942bc",
    "location": {
        "lat": 37.9766552,
        "lng": 23.7244955
    },
    "name": "Couleur Locale",
    "rating": 4.4,
    "reviews": [
        {
            "author_name": "Anastasia Petro",
            "author_url": "https://www.google.com/maps/contrib/108737924979871504820/reviews",
            "language": "en",
            "profile_photo_url": "https://lh3.googleusercontent.com/-5VwHA0-zNIo/AAAAAAAAAAI/AAAAAAAAAAA/ACHi3rd6SMfkRfmm8925108biwDJVhpTGw/s128-c0x00000000-cc-rp-mo-ba4/photo.jpg",
            "rating": 5,
            "relative_time_description": "3 weeks ago",
            "text": "Authentic and stylish bar. It isn\u2019t an easy place to find but it\u2019s definitely worth it. Make your way right up to the rooftop to enjoy it to the fullest. Good music and amazing view will make the experience unforgettable. Highly recommended",
            "time": 1563050112
        },
        {
            "author_name": "Jonathan Park",
            "author_url": "https://www.google.com/maps/contrib/104443016623502419608/reviews",
            "language": "en",
            "profile_photo_url": "https://lh5.googleusercontent.com/-HG-9kn--6Bg/AAAAAAAAAAI/AAAAAAAAAAA/ACHi3rfxIO-3Q0NJzDswWV2FS7qJ3QRf3w/s128-c0x00000000-cc-rp-mo/photo.jpg",
            "rating": 5,
            "relative_time_description": "3 weeks ago",
            "text": "It wasn\u2019t the easiest place to find, so look for the blue neon sign on the left of the alley. Came here for brunch and sat at the rooftop. Great view of Acropolis from the top. Coffee was good and the food was just okay. I would say this place is highly rated mostly for its view and not so much the food.",
            "time": 1562962461
        },
        {
            "author_name": "Nik Kar",
            "author_url": "https://www.google.com/maps/contrib/111072438540231045360/reviews",
            "language": "en",
            "profile_photo_url": "https://lh4.googleusercontent.com/-X7qiF3U-ORw/AAAAAAAAAAI/AAAAAAAAAAA/ACHi3rdd7VbXACX1atcA4fBJt1AIm6fAqA/s128-c0x00000000-cc-rp-mo-ba3/photo.jpg",
            "rating": 4,
            "relative_time_description": "a week ago",
            "text": "Nice location with great view. The prices are a bit high but something expected for a place like this. \nPros:\nView\nLocation\nDecoration\nCons:\nStaff could be a little bit nicer\nYou cant connect two tables next to each other so if you are more than two People you have to be Lucky to find the right table free.",
            "time": 1563771403
        },
        {
            "author_name": "Dimitris Mertzis",
            "author_url": "https://www.google.com/maps/contrib/118420533178289453809/reviews",
            "language": "en",
            "profile_photo_url": "https://lh5.googleusercontent.com/-Jf5yAwYh51Y/AAAAAAAAAAI/AAAAAAAAAAA/ACHi3reAqMpiOOGf7M2TMxMw752NI2wT4g/s128-c0x00000000-cc-rp-mo-ba2/photo.jpg",
            "rating": 4,
            "relative_time_description": "a week ago",
            "text": "Amazing view at the Acropolis. Nice cozy atmosphere and friendly staff. The music is not so interesting. Maybe it was that specific night.",
            "time": 1564271146
        },
        {
            "author_name": "Alejandro MENDEZ",
            "author_url": "https://www.google.com/maps/contrib/117055787185894492485/reviews",
            "language": "en",
            "profile_photo_url": "https://lh4.googleusercontent.com/-L30tALrcm4g/AAAAAAAAAAI/AAAAAAAAAAA/ACHi3rczag88C6hbFbmwt8BzO32ANWqmow/s128-c0x00000000-cc-rp-mo-ba3/photo.jpg",
            "rating": 3,
            "relative_time_description": "a week ago",
            "text": "Nice view of Acropolis by night. Music too loud for my age. Recommended rather for young people. Reservation is recommended on weekends",
            "time": 1564179831
        }
    ],
    "type": "bar"
}
