{
    "id": "b3df23993cef418d8a5152ab9d3d38214a343f69",
    "location": {
        "lat": 37.975669,
        "lng": 23.733178
    },
    "name": "Athens Bar Crawl",
    "rating": 4.1,
    "reviews": [
        {
            "author_name": "Vaggelis Dimitriou",
            "author_url": "https://www.google.com/maps/contrib/107494686065608026554/reviews",
            "language": "en",
            "profile_photo_url": "https://lh3.googleusercontent.com/-dpWV9DfqWd8/AAAAAAAAAAI/AAAAAAAAAAA/ACHi3rc7AsSv9qXnhY3MEod6ipQNNNwxNA/s128-c0x00000000-cc-rp-mo/photo.jpg",
            "rating": 4,
            "relative_time_description": "4 months ago",
            "text": "Great staff and nice bar",
            "time": 1553020774
        },
        {
            "author_name": "\u0418\u0433\u043e\u0440\u044c Nandi",
            "author_url": "https://www.google.com/maps/contrib/105937783527458271442/reviews",
            "language": "en",
            "profile_photo_url": "https://lh6.googleusercontent.com/-YZ5ovBcNIXM/AAAAAAAAAAI/AAAAAAAAAAA/ACHi3rfuDQPbLQZiVFkQmAReoZRC38x3gA/s128-c0x00000000-cc-rp-mo-ba3/photo.jpg",
            "rating": 5,
            "relative_time_description": "2 months ago",
            "text": "Super place",
            "time": 1557560726
        },
        {
            "author_name": "\u03c4\u03bf\u03c5 \u0395\u03bb\u03ad\u03bf\u03c5\u03c2 \u03a7\u03c1\u03c9\u03bc\u03b1\u03c4\u03b9\u03c3\u03c4\u03ae\u03c2",
            "author_url": "https://www.google.com/maps/contrib/104016643827695158713/reviews",
            "language": "en",
            "profile_photo_url": "https://lh4.googleusercontent.com/-JdvDPDX4kB8/AAAAAAAAAAI/AAAAAAAAABI/8678f_lQ9UE/s128-c0x00000000-cc-rp-mo/photo.jpg",
            "rating": 5,
            "relative_time_description": "a year ago",
            "text": "Great people and nice bars. If you don't know where to go for some drinks in Athens, you should definetily try it.",
            "time": 1505756972
        },
        {
            "author_name": "Athens Bar Crawl",
            "author_url": "https://www.google.com/maps/contrib/110848785808999739003/reviews",
            "language": "en",
            "profile_photo_url": "https://lh3.googleusercontent.com/-vjLD4o-U13w/AAAAAAAAAAI/AAAAAAAAABo/mLbcZCCcR7c/s128-c0x00000000-cc-rp-mo/photo.jpg",
            "rating": 5,
            "relative_time_description": "2 years ago",
            "text": "Night tours, bar crawls, bachelor parties, event plannings and much more.",
            "time": 1473078415
        },
        {
            "author_name": "Nick Nikolopoulos",
            "author_url": "https://www.google.com/maps/contrib/117720381086705628904/reviews",
            "language": "el",
            "profile_photo_url": "https://lh3.googleusercontent.com/-zh6LwLl6kGM/AAAAAAAAAAI/AAAAAAAAAAA/ACHi3rctaxmUlazGdWhzRAMU1M4DHqNwHw/s128-c0x00000000-cc-rp-mo/photo.jpg",
            "rating": 5,
            "relative_time_description": "6 months ago",
            "text": "\u03a0\u03bf\u03bb\u03cd \u03ba\u03b1\u03bb\u03cc \u03bc\u03b1\u03b3\u03b1\u03b6\u03af, \u03b5\u03c5\u03b3\u03b5\u03bd\u03b9\u03ba\u03cc \u03ba\u03b1\u03b9 \u03c0\u03bf\u03bb\u03cd \u03b5\u03be\u03c5\u03c0\u03b7\u03c1\u03b5\u03c4\u03b9\u03ba\u03cc \u03c0\u03c1\u03bf\u03c3\u03c9\u03c0\u03b9\u03ba\u03cc.",
            "time": 1547113791
        }
    ],
    "type": "bar"
}
