{
    "id": "19e0cca265431475321101118e1219dec1386514",
    "location": {
        "lat": 37.9847737,
        "lng": 23.7342092
    },
    "name": "Beatniks Road Bar",
    "rating": 4.6,
    "reviews": [
        {
            "author_name": "Filippos Dizen",
            "author_url": "https://www.google.com/maps/contrib/114656959061142858534/reviews",
            "language": "en",
            "profile_photo_url": "https://lh6.googleusercontent.com/-07cy5_Sl2eQ/AAAAAAAAAAI/AAAAAAAAAKM/ziHVXOdLUZ0/s128-c0x00000000-cc-rp-mo-ba4/photo.jpg",
            "rating": 5,
            "relative_time_description": "2 months ago",
            "text": "Bar is awesome! Huge quality/variety in beers and whiskey. I personally had staroprannen draft and some Irish whiskeys. Which all come in great condition and taste. Behind the bar is the owner who is a hell of great fella, with lots of knowledge, experience and is a great companion to be with. Place hosts a series of blues live events to accompany the spirit of it's name. I will visit again when in Athens.",
            "time": 1557068637
        },
        {
            "author_name": "Laura Linares",
            "author_url": "https://www.google.com/maps/contrib/100356756781134649390/reviews",
            "language": "en",
            "profile_photo_url": "https://lh4.googleusercontent.com/-b8NRE4ztuC8/AAAAAAAAAAI/AAAAAAAAAGY/7Y_nalpEKd4/s128-c0x00000000-cc-rp-mo-ba3/photo.jpg",
            "rating": 5,
            "relative_time_description": "5 months ago",
            "text": "Really nice place and staff!",
            "time": 1549750661
        },
        {
            "author_name": "Dimi Tsaggari",
            "author_url": "https://www.google.com/maps/contrib/111873620191540595008/reviews",
            "language": "en",
            "profile_photo_url": "https://lh3.googleusercontent.com/-43wAWGYMVk8/AAAAAAAAAAI/AAAAAAAAAHU/5r1oVxz_XsE/s128-c0x00000000-cc-rp-mo/photo.jpg",
            "rating": 5,
            "relative_time_description": "4 months ago",
            "text": "Best bar in town!",
            "time": 1551580993
        },
        {
            "author_name": "yuliegal",
            "author_url": "https://www.google.com/maps/contrib/106955795333576783835/reviews",
            "language": "en",
            "profile_photo_url": "https://lh4.googleusercontent.com/-sNxgypInIz8/AAAAAAAAAAI/AAAAAAAAAF0/aN_3AXPn8LE/s128-c0x00000000-cc-rp-mo-ba5/photo.jpg",
            "rating": 4,
            "relative_time_description": "a year ago",
            "text": "Cute little bar with a lot of character. Really nice 50s decor with a touch of noir. Music varies from Blues to classic rocknroll, to 60s garage. Love the spicy peanuts!!",
            "time": 1514628639
        },
        {
            "author_name": "Maria Mousmouti",
            "author_url": "https://www.google.com/maps/contrib/107911513798484354118/reviews",
            "language": "en",
            "profile_photo_url": "https://lh4.googleusercontent.com/-QVQMgwwiVCY/AAAAAAAAAAI/AAAAAAAAAAA/ACHi3reP0vbo1SwnWcVthCXmyDv4vbo_xQ/s128-c0x00000000-cc-rp-mo/photo.jpg",
            "rating": 5,
            "relative_time_description": "10 months ago",
            "text": "Simply amazing!",
            "time": 1535789214
        }
    ],
    "type": "bar"
}
