{
    "id": "e4485eb4e433dd9e53e549970d1692ddcefe6483",
    "location": {
        "lat": 37.9755967,
        "lng": 23.725265
    },
    "name": "Hard Rock Cafe",
    "rating": 4.3,
    "reviews": [
        {
            "author_name": "M. Herrn",
            "author_url": "https://www.google.com/maps/contrib/107495729154978217184/reviews",
            "language": "en",
            "profile_photo_url": "https://lh3.googleusercontent.com/-azaFmcqlBgE/AAAAAAAAAAI/AAAAAAAAqq8/u1gpctEiKLU/s128-c0x00000000-cc-rp-mo-ba6/photo.jpg",
            "rating": 4,
            "relative_time_description": "a month ago",
            "text": "A little one but it is still a very good Hard Rock Cafe as we know it. Right at the foot of the historic city center with stunning views of the Acropolis, the Hard Rock Cafe Athens is a must-see for both visitors and locals alike.\n\nThe Cafe-Bar area features a beautiful internal atrium area\u00a0with a sliding roof top. We can enjoy fresh, high-quality food which includes a selection of starters and salads, as well as the delicious Legendary burgers, steaks, fajitas and many more. Hard Rock Cafe's food items, are complimented by an extensive, award-winning drinks menu that includes delicious cocktails such as Hurricanes, Margaritas, signature favorites and Alternative Rock (alcohol-free) beverages, all available in Hard Rock souvenir glassware. Hard Rock's cocktails are handcrafted, just like its cuisine and as authentic as the memorabilia on the walls.",
            "time": 1562253988
        },
        {
            "author_name": "Sandra Strain",
            "author_url": "https://www.google.com/maps/contrib/103749036987276353304/reviews",
            "language": "en",
            "profile_photo_url": "https://lh3.googleusercontent.com/-7CQ4mZ0H3tg/AAAAAAAAAAI/AAAAAAAAAAA/ACHi3rcrG9gcSjhAi1VHDqRKOSlTKvDj0A/s128-c0x00000000-cc-rp-mo-ba3/photo.jpg",
            "rating": 5,
            "relative_time_description": "3 weeks ago",
            "text": "I'm a Hard Rock nut! It was great and the staff was great! The service was a bit slow but I think that's probably a Greek think. Nobody really rushes. Lol would absolutely go again! Loved the HR shop and the staff. We bought a bunch!",
            "time": 1563645568
        },
        {
            "author_name": "Sam Dabit",
            "author_url": "https://www.google.com/maps/contrib/116968722799924325137/reviews",
            "language": "en",
            "profile_photo_url": "https://lh5.googleusercontent.com/-PXFsv89M1jY/AAAAAAAAAAI/AAAAAAAAbNg/qvuc7CXsZbE/s128-c0x00000000-cc-rp-mo-ba5/photo.jpg",
            "rating": 5,
            "relative_time_description": "2 weeks ago",
            "text": "The food was absolutely amazing and the drinks were great, the peach sangria was phenomenal. The staff are all extremely friendly and the ambience reminds us of home back in America. A double burger was absolutely massive it was cooked perfectly.",
            "time": 1563912227
        },
        {
            "author_name": "ShaddixAvenged",
            "author_url": "https://www.google.com/maps/contrib/104149304182542717942/reviews",
            "language": "en",
            "profile_photo_url": "https://lh4.googleusercontent.com/-mqfKhgmMGwo/AAAAAAAAAAI/AAAAAAAAAAA/ACHi3rfVzMkcYys9TtQdhvYbRADW4303dw/s128-c0x00000000-cc-rp-mo/photo.jpg",
            "rating": 4,
            "relative_time_description": "2 months ago",
            "text": "Great food! The cookies and cream cocktail was absolutely amazing. Only slight downside would be there was only one vegetarian option. This burger was amazing though so no complaints here!",
            "time": 1560247256
        },
        {
            "author_name": "Doug Johnson",
            "author_url": "https://www.google.com/maps/contrib/115636132778676593960/reviews",
            "language": "en",
            "profile_photo_url": "https://lh5.googleusercontent.com/-RQvPxFEUneU/AAAAAAAAAAI/AAAAAAAAAwE/1lCz9QdKU2Y/s128-c0x00000000-cc-rp-mo-ba4/photo.jpg",
            "rating": 3,
            "relative_time_description": "2 months ago",
            "text": "Hard Rock Cafe is a rock time capsule with rock legends such as Jim Hendricks, Kiss and Elvis! Legendary rockers in their on right, along with the great food and atmosphere. Alcoholic drinks are smooth and fruity also a wine list too. Food is decent and delicious.",
            "time": 1560276293
        }
    ],
    "type": "restaurant"
}