{
    "id": "767c9c6c54755c4d072ce98ec67926e9199060d2",
    "location": {
        "lat": 37.9843237,
        "lng": 23.7339933
    },
    "name": "Hasan Club (\u03a4\u03bf\u03c5 \u03a7\u03b1\u03c3\u03ac\u03bd)",
    "rating": 4.4,
    "reviews": [
        {
            "author_name": "L Black",
            "author_url": "https://www.google.com/maps/contrib/105359180488947330358/reviews",
            "language": "en",
            "profile_photo_url": "https://lh6.googleusercontent.com/-k-tc9KBaQuM/AAAAAAAAAAI/AAAAAAAADZA/EUNh0RawrIM/s128-c0x00000000-cc-rp-mo-ba4/photo.jpg",
            "rating": 5,
            "relative_time_description": "a month ago",
            "text": "amazing staff, great prices, lovely vibes and area.\nauthentic, don't expect glamour, expect raw urban representation.",
            "time": 1560708771
        },
        {
            "author_name": "\u039a\u03bf\u03c3\u03bc\u03b1\u03c2 \u0399\u03b1\u03ba\u03bf\u03bc\u03c0",
            "author_url": "https://www.google.com/maps/contrib/115099780495691850335/reviews",
            "language": "en",
            "profile_photo_url": "https://lh6.googleusercontent.com/-_b1qpllGUC8/AAAAAAAAAAI/AAAAAAAAAGI/Nh_Rcr3tdH0/s128-c0x00000000-cc-rp-mo/photo.jpg",
            "rating": 5,
            "relative_time_description": "2 months ago",
            "text": "Very chill place. Nothing better for youth.",
            "time": 1559505446
        },
        {
            "author_name": "Tom Taylor",
            "author_url": "https://www.google.com/maps/contrib/101440022368944247640/reviews",
            "language": "en",
            "profile_photo_url": "https://lh4.googleusercontent.com/-logtwaaEV8I/AAAAAAAAAAI/AAAAAAAAAbs/ALLcNJRoyKI/s128-c0x00000000-cc-rp-mo-ba4/photo.jpg",
            "rating": 4,
            "relative_time_description": "3 months ago",
            "text": "Really cool place to soak up the atmosphere of the neighbourhood.",
            "time": 1556577708
        },
        {
            "author_name": "NemoTn",
            "author_url": "https://www.google.com/maps/contrib/111757702158084301659/reviews",
            "language": "en",
            "profile_photo_url": "https://lh4.googleusercontent.com/-ZI_ZtL_3ZIM/AAAAAAAAAAI/AAAAAAAAAVg/1UW6V23tyGQ/s128-c0x00000000-cc-rp-mo-ba3/photo.jpg",
            "rating": 5,
            "relative_time_description": "a month ago",
            "text": "Greatest place to chill in Exarcheia!",
            "time": 1559986481
        },
        {
            "author_name": "Maria Kserizoti",
            "author_url": "https://www.google.com/maps/contrib/113137358787137098124/reviews",
            "language": "en",
            "profile_photo_url": "https://lh3.googleusercontent.com/--FiR-sEn6KE/AAAAAAAAAAI/AAAAAAAAAZw/hS0rDizOCfE/s128-c0x00000000-cc-rp-mo-ba3/photo.jpg",
            "rating": 4,
            "relative_time_description": "6 months ago",
            "text": "Reasonable prices, nice people hanging out there, chill and casual.",
            "time": 1547294840
        }
    ],
    "type": "bar"
}
