{
    "id": "60c9768a5a8bd69ad007edf66f1deb2a6eab11b1",
    "location": {
        "lat": 37.9831007,
        "lng": 23.756579
    },
    "name": "Mpriki",
    "rating": 4.4,
    "reviews": [
        {
            "author_name": "Petros pavlopoulos",
            "author_url": "https://www.google.com/maps/contrib/116033479822878404158/reviews",
            "language": "en",
            "profile_photo_url": "https://lh4.googleusercontent.com/--UjhznHgTXk/AAAAAAAAAAI/AAAAAAAAAAA/ACHi3rfBLxdW3IVB6bTC4g7dVGfMFAGTIg/s128-c0x00000000-cc-rp-mo-ba3/photo.jpg",
            "rating": 5,
            "relative_time_description": "3 weeks ago",
            "text": "nothing left to say ... YOU ARE SIMPLY THE BEST",
            "time": 1562881419
        },
        {
            "author_name": "Panayiotis Tritakis",
            "author_url": "https://www.google.com/maps/contrib/102171086106054415696/reviews",
            "language": "en",
            "profile_photo_url": "https://lh5.googleusercontent.com/-OQqka5niS9k/AAAAAAAAAAI/AAAAAAAAABs/MXRhF8-KZYc/s128-c0x00000000-cc-rp-mo-ba2/photo.jpg",
            "rating": 1,
            "relative_time_description": "4 months ago",
            "text": "Nice bar with interesting music...\n*BUT*\nIt's way too crowded even at week days\nDrinks are simply OK\nThe smoke... So much smoke!! \ud83d\ude1f\ud83d\ude1f",
            "time": 1552601660
        },
        {
            "author_name": "Stellina Mi",
            "author_url": "https://www.google.com/maps/contrib/100855674437681197087/reviews",
            "language": "en",
            "profile_photo_url": "https://lh6.googleusercontent.com/-PoP8h5kZEmw/AAAAAAAAAAI/AAAAAAAALdM/y0hD_CNlLuo/s128-c0x00000000-cc-rp-mo-ba2/photo.jpg",
            "rating": 5,
            "relative_time_description": "a month ago",
            "text": "Cozy bar! Nice music & decent drinks & coctails!",
            "time": 1561326233
        },
        {
            "author_name": "George Giakoumis",
            "author_url": "https://www.google.com/maps/contrib/113278565146576794586/reviews",
            "language": "en",
            "profile_photo_url": "https://lh5.googleusercontent.com/-fQOzSzEA8ew/AAAAAAAAAAI/AAAAAAAAYqU/GUGcANWf1pw/s128-c0x00000000-cc-rp-mo-ba4/photo.jpg",
            "rating": 5,
            "relative_time_description": "a month ago",
            "text": "One of the best bars in Mavili square. Always packed.",
            "time": 1561893250
        },
        {
            "author_name": "Ioannis Asmanis",
            "author_url": "https://www.google.com/maps/contrib/110768590516607284223/reviews",
            "language": "en",
            "profile_photo_url": "https://lh5.googleusercontent.com/-En27NSurph8/AAAAAAAAAAI/AAAAAAAAAFU/_XA2g6huySc/s128-c0x00000000-cc-rp-mo/photo.jpg",
            "rating": 4,
            "relative_time_description": "2 months ago",
            "text": "Great bar/pub, with a nice, cozy atmosphere. Only problem is that it can get somewhat overcrowded.",
            "time": 1558259118
        }
    ],
    "type": "bar"
}
