{
    "id": "e75179e4f943b4d39e05f01296dfa320bdcdd2e0",
    "location": {
        "lat": 37.9783971,
        "lng": 23.7224181
    },
    "name": "Death Disco",
    "rating": 4.2,
    "reviews": [
        {
            "author_name": "Marta Martinez",
            "author_url": "https://www.google.com/maps/contrib/100970414053284359561/reviews",
            "language": "en",
            "profile_photo_url": "https://lh5.googleusercontent.com/-JSpKy3I7Kgw/AAAAAAAAAAI/AAAAAAAAB64/pe2n5ZR3OYQ/s128-c0x00000000-cc-rp-mo-ba3/photo.jpg",
            "rating": 5,
            "relative_time_description": "7 months ago",
            "text": "Awesome new wave/ 80s music! Relaxed environment and cheap prices.",
            "time": 1546363763
        },
        {
            "author_name": "Synthesizer gr",
            "author_url": "https://www.google.com/maps/contrib/115327099235378303119/reviews",
            "language": "en",
            "profile_photo_url": "https://lh3.googleusercontent.com/-6hpPgRkVW_s/AAAAAAAAAAI/AAAAAAAAAD4/JxXvi_NmdIA/s128-c0x00000000-cc-rp-mo/photo.jpg",
            "rating": 5,
            "relative_time_description": "6 months ago",
            "text": "Amazing music and amazing live shows",
            "time": 1548335150
        },
        {
            "author_name": "amelie bretodeau",
            "author_url": "https://www.google.com/maps/contrib/113207482806655049386/reviews",
            "language": "en",
            "profile_photo_url": "https://lh3.googleusercontent.com/-clxgx9lFoX8/AAAAAAAAAAI/AAAAAAAAAMM/rQjI3bb4lhU/s128-c0x00000000-cc-rp-mo-ba4/photo.jpg",
            "rating": 1,
            "relative_time_description": "6 months ago",
            "text": "Awful place for live performances, would not recommend.",
            "time": 1549760066
        },
        {
            "author_name": "NEMESYS MORPHEUS",
            "author_url": "https://www.google.com/maps/contrib/110176208845628785219/reviews",
            "language": "en",
            "profile_photo_url": "https://lh5.googleusercontent.com/-Ebs7Ba-JKrg/AAAAAAAAAAI/AAAAAAAAM-w/-bJvRau_s04/s128-c0x00000000-cc-rp-mo-ba6/photo.jpg",
            "rating": 5,
            "relative_time_description": "a year ago",
            "text": "One of the most famous goth-industrial clubs in Psoriasis area in Athens. Desent room for both dancing and event hosting. Contemporary design with minimalistic approach adds to the atmosphere. Every week there is a special event or a live performance, so you won't get bored. The music selection is top and very eclectic. Death Disco is a must visit if you are into Gothic subculture!",
            "time": 1512932199
        },
        {
            "author_name": "Dame Blackeyed",
            "author_url": "https://www.google.com/maps/contrib/101084071780898030462/reviews",
            "language": "en",
            "profile_photo_url": "https://lh5.googleusercontent.com/-zOmbocLWw4M/AAAAAAAAAAI/AAAAAAAAACU/xrf5BxH46eo/s128-c0x00000000-cc-rp-mo-ba3/photo.jpg",
            "rating": 5,
            "relative_time_description": "a year ago",
            "text": "Now this is a proper Goth place if I can say so. 100% genuine goth music! Every now and then the most amazing EBM - Goth - Dark Electro bands come for gigs. Solar Fake, Covenant, Diorama are only a few of the bands that were here for live set. And one is to come.. and no one else knows who is invited next. +++",
            "time": 1527683744
        }
    ],
    "type": "night_club"
}