{
    "id": "340037935e92e6a8c4430445e878c711aa3841f7",
    "location": {
        "lat": 37.9900176,
        "lng": 23.7313545
    },
    "name": "ROCKWOOD",
    "rating": 4.5,
    "reviews": [
        {
            "author_name": "Caitlin Weich",
            "author_url": "https://www.google.com/maps/contrib/117997908359174806438/reviews",
            "language": "en",
            "profile_photo_url": "https://lh6.googleusercontent.com/-68XuKJIsm1o/AAAAAAAAAAI/AAAAAAABmaE/uZ--bStUFjU/s128-c0x00000000-cc-rp-mo-ba5/photo.jpg",
            "rating": 5,
            "relative_time_description": "a week ago",
            "text": "Lovely place, friendly staff, good selection of drinks. Definitely coming back!",
            "time": 1564685891
        },
        {
            "author_name": "Er Zach",
            "author_url": "https://www.google.com/maps/contrib/104345790206746828912/reviews",
            "language": "en",
            "profile_photo_url": "https://lh6.googleusercontent.com/-qftNyrcciAY/AAAAAAAAAAI/AAAAAAAAAsU/MYUNY9gUmZQ/s128-c0x00000000-cc-rp-mo-ba4/photo.jpg",
            "rating": 5,
            "relative_time_description": "a month ago",
            "text": "Nice atmosphere pub with beers live events wood around great decor has a pool table draft beers nice music .",
            "time": 1561452319
        },
        {
            "author_name": "\u03a7\u03c1\u03ae\u03c3\u03c4\u03bf\u03c2 \u039c\u03b1\u03bb\u03b1\u03bd\u03b4\u03c1\u03ac\u03ba\u03b7\u03c2",
            "author_url": "https://www.google.com/maps/contrib/117837338438923803519/reviews",
            "language": "en",
            "profile_photo_url": "https://lh3.googleusercontent.com/-9aS2jhQLuKI/AAAAAAAAAAI/AAAAAAAAAAA/ACHi3rdmgWokZSZoQELWothP0IWmUnPv2g/s128-c0x00000000-cc-rp-mo/photo.jpg",
            "rating": 5,
            "relative_time_description": "2 months ago",
            "text": "Nice bar, good music, clear atmosphere, low prices.",
            "time": 1558865989
        },
        {
            "author_name": "Jim Christop",
            "author_url": "https://www.google.com/maps/contrib/110266776674739241267/reviews",
            "language": "en",
            "profile_photo_url": "https://lh4.googleusercontent.com/-cC6UZhniZVA/AAAAAAAAAAI/AAAAAAAAAAA/ACHi3rccm_hH4RmpMwsfgUx280_vjoFjcA/s128-c0x00000000-cc-rp-mo/photo.jpg",
            "rating": 5,
            "relative_time_description": "4 months ago",
            "text": "Very very good bar!! If you like rock and metal music and you're into that style you're going to love that bar",
            "time": 1552895763
        },
        {
            "author_name": "George Panagiotakopoulos",
            "author_url": "https://www.google.com/maps/contrib/117705174984498128959/reviews",
            "language": "en",
            "profile_photo_url": "https://lh6.googleusercontent.com/-HdAxBRJWY5s/AAAAAAAAAAI/AAAAAAAAjS8/jfo32lNgOSk/s128-c0x00000000-cc-rp-mo-ba4/photo.jpg",
            "rating": 3,
            "relative_time_description": "4 months ago",
            "text": "Good rock club. Good food but lot of smoke",
            "time": 1553713293
        }
    ],
    "type": "bar"
}