{
    "id": "621bfacb1c83b58729571ce877e19c57736c01c6",
    "location": {
        "lat": 37.968535,
        "lng": 23.725533
    },
    "name": "JukeBox",
    "rating": 4.5,
    "reviews": [
        {
            "author_name": "Dimitris Dellis",
            "author_url": "https://www.google.com/maps/contrib/109123396455937328552/reviews",
            "language": "en",
            "profile_photo_url": "https://lh4.googleusercontent.com/-5D7OGNTiDk4/AAAAAAAAAAI/AAAAAAAAAIw/1DtnBXgILfQ/s128-c0x00000000-cc-rp-mo-ba2/photo.jpg",
            "rating": 5,
            "relative_time_description": "2 weeks ago",
            "text": "A place to be",
            "time": 1563211063
        },
        {
            "author_name": "VAKIS - SERVICES LAPTOP PC WEBSITES ANDROID APP \u039a\u039b\u03a0",
            "author_url": "https://www.google.com/maps/contrib/109551016513259431084/reviews",
            "language": "en",
            "profile_photo_url": "https://lh5.googleusercontent.com/-63nZJSmjkGA/AAAAAAAAAAI/AAAAAAAADUg/MRlBe5NEjO8/s128-c0x00000000-cc-rp-mo/photo.jpg",
            "rating": 5,
            "relative_time_description": "3 years ago",
            "text": "Amazing Music. Wonderful view. Excellent service.\n\u039a\u03b1\u03c4\u03b1\u03c0\u03bb\u03b7\u03ba\u03c4\u03b9\u03ba\u03ae \u039c\u03bf\u03c5\u03c3\u03b9\u03ba\u03ae. \u03a5\u03c0\u03ad\u03c1\u03bf\u03c7\u03b7 \u03b8\u03ad\u03b1. \u0386\u03c8\u03bf\u03b3\u03b7 \u03b5\u03be\u03c5\u03c0\u03b7\u03c1\u03ad\u03c4\u03b7\u03c3\u03b7.\nNiesamowita muzyka. Wspania\u0142e widoki. Doskona\u0142a obs\u0142uga.\n\u0423\u0434\u0438\u0432\u0438\u0442\u0435\u043b\u044c\u043d\u0430\u044f \u043c\u0443\u0437\u044b\u043a\u0430. \u041f\u0440\u0435\u0432\u043e\u0441\u0445\u043e\u0434\u043d\u044b\u0435 \u043f\u0435\u0439\u0437\u0430\u0436\u0438. \u041e\u0442\u043b\u0438\u0447\u043d\u044b\u0439 \u0441\u0435\u0440\u0432\u0438\u0441.\n\u60ca\u4eba\u7684\u97f3\u4e50\u3002\u7f8e\u666f\u3002\u4f18\u826f\u7684\u670d\u52a1\u3002\nMusica stupefacente. Una vista meravigliosa. Servizio eccellente.\nMusique Incroyable. Magnifique vue. Excellent service.\nErstaunlich Musik. Wundersch\u00f6ne Aussicht. Ausgezeichneter Service.\nKontaktieren Sie uns in: Englisch - Russisch - Litauisch - Griechisch\nContactez-nous en: Anglais - Russe - Lituanien - Grec\n\u8054\u7cfb\u6211\u4eec\uff1a\u82f1\u8bed - \u4fc4\u7f57\u65af - \u7acb\u9676\u5b9b - \u5e0c\u814a\n\u0421\u0432\u044f\u0436\u0438\u0442\u0435\u0441\u044c \u0441 \u043d\u0430\u043c\u0438: \u0430\u043d\u0433\u043b\u0438\u0439\u0441\u043a\u0438\u0439 - \u0440\u0443\u0441\u0441\u043a\u0438\u0439 - \u043b\u0438\u0442\u043e\u0432\u0441\u043a\u0438\u0439 - \u0433\u0440\u0435\u0447\u0435\u0441\u043a\u0438\u0439\nContact us in: English - Russian - Lithuanian - Greek",
            "time": 1457472773
        },
        {
            "author_name": "Julie Flanagan",
            "author_url": "https://www.google.com/maps/contrib/101577306698200117809/reviews",
            "language": "en",
            "profile_photo_url": "https://lh3.googleusercontent.com/-F49cDsqcAyU/AAAAAAAAAAI/AAAAAAAAAAA/ACHi3rdr-HdSQB09EozjaO8bVGrJsTGDUA/s128-c0x00000000-cc-rp-mo/photo.jpg",
            "rating": 5,
            "relative_time_description": "a year ago",
            "text": "Brilliant for a late drink, very relaxed",
            "time": 1518282554
        },
        {
            "author_name": "Antonis Pomonis",
            "author_url": "https://www.google.com/maps/contrib/108521559539974518102/reviews",
            "language": "en",
            "profile_photo_url": "https://lh4.googleusercontent.com/-XPsEGKHpkBg/AAAAAAAAAAI/AAAAAAAAel4/wDpnPJTKM-w/s128-c0x00000000-cc-rp-mo-ba2/photo.jpg",
            "rating": 5,
            "relative_time_description": "10 months ago",
            "text": "The number ONE!!",
            "time": 1537124553
        },
        {
            "author_name": "Ben Pearce",
            "author_url": "https://www.google.com/maps/contrib/102926752692389999315/reviews",
            "language": "en",
            "profile_photo_url": "https://lh5.googleusercontent.com/-gOjThs2L_cE/AAAAAAAAAAI/AAAAAAAAAAA/ACHi3rfQrDVrUAVRRbra_tpUesAp750ckA/s128-c0x00000000-cc-rp-mo/photo.jpg",
            "rating": 5,
            "relative_time_description": "a year ago",
            "text": "A true bar",
            "time": 1524354087
        }
    ],
    "type": "bar"
}
