{
    "id": "1d7e6a8773d419e60aa036e07ec66a44a852cdcd",
    "location": {
        "lat": 37.97909509999999,
        "lng": 23.7118456
    },
    "name": "Intrepid Fox",
    "rating": 4.5,
    "reviews": [
        {
            "author_name": "Sanel Thomas",
            "author_url": "https://www.google.com/maps/contrib/118042383960565629224/reviews",
            "language": "en",
            "profile_photo_url": "https://lh5.googleusercontent.com/-vC1GH1dmW5w/AAAAAAAAAAI/AAAAAAAAABM/ncuR-YGm1NM/s128-c0x00000000-cc-rp-mo-ba2/photo.jpg",
            "rating": 5,
            "relative_time_description": "a month ago",
            "text": "This was my first time at a Bar where they played Metal. I used to listen to Metal and I enjoyed it then. This place got me super nostalgic. Super loud Music, a huge variety of Cocktails although I didn\u2019t try any.\n\nMust go place for any Metal Head! Music is Good, I felt like a Total Badass drinking my Beers!",
            "time": 1560657802
        },
        {
            "author_name": "carlohy",
            "author_url": "https://www.google.com/maps/contrib/104382591391266319231/reviews",
            "language": "en",
            "profile_photo_url": "https://lh4.googleusercontent.com/-2SRquWxfBCY/AAAAAAAAAAI/AAAAAAAAAAA/ACHi3rdKZVyWUsJPgJpcuNDXtEN9HP2JLQ/s128-c0x00000000-cc-rp-mo-ba4/photo.jpg",
            "rating": 3,
            "relative_time_description": "3 months ago",
            "text": "Lots of metal rock, awesome, just a little high for prices and not a lot of girls, also they are kinda picky, even if they're not goddesses of beauty",
            "time": 1556406386
        },
        {
            "author_name": "Christian K",
            "author_url": "https://www.google.com/maps/contrib/111035356472230571154/reviews",
            "language": "en",
            "profile_photo_url": "https://lh5.googleusercontent.com/-C1z4aEjcqnI/AAAAAAAAAAI/AAAAAAAAAAA/ACHi3rch_AbBP0eSiQZMRer5mR7kzxV37A/s128-c0x00000000-cc-rp-mo/photo.jpg",
            "rating": 5,
            "relative_time_description": "2 months ago",
            "text": "Really nice Metal Pub. Love it.",
            "time": 1560177770
        },
        {
            "author_name": "Panagiotis Simou",
            "author_url": "https://www.google.com/maps/contrib/103709799451824814559/reviews",
            "language": "en",
            "profile_photo_url": "https://lh3.googleusercontent.com/-za03UOvsbMI/AAAAAAAAAAI/AAAAAAAAAB8/aGqMRu1sQjo/s128-c0x00000000-cc-rp-mo-ba2/photo.jpg",
            "rating": 5,
            "relative_time_description": "7 months ago",
            "text": "If you are a metal fan that\u2019s the place to go! Awesome hardcore music, great staff! One of a kind!",
            "time": 1546785772
        },
        {
            "author_name": "Matt Records",
            "author_url": "https://www.google.com/maps/contrib/108457307297480207691/reviews",
            "language": "en",
            "profile_photo_url": "https://lh5.googleusercontent.com/-XPblEZq7Jig/AAAAAAAAAAI/AAAAAAAAAAA/ACHi3re5N_EEthrRTaQBBV-xLAc9KvFbQw/s128-c0x00000000-cc-rp-mo-ba3/photo.jpg",
            "rating": 5,
            "relative_time_description": "3 months ago",
            "text": "If you love stoner, rock, metal, stoner metal, rock metal, stoner rock, metal rocks, stones, rocks, or metal stones, this is the place for you.",
            "time": 1557695886
        }
    ],
    "type": "bar"
}