{
    "id": "ab14c7e065a423403c167cc7a952971a20beea85",
    "location": {
        "lat": 37.9819713,
        "lng": 23.7166542
    },
    "name": "Alphaville Cafe Bar",
    "rating": 4.6,
    "reviews": [
        {
            "author_name": "Spyros Bolis",
            "author_url": "https://www.google.com/maps/contrib/112277577965232674333/reviews",
            "language": "en",
            "profile_photo_url": "https://lh4.googleusercontent.com/-eecdJ7gPf80/AAAAAAAAAAI/AAAAAAAAAJQ/JkWJZZ81nYE/s128-c0x00000000-cc-rp-mo/photo.jpg",
            "rating": 5,
            "relative_time_description": "a month ago",
            "text": "Relaxed atmosphere, nice drinks, fair prices",
            "time": 1560872556
        },
        {
            "author_name": "\u0399\u03a9\u0391\u039d\u039d\u0397\u03a3 \u03a3\u0391\u0393\u03a9\u039d\u0391\u03a3",
            "author_url": "https://www.google.com/maps/contrib/117810955512604967929/reviews",
            "language": "en",
            "profile_photo_url": "https://lh3.googleusercontent.com/-6UNvA3NOpzI/AAAAAAAAAAI/AAAAAAAAAAA/ACHi3rdlSAyECSM3IjebWgBMKqiEcX020Q/s128-c0x00000000-cc-rp-mo-ba3/photo.jpg",
            "rating": 4,
            "relative_time_description": "2 weeks ago",
            "text": "Good cocktails great prices.",
            "time": 1563205992
        },
        {
            "author_name": "Nefeli Tsigkakou",
            "author_url": "https://www.google.com/maps/contrib/114622757924951926840/reviews",
            "language": "en",
            "profile_photo_url": "https://lh4.googleusercontent.com/-lMAVj3oVg6s/AAAAAAAAAAI/AAAAAAAAD04/sDG_HSPNqsk/s128-c0x00000000-cc-rp-mo-ba3/photo.jpg",
            "rating": 5,
            "relative_time_description": "7 months ago",
            "text": "Really cozy place for both summer and winter. Good drinks yet affordable prices. Friendly service and tasteful music choices.",
            "time": 1546332992
        },
        {
            "author_name": "Haris Aslanidis",
            "author_url": "https://www.google.com/maps/contrib/107903154900771807243/reviews",
            "language": "en",
            "profile_photo_url": "https://lh3.googleusercontent.com/-iENAZ8N0E4c/AAAAAAAAAAI/AAAAAAAADGc/jJZ93l8T5Zg/s128-c0x00000000-cc-rp-mo-ba5/photo.jpg",
            "rating": 5,
            "relative_time_description": "a year ago",
            "text": "Cool music and easy going staff. Variety of coffee and drinks. Accessible and roomy for nice summer nights.",
            "time": 1527977516
        },
        {
            "author_name": "Dimihazard23",
            "author_url": "https://www.google.com/maps/contrib/114881453093555041013/reviews",
            "language": "en",
            "profile_photo_url": "https://lh4.googleusercontent.com/-s8xSX7IKgwY/AAAAAAAAAAI/AAAAAAAAATg/FToLX5Dl0C0/s128-c0x00000000-cc-rp-mo-ba4/photo.jpg",
            "rating": 5,
            "relative_time_description": "8 months ago",
            "text": "Cute liltle place, So cozy and the staff very nice and helpful. I like it a lot.",
            "time": 1542285864
        }
    ],
    "type": "bar"
}
