{
    "id": "1351e6e01fa0e0dcc615fd3372794d528ab624d5",
    "location": {
        "lat": 37.9701403,
        "lng": 23.7020055
    },
    "name": "\u00c9nastron",
    "rating": 3.4,
    "reviews": [
        {
            "author_name": "Fotis Var",
            "author_url": "https://www.google.com/maps/contrib/103189000661299041329/reviews",
            "language": "en",
            "profile_photo_url": "https://lh5.googleusercontent.com/-nU_RPGi_4rM/AAAAAAAAAAI/AAAAAAAAAAA/ACHi3rfElthH8eadRt5Die0ZrQoOvOh3Hg/s128-c0x00000000-cc-rp-mo/photo.jpg",
            "rating": 3,
            "relative_time_description": "7 months ago",
            "text": "The venue is nice, the stage is carefully designed and the show as a whole, it\u2019s a good experience if your seat is at the front tables closelly to the stage! Yes, if you are a foreigner it\u2019s worth paying a visit. It is what Greeks call bouzoukia. \n   The issue is the place is packed with ppl at all times and one might find the place suffocating. Personally I had booked a 4 person table and found myself at a table with 6 more strangers. The tables are so close to each other that literally there isn\u2019t personal space. That\u2019s the reason I wrote the review cause the money you give at the end of the night doesn\u2019t represent the experience you have. The artists were great though as expected.\n   Lastly the service to my table it was good and I must say they looked after for ice and clean ashtrays. \n\nNote to the floor manager: take a few tables away, make the show good experience for everyone on the venue, not just for the \u201cexpensive tables\u201d.",
            "time": 1545583863
        },
        {
            "author_name": "Konstantinos Kolovos",
            "author_url": "https://www.google.com/maps/contrib/101601434570630367560/reviews",
            "language": "en",
            "profile_photo_url": "https://lh6.googleusercontent.com/-ByhZHA8cY40/AAAAAAAAAAI/AAAAAAAAAAA/ACHi3rf2hYHjAD1CyaYcKBZ1JfK74Lccpw/s128-c0x00000000-cc-rp-mo-ba4/photo.jpg",
            "rating": 1,
            "relative_time_description": "a year ago",
            "text": "The place is simply unacceptable. You pay a significant amount of money and\n- the staff is rude and at best indifferent.\n- the squeezing is extreme making it impossible to enjoy the show. 4 people are put in table where only 2 would fit and it is considered normal. Complaining does not make any difference as they simply don't care and they are willing to show you the way out.\nDefinitely not worth it.",
            "time": 1514679965
        },
        {
            "author_name": "Vas Lyg",
            "author_url": "https://www.google.com/maps/contrib/107055841658360733571/reviews",
            "language": "en",
            "profile_photo_url": "https://lh6.googleusercontent.com/-2uwYv0pkHpc/AAAAAAAAAAI/AAAAAAAABOs/okmTq4ipptY/s128-c0x00000000-cc-rp-mo-ba3/photo.jpg",
            "rating": 5,
            "relative_time_description": "a year ago",
            "text": "Mazonakis and paola made the night glorius",
            "time": 1519552991
        },
        {
            "author_name": "Marios-Ioannis Kanellos",
            "author_url": "https://www.google.com/maps/contrib/102048453216635863556/reviews",
            "language": "en",
            "profile_photo_url": "https://lh6.googleusercontent.com/-dtYCtyLHLVg/AAAAAAAAAAI/AAAAAAAAFJk/NzfbPLLu27Y/s128-c0x00000000-cc-rp-mo-ba3/photo.jpg",
            "rating": 1,
            "relative_time_description": "a year ago",
            "text": "Probably the worst service I got in a night out . We were a group of 14 people squeezed in two tables for 8. Couldn't see the singers and the place was full of smoke and crowded",
            "time": 1512638020
        },
        {
            "author_name": "Yannis Tsifoutis",
            "author_url": "https://www.google.com/maps/contrib/116206439274763165026/reviews",
            "language": "en",
            "profile_photo_url": "https://lh5.googleusercontent.com/-2afMn7-uVrI/AAAAAAAAAAI/AAAAAAAAACQ/qPQtKemhaIY/s128-c0x00000000-cc-rp-mo-ba5/photo.jpg",
            "rating": 3,
            "relative_time_description": "2 years ago",
            "text": "Very well decorated. Not as cosy as it should be.",
            "time": 1484287687
        }
    ],
    "type": "night_club"
}