{
    "id": "66c728410195f10558cfdc8f9ff95d00d1189db2",
    "location": {
        "lat": 37.9782158,
        "lng": 23.7451009
    },
    "name": "Ante Post",
    "rating": 4.3,
    "reviews": [
        {
            "author_name": "nikitas glykas",
            "author_url": "https://www.google.com/maps/contrib/115772190131250296727/reviews",
            "language": "en",
            "profile_photo_url": "https://lh3.googleusercontent.com/-Y_oS8nrbgjI/AAAAAAAAAAI/AAAAAAAAATY/mQnPFd1V7_0/s128-c0x00000000-cc-rp-mo-ba4/photo.jpg",
            "rating": 2,
            "relative_time_description": "2 weeks ago",
            "text": "Unfortunately, I was expecting something better in the heart of Athens. Whisky served in a liqueur glass and frozen pizza at a price of a homemade one. They should mention the frozen dishes and not trying to convince us that everyone liked their pizza",
            "time": 1563574362
        },
        {
            "author_name": "Leora Goldberg Acoca",
            "author_url": "https://www.google.com/maps/contrib/106741289845747025916/reviews",
            "language": "en",
            "profile_photo_url": "https://lh4.googleusercontent.com/-MwEP0R9yxKY/AAAAAAAAAAI/AAAAAAAABmc/A3EPSV8SRu8/s128-c0x00000000-cc-rp-mo-ba3/photo.jpg",
            "rating": 4,
            "relative_time_description": "in the last week",
            "text": "A local Bar in Kolonaki with nice choices of red wines and cocktails. Devore is beautiful- green leather booths with nice wooden Tables- with your wine get a cheese platter and some nuts - if you love Pizza get one , it has a thin crust \u201ccomme il faut\u201d . On Thursday there is a DJ with great music .",
            "time": 1564851081
        },
        {
            "author_name": "Aristides Psyllos",
            "author_url": "https://www.google.com/maps/contrib/118023238346151549587/reviews",
            "language": "en",
            "profile_photo_url": "https://lh3.googleusercontent.com/-UoYv8CaKOvo/AAAAAAAAAAI/AAAAAAAAAAA/WYfuDuYRHuM/s128-c0x00000000-cc-rp-mo-ba4/photo.jpg",
            "rating": 5,
            "relative_time_description": "2 weeks ago",
            "text": "Nice bar, great atmosphere with sensible prices.",
            "time": 1563449328
        },
        {
            "author_name": "Masum Rahman",
            "author_url": "https://www.google.com/maps/contrib/116579033238777240168/reviews",
            "language": "en",
            "profile_photo_url": "https://lh6.googleusercontent.com/-0sR0LycgGT0/AAAAAAAAAAI/AAAAAAAAAhM/OQBSpZ7MqaI/s128-c0x00000000-cc-rp-mo-ba3/photo.jpg",
            "rating": 5,
            "relative_time_description": "a month ago",
            "text": "I won\u2019t say anything about our service. Coz, customers already said about it.\nBest of Luck!",
            "time": 1561122625
        },
        {
            "author_name": "Dimitrios A.",
            "author_url": "https://www.google.com/maps/contrib/100978972700604882603/reviews",
            "language": "en",
            "profile_photo_url": "https://lh4.googleusercontent.com/-HxQ-I-fDuw4/AAAAAAAAAAI/AAAAAAAAAAA/ACHi3rf8iLTPEJKOY3SyKf3hhIDcby-zhg/s128-c0x00000000-cc-rp-mo-ba3/photo.jpg",
            "rating": 4,
            "relative_time_description": "5 months ago",
            "text": "The coffee is quite good. The space is nice. The servers have to improve the quality of their service.",
            "time": 1551033719
        }
    ],
    "type": "bar"
}
