{
    "id": "a02a73cc137c381b983d28d26add2636f92f95f3",
    "location": {
        "lat": 37.9775649,
        "lng": 23.7127245
    },
    "name": "Boiler Room Secreto",
    "rating": 3.9,
    "reviews": [
        {
            "author_name": "Ailoyros Talos",
            "author_url": "https://www.google.com/maps/contrib/116476152644860718189/reviews",
            "language": "en",
            "profile_photo_url": "https://lh6.googleusercontent.com/-9ZCmH1WT2mY/AAAAAAAAAAI/AAAAAAAAAOw/uMmtcT5Z66Y/s128-c0x00000000-cc-rp-mo/photo.jpg",
            "rating": 3,
            "relative_time_description": "6 months ago",
            "text": "Good but I believe it can be better",
            "time": 1549903584
        },
        {
            "author_name": "Haris Aslanidis",
            "author_url": "https://www.google.com/maps/contrib/107903154900771807243/reviews",
            "language": "en",
            "profile_photo_url": "https://lh3.googleusercontent.com/-iENAZ8N0E4c/AAAAAAAAAAI/AAAAAAAADGc/jJZ93l8T5Zg/s128-c0x00000000-cc-rp-mo-ba5/photo.jpg",
            "rating": 5,
            "relative_time_description": "a year ago",
            "text": "Good atmosphere and cool staff. Helping, because it's not accessible. They carry me on their hands. Super night!",
            "time": 1516447492
        },
        {
            "author_name": "Mindaphi Doe",
            "author_url": "https://www.google.com/maps/contrib/108988528949149015014/reviews",
            "language": "en",
            "profile_photo_url": "https://lh6.googleusercontent.com/-L4LS3ob9CYM/AAAAAAAAAAI/AAAAAAAAKY0/jrvkMQmESKY/s128-c0x00000000-cc-rp-mo-ba5/photo.jpg",
            "rating": 5,
            "relative_time_description": "a year ago",
            "text": "Best greek night ever!",
            "time": 1525134205
        },
        {
            "author_name": "Maria Grylli",
            "author_url": "https://www.google.com/maps/contrib/117133794985324737332/reviews",
            "language": "en",
            "profile_photo_url": "https://lh4.googleusercontent.com/--EIC4l0PsI4/AAAAAAAAAAI/AAAAAAAAAAA/ACHi3rcpldq7-W172FuBMuiEBTHeJAvvCA/s128-c0x00000000-cc-rp-mo-ba4/photo.jpg",
            "rating": 5,
            "relative_time_description": "a year ago",
            "text": "Nice music and terrace on the first floor.",
            "time": 1506149469
        },
        {
            "author_name": "Francesco Torresani",
            "author_url": "https://www.google.com/maps/contrib/114423972741341071773/reviews",
            "language": "en",
            "profile_photo_url": "https://lh6.googleusercontent.com/-5v7p541xsOw/AAAAAAAAAAI/AAAAAAAAARg/lazM8REcu_4/s128-c0x00000000-cc-rp-mo/photo.jpg",
            "rating": 1,
            "relative_time_description": "a year ago",
            "text": "Expensive they didnt even give me the change get back",
            "time": 1529807857
        }
    ],
    "type": "night_club"
}