{
    "id": "150f50ec912646e93701ded22ee31a54cbb96eb5",
    "location": {
        "lat": 37.983223,
        "lng": 23.7158914
    },
    "name": "BEAUTY KILLED THE BEAST",
    "rating": 4.5,
    "reviews": [
        {
            "author_name": "Roy Sedlaczek",
            "author_url": "https://www.google.com/maps/contrib/106077336304527206716/reviews",
            "language": "en",
            "profile_photo_url": "https://lh3.googleusercontent.com/a-/AAuE7mAt7r6Umzu3NFvW3iJw7iAFxku_2-H9Ds4IfQpl2Q=s128-c0x00000000-cc-rp-mo",
            "rating": 5,
            "relative_time_description": "a month ago",
            "text": "A really hip and laid-back environment, plays hip/trendy mix of music.\n\nThe food is wonderful, the iced coffee frappe and cappuccino are wonderful.\n\nWe would return here without a question.",
            "time": 1559692779
        },
        {
            "author_name": "Konstantinos Prantzos",
            "author_url": "https://www.google.com/maps/contrib/107749107196602438186/reviews",
            "language": "en",
            "profile_photo_url": "https://lh3.googleusercontent.com/a-/AAuE7mB8bCfPC67OPLtqXiY5-lr0G4tHImlzz4zUeOjkGvU=s128-c0x00000000-cc-rp-mo-ba4",
            "rating": 5,
            "relative_time_description": "2 months ago",
            "text": "Nice bar with tasty cocktails. Relaxed atmosphere. Staff is very friendly and helpful with cocktail choices",
            "time": 1559205852
        },
        {
            "author_name": "mary karakatsani",
            "author_url": "https://www.google.com/maps/contrib/116338147172678531650/reviews",
            "language": "en",
            "profile_photo_url": "https://lh5.googleusercontent.com/-nEXXCmvJGRQ/AAAAAAAAAAI/AAAAAAAAAAA/ACHi3re-FOzEaXQTGqR2Qz78kTuoUYtTuw/s128-c0x00000000-cc-rp-mo-ba5/photo.jpg",
            "rating": 4,
            "relative_time_description": "4 months ago",
            "text": "A neoclassical renovated building with nice interior devided in small rooms. Good quality of drinks and helpful staff. On Saturday is crowded. I prefer midweek. I was around 10 in the night and it was already full. Soft music just to chill and enjoy your drink.",
            "time": 1551788302
        },
        {
            "author_name": "George Koukoulakis",
            "author_url": "https://www.google.com/maps/contrib/107401910044543928950/reviews",
            "language": "en",
            "profile_photo_url": "https://lh3.googleusercontent.com/a-/AAuE7mAfaRRJ4td_uo-ZQXB3W1pRAT7xE-tXRTjjhBOkjA=s128-c0x00000000-cc-rp-mo-ba4",
            "rating": 2,
            "relative_time_description": "6 months ago",
            "text": "I enjoyed my freshly made smoothie. My friends did not like their coffee. Very nice, cool, relaxing place. It had very interesting choices for brunch in the menu, but did not try anything in the end because of too much smoking all around us (indoors); we had our drinks and left quickly..shame we could not enjoy it.",
            "time": 1547015521
        },
        {
            "author_name": "Boucha\u00efb EL OUADI",
            "author_url": "https://www.google.com/maps/contrib/102620670970825150693/reviews",
            "language": "en",
            "profile_photo_url": "https://lh3.googleusercontent.com/-_JOA_-oZ2Kc/AAAAAAAAAAI/AAAAAAAAAAA/ACHi3re5VjX4cTSRxvoUL_qtIfxH1AGfXQ/s128-c0x00000000-cc-rp-mo/photo.jpg",
            "rating": 5,
            "relative_time_description": "3 weeks ago",
            "text": "It is great original place !!! Full of surprises inside ! when Nature is brought inside the place, it makes it nicer !",
            "time": 1562343664
        }
    ],
    "type": "bar"
}
