{
    "id": "5467b346b5a008f98cad8c8dae00bc19277a1020",
    "location": {
        "lat": 37.9841002,
        "lng": 23.7391825
    },
    "name": "Santarosa",
    "rating": 4.4,
    "reviews": [
        {
            "author_name": "Evi karam.",
            "author_url": "https://www.google.com/maps/contrib/116305594295921993986/reviews",
            "language": "en",
            "profile_photo_url": "https://lh5.googleusercontent.com/-Ul5flHRdEOw/AAAAAAAAAAI/AAAAAAAABt4/20fW4nJMbcI/s128-c0x00000000-cc-rp-mo/photo.jpg",
            "rating": 3,
            "relative_time_description": "6 months ago",
            "text": "Nice place with good vibes. However, it's disappointing that new places that put an emphasis on high quality drinks and chose to have a less casual aesthetics allow smoking inside. Apply the non-smoking policy and this will work much better for you.",
            "time": 1548601025
        },
        {
            "author_name": "Maria Marinou",
            "author_url": "https://www.google.com/maps/contrib/108234460074608205915/reviews",
            "language": "en",
            "profile_photo_url": "https://lh5.googleusercontent.com/-r89VzzKc9cQ/AAAAAAAAAAI/AAAAAAAAAAA/ACHi3reLwg0EthfEHOxPyMPDnpMybqsjVg/s128-c0x00000000-cc-rp-mo-ba4/photo.jpg",
            "rating": 3,
            "relative_time_description": "4 months ago",
            "text": "Nice bar,  with good drinks and friendly service. But their ventilation system is obviously weak or faulty,  having as a result a very stuffy atmosphere...",
            "time": 1553491805
        },
        {
            "author_name": "GEORGIOS ANTONOPOULOS",
            "author_url": "https://www.google.com/maps/contrib/102768462887875450150/reviews",
            "language": "en",
            "profile_photo_url": "https://lh4.googleusercontent.com/-LoViqYxn_wk/AAAAAAAAAAI/AAAAAAAAACA/dP6jZtlTpkE/s128-c0x00000000-cc-rp-mo-ba2/photo.jpg",
            "rating": 5,
            "relative_time_description": "3 months ago",
            "text": "Great space, nice selection of spirits, amazing vibe. Better for weekdays than weekends, as it get really crowded",
            "time": 1555315881
        },
        {
            "author_name": "Chris Lineos",
            "author_url": "https://www.google.com/maps/contrib/104197765508401108378/reviews",
            "language": "en",
            "profile_photo_url": "https://lh5.googleusercontent.com/-xQYLN0N5OKg/AAAAAAAAAAI/AAAAAAAAGUc/MuSOIch3CFQ/s128-c0x00000000-cc-rp-mo-ba4/photo.jpg",
            "rating": 4,
            "relative_time_description": "6 months ago",
            "text": "Good place. Love the aesthetics. Service is good. Bit the music is too loud. It's annoying. They need to do something about it.",
            "time": 1547095701
        },
        {
            "author_name": "\u0391\u03bb\u03ad\u03be\u03b1\u03bd\u03b4\u03c1\u03bf\u03c2 \u03a7\u03b1\u03c4\u03b6\u03b7\u03b4\u03ae\u03bc\u03bf\u03c2",
            "author_url": "https://www.google.com/maps/contrib/118015009109959049692/reviews",
            "language": "en",
            "profile_photo_url": "https://lh6.googleusercontent.com/-xQ9RkfXH6Gs/AAAAAAAAAAI/AAAAAAAABV4/I9Lfl4gSwpQ/s128-c0x00000000-cc-rp-mo-ba3/photo.jpg",
            "rating": 5,
            "relative_time_description": "3 weeks ago",
            "text": "Top dive bar in Athens!",
            "time": 1563112474
        }
    ],
    "type": "bar"
}
