{
    "id": "cc4ae50ac6bb303ea432184021f1be3158069001",
    "location": {
        "lat": 37.9877885,
        "lng": 23.74271
    },
    "name": "Esqueleto cafe bar",
    "rating": 4.8,
    "reviews": [
        {
            "author_name": "Oliver Milner",
            "author_url": "https://www.google.com/maps/contrib/101024475324561978113/reviews",
            "language": "en",
            "profile_photo_url": "https://lh5.googleusercontent.com/-BN_PyL0Y84U/AAAAAAAAAAI/AAAAAAAAAAA/ACHi3re1lMDuQJaQBGqIH7w4Y8MI9dIVRg/s128-c0x00000000-cc-rp-mo-ba4/photo.jpg",
            "rating": 5,
            "relative_time_description": "a month ago",
            "text": "Awesome little bar. Small, out of the way and rock themed. Not much English but we managed to get drinks without any problem.\n\nCheck it out if your a I'm the area, goodnpizzs place the road for a quick food fun too.",
            "time": 1561580439
        },
        {
            "author_name": "Nick Petropoulos",
            "author_url": "https://www.google.com/maps/contrib/106971422732928839998/reviews",
            "language": "en",
            "profile_photo_url": "https://lh3.googleusercontent.com/a-/AAuE7mBlM47StOrht_-fwn6u10infuMrHMs0l9mSMd1q_g=s128-c0x00000000-cc-rp-mo-ba3",
            "rating": 5,
            "relative_time_description": "a month ago",
            "text": "Great place with a special atmosphere and decoration. Excellent Rock/Metal music. Fine cheap drinks.",
            "time": 1561416012
        },
        {
            "author_name": "Kasia Kostrzewa",
            "author_url": "https://www.google.com/maps/contrib/108684086160224645629/reviews",
            "language": "en",
            "profile_photo_url": "https://lh3.googleusercontent.com/a-/AAuE7mAvmJFkfZ0n47L_TcrY3JbBSZQquBbJ1HHOWUMg=s128-c0x00000000-cc-rp-mo",
            "rating": 5,
            "relative_time_description": "3 weeks ago",
            "text": "Very nice place and friendly bartender taking care of us all the time.\nPozdrowienia z Polski :)",
            "time": 1562005191
        },
        {
            "author_name": "Panos Moros",
            "author_url": "https://www.google.com/maps/contrib/117441683701716143693/reviews",
            "language": "en",
            "profile_photo_url": "https://lh4.googleusercontent.com/-z9KIooU82u0/AAAAAAAAAAI/AAAAAAAAAAA/ACHi3reI66WPwLN9V6_qmXWo2r6o_sql1A/s128-c0x00000000-cc-rp-mo-ba3/photo.jpg",
            "rating": 5,
            "relative_time_description": "3 months ago",
            "text": "Awsome place to have beers and shots , music is excellent also",
            "time": 1555797926
        },
        {
            "author_name": "Alex R.",
            "author_url": "https://www.google.com/maps/contrib/111165102770944093224/reviews",
            "language": "en",
            "profile_photo_url": "https://lh3.googleusercontent.com/a-/AAuE7mAack5pgiNhScBfsadFqzxrrk747QFj1ap15OQN=s128-c0x00000000-cc-rp-mo-ba2",
            "rating": 5,
            "relative_time_description": "a month ago",
            "text": "True rock!",
            "time": 1561155718
        }
    ],
    "type": "bar"
}
