{
    "id": "1893d0c4aadc89660a03c33a097f8e0a4fdb16dc",
    "location": {
        "lat": 37.9772591,
        "lng": 23.7301583
    },
    "name": "JOIN juice bars",
    "rating": 4.6,
    "reviews": [
        {
            "author_name": "Lyda Michopoulou",
            "author_url": "https://www.google.com/maps/contrib/106680529285175437634/reviews",
            "language": "en",
            "profile_photo_url": "https://lh5.googleusercontent.com/-qHSaQoQNnis/AAAAAAAAAAI/AAAAAAAAACM/QXoHhxBPWoA/s128-c0x00000000-cc-rp-mo-ba4/photo.jpg",
            "rating": 5,
            "relative_time_description": "3 weeks ago",
            "text": "My favorite place in Athens to work. healthy juices and great sandwiches, space to bring your laptop and not so many people! I fully recommend it.",
            "time": 1562322993
        },
        {
            "author_name": "Ioannis Grammatikakis",
            "author_url": "https://www.google.com/maps/contrib/101176956551504344131/reviews",
            "language": "en",
            "profile_photo_url": "https://lh5.googleusercontent.com/-93UyRSOXVZc/AAAAAAAAAAI/AAAAAAAAAAA/ACHi3rfV0oISKruFQ_kIlHKGO7iIcCpVWA/s128-c0x00000000-cc-rp-mo/photo.jpg",
            "rating": 5,
            "relative_time_description": "in the last week",
            "text": "Great place for juices to go or sit down. I like the vibe of the place",
            "time": 1563629286
        },
        {
            "author_name": "Yani Nomikos",
            "author_url": "https://www.google.com/maps/contrib/105158420795133309228/reviews",
            "language": "en",
            "profile_photo_url": "https://lh4.googleusercontent.com/-PRFjqonlMDw/AAAAAAAAAAI/AAAAAAAAAAA/ACHi3rfvbG9GmYrL0QV18Ojl4fKUKNBy2w/s128-c0x00000000-cc-rp-mo-ba3/photo.jpg",
            "rating": 5,
            "relative_time_description": "3 months ago",
            "text": "One of the top places in the center for a quiet coffee, smoking is prohibited, and music is not too loud. Grab your laptop and enjoy a smoothie, juice, coffee with a bowl of m\u00fcsli or any of the tasty sandwiches they offer in their menu. \nIt\u2019s self service, but you can\u2019t beat their prices for sitting in. The atmosphere is very friendly and the staff polite. I always find an excuse to stop here every time I\u2019m in the neighborhood. I just love this place! :-)\nBest time to visit: Anytime",
            "time": 1554443804
        },
        {
            "author_name": "Sarra X",
            "author_url": "https://www.google.com/maps/contrib/115281149065522606986/reviews",
            "language": "en",
            "profile_photo_url": "https://lh4.googleusercontent.com/-dcahTFUetso/AAAAAAAAAAI/AAAAAAAAAFc/hnqzX8OJK98/s128-c0x00000000-cc-rp-mo-ba2/photo.jpg",
            "rating": 5,
            "relative_time_description": "2 months ago",
            "text": "excellent service, quality food and drinks at a right price! a really nice environment to have a coffee or even work with your laptop.",
            "time": 1557427238
        },
        {
            "author_name": "\u0391\u03bd\u03b1\u03c3\u03c4\u03b1\u03c3\u03af\u03b1 \u0396\u03b1\u03c7\u03b1\u03c1\u03ac\u03ba\u03b7",
            "author_url": "https://www.google.com/maps/contrib/101382974288510692076/reviews",
            "language": "en",
            "profile_photo_url": "https://lh5.googleusercontent.com/-jDHmEg1meQk/AAAAAAAAAAI/AAAAAAAADXQ/Oexkni6tXjw/s128-c0x00000000-cc-rp-mo/photo.jpg",
            "rating": 5,
            "relative_time_description": "a month ago",
            "text": "Delicious sandwiches and very tasteful juises - smoothies. Healthy and valuable",
            "time": 1559866662
        }
    ],
    "type": "bar"
}
