{
    "id": "8fbe7ba5ee1a25090798e99a0ef33881ac1ee0de",
    "location": {
        "lat": 37.9777207,
        "lng": 23.7408877
    },
    "name": "Ruins Athens",
    "rating": 4.3,
    "reviews": [
        {
            "author_name": "RAM IMAGERY",
            "author_url": "https://www.google.com/maps/contrib/114290696883181775441/reviews",
            "language": "en",
            "profile_photo_url": "https://lh6.googleusercontent.com/-EYxkFpu3K8k/AAAAAAAAAAI/AAAAAAAASLw/kdBhiubsobc/s128-c0x00000000-cc-rp-mo-ba6/photo.jpg",
            "rating": 5,
            "relative_time_description": "a week ago",
            "text": "Loveeeeee this place. Chic/edgy! Love the fun decor. The sexy waiters. Great music & overall atmosphere! The staff is very welcoming. The food was great too. Perfect for a chill day or to escape the heat. The menu was great in variety as well as for drinks. This spot mist be really fun at night. Recommend it 100% prices were good too.",
            "time": 1563807433
        },
        {
            "author_name": "Nick Lygnos",
            "author_url": "https://www.google.com/maps/contrib/117443811256926904703/reviews",
            "language": "en",
            "profile_photo_url": "https://lh3.googleusercontent.com/-cEdpYWa4X0E/AAAAAAAAAAI/AAAAAAAAAAA/wxfV4qbS6aA/s128-c0x00000000-cc-rp-mo-ba5/photo.jpg",
            "rating": 3,
            "relative_time_description": "in the last week",
            "text": "Could be better. Becareful of pick pockets avoid the heat. And check out the new museum",
            "time": 1564755165
        },
        {
            "author_name": "Dimitris Karagiovanidis",
            "author_url": "https://www.google.com/maps/contrib/115521888570590558723/reviews",
            "language": "en",
            "profile_photo_url": "https://lh4.googleusercontent.com/-HFUIt8RMC3Y/AAAAAAAAAAI/AAAAAAAAAAA/ACHi3reOJ4gfh8RAW-4DRcS86xrGJ4TsGg/s128-c0x00000000-cc-rp-mo-ba3/photo.jpg",
            "rating": 5,
            "relative_time_description": "3 months ago",
            "text": "Very nice place for drinks and food! Nice menu with normal prices! Glamorous atmosphere with very friendly staff!Close to the centre located in a very beautiful square.There you can enjoy delicious brunch.Worth a visit! You will enjoy!",
            "time": 1555787687
        },
        {
            "author_name": "Alex C",
            "author_url": "https://www.google.com/maps/contrib/107628999987679498887/reviews",
            "language": "en",
            "profile_photo_url": "https://lh3.googleusercontent.com/-b_f-zV9gmi0/AAAAAAAAAAI/AAAAAAAAAAA/ACHi3reYvqSGeM0YipesO2jVC-TphAiMfg/s128-c0x00000000-cc-rp-mo-ba2/photo.jpg",
            "rating": 5,
            "relative_time_description": "3 weeks ago",
            "text": "Nice refreshing cocktails! Tried the something alley and blew my mind..",
            "time": 1562617693
        },
        {
            "author_name": "Mohammed Al Musalam",
            "author_url": "https://www.google.com/maps/contrib/108581785069788751235/reviews",
            "language": "en",
            "profile_photo_url": "https://lh3.googleusercontent.com/-0AFhMCuB8sg/AAAAAAAAAAI/AAAAAAAAAA4/9RCZ_DR_ky0/s128-c0x00000000-cc-rp-mo-ba4/photo.jpg",
            "rating": 2,
            "relative_time_description": "a month ago",
            "text": "Service is slow, food took 45 minutes to come. Some of the food came cold. Not recommended at all.",
            "time": 1561309495
        }
    ],
    "type": "bar"
}
