{
    "id": "4d9766acac1b23ef811845a177f8d50af3b5c5dc",
    "location": {
        "lat": 37.981534,
        "lng": 23.737421
    },
    "name": "Rock and Roll Circus",
    "rating": 4.5,
    "reviews": [
        {
            "author_name": "Dimitris Ladas",
            "author_url": "https://www.google.com/maps/contrib/112357661140972839159/reviews",
            "language": "en",
            "profile_photo_url": "https://lh6.googleusercontent.com/-5QOZhDeNWAI/AAAAAAAAAAI/AAAAAAAATik/K-HZRBPjTgQ/s128-c0x00000000-cc-rp-mo-ba6/photo.jpg",
            "rating": 5,
            "relative_time_description": "2 months ago",
            "text": "Top record store in Athens.",
            "time": 1558094801
        },
        {
            "author_name": "JAN VAN",
            "author_url": "https://www.google.com/maps/contrib/104437156079276036931/reviews",
            "language": "en",
            "profile_photo_url": "https://lh5.googleusercontent.com/-M2l4LhfxTKk/AAAAAAAAAAI/AAAAAAAAAS0/AVOtZHO96_o/s128-c0x00000000-cc-rp-mo-ba3/photo.jpg",
            "rating": 5,
            "relative_time_description": "8 months ago",
            "text": "Beloved record shop, ask for JAN VAN LP ;-)",
            "time": 1544036916
        },
        {
            "author_name": "Alex Klochkov",
            "author_url": "https://www.google.com/maps/contrib/105293191885832074777/reviews",
            "language": "en",
            "profile_photo_url": "https://lh6.googleusercontent.com/-RVjTZcJkMdo/AAAAAAAAAAI/AAAAAAAAAAA/ACHi3rdwz6AQXYL5JM4hIGFsfDeu4aXFwA/s128-c0x00000000-cc-rp-mo/photo.jpg",
            "rating": 5,
            "relative_time_description": "a year ago",
            "text": "Excellent. Fair price. Even found some discount prices on good quality vinyl jazz. Highly recoment. Close to Syntagma square.",
            "time": 1533459808
        },
        {
            "author_name": "sam hamer",
            "author_url": "https://www.google.com/maps/contrib/114452889915925379261/reviews",
            "language": "en",
            "profile_photo_url": "https://lh3.googleusercontent.com/-RktdsPJzk9I/AAAAAAAAAAI/AAAAAAAAATY/7LSnJr8ZOZs/s128-c0x00000000-cc-rp-mo-ba4/photo.jpg",
            "rating": 5,
            "relative_time_description": "a year ago",
            "text": "Very helpful staff and great selection. Fair prices.",
            "time": 1514547856
        },
        {
            "author_name": "Andreas K\u00fcnzi",
            "author_url": "https://www.google.com/maps/contrib/109074309963628126257/reviews",
            "language": "en",
            "profile_photo_url": "https://lh3.googleusercontent.com/-8YSwrcRuA1g/AAAAAAAAAAI/AAAAAAAAAAA/ACHi3re51dDt5BEe1AY6pgO91ySzz_XFtw/s128-c0x00000000-cc-rp-mo/photo.jpg",
            "rating": 5,
            "relative_time_description": "a year ago",
            "text": "Great selection, fair prices. Recommended!",
            "time": 1517650730
        }
    ],
    "type": "electronics_store"
}