{
    "id": "8a5d6320b4ca98c600e23f09b515c2a2d925bd90",
    "location": {
        "lat": 37.9763292,
        "lng": 23.7513628
    },
    "name": "Sui Generis",
    "rating": 4.2,
    "reviews": [
        {
            "author_name": "Tassos Alexiou",
            "author_url": "https://www.google.com/maps/contrib/107939327943990643471/reviews",
            "language": "en",
            "profile_photo_url": "https://lh5.googleusercontent.com/-ukJQI-veyUU/AAAAAAAAAAI/AAAAAAAAgSc/kmbncv9sGxA/s128-c0x00000000-cc-rp-mo-ba4/photo.jpg",
            "rating": 5,
            "relative_time_description": "5 months ago",
            "text": "Always fun!",
            "time": 1550073278
        },
        {
            "author_name": "troy malik watson",
            "author_url": "https://www.google.com/maps/contrib/118322257955594281026/reviews",
            "language": "en",
            "profile_photo_url": "https://lh3.googleusercontent.com/-VWSKhliQzTk/AAAAAAAAAAI/AAAAAAAABJg/jVxgDIPBz14/s128-c0x00000000-cc-rp-mo-ba2/photo.jpg",
            "rating": 4,
            "relative_time_description": "a year ago",
            "text": "Not bad...nice waitress.",
            "time": 1527889942
        },
        {
            "author_name": "Eduard Derkach",
            "author_url": "https://www.google.com/maps/contrib/103015136411843342213/reviews",
            "language": "en",
            "profile_photo_url": "https://lh4.googleusercontent.com/-VnPpNPMTCMg/AAAAAAAAAAI/AAAAAAAAKBo/_KNP7XhZU0c/s128-c0x00000000-cc-rp-mo/photo.jpg",
            "rating": 4,
            "relative_time_description": "2 years ago",
            "text": "It was a great dinner; thanks dad",
            "time": 1482839773
        },
        {
            "author_name": "Stavroula Koloverou",
            "author_url": "https://www.google.com/maps/contrib/101110676153308216001/reviews",
            "language": "en",
            "profile_photo_url": "https://lh3.googleusercontent.com/-YNZXCA_ZU-c/AAAAAAAAAAI/AAAAAAABvWk/SOII07dMfLU/s128-c0x00000000-cc-rp-mo-ba4/photo.jpg",
            "rating": 5,
            "relative_time_description": "2 years ago",
            "text": "Live music and nice wine!",
            "time": 1477687529
        },
        {
            "author_name": "Evarritos Flessas",
            "author_url": "https://www.google.com/maps/contrib/110576295129791120463/reviews",
            "language": "en",
            "profile_photo_url": "https://lh5.googleusercontent.com/-fKq0MCVYFIc/AAAAAAAAAAI/AAAAAAAACl4/ONJKxpQO6vI/s128-c0x00000000-cc-rp-mo-ba3/photo.jpg",
            "rating": 1,
            "relative_time_description": "2 years ago",
            "text": "Bad service. Bad music!",
            "time": 1485866543
        }
    ],
    "type": "bar"
}
