{
    "id": "0c9294651d2a204e4362495f58fc62f00fe821c8",
    "location": {
        "lat": 37.9767265,
        "lng": 23.7098145
    },
    "name": "Rainbow Metal Club",
    "rating": 4.6,
    "reviews": [
        {
            "author_name": "Chaari Mariem",
            "author_url": "https://www.google.com/maps/contrib/104857789263100280960/reviews",
            "language": "en",
            "profile_photo_url": "https://lh4.googleusercontent.com/-7l_8Kl5PHFQ/AAAAAAAAAAI/AAAAAAAACRE/nN2Xj4es-Cw/s128-c0x00000000-cc-rp-mo-ba2/photo.jpg",
            "rating": 4,
            "relative_time_description": "a week ago",
            "text": "Nice place with nice people, I enjoyed coming here with friends",
            "time": 1564743242
        },
        {
            "author_name": "\u03a3\u03c4\u03b1\u03c5\u03c1\u03bf\u03c2 \u0394\u03b1\u03c1\u03b6\u03b5\u03bd\u03c4\u03b1\u03c2",
            "author_url": "https://www.google.com/maps/contrib/112095415369357426808/reviews",
            "language": "en",
            "profile_photo_url": "https://lh4.googleusercontent.com/-NwsXz2Qw9IQ/AAAAAAAAAAI/AAAAAAAAZm0/d6KLJEdTLZs/s128-c0x00000000-cc-rp-mo-ba2/photo.jpg",
            "rating": 5,
            "relative_time_description": "a month ago",
            "text": "Amazing place. If you love rock/metal music then visit this place!",
            "time": 1561995970
        },
        {
            "author_name": "kasjoper",
            "author_url": "https://www.google.com/maps/contrib/112661717993068764793/reviews",
            "language": "en",
            "profile_photo_url": "https://lh5.googleusercontent.com/-00OHoLLbfWI/AAAAAAAAAAI/AAAAAAAAAAA/ACHi3rdosRaJsLHUEZ3hTRiYzmsZJ1kbiA/s128-c0x00000000-cc-rp-mo-ba2/photo.jpg",
            "rating": 4,
            "relative_time_description": "3 months ago",
            "text": "Good music a lot od beer to chose from",
            "time": 1557070856
        },
        {
            "author_name": "Nikolas Hadjivassiliou",
            "author_url": "https://www.google.com/maps/contrib/114705044495749870350/reviews",
            "language": "en",
            "profile_photo_url": "https://lh4.googleusercontent.com/-evTkzQxDjzs/AAAAAAAAAAI/AAAAAAAADxc/maeeRqai6Jo/s128-c0x00000000-cc-rp-mo-ba3/photo.jpg",
            "rating": 5,
            "relative_time_description": "a month ago",
            "text": "The best metal bar in town.",
            "time": 1561206134
        },
        {
            "author_name": "Vangelis Manganas",
            "author_url": "https://www.google.com/maps/contrib/114383329215500469332/reviews",
            "language": "en",
            "profile_photo_url": "https://lh6.googleusercontent.com/-wP6YUgsA5xA/AAAAAAAAAAI/AAAAAAAAAAA/ACHi3rfUZl6BOv_Yo1tvi4f_BBAtKUVsog/s128-c0x00000000-cc-rp-mo/photo.jpg",
            "rating": 4,
            "relative_time_description": "7 months ago",
            "text": "Nice metal club in the center. A little small but with a cool atmosphere.",
            "time": 1546766482
        }
    ],
    "type": "bar"
}