{
    "id": "70ac27caf5b67d9510aecb4bb745c4efb2faf4ac",
    "location": {
        "lat": 37.976592,
        "lng": 23.724405
    },
    "name": "TAF (The Art Foundation)",
    "rating": 4.5,
    "reviews": [
        {
            "author_name": "Charalampos Menychtas",
            "author_url": "https://www.google.com/maps/contrib/116438504289187180069/reviews",
            "language": "en",
            "profile_photo_url": "https://lh3.googleusercontent.com/a-/AAuE7mAs-kDDeTAoLhVn0nO_JkN91pJF6LmLpIXZAdk=s128-c0x00000000-cc-rp-mo",
            "rating": 5,
            "relative_time_description": "a week ago",
            "text": "Cozy cafe-bar with the most crazy-hidden entrance in a side way of central Athens! Loved the ambience (cement, trees), enjoyed the art exhibition on the walls. Music is awesome, not too loud, and the prices are OK",
            "time": 1563390362
        },
        {
            "author_name": "Vassiliki Pergamali",
            "author_url": "https://www.google.com/maps/contrib/110419942136935395500/reviews",
            "language": "en",
            "profile_photo_url": "https://lh3.googleusercontent.com/a-/AAuE7mDHYokKiKi0UTXa-OoWYAZmWU_0q2YRR3wJ39m5cws=s128-c0x00000000-cc-rp-mo",
            "rating": 5,
            "relative_time_description": "2 weeks ago",
            "text": "This is a rare gem. Located dead centre in Athens, it actually is a complex of houses dating back to the early 1900's and the people running it did an *amazing* job keeping that feeling and pairing it with excellent decoration, coffee, drinks and very bright and helpful staff. Bonus, the occasional contemporary art shows. Go. You'll love it.",
            "time": 1562741285
        },
        {
            "author_name": "Raymond Arsenault",
            "author_url": "https://www.google.com/maps/contrib/107352626266965534735/reviews",
            "language": "en",
            "profile_photo_url": "https://lh3.googleusercontent.com/a-/AAuE7mDx8YiZQgttTo5NW8mgVD4rN1RowLIGRSvFJYr9mA=s128-c0x00000000-cc-rp-mo-ba3",
            "rating": 5,
            "relative_time_description": "2 months ago",
            "text": "Probably the coolest bar I saw in Athens during my time there. The music they played was amazing and the atmosphere was very nice. A very mixed crowd but in a good way. I had a delicious cocktail before moving over to a few beers. Definitely check it out if you're in the area!",
            "time": 1558726453
        },
        {
            "author_name": "Maria Fotidou",
            "author_url": "https://www.google.com/maps/contrib/113990710059981232414/reviews",
            "language": "en",
            "profile_photo_url": "https://lh3.googleusercontent.com/a-/AAuE7mB5peGMrbAqTtDLN73N3qnJvhu_lFEK4YV6Pg1s=s128-c0x00000000-cc-rp-mo-ba4",
            "rating": 5,
            "relative_time_description": "2 weeks ago",
            "text": "\u03a4he coolest bar in Athens! It has a great open air area and great cocktails! But what I love mostly about it is that you can enjoy art exhibitions too! Great place!",
            "time": 1562862672
        },
        {
            "author_name": "James Messanger",
            "author_url": "https://www.google.com/maps/contrib/116584657106213629073/reviews",
            "language": "en",
            "profile_photo_url": "https://lh3.googleusercontent.com/-keqY6dlMFm4/AAAAAAAAAAI/AAAAAAAAAAA/ACHi3rcd9DtFEE3squkzFaA9VAnONiY9sg/s128-c0x00000000-cc-rp-mo-ba2/photo.jpg",
            "rating": 5,
            "relative_time_description": "in the last week",
            "text": "Beautiful little bar, that sprouts in the midst of central Athens alleys. It is a very old building, probably dating in the beginning of the 20th century. And that gives it a special character. Stone, old wooden perches, the whole place being in a small atrium...Quite unique. Normal to cost effective prices. Fresh variety of nuts with your drink. Kind personell. I will visit this bar again. There is also an art gallery surrounding the bar with little rooms.",
            "time": 1563951538
        }
    ],
    "type": "bar"
}
