{
    "id": "d2ef2470c397f05dc8469d0be8d7fb2781f468fa",
    "location": {
        "lat": 37.97837,
        "lng": 23.710515
    },
    "name": "Gasoline Bar Cafe",
    "rating": 4.2,
    "reviews": [
        {
            "author_name": "chgian77",
            "author_url": "https://www.google.com/maps/contrib/106294639053905524887/reviews",
            "language": "en",
            "profile_photo_url": "https://lh3.googleusercontent.com/-_ILDQ8EGPtQ/AAAAAAAAAAI/AAAAAAABCwI/8PXyVyonG08/s128-c0x00000000-cc-rp-mo-ba4/photo.jpg",
            "rating": 4,
            "relative_time_description": "a week ago",
            "text": "I went with a friend and ordered lemonade. It was really refreshing and cool. Environment is relaxing, nice place to go with some friends for a chat.",
            "time": 1563638150
        },
        {
            "author_name": "Theodore Papasotiriou",
            "author_url": "https://www.google.com/maps/contrib/101404302701701451140/reviews",
            "language": "en",
            "profile_photo_url": "https://lh5.googleusercontent.com/-cnSWWCo5efY/AAAAAAAAAAI/AAAAAAAABz0/fDmZ1uID638/s128-c0x00000000-cc-rp-mo-ba3/photo.jpg",
            "rating": 4,
            "relative_time_description": "6 months ago",
            "text": "Not a bad option.Nothing special however....||Reply to the owner: Happy New Year! Please, keep in mind that 3/5 was not a low review. I consider it as the base and I put it because I found Gazoline a nice place but nothing to impress me. However, I don't want to disappoint you since you were the first place I visited after new year's eve, and for appreciation of your efforts to get feedback, I'll change it to 4/5.",
            "time": 1547056791
        },
        {
            "author_name": "Elizabeth Pappa",
            "author_url": "https://www.google.com/maps/contrib/112319311441582887467/reviews",
            "language": "en",
            "profile_photo_url": "https://lh3.googleusercontent.com/-ywZSR7rk8fs/AAAAAAAAAAI/AAAAAAAAGTs/hvQH9fZr1O8/s128-c0x00000000-cc-rp-mo/photo.jpg",
            "rating": 4,
            "relative_time_description": "5 months ago",
            "text": "cozy and warm place.. perfect for university students! I also loved the music",
            "time": 1549796033
        },
        {
            "author_name": "wilka persons",
            "author_url": "https://www.google.com/maps/contrib/108682166143153457401/reviews",
            "language": "en",
            "profile_photo_url": "https://lh6.googleusercontent.com/-9OMgDaJeHB0/AAAAAAAAAAI/AAAAAAAAQ6A/WlUBP3kUGRk/s128-c0x00000000-cc-rp-mo-ba3/photo.jpg",
            "rating": 5,
            "relative_time_description": "11 months ago",
            "text": "Fun cute Outdoor Cafe. Great views eclectic crowd good music. Cute design great selection of drinks and wines. The waiting staff is knowledgeable and not quite so engaging. Near the old factory which is super cool. Got some great shots and the location is key. We enjoyed chatting it up in this Outdoor Cafe and then moved on to another place. It was quite crowded for a Wednesday and we loved it",
            "time": 1535381262
        },
        {
            "author_name": "Stathis Kyrillidis",
            "author_url": "https://www.google.com/maps/contrib/113643866185925353039/reviews",
            "language": "en",
            "profile_photo_url": "https://lh3.googleusercontent.com/-u-NRV0ZaG0w/AAAAAAAAAAI/AAAAAAABVGc/PG6ZYthKqjQ/s128-c0x00000000-cc-rp-mo-ba3/photo.jpg",
            "rating": 3,
            "relative_time_description": "6 months ago",
            "text": "Its good for smokers. Nice cafe bar.. Better than the average in Gazi area... But not good for people who dont like smoke.",
            "time": 1548239688
        }
    ],
    "type": "bar"
}
