{
    "id": "2825ba75bee933861aed7030bd9e39597c7731c6",
    "location": {
        "lat": 37.9685393,
        "lng": 23.7438136
    },
    "name": "Domahar Rock Bar",
    "rating": 4.6,
    "reviews": [
        {
            "author_name": "Venia Roufas",
            "author_url": "https://www.google.com/maps/contrib/116340100772362907194/reviews",
            "language": "en",
            "profile_photo_url": "https://lh5.googleusercontent.com/-nhbhpQM0vG4/AAAAAAAAAAI/AAAAAAAAAAA/ACHi3rdBH4Gtles-r2F__ThNcuIbOqHJHA/s128-c0x00000000-cc-rp-mo-ba3/photo.jpg",
            "rating": 5,
            "relative_time_description": "2 months ago",
            "text": "You must visit!everything is really Rock nick the owner and of course the music",
            "time": 1559124172
        },
        {
            "author_name": "L Black",
            "author_url": "https://www.google.com/maps/contrib/105359180488947330358/reviews",
            "language": "en",
            "profile_photo_url": "https://lh6.googleusercontent.com/-k-tc9KBaQuM/AAAAAAAAAAI/AAAAAAAADZA/EUNh0RawrIM/s128-c0x00000000-cc-rp-mo-ba4/photo.jpg",
            "rating": 3,
            "relative_time_description": "10 months ago",
            "text": "Nice atmosphere and polite staff, very expensive drinks.",
            "time": 1537620529
        },
        {
            "author_name": "Dimihazard23",
            "author_url": "https://www.google.com/maps/contrib/114881453093555041013/reviews",
            "language": "en",
            "profile_photo_url": "https://lh4.googleusercontent.com/-s8xSX7IKgwY/AAAAAAAAAAI/AAAAAAAAATg/FToLX5Dl0C0/s128-c0x00000000-cc-rp-mo-ba4/photo.jpg",
            "rating": 5,
            "relative_time_description": "11 months ago",
            "text": "Small place with good staff.",
            "time": 1535447622
        },
        {
            "author_name": "Patrick Star",
            "author_url": "https://www.google.com/maps/contrib/110474675456195953292/reviews",
            "language": "en",
            "profile_photo_url": "https://lh4.googleusercontent.com/-Q4sXvcGTFdU/AAAAAAAAAAI/AAAAAAAAABA/3ILFVm01zvg/s128-c0x00000000-cc-rp-mo/photo.jpg",
            "rating": 5,
            "relative_time_description": "a year ago",
            "text": "Cosy and great pirate atmosphere!",
            "time": 1515179657
        },
        {
            "author_name": "alex pispas",
            "author_url": "https://www.google.com/maps/contrib/104010484630822157122/reviews",
            "language": "en",
            "profile_photo_url": "https://lh5.googleusercontent.com/-wYz4HJX8hrM/AAAAAAAAAAI/AAAAAAAAAC0/iV5xqkQUYRE/s128-c0x00000000-cc-rp-mo-ba3/photo.jpg",
            "rating": 5,
            "relative_time_description": "a year ago",
            "text": "Rock place with classic rock attidute",
            "time": 1521117403
        }
    ],
    "type": "bar"
}