{
    "id": "140672ba605e5d262a4954382c1ac1cc32e35a2a",
    "location": {
        "lat": 37.9752297,
        "lng": 23.7183657
    },
    "name": "monoposto",
    "rating": 3.9,
    "reviews": [
        {
            "author_name": "arthur hulsman",
            "author_url": "https://www.google.com/maps/contrib/104364211779483127920/reviews",
            "language": "en",
            "profile_photo_url": "https://lh4.googleusercontent.com/-P4a4Et904nE/AAAAAAAAAAI/AAAAAAAAAD0/M--8-bw22ZM/s128-c0x00000000-cc-rp-mo-ba2/photo.jpg",
            "rating": 2,
            "relative_time_description": "3 months ago",
            "text": "Had a bad experience. Slow waiting. Staff just lingering in the front doing nothing. Took way to long to get dome drinks.",
            "time": 1557076110
        },
        {
            "author_name": "Gsk 12",
            "author_url": "https://www.google.com/maps/contrib/103735318107445062512/reviews",
            "language": "el",
            "profile_photo_url": "https://lh4.googleusercontent.com/-u_Nf0r2tUYk/AAAAAAAAAAI/AAAAAAAACaM/VjtrPXeUJrY/s128-c0x00000000-cc-rp-mo-ba3/photo.jpg",
            "rating": 3,
            "relative_time_description": "3 months ago",
            "text": "\u03a3\u03c5\u03bc\u03c0\u03b1\u03b8\u03b7\u03c4\u03b9\u03ba\u03bf \u03bc\u03b1\u03b3\u03b1\u03b6\u03af",
            "time": 1556912072
        },
        {
            "author_name": "Pantelis Athanasopoulos",
            "author_url": "https://www.google.com/maps/contrib/105861801371828031026/reviews",
            "language": "el",
            "profile_photo_url": "https://lh5.googleusercontent.com/-FNlFTUb1eHc/AAAAAAAAAAI/AAAAAAAAAAA/ACHi3remildCfo3qmxOM3TDx8gS0_dh0jw/s128-c0x00000000-cc-rp-mo/photo.jpg",
            "rating": 5,
            "relative_time_description": "11 months ago",
            "text": "\u0393\u03b5\u03b9\u03ac \u03cc\u03bb\u03b1 \u03ba\u03b1\u03bb\u03ac",
            "time": 1533849910
        },
        {
            "author_name": "George T",
            "author_url": "https://www.google.com/maps/contrib/118343957709478488539/reviews",
            "language": "el",
            "profile_photo_url": "https://lh4.googleusercontent.com/-cnBJ3jMkKCU/AAAAAAAAAAI/AAAAAAAAAAA/ACHi3rdtjYFB0Ixx8ik59aYuslMLNp3BBw/s128-c0x00000000-cc-rp-mo/photo.jpg",
            "rating": 5,
            "relative_time_description": "2 years ago",
            "text": "\u0393\u03b9\u03b1 \u03c4\u03bf\u03c5\u03c2 \u03b3\u03bd\u03ce\u03c3\u03c4\u03b5\u03c2 \u03bf \u03c0\u03b1\u03bb\u03b1\u03b9\u03cc\u03c2 \u0398\u03cc\u03bb\u03bf\u03c2 \u03ba\u03b1\u03c6\u03ad \u03bc\u03c0\u03b1\u03c1 \u03bc\u03b5 \u03bd\u03ad\u03b1 \u03b4\u03b9\u03b5\u03cd\u03b8\u03c5\u03bd\u03c3\u03b7 \u03ba\u03b1\u03b9 \u03cc\u03bd\u03bf\u03bc\u03b1.\u03a0\u03bb\u03b7\u03c1\u03c9\u03c2 \u03b1\u03bd\u03b1\u03ba\u03b1\u03b9\u03bd\u03b9\u03c3\u03bc\u03ad\u03bd\u03bf\u03c2.",
            "time": 1486284845
        },
        {
            "author_name": "\u0645\u0633\u0643 \u0627\u0644\u062e\u062a\u0627\u0645",
            "author_url": "https://www.google.com/maps/contrib/104227571160665762147/reviews",
            "language": "ar",
            "profile_photo_url": "https://lh6.googleusercontent.com/-zKmWQ2mVj-4/AAAAAAAAAAI/AAAAAAAAeik/_Gi3cvrPcEU/s128-c0x00000000-cc-rp-mo-ba3/photo.jpg",
            "rating": 5,
            "relative_time_description": "12 months ago",
            "text": "\u0645\u0643\u0627\u0646 \u0631\u0627\u0626\u0639 \u062c\u062f\u0622",
            "time": 1533765738
        }
    ],
    "type": "bar"
}
