{
    "id": "c5282680e1cc6cb0f61bfd1af4d109dafc5a9a4a",
    "location": {
        "lat": 37.97356720000001,
        "lng": 23.7108472
    },
    "name": "\u03a3\u03c0\u03b9\u03c1\u03c4\u03cc\u03ba\u03bf\u03c5\u03c4\u03bf \u039c\u03c0\u03b1\u03c1",
    "rating": 4.5,
    "reviews": [
        {
            "author_name": "Konstantine Paradias",
            "author_url": "https://www.google.com/maps/contrib/102507751100931218437/reviews",
            "language": "en",
            "profile_photo_url": "https://lh5.googleusercontent.com/-P6KlOxvawXQ/AAAAAAAAAAI/AAAAAAAAFxo/7Sam65DPb_0/s128-c0x00000000-cc-rp-mo/photo.jpg",
            "rating": 5,
            "relative_time_description": "a week ago",
            "text": "Good coffee solid arcade gam selection.",
            "time": 1563446944
        },
        {
            "author_name": "\u03a7\u03c1\u03b9\u03c3\u03c4\u03af\u03bd\u03b1-\u03a0\u03c9\u03bb\u03af\u03bd\u03b1 \u039b\u03b1\u03bc\u03c0\u03c1\u03b9\u03bd\u03bf\u03cd",
            "author_url": "https://www.google.com/maps/contrib/107066209812348909005/reviews",
            "language": "en",
            "profile_photo_url": "https://lh3.googleusercontent.com/-IKYs4ogmo-s/AAAAAAAAAAI/AAAAAAAAEe8/DBzASLpXVrw/s128-c0x00000000-cc-rp-mo-ba4/photo.jpg",
            "rating": 5,
            "relative_time_description": "2 months ago",
            "text": "Great music, atmosphere and 90s aesthetics.  Loved it!",
            "time": 1558881754
        },
        {
            "author_name": "Sotirios Nameless",
            "author_url": "https://www.google.com/maps/contrib/117640763455248421583/reviews",
            "language": "en",
            "profile_photo_url": "https://lh5.googleusercontent.com/-nDSee3eLGUM/AAAAAAAAAAI/AAAAAAAAAB0/UDpFKp1lywA/s128-c0x00000000-cc-rp-mo/photo.jpg",
            "rating": 5,
            "relative_time_description": "4 months ago",
            "text": "The best place to have drinks in the city, it is quiet, the atmosphere is warm, it emits an underground feeling and the personnel is extremely helpful and kind tending to your every need immediately. The music is usually alternative rock, the drinks are amazing and the decoration of the store would make any 80'-90' s kid kneel and start crying from the memories. Spirtokouto is a must if you are in the area, but I would recommend especially on Friday and Saturday to arrive there a little early (at least 22:00) so as to find a place to leave your drink since it is almost full after that. Totally recommended, 5/5 would go again !!",
            "time": 1553672456
        },
        {
            "author_name": "Nina hoopbasket91",
            "author_url": "https://www.google.com/maps/contrib/100830174999131317515/reviews",
            "language": "en",
            "profile_photo_url": "https://lh4.googleusercontent.com/-R6NdgOS9fPQ/AAAAAAAAAAI/AAAAAAAAAAA/ACHi3rehsok7Y8FqFo1lUscyfr-yfgJurA/s128-c0x00000000-cc-rp-mo/photo.jpg",
            "rating": 5,
            "relative_time_description": "3 months ago",
            "text": "Cosy place!\nReasonable prices and very nice environment",
            "time": 1555241063
        },
        {
            "author_name": "Maria Lalea",
            "author_url": "https://www.google.com/maps/contrib/115673519283055262185/reviews",
            "language": "en",
            "profile_photo_url": "https://lh4.googleusercontent.com/-uHvJwcZ_VCo/AAAAAAAAAAI/AAAAAAAAAAA/ACHi3reNHHTLliTmKRzLeGURlnAcsYabhA/s128-c0x00000000-cc-rp-mo-ba6/photo.jpg",
            "rating": 5,
            "relative_time_description": "3 months ago",
            "text": "Excellent cafe, surprising decor homely atmosphere,  popular with locals and tourists",
            "time": 1555273109
        }
    ],
    "type": "bar"
}
