{
    "id": "22d8f4eff1b0a0029a64de250d6f03bbc0ba50b6",
    "location": {
        "lat": 37.984167,
        "lng": 23.736736
    },
    "name": "Warehouse",
    "rating": 4.4,
    "reviews": [
        {
            "author_name": "Alex Aidan",
            "author_url": "https://www.google.com/maps/contrib/118302742938563550095/reviews",
            "language": "en",
            "profile_photo_url": "https://lh4.googleusercontent.com/-RuejPRG0Q1M/AAAAAAAAAAI/AAAAAAAAAvY/5rK6ES5HC8Y/s128-c0x00000000-cc-rp-mo-ba4/photo.jpg",
            "rating": 5,
            "relative_time_description": "2 months ago",
            "text": "One of the coolest spots to relax and taste wine in Athens. Felt very local and was a good reprieve from the tourist areas. Lots of outdoor seating surrounded by trees and graffiti. Staff were super friendly and happy to make recommendations, telling us a bit about each wine. Had a great Greek Viognier. Excellent place to stop and watch Athens.",
            "time": 1558869484
        },
        {
            "author_name": "Josh Bender",
            "author_url": "https://www.google.com/maps/contrib/109077131152622839995/reviews",
            "language": "en",
            "profile_photo_url": "https://lh4.googleusercontent.com/-0YS73sYJtCs/AAAAAAAAAAI/AAAAAAABxWs/faPWLrNI55s/s128-c0x00000000-cc-rp-mo-ba4/photo.jpg",
            "rating": 1,
            "relative_time_description": "3 months ago",
            "text": "The food and wine here is perfectly fine. However the management have no idea how to look after customers. I tried calling to make a table booking and was hung up on twice. When I notified the manager via email, he said it was my problem and \"There is no chance that\u00a0\u00a0\nthe person who answered your call, hung up on you.\". He was not on the call - I was, and he was completely dismissive of my feedback rather than looking into the situation. Anyone who runs a business like this will be out of business sooner than later. If they treat some customers like this, then you should avoid this place. I'm not ever going back. There's too many other better places in Athens.\n(UPDATED: if you read the company's response, then it just confirms my viewpoint! Blame and excuses. Sad, sad, sad.)",
            "time": 1554988211
        },
        {
            "author_name": "Marialena Filippidi",
            "author_url": "https://www.google.com/maps/contrib/112978884021402889394/reviews",
            "language": "en",
            "profile_photo_url": "https://lh6.googleusercontent.com/-s_8DcVdvxP0/AAAAAAAAAAI/AAAAAAAAFCc/XarDSTkh_DM/s128-c0x00000000-cc-rp-mo-ba4/photo.jpg",
            "rating": 5,
            "relative_time_description": "4 months ago",
            "text": "No one smokes inside, which makes this place unique in Athens. Comfort food to accompany the wine but also the brunch menu is really good. I always enjoy the quality and the friendly staff",
            "time": 1552553948
        },
        {
            "author_name": "Nikolas K",
            "author_url": "https://www.google.com/maps/contrib/103532891434489875126/reviews",
            "language": "en",
            "profile_photo_url": "https://lh3.googleusercontent.com/-vlL_LS5mZ64/AAAAAAAAAAI/AAAAAAAAAjc/dPOewUtZKH8/s128-c0x00000000-cc-rp-mo-ba5/photo.jpg",
            "rating": 5,
            "relative_time_description": "3 months ago",
            "text": "Industrial design, great wine selection with a lot offered by the glass, tasty original cocktails and a very upscale kitchen. A bar that provides the whole package for a salty price. Service is kind and fast, parking might be a problem if you don\u2019t want to pay for it. Forgot to mention the very good coffee!",
            "time": 1556572402
        },
        {
            "author_name": "el g",
            "author_url": "https://www.google.com/maps/contrib/115945638939570194562/reviews",
            "language": "en",
            "profile_photo_url": "https://lh3.googleusercontent.com/-HY9cAX4Zi9E/AAAAAAAAAAI/AAAAAAAAAAA/ACHi3rcb1FJ3nfAW6oYf-yXUhzSD_uQmeQ/s128-c0x00000000-cc-rp-mo-ba2/photo.jpg",
            "rating": 5,
            "relative_time_description": "a week ago",
            "text": "Cozy, cheap with a deep \"know how\" on everything they serve.",
            "time": 1563877846
        }
    ],
    "type": "bar"
}
