{
    "id": "1ed7059fe932552b5a671bdf409cacc0a2f35598",
    "location": {
        "lat": 37.9794554,
        "lng": 23.7286342
    },
    "name": "Sq. Bar",
    "rating": 4.1,
    "reviews": [
        {
            "author_name": "Ferenc Feh\u00e9r Debreceni",
            "author_url": "https://www.google.com/maps/contrib/111518117428794811778/reviews",
            "language": "en",
            "profile_photo_url": "https://lh5.googleusercontent.com/-nSkfPQ5DQ9g/AAAAAAAAAAI/AAAAAAAAIFc/U1dQOvaGV8E/s128-c0x00000000-cc-rp-mo-ba6/photo.jpg",
            "rating": 4,
            "relative_time_description": "6 months ago",
            "text": "Very nice interior, tandy place good food options fast service. People can have a chat a coffee and drink, here. Various cocktails are available. Not the cheapest to go.",
            "time": 1547194983
        },
        {
            "author_name": "Tomasz Urban",
            "author_url": "https://www.google.com/maps/contrib/106820541825668600105/reviews",
            "language": "en",
            "profile_photo_url": "https://lh6.googleusercontent.com/-MHxOwuvJ0hU/AAAAAAAAAAI/AAAAAAAABuA/oKRpp3ZQuMM/s128-c0x00000000-cc-rp-mo/photo.jpg",
            "rating": 1,
            "relative_time_description": "9 months ago",
            "text": "Only 5 tables were taken yet they managed to take the order wrong and made me pay at the end full price while some side dishes were missing. Well done! But, maybe you will be more lucky.",
            "time": 1539178494
        },
        {
            "author_name": "George Richardson",
            "author_url": "https://www.google.com/maps/contrib/108127728608209872469/reviews",
            "language": "en",
            "profile_photo_url": "https://lh3.googleusercontent.com/-7E73w-5HB1s/AAAAAAAAAAI/AAAAAAAA7Wo/fcHvapXpeNk/s128-c0x00000000-cc-rp-mo/photo.jpg",
            "rating": 1,
            "relative_time_description": "9 months ago",
            "text": "Tables not cleared. Coffee left on bar instead of serving while warm. When served, coffee slipped in saucer. Saucer just taken away with no apoligy or replacement. This is only my personal observations, maybe it is me or....",
            "time": 1539427610
        },
        {
            "author_name": "Lia V",
            "author_url": "https://www.google.com/maps/contrib/101938330737331733027/reviews",
            "language": "en",
            "profile_photo_url": "https://lh6.googleusercontent.com/-RzcYX0VcHFc/AAAAAAAAAAI/AAAAAAAAAAA/ACHi3rdQdxWHEc5L32kciv7JlyFxa7w5Xw/s128-c0x00000000-cc-rp-mo/photo.jpg",
            "rating": 4,
            "relative_time_description": "6 months ago",
            "text": "The food is good and not overpriced, although not smoke free, it's not too stinky! Their chairs are safe for toddlers.",
            "time": 1546701282
        },
        {
            "author_name": "Leonardo Romo",
            "author_url": "https://www.google.com/maps/contrib/108024473926150996263/reviews",
            "language": "en",
            "profile_photo_url": "https://lh6.googleusercontent.com/-0UU5LEgULMY/AAAAAAAAAAI/AAAAAAAAFYM/POPqv3-DheE/s128-c0x00000000-cc-rp-mo-ba3/photo.jpg",
            "rating": 4,
            "relative_time_description": "4 months ago",
            "text": "Great location, good food.",
            "time": 1552363234
        }
    ],
    "type": "bar"
}
