{
    "id": "ac71677b7374f61cc8efb472074b02084e551119",
    "location": {
        "lat": 37.9626759,
        "lng": 23.7245454
    },
    "name": "Notes Live",
    "rating": 3.5,
    "reviews": [
        {
            "author_name": "\u0394\u03b7\u03bc\u03ae\u03c4\u03c1\u03b7\u03c2 \u039a\u03b1\u03b6\u03b1\u03bd\u03c4\u03b6\u03ae\u03c2",
            "author_url": "https://www.google.com/maps/contrib/118262161038865013708/reviews",
            "profile_photo_url": "https://lh6.googleusercontent.com/-oMcmcBeI2IM/AAAAAAAAAAI/AAAAAAAABJg/CS0V2QkRS68/s128-c0x00000000-cc-rp-mo-ba2/photo.jpg",
            "rating": 4,
            "relative_time_description": "3 months ago",
            "text": "",
            "time": 1557519405
        },
        {
            "author_name": "Thodoris Pal",
            "author_url": "https://www.google.com/maps/contrib/104721793229869203659/reviews",
            "profile_photo_url": "https://lh5.googleusercontent.com/-JWozo1JaIxE/AAAAAAAAAAI/AAAAAAAAFgE/SLjAfyEbPdY/s128-c0x00000000-cc-rp-mo-ba4/photo.jpg",
            "rating": 3,
            "relative_time_description": "2 years ago",
            "text": "",
            "time": 1486135318
        }
    ],
    "type": "night_club"
}