{
    "id": "e8936cd9a5e778841d63978d7973aac716b0258b",
    "location": {
        "lat": 37.9764062,
        "lng": 23.7258611
    },
    "name": "Monastiraki Square",
    "rating": 4.3,
    "reviews": [
        {
            "author_name": "David Guthrie",
            "author_url": "https://www.google.com/maps/contrib/113075557166354633234/reviews",
            "language": "en",
            "profile_photo_url": "https://lh6.googleusercontent.com/-8-Q9iyFO064/AAAAAAAAAAI/AAAAAAAAFLU/nivHmuH19z0/s128-c0x00000000-cc-rp-mo-ba5/photo.jpg",
            "rating": 5,
            "relative_time_description": "a month ago",
            "text": "Very lively and busy place, lots going on, flea markets, bars, restaurant, sites, all in one place. Whichever way you walked there was something to see (or buy) and is general just a very cool place to visit, would recommend to at least go and see it as it is on the way to a lot of things!",
            "time": 1562913323
        },
        {
            "author_name": "Alex Chavez",
            "author_url": "https://www.google.com/maps/contrib/103073813028530658514/reviews",
            "language": "en",
            "profile_photo_url": "https://lh3.googleusercontent.com/-7RKOl25tFyk/AAAAAAAAAAI/AAAAAAAACPE/iMIjn3eTv5g/s128-c0x00000000-cc-rp-mo/photo.jpg",
            "rating": 4,
            "relative_time_description": "a month ago",
            "text": "Everything is pretty close by here. Downtown, shops, souvenirs, and lots of restaurants. If you go about 10 minutes north you will hit the hood. Cross yourselves before you go there.",
            "time": 1562110688
        },
        {
            "author_name": "Angeline Basuki",
            "author_url": "https://www.google.com/maps/contrib/101793005684197825222/reviews",
            "language": "en",
            "profile_photo_url": "https://lh4.googleusercontent.com/-4OOPwdAxSho/AAAAAAAAAAI/AAAAAAAAAH0/lviZf61RlBk/s128-c0x00000000-cc-rp-mo-ba4/photo.jpg",
            "rating": 4,
            "relative_time_description": "a month ago",
            "text": "Nice square too meet up before you start to go out with friends. They have many stores for souvenirs too. But be careful with the thieves, many of my friends had lost their phones or wallets in this square.",
            "time": 1561586803
        },
        {
            "author_name": "Octav V",
            "author_url": "https://www.google.com/maps/contrib/117199681032595458437/reviews",
            "language": "en",
            "profile_photo_url": "https://lh6.googleusercontent.com/-EkbDpz6YzLw/AAAAAAAAAAI/AAAAAAAAEPk/8QqKEBtiaoc/s128-c0x00000000-cc-rp-mo-ba4/photo.jpg",
            "rating": 4,
            "relative_time_description": "2 months ago",
            "text": "Nice experience! An interesting flea market. And many immigrants. Lots of eating places with traditional dishes",
            "time": 1558985242
        },
        {
            "author_name": "natia purtseladze",
            "author_url": "https://www.google.com/maps/contrib/108022806802016897072/reviews",
            "language": "en",
            "profile_photo_url": "https://lh6.googleusercontent.com/-zxpCkPkldEU/AAAAAAAAAAI/AAAAAAAAADY/dOTe-rVTKf4/s128-c0x00000000-cc-rp-mo/photo.jpg",
            "rating": 5,
            "relative_time_description": "4 months ago",
            "text": "The best place ever. It's beautiful and attractive. There are lots of caffes and shops. Recommended \u2764\ufe0f\ud83d\ude0d",
            "time": 1554183444
        }
    ],
    "type": "night_club"
}