{
    "id": "d110bd77cf6e8ccae8ab71e3301bca4edb7002c2",
    "location": {
        "lat": 37.9777805,
        "lng": 23.7115434
    },
    "name": "Jojo \u0393\u03ba\u03b1\u03b6\u03b9",
    "rating": 3.6,
    "reviews": [
        {
            "author_name": "George P Butler",
            "author_url": "https://www.google.com/maps/contrib/117450417439306557876/reviews",
            "language": "en",
            "profile_photo_url": "https://lh5.googleusercontent.com/-hFflCn2hSWI/AAAAAAAAAAI/AAAAAAAAAAA/ACHi3reRW6UIMZtOmaTUqcEPpWWpZLwhtg/s128-c0x00000000-cc-rp-mo/photo.jpg",
            "rating": 1,
            "relative_time_description": "2 months ago",
            "text": "Would not recommend unless you\u2019re looking to be scammed",
            "time": 1557933452
        },
        {
            "author_name": "Jos\u00e9 Manuel Garrido",
            "author_url": "https://www.google.com/maps/contrib/106010156616889994765/reviews",
            "language": "en",
            "profile_photo_url": "https://lh6.googleusercontent.com/-I4Iyd945P-s/AAAAAAAAAAI/AAAAAAAAA68/Lvrz6nkgvMI/s128-c0x00000000-cc-rp-mo/photo.jpg",
            "rating": 1,
            "relative_time_description": "4 months ago",
            "text": "We went to this club because we had no other choose and still we were really dissapointed. Once we got in the workes hurried us up to buy drinks or else we were threatened to be kicked out. Most of us bought really overprice drinks and before we could finish then they were very rude and aggresive and force us go out. Worst experience in Athens so far and not even the music was good. Would never recommended this place because places like O2 and Gaziview are so close and much better choices. Also the staff tock ours jacket away and wouldnt let us retrieve them.",
            "time": 1553226967
        },
        {
            "author_name": "Lamda G",
            "author_url": "https://www.google.com/maps/contrib/114835629566143766810/reviews",
            "language": "en",
            "profile_photo_url": "https://lh4.googleusercontent.com/-Brqqo5oZe04/AAAAAAAAAAI/AAAAAAAAACw/K7z22ftZMaE/s128-c0x00000000-cc-rp-mo/photo.jpg",
            "rating": 1,
            "relative_time_description": "a month ago",
            "text": "Don't do this to yourself...",
            "time": 1561461693
        },
        {
            "author_name": "Isabella Reyna",
            "author_url": "https://www.google.com/maps/contrib/105781924073333409101/reviews",
            "language": "en",
            "profile_photo_url": "https://lh3.googleusercontent.com/-HVdQDtmq8_k/AAAAAAAAAAI/AAAAAAAAH74/giLT8qtwDlk/s128-c0x00000000-cc-rp-mo-ba3/photo.jpg",
            "rating": 5,
            "relative_time_description": "6 months ago",
            "text": "Super gun place loved it",
            "time": 1547755831
        },
        {
            "author_name": "Fernando \u00c9vora",
            "author_url": "https://www.google.com/maps/contrib/110974826445550935772/reviews",
            "language": "en",
            "profile_photo_url": "https://lh6.googleusercontent.com/-K7qdN38YW6k/AAAAAAAAAAI/AAAAAAAAAXY/XCpDeZ4r5-w/s128-c0x00000000-cc-rp-mo/photo.jpg",
            "rating": 1,
            "relative_time_description": "4 months ago",
            "text": "Really pathetic service, they push us and want to kick us.",
            "time": 1553224792
        }
    ],
    "type": "night_club"
}