{
    "id": "21d8d3185b8c7005dcb2f08a0f910821947307cc",
    "location": {
        "lat": 37.9632676,
        "lng": 23.7217023
    },
    "name": "Papadalup Coffee & Bar",
    "rating": 4.7,
    "reviews": [
        {
            "author_name": "Nancy Angelopoulou",
            "author_url": "https://www.google.com/maps/contrib/100519851950450364896/reviews",
            "language": "en",
            "profile_photo_url": "https://lh5.googleusercontent.com/-c3Eu8DNJorA/AAAAAAAAAAI/AAAAAAAAADk/A0CWj0vCYys/s128-c0x00000000-cc-rp-mo/photo.jpg",
            "rating": 5,
            "relative_time_description": "a month ago",
            "text": "Cosy place , friendly staff, great music all day and the best cocktails!",
            "time": 1561899904
        },
        {
            "author_name": "Syssy Legacy",
            "author_url": "https://www.google.com/maps/contrib/108330829264541051612/reviews",
            "language": "en",
            "profile_photo_url": "https://lh4.googleusercontent.com/-Z4HpOyZIM04/AAAAAAAAAAI/AAAAAAAAAEU/d0pR6IoWVxA/s128-c0x00000000-cc-rp-mo/photo.jpg",
            "rating": 5,
            "relative_time_description": "a week ago",
            "text": "It was a cool place to sit in and enjoy the nightlife of Athens",
            "time": 1563808730
        },
        {
            "author_name": "Vasilis Giotsas",
            "author_url": "https://www.google.com/maps/contrib/101664594852382193085/reviews",
            "language": "en",
            "profile_photo_url": "https://lh5.googleusercontent.com/-Y0zqwjkWzZg/AAAAAAAAAAI/AAAAAAAAAAA/ACHi3rf3487PoDRnVACdy41Ti3my8kfh5Q/s128-c0x00000000-cc-rp-mo-ba4/photo.jpg",
            "rating": 4,
            "relative_time_description": "11 months ago",
            "text": "Cute bar/cafe in a very hip area of Athens. Very friendly service and cheap prices. Small selection of snacks (sandwiches and wraps) but tasty. The crowd is young and a bit rockabilly.",
            "time": 1533763315
        },
        {
            "author_name": "Anton Radulescu",
            "author_url": "https://www.google.com/maps/contrib/115866951803222979510/reviews",
            "language": "en",
            "profile_photo_url": "https://lh6.googleusercontent.com/-MR9h2VBuXmM/AAAAAAAAAAI/AAAAAAAAABM/2RMVGowbsF0/s128-c0x00000000-cc-rp-mo-ba3/photo.jpg",
            "rating": 5,
            "relative_time_description": "6 months ago",
            "text": "Very friendly and nice place, with low prices and good music.",
            "time": 1547288903
        },
        {
            "author_name": "Jacob Bower-Bir",
            "author_url": "https://www.google.com/maps/contrib/110821836460722023151/reviews",
            "language": "en",
            "profile_photo_url": "https://lh6.googleusercontent.com/-f5dlj-8EMy4/AAAAAAAAAAI/AAAAAAAAChg/NC-kGqJ4848/s128-c0x00000000-cc-rp-mo-ba5/photo.jpg",
            "rating": 5,
            "relative_time_description": "a year ago",
            "text": "Nice place to grab a coffee or beer and pretty much any hour. The staff are kind.",
            "time": 1512056154
        }
    ],
    "type": "bar"
}
