{
    "id": "212ada5de87c441a44807b1a50042f21281a2681",
    "location": {
        "lat": 37.9762855,
        "lng": 23.7255662
    },
    "name": "360 Cocktail bar",
    "rating": 4.4,
    "reviews": [
        {
            "author_name": "Matt Jones",
            "author_url": "https://www.google.com/maps/contrib/106844292947914368596/reviews",
            "language": "en",
            "profile_photo_url": "https://lh6.googleusercontent.com/-phEzr4erAss/AAAAAAAAAAI/AAAAAAAAAAA/ACHi3resY_XdOf2xbshIyZOlNowaqMDk_Q/s128-c0x00000000-cc-rp-mo-ba4/photo.jpg",
            "rating": 5,
            "relative_time_description": "a month ago",
            "text": "Fantastic views of Athens and the Acropolis - great open air seating (shade and sun options). Food is very good as well and great choice of cocktails and wine. Prices are above average but to be expected given the views! Staff are also very friendly and helpful!",
            "time": 1559993330
        },
        {
            "author_name": "Christine McGraw",
            "author_url": "https://www.google.com/maps/contrib/105113882396107494281/reviews",
            "language": "en",
            "profile_photo_url": "https://lh4.googleusercontent.com/-b0n_njHOXk4/AAAAAAAAAAI/AAAAAAAAAAA/ACHi3rdJtVIHYmTw3tTh7ByOjFmpf5JyYQ/s128-c0x00000000-cc-rp-mo-ba3/photo.jpg",
            "rating": 5,
            "relative_time_description": "a month ago",
            "text": "The view of the Acropolis from the rooftop bar and restaurant is amazing. It's best to go towards sunset or in the evening as the rooftop offers no shade and can be quite hot during the day. The food was delicious and the staff was friendly. It was a bit crowded so it's best to make a reservation if you want to eat on the rooftop. If you don't want to eat, you'll be seated further towards the back as the people ordering food get premium seating. The prices of the menu was quite good especially considering it's in the city center and one of two main rooftop venues in the main square.",
            "time": 1559260613
        },
        {
            "author_name": "Lara Gharibeh",
            "author_url": "https://www.google.com/maps/contrib/101186536700732974587/reviews",
            "language": "en",
            "profile_photo_url": "https://lh4.googleusercontent.com/-WgkAXFA8pt0/AAAAAAAAAAI/AAAAAAAABIY/IzaDuGkMbv8/s128-c0x00000000-cc-rp-mo/photo.jpg",
            "rating": 5,
            "relative_time_description": "3 months ago",
            "text": "A great rooftop restaurant where you can see the Acropolis and the city lights from above. The food and drinks are amazing. I visited in May, so the weather was perfect for an evening like that! I recommend to go before the sunset for dinner and sit outside facing the Acropolis. The view is Breathtaking!",
            "time": 1555986428
        },
        {
            "author_name": "Evgenia Kontopoulou",
            "author_url": "https://www.google.com/maps/contrib/118312472713035613460/reviews",
            "language": "en",
            "profile_photo_url": "https://lh4.googleusercontent.com/-4Sw3UJVBPHk/AAAAAAAAAAI/AAAAAAAAAUc/3Ge2pG6Oxkg/s128-c0x00000000-cc-rp-mo-ba5/photo.jpg",
            "rating": 5,
            "relative_time_description": "3 weeks ago",
            "text": "Great spot for a drink or coffee. Picturesque views from the top floor and reasonable prices. Staff are welcoming and friendly :)",
            "time": 1561882906
        },
        {
            "author_name": "Kaila Warren",
            "author_url": "https://www.google.com/maps/contrib/115188877717531494049/reviews",
            "language": "en",
            "profile_photo_url": "https://lh3.googleusercontent.com/-hu0UFW_qcgE/AAAAAAAAAAI/AAAAAAAAW74/UMkeveJYsUI/s128-c0x00000000-cc-rp-mo/photo.jpg",
            "rating": 5,
            "relative_time_description": "a month ago",
            "text": "Very busy when I went (at least on the rooftop), but the view was stunning, the service was good, and the wine was great. I wish I had tried some of the food - it looked delicious and was artfully presented. Definitely check it out, and sit on the roof for great views!",
            "time": 1559212802
        }
    ],
    "type": "bar"
}
