{
    "id": "a426796f91e3a4292240db09266730638bf27650",
    "location": {
        "lat": 37.985324,
        "lng": 23.734394
    },
    "name": "Rezin Cafe-bar",
    "rating": 4.6,
    "reviews": [
        {
            "author_name": "Jason Voorhees",
            "author_url": "https://www.google.com/maps/contrib/102486027106289168728/reviews",
            "language": "en",
            "profile_photo_url": "https://lh6.googleusercontent.com/-fWZP_E1NUzQ/AAAAAAAAAAI/AAAAAAAAAFo/FEqNEbQnHCE/s128-c0x00000000-cc-rp-mo/photo.jpg",
            "rating": 4,
            "relative_time_description": "a week ago",
            "text": "Rock/metal music, pretty non-mainstream hits. There's an old couple running it they're pretty hospital, normal prices. Give it a shot",
            "time": 1563791967
        },
        {
            "author_name": "Alejandro caballito",
            "author_url": "https://www.google.com/maps/contrib/109165448102845737697/reviews",
            "language": "en",
            "profile_photo_url": "https://lh5.googleusercontent.com/-ODDmcXLPLDw/AAAAAAAAAAI/AAAAAAAAF9Y/zxDbA-2mOhI/s128-c0x00000000-cc-rp-mo-ba5/photo.jpg",
            "rating": 5,
            "relative_time_description": "8 months ago",
            "text": "Unnoticed spot if you walk by, but don't get confuse by appearances.\n\nVer nice owners, classic rockers and extremely kind people. \n\nNice beers and they are always to assist you if you need anything. \n\nGood vibrations and highly recommended.",
            "time": 1541621613
        },
        {
            "author_name": "yann duval",
            "author_url": "https://www.google.com/maps/contrib/117555864136533555431/reviews",
            "language": "en",
            "profile_photo_url": "https://lh4.googleusercontent.com/-VlaPX5zJfIw/AAAAAAAAAAI/AAAAAAAAAAA/ACHi3reNWBlhxoeLxNzmrJhVVdt3rGO4GQ/s128-c0x00000000-cc-rp-mo/photo.jpg",
            "rating": 5,
            "relative_time_description": "3 months ago",
            "text": "Super nice place, good vibes, awesome people and board games.",
            "time": 1555270030
        },
        {
            "author_name": "Bartosz M. Kojak",
            "author_url": "https://www.google.com/maps/contrib/109104107130811359246/reviews",
            "language": "en",
            "profile_photo_url": "https://lh3.googleusercontent.com/-bDHNaHw_mBk/AAAAAAAAAAI/AAAAAAAAtEI/0qBV6B_Bz0Q/s128-c0x00000000-cc-rp-mo-ba3/photo.jpg",
            "rating": 5,
            "relative_time_description": "4 months ago",
            "text": "Very good choice of music and amazingly friendly owners!",
            "time": 1553022530
        },
        {
            "author_name": "Bogdan Apopii",
            "author_url": "https://www.google.com/maps/contrib/100012497921079721044/reviews",
            "language": "en",
            "profile_photo_url": "https://lh6.googleusercontent.com/-Eu4NeF4PlrI/AAAAAAAAAAI/AAAAAAAAZlo/TbUSbTcSIGU/s128-c0x00000000-cc-rp-mo-ba3/photo.jpg",
            "rating": 5,
            "relative_time_description": "3 months ago",
            "text": "Snacks are very good.  And the staff is very kind.",
            "time": 1555763947
        }
    ],
    "type": "bar"
}
