{
    "id": "b20b0f9af061ad5653262cf4d672fb5083745585",
    "location": {
        "lat": 37.978803,
        "lng": 23.7245172
    },
    "name": "Astron bar",
    "rating": 4.4,
    "reviews": [
        {
            "author_name": "Cyril Courel",
            "author_url": "https://www.google.com/maps/contrib/113852475227581595648/reviews",
            "language": "en",
            "profile_photo_url": "https://lh5.googleusercontent.com/-KvhTM6uelRc/AAAAAAAAAAI/AAAAAAAAEAw/Txhf8bJ3fUM/s128-c0x00000000-cc-rp-mo-ba3/photo.jpg",
            "rating": 5,
            "relative_time_description": "a month ago",
            "text": "Perfect techno bar. Tiny and nicely crowded with super thoughtful bar service. And sound system was really good. Friendly customers/crowd.",
            "time": 1559896188
        },
        {
            "author_name": "steven xavier solipse",
            "author_url": "https://www.google.com/maps/contrib/111930114774346183986/reviews",
            "language": "en",
            "profile_photo_url": "https://lh5.googleusercontent.com/-MkwIEpZStLI/AAAAAAAAAAI/AAAAAAAAGUY/XO493AfwOJg/s128-c0x00000000-cc-rp-mo-ba4/photo.jpg",
            "rating": 5,
            "relative_time_description": "3 months ago",
            "text": "This is the smoky, dark, thickly-packed closet in which you will find the best techno vibe in Athens.",
            "time": 1555866823
        },
        {
            "author_name": "Sarp \u0130zgi",
            "author_url": "https://www.google.com/maps/contrib/116372441177069910814/reviews",
            "language": "en",
            "profile_photo_url": "https://lh3.googleusercontent.com/-kydrjXY7mUI/AAAAAAAAAAI/AAAAAAAAAVQ/F7ZU0PPqL9g/s128-c0x00000000-cc-rp-mo/photo.jpg",
            "rating": 4,
            "relative_time_description": "7 months ago",
            "text": "Contributing electronic music scene of Athens with good djs and prices are average. However it is a very small place and mostly crowded, not easy to dance all the time",
            "time": 1545561771
        },
        {
            "author_name": "Manos Douvikas",
            "author_url": "https://www.google.com/maps/contrib/118304799628141400418/reviews",
            "language": "en",
            "profile_photo_url": "https://lh5.googleusercontent.com/-bogBAd3AKXE/AAAAAAAAAAI/AAAAAAAAAAA/ACHi3rcs5xOVWF4_47HBMMh2SssOjxiIFg/s128-c0x00000000-cc-rp-mo-ba2/photo.jpg",
            "rating": 5,
            "relative_time_description": "7 months ago",
            "text": "It's the most dedicated electronic music bar in Athens! Quality music with quality booze!\nA must!",
            "time": 1545648723
        },
        {
            "author_name": "Mertcan Huner",
            "author_url": "https://www.google.com/maps/contrib/103156272197761300113/reviews",
            "language": "en",
            "profile_photo_url": "https://lh5.googleusercontent.com/-43W24W951yQ/AAAAAAAAAAI/AAAAAAAAAAA/ACHi3rcw8ERtg5Xtle7VPdRJPiWhgN-lvQ/s128-c0x00000000-cc-rp-mo-ba2/photo.jpg",
            "rating": 4,
            "relative_time_description": "5 months ago",
            "text": "It is small inside but the music is always good.",
            "time": 1549446508
        }
    ],
    "type": "bar"
}
