{
    "id": "2e5919d63e0b1852e3ef6b75c5d0250d12996485",
    "location": {
        "lat": 37.9590431,
        "lng": 23.7341062
    },
    "name": "GDC CLUB",
    "rating": 5,
    "reviews": [
        {
            "author_name": "NizaR Hannourah",
            "author_url": "https://www.google.com/maps/contrib/100573937337788408318/reviews",
            "language": "en",
            "profile_photo_url": "https://lh4.googleusercontent.com/-hlznE3n7t6Q/AAAAAAAAAAI/AAAAAAAAABI/igRGXRckKLk/s128-c0x00000000-cc-rp-mo/photo.jpg",
            "rating": 5,
            "relative_time_description": "2 weeks ago",
            "text": "Real service is excellent The disco is the most beautiful place in Athens",
            "time": 1564094815
        }
    ],
    "type": "night_club"
}