{
    "id": "c40b1efc273954f2f8acd2d916b495090512515f",
    "location": {
        "lat": 37.9792479,
        "lng": 23.7134745
    },
    "name": "Pixi Club",
    "rating": 3.7,
    "reviews": [
        {
            "author_name": "Techno Unity",
            "author_url": "https://www.google.com/maps/contrib/105227418065902253982/reviews",
            "language": "en",
            "profile_photo_url": "https://lh4.googleusercontent.com/-wP2gUewZy0s/AAAAAAAAAAI/AAAAAAAAAKM/P3RE6vYj0A0/s128-c0x00000000-cc-rp-mo-ba4/photo.jpg",
            "rating": 5,
            "relative_time_description": "2 years ago",
            "text": "Very Good environment, great tech-house /techno music !!!",
            "time": 1477577774
        },
        {
            "author_name": "Alexandros Couclelis",
            "author_url": "https://www.google.com/maps/contrib/116866703014686501115/reviews",
            "language": "en",
            "profile_photo_url": "https://lh4.googleusercontent.com/-rheVgO6MPZQ/AAAAAAAAAAI/AAAAAAAAE00/84EIMOUxwtc/s128-c0x00000000-cc-rp-mo-ba5/photo.jpg",
            "rating": 4,
            "relative_time_description": "3 years ago",
            "text": "Check out what's on tonight - very good dj's and I good place to go to finish off your night - the party here goes on till the morning.",
            "time": 1454927181
        },
        {
            "author_name": "Dimitrios Tsagkaris",
            "author_url": "https://www.google.com/maps/contrib/110512437110825142541/reviews",
            "profile_photo_url": "https://lh6.googleusercontent.com/-o8tz7Rt6Bbs/AAAAAAAAAAI/AAAAAAAAFN8/8jqRS_ndsJ0/s128-c0x00000000-cc-rp-mo/photo.jpg",
            "rating": 5,
            "relative_time_description": "in the last week",
            "text": "",
            "time": 1565344419
        },
        {
            "author_name": "Andreas Konstantakakis",
            "author_url": "https://www.google.com/maps/contrib/110013018269210723358/reviews",
            "profile_photo_url": "https://lh5.googleusercontent.com/--kr02JtbYIo/AAAAAAAAAAI/AAAAAAAAAC4/VmysQQZ2LAs/s128-c0x00000000-cc-rp-mo-ba4/photo.jpg",
            "rating": 5,
            "relative_time_description": "2 years ago",
            "text": "",
            "time": 1492365033
        },
        {
            "author_name": "\u0418\u0432\u0430\u043d \u0421\u0435\u043c\u0435\u043d\u0443\u0448\u043a\u0438\u043d",
            "author_url": "https://www.google.com/maps/contrib/107416348111037257308/reviews",
            "profile_photo_url": "https://lh6.googleusercontent.com/-uIilvftLDUk/AAAAAAAAAAI/AAAAAAAAAAA/ACHi3rd5Gd1kcX-yDZ6Y2OOSEhhMk20BBA/s128-c0x00000000-cc-rp-mo-ba3/photo.jpg",
            "rating": 1,
            "relative_time_description": "2 years ago",
            "text": "",
            "time": 1489803422
        }
    ],
    "type": "night_club"
}