{
    "id": "daf568c01405ad18658e6f7fb413b7a45ada3efe",
    "location": {
        "lat": 37.9775724,
        "lng": 23.7253574
    },
    "name": "7 Times Dance Club & Shisha Lounge",
    "rating": 3.6,
    "reviews": [
        {
            "author_name": "Yassmine Abourida",
            "author_url": "https://www.google.com/maps/contrib/117111336709656377375/reviews",
            "language": "en",
            "profile_photo_url": "https://lh3.googleusercontent.com/-uNDu1CCUKNE/AAAAAAAAAAI/AAAAAAAAQ6E/_fV4kcMhRV8/s128-c0x00000000-cc-rp-mo/photo.jpg",
            "rating": 5,
            "relative_time_description": "a week ago",
            "text": "I loved this spot, the owners are really nice.. And the music was amazing, I couldn't stop dancing.. I also loved the cocktails!  \nI totally recommend this place \u2764\u2764",
            "time": 1564918635
        },
        {
            "author_name": "Andrea Hoff Haga",
            "author_url": "https://www.google.com/maps/contrib/111341336947251253219/reviews",
            "language": "en",
            "profile_photo_url": "https://lh6.googleusercontent.com/-bSXbOBU4HfA/AAAAAAAAAAI/AAAAAAAAAGQ/fPb8q_ADKho/s128-c0x00000000-cc-rp-mo/photo.jpg",
            "rating": 5,
            "relative_time_description": "a month ago",
            "text": "7 times is the best club in Athens! I love it! It is not enough words to describe how good it is. I am there several times everytime I am in Athens, which is very often. The staff is so nice and they often give me some free shots. They know what kind of Shisha I want when ai enter the club and they put it on my table  almost before I sit down. It is cheap, free entrance, wonderful cocktails and good Shisha. The music is very nice. I recommend 7 times for everyone!!",
            "time": 1562442525
        },
        {
            "author_name": "Kayshini Wijayatilake",
            "author_url": "https://www.google.com/maps/contrib/106392858038002788844/reviews",
            "language": "en",
            "profile_photo_url": "https://lh4.googleusercontent.com/-GFwdVf-_xuo/AAAAAAAAAAI/AAAAAAAAA9M/5T7WGgoI9mE/s128-c0x00000000-cc-rp-mo-ba3/photo.jpg",
            "rating": 5,
            "relative_time_description": "6 months ago",
            "text": "We were a bit worried to come here given the low stars but it was actually a really nice place with good shisha! We tried the sangria which again was really nice and they had a good selection of beers. They also gave us crisps on the house and changed the coal regularly. It played cool music too. Would recommend!",
            "time": 1549834223
        },
        {
            "author_name": "Magdalena Go\u0142embka",
            "author_url": "https://www.google.com/maps/contrib/102639193887842545106/reviews",
            "language": "en",
            "profile_photo_url": "https://lh3.googleusercontent.com/-PTrrqm4wcrg/AAAAAAAAAAI/AAAAAAAAAAA/ACHi3rd6EZKWPcA33Po109XbzBwVHJ4VIQ/s128-c0x00000000-cc-rp-mo-ba3/photo.jpg",
            "rating": 5,
            "relative_time_description": "3 months ago",
            "text": "Great friendly place. I enjoyed my evening in Athens there. I highly recommend  to visit this place on one of the evening in capital city of Greece.",
            "time": 1556482733
        },
        {
            "author_name": "cracious rizos",
            "author_url": "https://www.google.com/maps/contrib/102351536319748523722/reviews",
            "language": "en",
            "profile_photo_url": "https://lh5.googleusercontent.com/-N0pgHDCKK4g/AAAAAAAAAAI/AAAAAAAAAWs/VP8slyqbUAg/s128-c0x00000000-cc-rp-mo/photo.jpg",
            "rating": 1,
            "relative_time_description": "a month ago",
            "text": "The manager attacked me too..\nI asked to switch seat and he punched me after some arguments.\nI think he was drunk but after the fight he had no teeth left.\nNice experience",
            "time": 1560717060
        }
    ],
    "type": "night_club"
}