{
    "id": "a56c0a17dbe8290b459b92675212601049ca25c3",
    "location": {
        "lat": 37.9783173,
        "lng": 23.7312838
    },
    "name": "PAIRIDAEZA",
    "rating": 4.5,
    "reviews": [
        {
            "author_name": "Mattias Frenne",
            "author_url": "https://www.google.com/maps/contrib/116577550144134130436/reviews",
            "language": "en",
            "profile_photo_url": "https://lh3.googleusercontent.com/-NE63wyB6JMQ/AAAAAAAAAAI/AAAAAAAABeo/irwQPjh4pes/s128-c0x00000000-cc-rp-mo-ba4/photo.jpg",
            "rating": 4,
            "relative_time_description": "5 months ago",
            "text": "Modernized Classical Greek food. The mixed grill was a bit so so. The stuffed octopus was great, takes 20 min to prepare. Location is good, close to syntagma. Service is good, many waiters. A minus is that they cannot split a bill into X equal parts when paying with credit card.",
            "time": 1551521840
        },
        {
            "author_name": "\u0393\u03b9\u03b1\u03bd\u03bd\u03b1 \u039a\u03bf\u03c1\u03b4\u03bf\u03c0\u03bf\u03c5\u03bb\u03bf\u03c5",
            "author_url": "https://www.google.com/maps/contrib/116699189227394398836/reviews",
            "language": "en",
            "profile_photo_url": "https://lh3.googleusercontent.com/-DPJIvXQtR1w/AAAAAAAAAAI/AAAAAAAAAAA/ACHi3rdstoyjoVnRRWyleA6NmUNJ6GkGJw/s128-c0x00000000-cc-rp-mo/photo.jpg",
            "rating": 5,
            "relative_time_description": "4 months ago",
            "text": "Best  Bar in Athens ..... Wonderful atmosphere with very nice decorations.The staff was very friendly and polite. I will definitely go back though!",
            "time": 1553018739
        },
        {
            "author_name": "george p",
            "author_url": "https://www.google.com/maps/contrib/100704025749260881981/reviews",
            "language": "en",
            "profile_photo_url": "https://lh6.googleusercontent.com/-21Q9Q86z95E/AAAAAAAAAAI/AAAAAAAAAGs/45YlZN-NV4A/s128-c0x00000000-cc-rp-mo-ba3/photo.jpg",
            "rating": 5,
            "relative_time_description": "2 months ago",
            "text": "A very cozy cafe at the senter of Athens,nice and comfdable",
            "time": 1557430184
        },
        {
            "author_name": "\u0394\u03b7\u03bc\u03bf\u03c3\u03b8\u03ad\u03bd\u03b7\u03c2 \u0392\u03bf\u03c5\u03b3\u03b9\u03bf\u03cd\u03ba\u03b1\u03c2",
            "author_url": "https://www.google.com/maps/contrib/109303798264542267505/reviews",
            "language": "en",
            "profile_photo_url": "https://lh5.googleusercontent.com/-RL0tZHVsrGU/AAAAAAAAAAI/AAAAAAAAE28/qR6lHKRGMA8/s128-c0x00000000-cc-rp-mo-ba3/photo.jpg",
            "rating": 4,
            "relative_time_description": "4 months ago",
            "text": "The seating area downstairs feels a bit american in a good way. I 've only been there for tea, but it a nice all day place",
            "time": 1552418756
        },
        {
            "author_name": "Marilena Sfetsidou",
            "author_url": "https://www.google.com/maps/contrib/114271918748748243388/reviews",
            "language": "en",
            "profile_photo_url": "https://lh5.googleusercontent.com/-VsUOvM7cWPU/AAAAAAAAAAI/AAAAAAAABf4/J0zGS7lZhOo/s128-c0x00000000-cc-rp-mo/photo.jpg",
            "rating": 5,
            "relative_time_description": "3 months ago",
            "text": "Love it! Marina is THE DJ. Best place in town!!!",
            "time": 1554478921
        }
    ],
    "type": "bar"
}
