{
    "id": "3c39c8e40c8cd7fb11abe455afc26e710c8b351a",
    "location": {
        "lat": 37.98484759999999,
        "lng": 23.7216129
    },
    "name": "Caf\u00e9 Bar Spoiled",
    "rating": 4.8,
    "reviews": [
        {
            "author_name": "Wilhelm Seucan",
            "author_url": "https://www.google.com/maps/contrib/114075837756672262351/reviews",
            "language": "de",
            "profile_photo_url": "https://lh4.googleusercontent.com/-oB9m4YgKTeM/AAAAAAAAAAI/AAAAAAAAIMI/9jJM7mXve3Y/s128-c0x00000000-cc-rp-mo-ba5/photo.jpg",
            "rating": 4,
            "relative_time_description": "2 years ago",
            "text": "Typisch Griechisch. Sehr lecker. Alles gut. ",
            "time": 1491768254
        },
        {
            "author_name": "Dewi Maten",
            "author_url": "https://www.google.com/maps/contrib/107875175234273532302/reviews",
            "profile_photo_url": "https://lh5.googleusercontent.com/-GZ6_6Qe2a1I/AAAAAAAAAAI/AAAAAAAAF5E/bRRtLUecTe0/s128-c0x00000000-cc-rp-mo/photo.jpg",
            "rating": 5,
            "relative_time_description": "a month ago",
            "text": "",
            "time": 1558901809
        },
        {
            "author_name": "Ilya Agent",
            "author_url": "https://www.google.com/maps/contrib/102731510460457601652/reviews",
            "profile_photo_url": "https://lh4.googleusercontent.com/-JWitTuxFJ5U/AAAAAAAAAAI/AAAAAAAAwvU/fszokfwELK8/s128-c0x00000000-cc-rp-mo/photo.jpg",
            "rating": 5,
            "relative_time_description": "3 years ago",
            "text": "",
            "time": 1461867433
        },
        {
            "author_name": "Plamen Pandelov",
            "author_url": "https://www.google.com/maps/contrib/113346954791355767149/reviews",
            "profile_photo_url": "https://lh5.googleusercontent.com/-40nmy1wJFP4/AAAAAAAAAAI/AAAAAAAAEtU/fSeLPxzJlGI/s128-c0x00000000-cc-rp-mo/photo.jpg",
            "rating": 5,
            "relative_time_description": "2 years ago",
            "text": "",
            "time": 1473179583
        }
    ],
    "type": "bar"
}
