{
    "id": "ac425862aee8168c82bf35a4510cfced74e95d95",
    "location": {
        "lat": 37.9776397,
        "lng": 23.7286596
    },
    "name": "Noel",
    "rating": 4.4,
    "reviews": [
        {
            "author_name": "john stavridis",
            "author_url": "https://www.google.com/maps/contrib/100506563147919801175/reviews",
            "language": "en",
            "profile_photo_url": "https://lh6.googleusercontent.com/-tdFa4Cgg6Hs/AAAAAAAAAAI/AAAAAAAAHOI/dFEA5FJQF5I/s128-c0x00000000-cc-rp-mo-ba4/photo.jpg",
            "rating": 2,
            "relative_time_description": "a month ago",
            "text": "My experience in this place was very poor. The place looks very beautiful and cozy. The staff was very rude! First my order was late for 30 minutes without any explanation or any obvious reason. No apology from the waiter for that. Second they didn't provide any forks or knives with the meal. We went to the bar and we asked kindly but the answer was that \" you are asking it from the wrong person, I don't have them\". No more than that! No helping at all! And the place was half empty! I will never allow myself or anyone else to go again in a place like that!!! If they can't provide decent service it's better to not doing it!",
            "time": 1560962066
        },
        {
            "author_name": "Neeraj Sahae",
            "author_url": "https://www.google.com/maps/contrib/108540049021940811689/reviews",
            "language": "en",
            "profile_photo_url": "https://lh6.googleusercontent.com/-7eahZF2xABc/AAAAAAAAAAI/AAAAAAAAGYI/d62JulSAtII/s128-c0x00000000-cc-rp-mo-ba3/photo.jpg",
            "rating": 5,
            "relative_time_description": "3 months ago",
            "text": "Lovely place with great drinks and service....... Went there with a few friends on a very short trip to Athens. This place was very beautifully created and aesthetically done. Good experience. Highly recommended",
            "time": 1555453422
        },
        {
            "author_name": "Maria Fotidou",
            "author_url": "https://www.google.com/maps/contrib/113990710059981232414/reviews",
            "language": "en",
            "profile_photo_url": "https://lh4.googleusercontent.com/-lj-lsJoOuh0/AAAAAAAAAAI/AAAAAAAAAAc/4GGSKcHSR78/s128-c0x00000000-cc-rp-mo-ba4/photo.jpg",
            "rating": 5,
            "relative_time_description": "a week ago",
            "text": "Love this place! It's cozy and in there is always Christmas! Great food too!",
            "time": 1562862798
        },
        {
            "author_name": "Andreas Michalopoulos",
            "author_url": "https://www.google.com/maps/contrib/116918705414159619360/reviews",
            "language": "en",
            "profile_photo_url": "https://lh5.googleusercontent.com/-OMZ6GODGsMM/AAAAAAAAAAI/AAAAAAAAV-g/2L0v4r5nfoY/s128-c0x00000000-cc-rp-mo-ba3/photo.jpg",
            "rating": 5,
            "relative_time_description": "3 months ago",
            "text": "A great all-day experience with a very good taste of interior. For the coffee lovers, Noel offers the best blend in town and its location is key as it seats very centrally in the hype part of Athens. Christmas decorations stay all year long!",
            "time": 1555645874
        },
        {
            "author_name": "Velissarios Miloulis",
            "author_url": "https://www.google.com/maps/contrib/113848579214915011784/reviews",
            "language": "en",
            "profile_photo_url": "https://lh4.googleusercontent.com/-H0J5L8ewzAU/AAAAAAAAAAI/AAAAAAAAAAA/ACHi3rfXg0gfKqKxxIkpRh3u9Lqn0KDj8A/s128-c0x00000000-cc-rp-mo/photo.jpg",
            "rating": 3,
            "relative_time_description": "3 months ago",
            "text": "Drinks are fine but the kitchen is nothing but average. I used to dine a lot in this place, since the atmosphere has always been great and the food of a good quality. The main dishes are just ok, and the taste and quality have gone south over the years, sadly. I used to proudly bring my visiting friends for dinner at all times, but now I'd rather look elsewhere.",
            "time": 1556020030
        }
    ],
    "type": "bar"
}
