{
    "id": "fe80def58365d38f01e69b2e3732656b39c517c9",
    "location": {
        "lat": 37.9682538,
        "lng": 23.7299145
    },
    "name": "Hitchcocktales Bar Restaurant",
    "rating": 4.6,
    "reviews": [
        {
            "author_name": "Elsbeth van den Doel",
            "author_url": "https://www.google.com/maps/contrib/103187410812267176118/reviews",
            "language": "en",
            "profile_photo_url": "https://lh4.googleusercontent.com/-jrmc1NBDIh8/AAAAAAAAAAI/AAAAAAAACk8/tYBr_oqt5lI/s128-c0x00000000-cc-rp-mo/photo.jpg",
            "rating": 5,
            "relative_time_description": "3 months ago",
            "text": "Had a wonderful night at Hitchcocktales, chilling outside and enjoying the amazing cocktails created by bartender Odysseus (forgive my spelling!).  He takes such care and pride in his work, real passion for each drink he prepared.  A real hidden gem, this bar - hope to come back someday!!",
            "time": 1555749875
        },
        {
            "author_name": "Isabel Choi",
            "author_url": "https://www.google.com/maps/contrib/113694227349748056860/reviews",
            "language": "en",
            "profile_photo_url": "https://lh3.googleusercontent.com/-ROZe8dch5Fs/AAAAAAAAAAI/AAAAAAAAAAA/ACHi3rfmmUPEfKuBHpKrKqXTESLyma-3_w/s128-c0x00000000-cc-rp-mo/photo.jpg",
            "rating": 1,
            "relative_time_description": "a month ago",
            "text": "The female waitress with the long black hair and what seems to be her sister, and a bald Male, has poor customer service.  We've placed our order for food along with our drinks, but had not recieved our food while we were completely done all our drinks. We asked twice, and the 1st time she said it was coming. But the 2nd time she admitted it, they never placed the order for the food. Their service is the worst. Save your money and go somewhere else if you want a good time.",
            "time": 1560557113
        },
        {
            "author_name": "George Dimitropoulos",
            "author_url": "https://www.google.com/maps/contrib/115719244104691806598/reviews",
            "language": "en",
            "profile_photo_url": "https://lh6.googleusercontent.com/-cXOsZLha97k/AAAAAAAAAAI/AAAAAAAAADU/JoevDD-00_Y/s128-c0x00000000-cc-rp-mo-ba4/photo.jpg",
            "rating": 4,
            "relative_time_description": "a month ago",
            "text": "Excellent bar at a wonderful and cute little street. Opposite on the street can be seen a great grafity based on hitchcock and his films. Service was absolutely perfect and the nuts kept on coming all night without us asking for any extra! Also, the prices are average. Although it has a huge selection of whiskeys, the same cannot be said for their cocktails. The music is very nice including it's volume. Useful tip: if you don't like standing up and down every 5 minutes, do not sit outside.",
            "time": 1559428770
        },
        {
            "author_name": "Yonatan hrenovici",
            "author_url": "https://www.google.com/maps/contrib/115526650262500634075/reviews",
            "language": "en",
            "profile_photo_url": "https://lh3.googleusercontent.com/-ZX9dwN5Ivzw/AAAAAAAAAAI/AAAAAAAAMCg/EuJdCeJCeXM/s128-c0x00000000-cc-rp-mo-ba2/photo.jpg",
            "rating": 5,
            "relative_time_description": "2 months ago",
            "text": "Very welcoming place. The cocktails are great and the food is very tasty. Excellent place",
            "time": 1558392563
        },
        {
            "author_name": "Lea Me",
            "author_url": "https://www.google.com/maps/contrib/107860970667030671770/reviews",
            "language": "en",
            "profile_photo_url": "https://lh5.googleusercontent.com/-G8DryWSI6YA/AAAAAAAAAAI/AAAAAAAAAAo/vRsg-u1nZ_A/s128-c0x00000000-cc-rp-mo/photo.jpg",
            "rating": 4,
            "relative_time_description": "4 months ago",
            "text": "Great place for after-dinner drinks and small snacks! We came back after our first time because it was a really comfortable and relaxed atmosphere to sit and talk and enjoy drinks and small platters!\nThe food we had was really delicious and not too pricey. Not a full five stars because it\u2019s a smoking bar and I am just not a fan of eating and smelling smoke when eating!",
            "time": 1551289525
        }
    ],
    "type": "bar"
}
