{
    "id": "029e83bf4d0ecfea233ff471bc2b31e00749fcf9",
    "location": {
        "lat": 37.9773759,
        "lng": 23.731138
    },
    "name": "Bartesera",
    "rating": 4.4,
    "reviews": [
        {
            "author_name": "Laurens van Thiel",
            "author_url": "https://www.google.com/maps/contrib/113738699363677858424/reviews",
            "language": "en",
            "profile_photo_url": "https://lh3.googleusercontent.com/-maQeoRECEHM/AAAAAAAAAAI/AAAAAAAAIwU/WxqVdA8UXDw/s128-c0x00000000-cc-rp-mo-ba5/photo.jpg",
            "rating": 5,
            "relative_time_description": "2 months ago",
            "text": "Really nice and cozy bar. One of the few we found in Athens with an actual working non smoking rule in right part of the establishment.. The cocktails were very nice be it a bit pricey and the staff is very helpful.. 1 waitress seems to be a bit on the low side though but I didn't have to wait that long.. The food was okay but nothing special. During our weeks trip to Athens we went here about 4 times just to drink some cocktails and relax a bit. Would definitely recommend!",
            "time": 1558111000
        },
        {
            "author_name": "Alexander Salavey",
            "author_url": "https://www.google.com/maps/contrib/112581720878987065649/reviews",
            "language": "en",
            "profile_photo_url": "https://lh4.googleusercontent.com/-8csPMZQcRS0/AAAAAAAAAAI/AAAAAAAAAAA/ACHi3rdSV1nZRkAzYJMcmn2UGnOeCs6vuQ/s128-c0x00000000-cc-rp-mo/photo.jpg",
            "rating": 5,
            "relative_time_description": "3 weeks ago",
            "text": "I like this bar. Pretty stylish. Pretty relaxed. Pretty expansive.",
            "time": 1562082095
        },
        {
            "author_name": "Nasos Basiakos",
            "author_url": "https://www.google.com/maps/contrib/115484410452183767448/reviews",
            "language": "en",
            "profile_photo_url": "https://lh6.googleusercontent.com/-lGrUnj8XP34/AAAAAAAAAAI/AAAAAAAADBw/gIWijECY7Ec/s128-c0x00000000-cc-rp-mo-ba5/photo.jpg",
            "rating": 5,
            "relative_time_description": "a month ago",
            "text": "Historic cocktail and coffee bar in Athens! Amazing deco!",
            "time": 1559117343
        },
        {
            "author_name": "moby dick",
            "author_url": "https://www.google.com/maps/contrib/103797545045042707819/reviews",
            "language": "en",
            "profile_photo_url": "https://lh4.googleusercontent.com/-1ulN2K8nC1U/AAAAAAAAAAI/AAAAAAAAAj4/43NOfbsR6xI/s128-c0x00000000-cc-rp-mo/photo.jpg",
            "rating": 1,
            "relative_time_description": "3 months ago",
            "text": "Cosy place and good quality but 1 star goes to having only 1 poor waitress running up and down. How to run a place of this class? 3 waiters at least on peak time.",
            "time": 1554816969
        },
        {
            "author_name": "\u0393\u0399\u03a9\u03a1\u0393\u039f\u03a3 \u0396\u0397\u03a3\u0399\u039c\u0391\u03a4\u039f\u03a3",
            "author_url": "https://www.google.com/maps/contrib/110201035113153463931/reviews",
            "language": "en",
            "profile_photo_url": "https://lh6.googleusercontent.com/-gqUemkCouYg/AAAAAAAAAAI/AAAAAAAAANc/zPobQltkkj8/s128-c0x00000000-cc-rp-mo-ba5/photo.jpg",
            "rating": 4,
            "relative_time_description": "3 weeks ago",
            "text": "Great bar and coffee place downtown",
            "time": 1561652911
        }
    ],
    "type": "bar"
}
