{
    "id": "082a2037f792dcfba96fe8ec6220de5072ef1a3c",
    "location": {
        "lat": 37.97446,
        "lng": 23.732998
    },
    "name": "Athena's Cook",
    "rating": 4.5,
    "reviews": [
        {
            "author_name": "Joanna Goodrich",
            "author_url": "https://www.google.com/maps/contrib/111179627527065661318/reviews",
            "language": "en",
            "profile_photo_url": "https://lh5.googleusercontent.com/-Qkaf7pLPm-4/AAAAAAAAAAI/AAAAAAAAAA0/3k2-8Y0_y-4/s128-c0x00000000-cc-rp-mo/photo.jpg",
            "rating": 5,
            "relative_time_description": "a month ago",
            "text": "Eating here was such a wonderful experience. The staff here went above and beyond making our night as enjoyable as possible. The food and beer was delicious and the service was beyond exceptional. Definitely a hidden gem of Athens. Thank you to Dimitri for an amazing night!",
            "time": 1560368628
        },
        {
            "author_name": "Zach Kremer",
            "author_url": "https://www.google.com/maps/contrib/114693196977222220304/reviews",
            "language": "en",
            "profile_photo_url": "https://lh4.googleusercontent.com/-8TK6RfeLS2c/AAAAAAAAAAI/AAAAAAAAARc/AXQ3Hb8PA_E/s128-c0x00000000-cc-rp-mo-ba3/photo.jpg",
            "rating": 5,
            "relative_time_description": "2 weeks ago",
            "text": "We stopped here for lunch after reading the previous reviews. The food is FANTASTIC and portions are very large. I\u2019d recommend Athena\u2019s Cook in an instant! Do not pass this place by!!!",
            "time": 1563016033
        },
        {
            "author_name": "Craig Bartlett",
            "author_url": "https://www.google.com/maps/contrib/103757483964599736991/reviews",
            "language": "en",
            "profile_photo_url": "https://lh4.googleusercontent.com/-MaM5ZXcLdZw/AAAAAAAAAAI/AAAAAAAAAAk/RPUbmtQ3YiE/s128-c0x00000000-cc-rp-mo/photo.jpg",
            "rating": 5,
            "relative_time_description": "a month ago",
            "text": "Our first night in Athens and we got a great selection of dishes to eat. The drinks were cold and yummy to drink. Service was polite and friendly. If back this way will drop in for a meal.",
            "time": 1561390984
        },
        {
            "author_name": "Katie Oro",
            "author_url": "https://www.google.com/maps/contrib/112661897915390458913/reviews",
            "language": "en",
            "profile_photo_url": "https://lh4.googleusercontent.com/-qNYdOkU85bE/AAAAAAAAAAI/AAAAAAAACMA/m30acf21myw/s128-c0x00000000-cc-rp-mo/photo.jpg",
            "rating": 5,
            "relative_time_description": "a month ago",
            "text": "Amazing experience! Sat at the bar & ended up chatting with the owner. You can tell he cares very deeply for his restaurant, puts his heart & soul into it. Would definitely recommend going here next time you\u2019re in Athens!",
            "time": 1560256657
        },
        {
            "author_name": "Pulkit Goel",
            "author_url": "https://www.google.com/maps/contrib/111507114971182349597/reviews",
            "language": "en",
            "profile_photo_url": "https://lh3.googleusercontent.com/-K5kfF4YGj58/AAAAAAAAAAI/AAAAAAAAlPk/tT97SRvb5zU/s128-c0x00000000-cc-rp-mo-ba3/photo.jpg",
            "rating": 4,
            "relative_time_description": "a month ago",
            "text": "Very good selection of beers... Very limited choice for vegetarians but chef is happy to alter the menu's dishes to suit the vegetarians...... Good staff.",
            "time": 1560539185
        }
    ],
    "type": "bar"
}
