{
    "id": "b0fee3d360bd9e8e1d667efc2cd5d5448f1e9032",
    "location": {
        "lat": 37.9860955,
        "lng": 23.7325113
    },
    "name": "\u039c\u03b1\u03cd\u03c1\u03bf\u03c2 \u0393\u03ac\u03c4\u03bf\u03c2",
    "rating": 4.5,
    "reviews": [
        {
            "author_name": "fucivkvk k xcvvv",
            "author_url": "https://www.google.com/maps/contrib/114185794760029628889/reviews",
            "language": "en",
            "profile_photo_url": "https://lh4.googleusercontent.com/-iTGNXp4fofk/AAAAAAAAAAI/AAAAAAAAAAA/ACHi3rdPGoDdEp0eubo-pCgl9uvqjJP98g/s128-c0x00000000-cc-rp-mo-ba5/photo.jpg",
            "rating": 4,
            "relative_time_description": "a week ago",
            "text": "I really have mixed feelings about it. I don't know whether to put 3 or 4 stars, but I put 4. I liked the fact it was really packed, the music was loud and such, but on the other hand...there's a lack of restrooms (1 for boys and 1 for girls), when I went to the restroom they picked up my drink before finishing it, or even worse, one woman drank from my glass of wine. What can I say? I'm not a saint either, because I also drank from other people's drinks.\n\nAnyway I really liked the atmosphere, but  more restrooms are needed for sure.",
            "time": 1563679828
        },
        {
            "author_name": "Akhil Garg",
            "author_url": "https://www.google.com/maps/contrib/111362190620766270579/reviews",
            "language": "en",
            "profile_photo_url": "https://lh5.googleusercontent.com/-w4vjaTixeRA/AAAAAAAAAAI/AAAAAAAAKqM/0hYUx3GCqxo/s128-c0x00000000-cc-rp-mo-ba7/photo.jpg",
            "rating": 5,
            "relative_time_description": "5 months ago",
            "text": "The place is in beautiful Athens and place itself is very nice and you can have coffee, beer , sweets here. Place has nice atmosphere to sit down and enjoy. The staff is nice and helpful. It was relaxing to sit and enjoy. You should give it a try.",
            "time": 1549535192
        },
        {
            "author_name": "Alejandro caballito",
            "author_url": "https://www.google.com/maps/contrib/109165448102845737697/reviews",
            "language": "en",
            "profile_photo_url": "https://lh5.googleusercontent.com/-ODDmcXLPLDw/AAAAAAAAAAI/AAAAAAAAF9Y/zxDbA-2mOhI/s128-c0x00000000-cc-rp-mo-ba5/photo.jpg",
            "rating": 5,
            "relative_time_description": "7 months ago",
            "text": "Very nice shop just right small street and somehow almost hidden between trees. \n\nExcellent service, nice and smiling staff. Very clean.\n\nExcellent coffee and without delay. \n\nCozy and nice people around. i will recommend you to have a visit.",
            "time": 1545824995
        },
        {
            "author_name": "Stefanos Chatzipapafotiou",
            "author_url": "https://www.google.com/maps/contrib/100028246860878888235/reviews",
            "language": "en",
            "profile_photo_url": "https://lh3.googleusercontent.com/-BYI6tQuZhpU/AAAAAAAAAAI/AAAAAAAAAAA/ACHi3rdJqwvfSR2jeT7X-mgz-eIASUHjEQ/s128-c0x00000000-cc-rp-mo/photo.jpg",
            "rating": 5,
            "relative_time_description": "5 months ago",
            "text": "Lovely atmosphere, great songs, menu is great too! Staff very attentive. Would recommend for a chill night out!",
            "time": 1549611838
        },
        {
            "author_name": "Anna Magni",
            "author_url": "https://www.google.com/maps/contrib/114372367012456273274/reviews",
            "language": "en",
            "profile_photo_url": "https://lh5.googleusercontent.com/-g8KYe91gNs4/AAAAAAAAAAI/AAAAAAAABrU/hoLTbnAjWxg/s128-c0x00000000-cc-rp-mo-ba3/photo.jpg",
            "rating": 3,
            "relative_time_description": "6 months ago",
            "text": "Great winter bar to dance to good music and drink in reasonable prices. Con: residents are heavy smokers and the ventilation is not great. :/",
            "time": 1546529519
        }
    ],
    "type": "bar"
}
