{
    "id": "4e6fbb02235f7f3c9b497befae62292f1daacff7",
    "location": {
        "lat": 37.977652,
        "lng": 23.734204
    },
    "name": "Salon de Bricolage",
    "rating": 4.1,
    "reviews": [
        {
            "author_name": "Nick Kzs",
            "author_url": "https://www.google.com/maps/contrib/110546272157109031461/reviews",
            "language": "en",
            "profile_photo_url": "https://lh4.googleusercontent.com/-_r9Hbfs79ww/AAAAAAAAAAI/AAAAAAAAAHE/-V-Wy0OOnVg/s128-c0x00000000-cc-rp-mo-ba3/photo.jpg",
            "rating": 5,
            "relative_time_description": "3 months ago",
            "text": "Top vibe\ud83d\udc4c",
            "time": 1556314936
        },
        {
            "author_name": "petros georgakopoulos",
            "author_url": "https://www.google.com/maps/contrib/108201537489388043750/reviews",
            "language": "en",
            "profile_photo_url": "https://lh3.googleusercontent.com/-MxtsGBeR7A4/AAAAAAAAAAI/AAAAAAAAAAA/ACHi3rfiPudYchMc-HX33qTJ9-BfHOIFZw/s128-c0x00000000-cc-rp-mo/photo.jpg",
            "rating": 5,
            "relative_time_description": "7 months ago",
            "text": "Elegant, exclusive, stunning!",
            "time": 1546877940
        },
        {
            "author_name": "Frank F.",
            "author_url": "https://www.google.com/maps/contrib/102004274624343778628/reviews",
            "language": "en",
            "profile_photo_url": "https://lh3.googleusercontent.com/-Mo3z0mZ5OEU/AAAAAAAAAAI/AAAAAAAAKQE/4xBi9coIHpU/s128-c0x00000000-cc-rp-mo-ba4/photo.jpg",
            "rating": 4,
            "relative_time_description": "2 years ago",
            "text": "Very nice club with good music",
            "time": 1491819983
        },
        {
            "author_name": "Marc Blake",
            "author_url": "https://www.google.com/maps/contrib/107802927388325232520/reviews",
            "language": "en",
            "profile_photo_url": "https://lh3.googleusercontent.com/-Ru4LEi_8j5Y/AAAAAAAAAAI/AAAAAAAAADI/CnTBbigI844/s128-c0x00000000-cc-rp-mo-ba5/photo.jpg",
            "rating": 3,
            "relative_time_description": "2 years ago",
            "text": "Unique 3 storeyed venue",
            "time": 1487968987
        },
        {
            "author_name": "Stathis Aspiotis",
            "author_url": "https://www.google.com/maps/contrib/109037245598806264181/reviews",
            "language": "en",
            "profile_photo_url": "https://lh4.googleusercontent.com/-uEJv3sqY0ZM/AAAAAAAAAAI/AAAAAAAAAOI/zoofSi1k3oU/s128-c0x00000000-cc-rp-mo-ba4/photo.jpg",
            "rating": 3,
            "relative_time_description": "2 years ago",
            "text": "Members-only Club ",
            "time": 1482272568
        }
    ],
    "type": "night_club"
}