{
    "id": "6459833c6bc4189c92f5586629af419c8129653c",
    "location": {
        "lat": 37.9763755,
        "lng": 23.7441238
    },
    "name": "Rock n Roll",
    "rating": 4.1,
    "reviews": [
        {
            "author_name": "Samis Samouil",
            "author_url": "https://www.google.com/maps/contrib/118261233315935801926/reviews",
            "language": "en",
            "profile_photo_url": "https://lh5.googleusercontent.com/-bUM0yNyCR2M/AAAAAAAAAAI/AAAAAAAAALE/LWO5mUBirUs/s128-c0x00000000-cc-rp-mo-ba4/photo.jpg",
            "rating": 4,
            "relative_time_description": "5 months ago",
            "text": "Pub food at club prices. Not recommended if not really hungry. Good fun for a drink though.",
            "time": 1550398379
        },
        {
            "author_name": "new deal",
            "author_url": "https://www.google.com/maps/contrib/111770168496083709140/reviews",
            "language": "en",
            "profile_photo_url": "https://lh4.googleusercontent.com/-42lJqjI4iuU/AAAAAAAAAAI/AAAAAAAAAAA/ACHi3rdYPAjc7uu-I2ENPDanTkI6s6uXGw/s128-c0x00000000-cc-rp-mo-ba4/photo.jpg",
            "rating": 5,
            "relative_time_description": "5 months ago",
            "text": "All time classic one of the oldest clubs remaining in the City of Athens. Parking service is available and the place is always crowded with 'extra lively' people until the early hours of the day.....Great fun !!!",
            "time": 1550064036
        },
        {
            "author_name": "Natassa Manitsa",
            "author_url": "https://www.google.com/maps/contrib/102469320080221165799/reviews",
            "language": "en",
            "profile_photo_url": "https://lh5.googleusercontent.com/-jzonK6nHwNg/AAAAAAAAAAI/AAAAAAAAC1g/n_theh0PC_Y/s128-c0x00000000-cc-rp-mo-ba5/photo.jpg",
            "rating": 4,
            "relative_time_description": "4 months ago",
            "text": "All time classic, lovely music but always so crowded",
            "time": 1553169080
        },
        {
            "author_name": "Pericles Marakas",
            "author_url": "https://www.google.com/maps/contrib/107548100787639532241/reviews",
            "language": "en",
            "profile_photo_url": "https://lh5.googleusercontent.com/-_bu4SdZ6QoY/AAAAAAAAAAI/AAAAAAAAAAA/ACHi3rc7uZXcD0rOvL6FpO-F3-uKcrrSKA/s128-c0x00000000-cc-rp-mo/photo.jpg",
            "rating": 5,
            "relative_time_description": "4 months ago",
            "text": "Fashionable club with  the Athens young crowd",
            "time": 1552579214
        },
        {
            "author_name": "Nikos Tsourougiannis",
            "author_url": "https://www.google.com/maps/contrib/117529304831574454818/reviews",
            "language": "en",
            "profile_photo_url": "https://lh3.googleusercontent.com/-4g6tIAb0agI/AAAAAAAAAAI/AAAAAAAAAAA/ACHi3rfrjer99A7rOJi4lLvMWzgkVINn_w/s128-c0x00000000-cc-rp-mo-ba2/photo.jpg",
            "rating": 4,
            "relative_time_description": "4 months ago",
            "text": "Not like the old days... But still rocking",
            "time": 1554996941
        }
    ],
    "type": "bar"
}