{
    "id": "1cdc0afa05a2cab0d11124b1a354612790055a24",
    "location": {
        "lat": 37.98613539999999,
        "lng": 23.7344626
    },
    "name": "THE BAR",
    "rating": 4.1,
    "reviews": [
        {
            "author_name": "Mertcan Huner",
            "author_url": "https://www.google.com/maps/contrib/103156272197761300113/reviews",
            "language": "en",
            "profile_photo_url": "https://lh5.googleusercontent.com/-43W24W951yQ/AAAAAAAAAAI/AAAAAAAAAAA/ACHi3rcw8ERtg5Xtle7VPdRJPiWhgN-lvQ/s128-c0x00000000-cc-rp-mo-ba2/photo.jpg",
            "rating": 1,
            "relative_time_description": "7 months ago",
            "text": "overpriced according to exarcheia standarts",
            "time": 1543865566
        },
        {
            "author_name": "Rikk",
            "author_url": "https://www.google.com/maps/contrib/103489268594240314700/reviews",
            "language": "en",
            "profile_photo_url": "https://lh6.googleusercontent.com/-2wIMn4SauqY/AAAAAAAAAAI/AAAAAAAABbU/NBYiT3lhDtk/s128-c0x00000000-cc-rp-mo/photo.jpg",
            "rating": 5,
            "relative_time_description": "2 years ago",
            "text": "Small place but awesome! ",
            "time": 1495231536
        },
        {
            "author_name": "\u0394\u03b7\u03bc\u03ae\u03c4\u03c1\u03b9\u03bf\u03c2 \u0392\u03b1\u03c1\u03b4\u03ac\u03ba\u03b7\u03c2",
            "author_url": "https://www.google.com/maps/contrib/106767431760376981590/reviews",
            "language": "el",
            "profile_photo_url": "https://lh5.googleusercontent.com/-qoureCd796w/AAAAAAAAAAI/AAAAAAAAAYs/8PeOSCcD-O8/s128-c0x00000000-cc-rp-mo-ba5/photo.jpg",
            "rating": 5,
            "relative_time_description": "2 years ago",
            "text": "\u0395\u03ac\u03bd \u03ad\u03c1\u03b8\u03b5\u03b9\u03c2 \u03bc\u03af\u03b1 \u03c6\u03bf\u03c1\u03ac \u03a3\u0399\u0393\u039f\u03a5\u03a1\u0391 \u03b8\u03b1 \u03be\u03b1\u03bd\u03ac\u03c1\u03b8\u03b5\u03b9\u03c2....",
            "time": 1492965245
        },
        {
            "author_name": "\u0645\u062c\u06cc\u062f \u0628\u0627\u0642\u0631\u067e\u0648\u0631",
            "author_url": "https://www.google.com/maps/contrib/114756757697470366342/reviews",
            "language": "ps",
            "profile_photo_url": "https://lh3.googleusercontent.com/-xEhhnpjuUSU/AAAAAAAAAAI/AAAAAAAAAAA/ACHi3rcXfWHYEkDnDC48R-Djed_OD1mV6A/s128-c0x00000000-cc-rp-mo/photo.jpg",
            "rating": 3,
            "relative_time_description": "5 months ago",
            "text": "\u0686\u0627\u06cc\u0627\u0644",
            "time": 1549308314
        },
        {
            "author_name": "Kleanthis Andreou",
            "author_url": "https://www.google.com/maps/contrib/102039699774434666988/reviews",
            "profile_photo_url": "https://lh4.googleusercontent.com/-wuJ5XmoYlQs/AAAAAAAAAAI/AAAAAAAACJs/-jQaccBKRio/s128-c0x00000000-cc-rp-mo/photo.jpg",
            "rating": 5,
            "relative_time_description": "2 months ago",
            "text": "",
            "time": 1558541799
        }
    ],
    "type": "bar"
}
