{
    "id": "cf5a3398277828d04f2dd5b136bef637ce181fc6",
    "location": {
        "lat": 37.9714671,
        "lng": 23.7576144
    },
    "name": "5 Points",
    "rating": 4.3,
    "reviews": [
        {
            "author_name": "Ioannis Paspatis",
            "author_url": "https://www.google.com/maps/contrib/105609051600007848221/reviews",
            "language": "en",
            "profile_photo_url": "https://lh3.googleusercontent.com/-oJ7aBjecTpc/AAAAAAAAAAI/AAAAAAAAC4Y/pO206By76gw/s128-c0x00000000-cc-rp-mo-ba4/photo.jpg",
            "rating": 3,
            "relative_time_description": "2 weeks ago",
            "text": "Nice bar _ caf\u00e9. Noisy due to nearby road. Not too many people.",
            "time": 1563258678
        },
        {
            "author_name": "Wright Angela",
            "author_url": "https://www.google.com/maps/contrib/117984013763015018194/reviews",
            "language": "en",
            "profile_photo_url": "https://lh4.googleusercontent.com/-Qui-aUmt4Eg/AAAAAAAAAAI/AAAAAAAAAAA/ACHi3rfRWP9_gUycOdrQ4Rq3WqcYh7bu2A/s128-c0x00000000-cc-rp-mo/photo.jpg",
            "rating": 5,
            "relative_time_description": "3 months ago",
            "text": "Very friendly and helpful service. Great mixed grill very filling and tasty.",
            "time": 1556304098
        },
        {
            "author_name": "Tzoni Montana",
            "author_url": "https://www.google.com/maps/contrib/104720452497011246222/reviews",
            "language": "en",
            "profile_photo_url": "https://lh6.googleusercontent.com/-AkxP8cRS56k/AAAAAAAAAAI/AAAAAAAAAAA/ACHi3rdNiD9PSApcYS6qUh1hkeD4bg_iug/s128-c0x00000000-cc-rp-mo-ba3/photo.jpg",
            "rating": 4,
            "relative_time_description": "2 months ago",
            "text": "Nice cozy place. Tasty foods but kinda expensive.",
            "time": 1558175764
        },
        {
            "author_name": "Rebel Sougioultzi",
            "author_url": "https://www.google.com/maps/contrib/116162370060161876644/reviews",
            "language": "en",
            "profile_photo_url": "https://lh5.googleusercontent.com/-PncxMusLmHo/AAAAAAAAAAI/AAAAAAAAALA/hHqJmJvhCxY/s128-c0x00000000-cc-rp-mo/photo.jpg",
            "rating": 5,
            "relative_time_description": "a month ago",
            "text": "Amazing enviroment, good coffee and fullfiling snacks",
            "time": 1559938862
        },
        {
            "author_name": "\u03a7\u0391\u03a1\u0391\u039b\u0391\u039c\u03a0\u039f\u03a3 \u039a\u0391\u03a1\u03a5\u0394\u0397\u03a3",
            "author_url": "https://www.google.com/maps/contrib/103817288339676034750/reviews",
            "language": "en",
            "profile_photo_url": "https://lh5.googleusercontent.com/-b53SvVwF18g/AAAAAAAAAAI/AAAAAAAAAAA/yYywwYaxJG8/s128-c0x00000000-cc-rp-mo-ba5/photo.jpg",
            "rating": 4,
            "relative_time_description": "a month ago",
            "text": "A good solution for a cup of coffee",
            "time": 1561613634
        }
    ],
    "type": "bar"
}
