{
    "id": "800766ebcabc078652975c4a24149701a236e1fa",
    "location": {
        "lat": 37.9784592,
        "lng": 23.7433185
    },
    "name": "Stinking Bishop",
    "rating": 4.3,
    "reviews": [
        {
            "author_name": "Ron Lanier",
            "author_url": "https://www.google.com/maps/contrib/118434118516824181296/reviews",
            "language": "en",
            "profile_photo_url": "https://lh4.googleusercontent.com/-ZpAcTewwbNo/AAAAAAAAAAI/AAAAAAAAABw/yCaB7UmDgwk/s128-c0x00000000-cc-rp-mo/photo.jpg",
            "rating": 5,
            "relative_time_description": "4 weeks ago",
            "text": "How can you not like this place with Yesnik as the professional bartender? He is amazing and the drinks are amazing. We had the best unexpected time!",
            "time": 1562420057
        },
        {
            "author_name": "Matei Paun",
            "author_url": "https://www.google.com/maps/contrib/107692740243823450490/reviews",
            "language": "en",
            "profile_photo_url": "https://lh5.googleusercontent.com/-h_34R0ddy5M/AAAAAAAAAAI/AAAAAAAAADY/oJ5bAAjJdEw/s128-c0x00000000-cc-rp-mo-ba4/photo.jpg",
            "rating": 5,
            "relative_time_description": "3 weeks ago",
            "text": "Excellent wines and food. Sophisticated. Great service.",
            "time": 1562711053
        },
        {
            "author_name": "Christian Leinert",
            "author_url": "https://www.google.com/maps/contrib/111437818555924529607/reviews",
            "language": "en",
            "profile_photo_url": "https://lh6.googleusercontent.com/-cNgthxO8SxU/AAAAAAAAAAI/AAAAAAAAABs/72kJu9c5S60/s128-c0x00000000-cc-rp-mo/photo.jpg",
            "rating": 5,
            "relative_time_description": "a month ago",
            "text": "Great Food, Nice Wine... excellent Service... strongly recommended",
            "time": 1560020577
        },
        {
            "author_name": "IOANNIS DIMITROULIS",
            "author_url": "https://www.google.com/maps/contrib/102869050992720638752/reviews",
            "language": "en",
            "profile_photo_url": "https://lh3.googleusercontent.com/-DXKSJ8u7taY/AAAAAAAAAAI/AAAAAAAAAAA/ACHi3rcVP-K_szt1xPsV1ga-lQV8dLDMIA/s128-c0x00000000-cc-rp-mo-ba3/photo.jpg",
            "rating": 4,
            "relative_time_description": "a month ago",
            "text": "Nice food, quite place, good service in downtown Athens.",
            "time": 1560614109
        },
        {
            "author_name": "NPC",
            "author_url": "https://www.google.com/maps/contrib/103963095881158373129/reviews",
            "language": "en",
            "profile_photo_url": "https://lh6.googleusercontent.com/-deSZxhw-MsA/AAAAAAAAAAI/AAAAAAAADkw/Wv09IP5SYxs/s128-c0x00000000-cc-rp-mo-ba4/photo.jpg",
            "rating": 5,
            "relative_time_description": "3 months ago",
            "text": "Creative food, attentive service and the best Kolonaki vibe for those who like good food and wine but prefer to avoid the teen/pickup scene. \n\nFotis, the owner has managed to consistently offer excellent food while offering a menu which changes to reflect seasonal availability. At the weekends, when the surrounding late night eateries are a creepfest, SB manages to keep it fun and buzzing until very late with the successful combo of great food, an excellent wine cellar and the best service in town.",
            "time": 1556967964
        }
    ],
    "type": "bar"
}
