{
    "id": "6bc779ae4e4f414a30827c837c715402b85ec04d",
    "location": {
        "lat": 37.985283,
        "lng": 23.7353698
    },
    "name": "Kubrick Cooperative Caf\u00e9 / Bar",
    "rating": 4.4,
    "reviews": [
        {
            "author_name": "bebe grop",
            "author_url": "https://www.google.com/maps/contrib/105520878710886394737/reviews",
            "language": "en",
            "profile_photo_url": "https://lh6.googleusercontent.com/-gbSQa-8_qVM/AAAAAAAAAAI/AAAAAAAAAHE/TNg4prGppRA/s128-c0x00000000-cc-rp-mo/photo.jpg",
            "rating": 5,
            "relative_time_description": "2 months ago",
            "text": "One of the few places in Athens that provides visitors with good espresso. Film festivals are being introduced from time to time.",
            "time": 1559564180
        },
        {
            "author_name": "Giorgos Kalomalos",
            "author_url": "https://www.google.com/maps/contrib/113303497512178439270/reviews",
            "language": "en",
            "profile_photo_url": "https://lh4.googleusercontent.com/-v-hWNr1Sjt8/AAAAAAAAAAI/AAAAAAAAGy0/yLhq4i0KN60/s128-c0x00000000-cc-rp-mo/photo.jpg",
            "rating": 5,
            "relative_time_description": "3 months ago",
            "text": "Great atmosphere, music and service. Affordable beers, drinks and cocktails",
            "time": 1555532474
        },
        {
            "author_name": "Eftihis Efthimiou",
            "author_url": "https://www.google.com/maps/contrib/102640159038292561048/reviews",
            "language": "en",
            "profile_photo_url": "https://lh5.googleusercontent.com/-ZVOwfUnU4N4/AAAAAAAAAAI/AAAAAAAAAAA/ACHi3rcTSjp3fn-Rr4ro0OCVgfiAumbBYg/s128-c0x00000000-cc-rp-mo-ba4/photo.jpg",
            "rating": 4,
            "relative_time_description": "6 months ago",
            "text": "A humble place, but friendly. You can go there to play some board games (has some big tables), for coffee or for studying, if you can handle mild noise.",
            "time": 1546800164
        },
        {
            "author_name": "thanasis tefos",
            "author_url": "https://www.google.com/maps/contrib/112319343314005702622/reviews",
            "language": "en",
            "profile_photo_url": "https://lh3.googleusercontent.com/-6iiQdeNOhcU/AAAAAAAAAAI/AAAAAAAAG5s/0D639LOhOYs/s128-c0x00000000-cc-rp-mo-ba3/photo.jpg",
            "rating": 5,
            "relative_time_description": "6 months ago",
            "text": "The best in exarcheia! \u2764\ufe0f Good prices! Good ambiance!",
            "time": 1548789993
        },
        {
            "author_name": "Alexios Pagkozidis",
            "author_url": "https://www.google.com/maps/contrib/115353071563217609857/reviews",
            "language": "en",
            "profile_photo_url": "https://lh5.googleusercontent.com/-k0IZ7HO7rA0/AAAAAAAAAAI/AAAAAAAAAes/Sp_KserpFEk/s128-c0x00000000-cc-rp-mo-ba2/photo.jpg",
            "rating": 3,
            "relative_time_description": "a year ago",
            "text": "Classic traditional Exahrhian coffee/bar to relax and drink some raki",
            "time": 1523871869
        }
    ],
    "type": "bar"
}
