{
    "id": "0e2db1918ebfa5d838d0a66a0d5104138d604d75",
    "location": {
        "lat": 37.97887070000001,
        "lng": 23.7452615
    },
    "name": "La Esquina Athens",
    "rating": 4.3,
    "reviews": [
        {
            "author_name": "Dimitris Minas",
            "author_url": "https://www.google.com/maps/contrib/102045950024111743775/reviews",
            "language": "en",
            "profile_photo_url": "https://lh4.googleusercontent.com/-Ze178qF6wOo/AAAAAAAAAAI/AAAAAAAABTE/QpTfF-yDscI/s128-c0x00000000-cc-rp-mo/photo.jpg",
            "rating": 3,
            "relative_time_description": "a month ago",
            "text": "Delicious burgers and exceptional cocktails. A good place to have lunch or dinner.",
            "time": 1560326945
        },
        {
            "author_name": "max birikov",
            "author_url": "https://www.google.com/maps/contrib/116271830853894555786/reviews",
            "language": "en",
            "profile_photo_url": "https://lh3.googleusercontent.com/-S-fO-TpJIMQ/AAAAAAAAAAI/AAAAAAAAASE/ZhaK9tW1gMg/s128-c0x00000000-cc-rp-mo-ba3/photo.jpg",
            "rating": 4,
            "relative_time_description": "a month ago",
            "text": "Great food and generous portions, seriously Drinks came out a little too slowly - if they would have brought the drinks before our food, we would have ordered another round.",
            "time": 1560797387
        },
        {
            "author_name": "Jochen Gutbrod",
            "author_url": "https://www.google.com/maps/contrib/105495712772419744882/reviews",
            "language": "en",
            "profile_photo_url": "https://lh5.googleusercontent.com/-R_0DM-JHEA4/AAAAAAAAAAI/AAAAAAAAAAA/ACHi3rcTjOJyuErNzFjpx-ohxQeGfmNwCA/s128-c0x00000000-cc-rp-mo-ba2/photo.jpg",
            "rating": 5,
            "relative_time_description": "3 months ago",
            "text": "Very nice location outside. Burgers are good and staff is very friendly. Atmosphere and Bar are probably the main reason to go.",
            "time": 1556057412
        },
        {
            "author_name": "Basil Papadimas",
            "author_url": "https://www.google.com/maps/contrib/113242392547595179961/reviews",
            "language": "en",
            "profile_photo_url": "https://lh4.googleusercontent.com/-fooJ6SPWp1A/AAAAAAAAAAI/AAAAAAAAUrc/0A_hOuZoY8M/s128-c0x00000000-cc-rp-mo-ba3/photo.jpg",
            "rating": 5,
            "relative_time_description": "5 months ago",
            "text": "It's hard to think of something bad to say about this place, compared to all the great things that instantly come to mind.\n\nThe food is amazing\u2013 I'd personally recommend the \u00abMushroom Vs. Cheddar\u00bb burger. The service is excellent, and although I spoke Greek to the polite waiter, I'm sure they speak English well. \n\nWe were served with little delay. No loud, untasteful music was played and most importantly, the pricing matched the quality of service with ease. \n\nOverall, this is surely a place to become a regular of, especially easy given it's central and therefore accessible location.",
            "time": 1550332593
        },
        {
            "author_name": "pantomime Pete sick of it all NYHC",
            "author_url": "https://www.google.com/maps/contrib/105061521194678690117/reviews",
            "language": "en",
            "profile_photo_url": "https://lh3.googleusercontent.com/-Cuf2i0Ndv1w/AAAAAAAAAAI/AAAAAAAAAAA/ACHi3rd62rXqX9_RF5dvmmcVUSir-3WF4A/s128-c0x00000000-cc-rp-mo-ba3/photo.jpg",
            "rating": 5,
            "relative_time_description": "3 weeks ago",
            "text": "Nice hotel cool location...GEET SUM",
            "time": 1562542234
        }
    ],
    "type": "bar"
}
