{
    "id": "c2c1ce5ed19cdb758930307df00e9d801a4c13e7",
    "location": {
        "lat": 37.9811672,
        "lng": 23.7163576
    },
    "name": "Kerameion",
    "rating": 4.5,
    "reviews": [
        {
            "author_name": "\u05e0\u05d2\u05d4 \u05d0\u05e1\u05e3",
            "author_url": "https://www.google.com/maps/contrib/111491035350190005907/reviews",
            "language": "en",
            "profile_photo_url": "https://lh5.googleusercontent.com/-YO6sBwV362w/AAAAAAAAAAI/AAAAAAAAAow/hdXqtUXrdnE/s128-c0x00000000-cc-rp-mo-ba3/photo.jpg",
            "rating": 5,
            "relative_time_description": "a month ago",
            "text": "Cocktail with excellent taste. A cool place with a different atmosphere and creativity in the design of the place. I asked for a special cocktail and it was more than good. Highly recommend. thank you for the hospitality. ;))",
            "time": 1561248176
        },
        {
            "author_name": "Tim Krash",
            "author_url": "https://www.google.com/maps/contrib/109038097721745941572/reviews",
            "language": "en",
            "profile_photo_url": "https://lh4.googleusercontent.com/-3DJ_gT964lU/AAAAAAAAAAI/AAAAAAAAAcs/1L6jEjhW3o0/s128-c0x00000000-cc-rp-mo/photo.jpg",
            "rating": 5,
            "relative_time_description": "5 months ago",
            "text": "Lovely place, great atmosphere and music. They host a lot of live shows and the weekends are crazy. Funk / Soul / Reggae / Jazz / Rock N Roll / Blues and much more. \nI would strongly recommend visiting Friday night and enjoy great music selections from a DJ going by the name of Funk Soul Brother.\nPS. Put on your dancing shoes!",
            "time": 1550642127
        },
        {
            "author_name": "Konstantina Koliopoulou",
            "author_url": "https://www.google.com/maps/contrib/104790308552821545890/reviews",
            "language": "en",
            "profile_photo_url": "https://lh6.googleusercontent.com/-YlBDyZudLO4/AAAAAAAAAAI/AAAAAAAANso/PfmYmm1mUHA/s128-c0x00000000-cc-rp-mo-ba5/photo.jpg",
            "rating": 5,
            "relative_time_description": "3 months ago",
            "text": "Nice choice for a drink. It has beautiful decoration and  it has also  a courtyard. Many options to order like beer, raki, wine, cocktails and so on.",
            "time": 1555255117
        },
        {
            "author_name": "Emmy Dil",
            "author_url": "https://www.google.com/maps/contrib/110689509650086544997/reviews",
            "language": "en",
            "profile_photo_url": "https://lh3.googleusercontent.com/-krgWd5b5SVs/AAAAAAAAAAI/AAAAAAAAAAA/ACHi3rexFPQGt2fzcHQWOPcTi-Qe88UPVQ/s128-c0x00000000-cc-rp-mo-ba2/photo.jpg",
            "rating": 3,
            "relative_time_description": "3 weeks ago",
            "text": "Nice, but kind of pricey place.",
            "time": 1562604807
        },
        {
            "author_name": "Nick Byroglou",
            "author_url": "https://www.google.com/maps/contrib/114067997772944182895/reviews",
            "language": "en",
            "profile_photo_url": "https://lh4.googleusercontent.com/-iDmdwdXY4KM/AAAAAAAAAAI/AAAAAAAAgTE/KvlC62vozGY/s128-c0x00000000-cc-rp-mo-ba6/photo.jpg",
            "rating": 5,
            "relative_time_description": "2 months ago",
            "text": "Thank you for your hospitality we had a great time!",
            "time": 1558301567
        }
    ],
    "type": "bar"
}
