{
    "id": "f92b11e15c11d63685050f2cf7bbb9aa768e65af",
    "location": {
        "lat": 37.9781701,
        "lng": 23.722256
    },
    "name": "FOUR TWENTY THE BREAK BAR",
    "rating": 4,
    "reviews": [
        {
            "author_name": "Chrissa K",
            "author_url": "https://www.google.com/maps/contrib/116029478258171467554/reviews",
            "language": "en",
            "profile_photo_url": "https://lh4.googleusercontent.com/-5bkrTB576eY/AAAAAAAAAAI/AAAAAAAAMY8/n9fFyXOZWdI/s128-c0x00000000-cc-rp-mo-ba3/photo.jpg",
            "rating": 1,
            "relative_time_description": "10 months ago",
            "text": "Pretty bad! First of all there\u2019s no menu so they charge u what they want! Convenient! One of the cocktails was pretty bad so we sent it back when the bill came nothing was itemized & we were charged for the bad cocktail that we didn\u2019t drink. No receipt was issued only when we asked for one! Then management demanded for us to pay for something we didn\u2019t have / continued to say the client was wrong! Way to go Greece! At least the music was good and the place very cute.",
            "time": 1538781393
        },
        {
            "author_name": "Jason Morrissey",
            "author_url": "https://www.google.com/maps/contrib/111461836419859534810/reviews",
            "language": "en",
            "profile_photo_url": "https://lh4.googleusercontent.com/-2FBS2eWy9X8/AAAAAAAAAAI/AAAAAAAAAB0/_xsBwgg6Fh8/s128-c0x00000000-cc-rp-mo/photo.jpg",
            "rating": 1,
            "relative_time_description": "5 months ago",
            "text": "Cheating swine. Absolute joke of a place. No menus, no prices, no wine (in Greece?!), no snacks. Ordered a small Alfa beer and a glass of ouzo, charged \u20ac10. If we knew the price beforehand we would have gone elsewhere as this is extortionate.",
            "time": 1551611873
        },
        {
            "author_name": "Jacob Briggs",
            "author_url": "https://www.google.com/maps/contrib/118417248213874086960/reviews",
            "language": "en",
            "profile_photo_url": "https://lh5.googleusercontent.com/-eiWAbkAfEq8/AAAAAAAAAAI/AAAAAAAAFMg/-oZ1abIzXNM/s128-c0x00000000-cc-rp-mo-ba4/photo.jpg",
            "rating": 3,
            "relative_time_description": "3 months ago",
            "text": "Nice atmosphere, loud local DJ but drinks were overpriced for the quality.",
            "time": 1555268822
        },
        {
            "author_name": "ugur sari",
            "author_url": "https://www.google.com/maps/contrib/101305789776566455516/reviews",
            "language": "en",
            "profile_photo_url": "https://lh6.googleusercontent.com/-8bPLs6M_kVw/AAAAAAAAAAI/AAAAAAAAd9s/1nqJTTh4W6M/s128-c0x00000000-cc-rp-mo-ba4/photo.jpg",
            "rating": 5,
            "relative_time_description": "a year ago",
            "text": "A very nice bar with many choices of drinks. Most of the time local djs are playing different genres depends on the day. It's in the very centre of the city so you can have a stop anytime you are passing by. There are also tables on the street so you can sit outside. Indoor is quite small but it can fit more than 25 people and it can be warm when everybody is dancing. Raggea, house, tech house and different genres of music is being played on everyday you can have different kind of music.",
            "time": 1514666534
        },
        {
            "author_name": "Corey Frank",
            "author_url": "https://www.google.com/maps/contrib/107284902321184308578/reviews",
            "language": "en",
            "profile_photo_url": "https://lh4.googleusercontent.com/-TammHYGHPsI/AAAAAAAAAAI/AAAAAAAAAUM/cdwfStpyMkI/s128-c0x00000000-cc-rp-mo-ba4/photo.jpg",
            "rating": 4,
            "relative_time_description": "2 years ago",
            "text": "The drinks were OK (why my girlfriend orders a mojito in Greece, we will never know, but it certainly needed a further muddle and stir). The bartender didn't seem to want folks ordering from the bar, nor did he want to take orders from the table, so we sat drinkless longer than we would like, but the nearby neighborhood is an interesting place to have a sit. ",
            "time": 1495455856
        }
    ],
    "type": "bar"
}
