{
    "id": "427044c8acc6ff9a1cab03e586c7f6c529ba1308",
    "location": {
        "lat": 37.967323,
        "lng": 23.728647
    },
    "name": "Athens Sports Bar",
    "rating": 4.3,
    "reviews": [
        {
            "author_name": "Ashly Romero",
            "author_url": "https://www.google.com/maps/contrib/113555230973490128830/reviews",
            "language": "en",
            "profile_photo_url": "https://lh3.googleusercontent.com/-7K3Lgf3HlGU/AAAAAAAAAAI/AAAAAAAABUw/IyUxOkiFREE/s128-c0x00000000-cc-rp-mo/photo.jpg",
            "rating": 5,
            "relative_time_description": "4 weeks ago",
            "text": "Great place for watching sporting events. We went here to watch the women\u2019s World Cup and they put the game on for us. Drinks are great. I didn\u2019t order food because i wasn\u2019t really on the mood for American while traveling abroad, but I heard it was good from those around me. Staff are friendly and service was great.",
            "time": 1561488792
        },
        {
            "author_name": "mike thayer",
            "author_url": "https://www.google.com/maps/contrib/114895198185480059373/reviews",
            "language": "en",
            "profile_photo_url": "https://lh6.googleusercontent.com/-GoSJXLevkF8/AAAAAAAAAAI/AAAAAAAAAEA/_UWL1R3cy88/s128-c0x00000000-cc-rp-mo-ba3/photo.jpg",
            "rating": 5,
            "relative_time_description": "2 weeks ago",
            "text": "Had a wonderful experience at Athens Sports Bar, I had to return for each day while I was in Athens because the bartenders (Elizabeth and Lucas) were greatly hospitable and gave the best advice for my trip to the Islands. Also, they have a great open-air bar with their own special drinks. If you're nice and tip well you might be able to try them for free!",
            "time": 1562573255
        },
        {
            "author_name": "Steve Daniels",
            "author_url": "https://www.google.com/maps/contrib/104309066343144789177/reviews",
            "language": "en",
            "profile_photo_url": "https://lh4.googleusercontent.com/-LoI6YQLrQ0E/AAAAAAAAAAI/AAAAAAAAAAA/ACHi3rerZDTT5UoK83uMEEoTf1OUjWdyOg/s128-c0x00000000-cc-rp-mo/photo.jpg",
            "rating": 5,
            "relative_time_description": "a month ago",
            "text": "Awesome experience! Lucas the bartender was great. Very attentive to my needs. Very professional, outgoing and friendly.",
            "time": 1561234010
        },
        {
            "author_name": "Lorenzo Marquez",
            "author_url": "https://www.google.com/maps/contrib/117404375852721743759/reviews",
            "language": "en",
            "profile_photo_url": "https://lh6.googleusercontent.com/-AGvZEoKRlAQ/AAAAAAAAAAI/AAAAAAAAB28/BwTFCODgx7I/s128-c0x00000000-cc-rp-mo/photo.jpg",
            "rating": 5,
            "relative_time_description": "2 months ago",
            "text": "Great sport bar to watch any kind of sport you are into. They were showing the grand Prix and I got into it. Great selection of food and beer as well. The bartender girl was cute.",
            "time": 1557322519
        },
        {
            "author_name": "Paschalis",
            "author_url": "https://www.google.com/maps/contrib/111759498149095020623/reviews",
            "language": "en",
            "profile_photo_url": "https://lh4.googleusercontent.com/-viiCof3B5bc/AAAAAAAAAAI/AAAAAAAADMw/gaGFUHi3RC8/s128-c0x00000000-cc-rp-mo/photo.jpg",
            "rating": 5,
            "relative_time_description": "in the last week",
            "text": "Best atmosphere as well as location... Lucas the bar tender is very talkative! Would visit again",
            "time": 1563553138
        }
    ],
    "type": "bar"
}
