{
    "id": "92e7d95306cff130bac16bc58c3464a825868e65",
    "location": {
        "lat": 37.9835126,
        "lng": 23.7332569
    },
    "name": "Harry's Bar",
    "rating": 4.6,
    "reviews": [
        {
            "author_name": "Peter Whelpton",
            "author_url": "https://www.google.com/maps/contrib/111388836137718225683/reviews",
            "language": "en",
            "profile_photo_url": "https://lh4.googleusercontent.com/-2af2cYPwnMA/AAAAAAAAAAI/AAAAAAAABT8/smYY0KQt2DE/s128-c0x00000000-cc-rp-mo/photo.jpg",
            "rating": 3,
            "relative_time_description": "a month ago",
            "text": "Choice of beers was limited, Stella being the best",
            "time": 1561398940
        },
        {
            "author_name": "Brett Gottfried",
            "author_url": "https://www.google.com/maps/contrib/105438267083426778324/reviews",
            "language": "en",
            "profile_photo_url": "https://lh3.googleusercontent.com/-_dMo5W1NQ8Q/AAAAAAAAAAI/AAAAAAAAT-o/g8RrkFMLevk/s128-c0x00000000-cc-rp-mo-ba6/photo.jpg",
            "rating": 5,
            "relative_time_description": "a year ago",
            "text": "Very nice and quick staff. The prices were good and with ample outdoor seating it is great for people watching. They also have a large amount of indoor seating where you can admire the 1950:d themed decor, very fun. \n\nGreat place to grab a coffee or a late night drink.\n\nThey didn't have an English menu though.",
            "time": 1524290395
        },
        {
            "author_name": "Kinjal Vora",
            "author_url": "https://www.google.com/maps/contrib/107586611271404841342/reviews",
            "language": "en",
            "profile_photo_url": "https://lh4.googleusercontent.com/-FE6OSr_qWgU/AAAAAAAAAAI/AAAAAAAAHnQ/k-1fWpvhp9Y/s128-c0x00000000-cc-rp-mo-ba3/photo.jpg",
            "rating": 4,
            "relative_time_description": "a year ago",
            "text": "Cosy place with live music on certain days",
            "time": 1521883210
        },
        {
            "author_name": "\u03a7\u03a1\u0397\u03a3\u03a4\u039f\u03a3 \u039a\u039f\u039d\u03a4\u039f\u03a3",
            "author_url": "https://www.google.com/maps/contrib/109814179303593596601/reviews",
            "language": "el",
            "profile_photo_url": "https://lh4.googleusercontent.com/-TsaiWi1Yzgw/AAAAAAAAAAI/AAAAAAAAAAA/ACHi3reZBkfLwm6_KYBGLU2UaqnpR_6Axg/s128-c0x00000000-cc-rp-mo/photo.jpg",
            "rating": 4,
            "relative_time_description": "7 months ago",
            "text": "\u0396\u03b5\u03c3\u03c4\u03cc\u03c2 \u03c7\u03ce\u03c1\u03bf\u03c2 .\u0397\u03bb\u03b9\u03ba\u03af\u03b5\u03c2 \u03ac\u03bd\u03c9 50",
            "time": 1546303702
        },
        {
            "author_name": "Man Orol",
            "author_url": "https://www.google.com/maps/contrib/108766776498882313250/reviews",
            "language": "el",
            "profile_photo_url": "https://lh4.googleusercontent.com/-m0zeaWni_6g/AAAAAAAAAAI/AAAAAAAAAE8/urBoAxEVC3E/s128-c0x00000000-cc-rp-mo-ba5/photo.jpg",
            "rating": 3,
            "relative_time_description": "a year ago",
            "text": "\u0391\u03c1\u03ba\u03b5\u03c4\u03ac \u03c0\u03c1\u03bf\u03c3\u03b5\u03b3\u03bc\u03ad\u03bd\u03bf\u03c2 \u03a7\u03ce\u03c1\u03bf\u03c2, \u03ba\u03b1\u03bb\u03ad\u03c2 \u03c4\u03b9\u03bc\u03ad\u03c2 \u03c3\u03b5 \u03b3\u03b5\u03bd\u03b9\u03ba\u03ad\u03c2 \u03b3\u03c1\u03b1\u03bc\u03bc\u03ad\u03c2. \u03a4\u03b1 \u03c4\u03c1\u03b1\u03c0\u03ad\u03b6\u03b9\u03b1 \u03c3\u03c4\u03bf \u03c0\u03b5\u03b6\u03bf\u03b4\u03c1\u03cc\u03bc\u03b9\u03bf \u03ba\u03ac\u03c4\u03c9 \u03c4\u03bf\u03c5 \u03bc\u03b5\u03c4\u03c1\u03af\u03bf\u03c5. \u0394\u03b5\u03bd \u03b5\u03af\u03bd\u03b1\u03b9 \u03ba\u03b1\u03c4\u03ac\u03bb\u03bb\u03b7\u03bb\u03bf\u03c2 \u03bf \u03b5\u03be\u03c9\u03c4\u03b5\u03c1\u03b9\u03ba\u03cc\u03c2 \u03c7\u03ce\u03c1\u03bf\u03c2 \u03b3\u03b9\u03b1 \u03c4\u03c1\u03b1\u03c0\u03b5\u03b6\u03ac\u03ba\u03b9\u03b1. \u038a\u03c3\u03c9\u03c2 \u03b1\u03bd \u03ae\u03c4\u03b1\u03bd \u03bc\u03b9\u03ba\u03c1\u03cc\u03c4\u03b5\u03c1\u03b1 \u03ba\u03b1\u03b9 \u03b5\u03af\u03c7\u03b5 \u03c0\u03b9\u03bf \u03c0\u03bf\u03bb\u03cd \u03c0\u03c1\u03ac\u03c3\u03b9\u03bd\u03bf.. \u03a0\u03b1\u03bd\u03c9  \u03b1\u03c0\u03cc \u03cc\u03bb\u03b1 \u03cc\u03bc\u03c9\u03c2 \u03b5\u03bb\u03c0\u03af\u03b6\u03c9 \u03bd\u03b1 \u03c0\u03b1\u03c1\u03b1\u03bc\u03b5\u03af\u03bd\u03b5\u03b9 \u03c3\u03b5 \u03bb\u03b5\u03b9\u03c4\u03bf\u03c5\u03c1\u03b3\u03af\u03b1 \u03ba\u03b1\u03b9 \u03bd\u03b1 \u03bc\u03b7\u03bd \u03ba\u03bb\u03b5\u03b9\u03c3\u03b5\u03b9 \u03cc\u03c0\u03c9\u03c2 \u03ba\u03b1\u03b9 \u03c4\u03b9\u03c2 \u03c0\u03c1\u03bf\u03b7\u03b3\u03bf\u03cd\u03bc\u03b5\u03bd\u03b5\u03c2 3 \u03c6\u03bf\u03c1\u03ad\u03c2...",
            "time": 1524484877
        }
    ],
    "type": "bar"
}
