{
    "contributors": null,
    "coordinates": null,
    "created_at": "Thu Aug 01 14:44:36 +0000 2019",
    "entities": {
        "hashtags": [
            {
                "indices": [
                    25,
                    35
                ],
                "text": "Exarcheia"
            },
            {
                "indices": [
                    37,
                    44
                ],
                "text": "Athens"
            },
            {
                "indices": [
                    76,
                    83
                ],
                "text": "Alexis"
            },
            {
                "indices": [
                    98,
                    109
                ],
                "text": "antireport"
            }
        ],
        "symbols": [],
        "urls": [],
        "user_mentions": [
            {
                "id": 298652581,
                "id_str": "298652581",
                "indices": [
                    3,
                    12
                ],
                "name": "Enough 14",
                "screen_name": "enough14"
            },
            {
                "id": 1904458680,
                "id_str": "1904458680",
                "indices": [
                    120,
                    134
                ],
                "name": "\u0391\u03bd\u03c4\u03b9\u03c1\u03c1\u03b7\u03c3. \u03a3\u03c5\u03bd\u03b5\u03af\u03b4\u03b7\u03c3\u03b7\u03c2",
                "screen_name": "rozahfourioza"
            }
        ]
    },
    "favorite_count": 0,
    "favorited": false,
    "geo": null,
    "id": 1156938788054216705,
    "id_str": "1156938788054216705",
    "in_reply_to_screen_name": null,
    "in_reply_to_status_id": null,
    "in_reply_to_status_id_str": null,
    "in_reply_to_user_id": null,
    "in_reply_to_user_id_str": null,
    "is_quote_status": false,
    "lang": "en",
    "metadata": {
        "iso_language_code": "en",
        "result_type": "recent"
    },
    "place": null,
    "retweet_count": 24,
    "retweeted": false,
    "retweeted_status": {
        "contributors": null,
        "coordinates": null,
        "created_at": "Wed Jul 31 21:11:15 +0000 2019",
        "entities": {
            "hashtags": [
                {
                    "indices": [
                        11,
                        21
                    ],
                    "text": "Exarcheia"
                },
                {
                    "indices": [
                        23,
                        30
                    ],
                    "text": "Athens"
                },
                {
                    "indices": [
                        62,
                        69
                    ],
                    "text": "Alexis"
                },
                {
                    "indices": [
                        84,
                        95
                    ],
                    "text": "antireport"
                }
            ],
            "symbols": [],
            "urls": [
                {
                    "display_url": "twitter.com/i/web/status/1\u2026",
                    "expanded_url": "https://twitter.com/i/web/status/1156673702160998400",
                    "indices": [
                        107,
                        130
                    ],
                    "url": "https://t.co/i5kcJPykcm"
                }
            ],
            "user_mentions": []
        },
        "favorite_count": 18,
        "favorited": false,
        "geo": null,
        "id": 1156673702160998400,
        "id_str": "1156673702160998400",
        "in_reply_to_screen_name": "enough14",
        "in_reply_to_status_id": 1156659232256745473,
        "in_reply_to_status_id_str": "1156659232256745473",
        "in_reply_to_user_id": 298652581,
        "in_reply_to_user_id_str": "298652581",
        "is_quote_status": false,
        "lang": "en",
        "metadata": {
            "iso_language_code": "en",
            "result_type": "recent"
        },
        "place": null,
        "possibly_sensitive": false,
        "retweet_count": 24,
        "retweeted": false,
        "source": "<a href=\"http://twitter.com/download/android\" rel=\"nofollow\">Twitter for Android</a>",
        "text": "Clashes in #Exarcheia, #Athens continue after cop that killed #Alexis was released. #antireport. Image by\u2026 https://t.co/i5kcJPykcm",
        "truncated": true,
        "user": {
            "contributors_enabled": false,
            "created_at": "Sat May 14 17:57:25 +0000 2011",
            "default_profile": false,
            "default_profile_image": false,
            "description": "Its time to revolt!",
            "entities": {
                "description": {
                    "urls": []
                },
                "url": {
                    "urls": [
                        {
                            "display_url": "enoughisenough14.org",
                            "expanded_url": "https://enoughisenough14.org",
                            "indices": [
                                0,
                                23
                            ],
                            "url": "https://t.co/xV3QvhQ3R1"
                        }
                    ]
                }
            },
            "favourites_count": 7696,
            "follow_request_sent": false,
            "followers_count": 18171,
            "following": false,
            "friends_count": 1000,
            "geo_enabled": true,
            "has_extended_profile": false,
            "id": 298652581,
            "id_str": "298652581",
            "is_translation_enabled": false,
            "is_translator": false,
            "lang": null,
            "listed_count": 419,
            "location": "Planet Earth",
            "name": "Enough 14",
            "notifications": false,
            "profile_background_color": "000000",
            "profile_background_image_url": "http://abs.twimg.com/images/themes/theme1/bg.png",
            "profile_background_image_url_https": "https://abs.twimg.com/images/themes/theme1/bg.png",
            "profile_background_tile": true,
            "profile_banner_url": "https://pbs.twimg.com/profile_banners/298652581/1538545773",
            "profile_image_url": "http://pbs.twimg.com/profile_images/1047361937850421248/yWCml7l4_normal.jpg",
            "profile_image_url_https": "https://pbs.twimg.com/profile_images/1047361937850421248/yWCml7l4_normal.jpg",
            "profile_link_color": "FA0000",
            "profile_sidebar_border_color": "FFFFFF",
            "profile_sidebar_fill_color": "E0DCF5",
            "profile_text_color": "050505",
            "profile_use_background_image": true,
            "protected": false,
            "screen_name": "enough14",
            "statuses_count": 56970,
            "time_zone": null,
            "translator_type": "none",
            "url": "https://t.co/xV3QvhQ3R1",
            "utc_offset": null,
            "verified": false
        }
    },
    "source": "<a href=\"http://twitter.com/download/android\" rel=\"nofollow\">Twitter for Android</a>",
    "text": "RT @enough14: Clashes in #Exarcheia, #Athens continue after cop that killed #Alexis was released. #antireport. Image by @rozahfourioza http\u2026",
    "truncated": false,
    "user": {
        "contributors_enabled": false,
        "created_at": "Wed Sep 27 12:14:19 +0000 2017",
        "default_profile": false,
        "default_profile_image": false,
        "description": "Re-piulo, no piulo. #ACAB #RASH #Oi! #NSA #IRPGF #YPG #EZLN #IRA #FreePalestina #alertalliri #antilliristes",
        "entities": {
            "description": {
                "urls": []
            }
        },
        "favourites_count": 7865,
        "follow_request_sent": false,
        "followers_count": 186,
        "following": false,
        "friends_count": 483,
        "geo_enabled": false,
        "has_extended_profile": false,
        "id": 913013935334395906,
        "id_str": "913013935334395906",
        "is_translation_enabled": false,
        "is_translator": false,
        "lang": null,
        "listed_count": 4,
        "location": "St. Esteve de les Roures",
        "name": "Repiulador anti-sistema",
        "notifications": false,
        "profile_background_color": "000000",
        "profile_background_image_url": "http://abs.twimg.com/images/themes/theme1/bg.png",
        "profile_background_image_url_https": "https://abs.twimg.com/images/themes/theme1/bg.png",
        "profile_background_tile": false,
        "profile_banner_url": "https://pbs.twimg.com/profile_banners/913013935334395906/1545915720",
        "profile_image_url": "http://pbs.twimg.com/profile_images/1078803340643971073/P3fkbSJz_normal.jpg",
        "profile_image_url_https": "https://pbs.twimg.com/profile_images/1078803340643971073/P3fkbSJz_normal.jpg",
        "profile_link_color": "E81C4F",
        "profile_sidebar_border_color": "000000",
        "profile_sidebar_fill_color": "000000",
        "profile_text_color": "000000",
        "profile_use_background_image": false,
        "protected": false,
        "screen_name": "repiulador_SEdR",
        "statuses_count": 17705,
        "time_zone": null,
        "translator_type": "none",
        "url": null,
        "utc_offset": null,
        "verified": false
    }
}
