{
    "contributors": null,
    "coordinates": null,
    "created_at": "Tue Jun 25 11:51:07 +0000 2019",
    "entities": {
        "hashtags": [
            {
                "indices": [
                    101,
                    108
                ],
                "text": "Athens"
            },
            {
                "indices": [
                    110,
                    117
                ],
                "text": "Greece"
            }
        ],
        "symbols": [],
        "urls": [],
        "user_mentions": [
            {
                "id": 82347945,
                "id_str": "82347945",
                "indices": [
                    3,
                    18
                ],
                "name": "The National Herald",
                "screen_name": "NationalHerald"
            },
            {
                "id": 42052422,
                "id_str": "42052422",
                "indices": [
                    20,
                    32
                ],
                "name": "Nia Vardalos",
                "screen_name": "NiaVardalos"
            },
            {
                "id": 82347945,
                "id_str": "82347945",
                "indices": [
                    42,
                    57
                ],
                "name": "The National Herald",
                "screen_name": "NationalHerald"
            },
            {
                "id": 2974445129,
                "id_str": "2974445129",
                "indices": [
                    65,
                    72
                ],
                "name": "\u0399\u03a3\u039d | SNF",
                "screen_name": "SNForg"
            }
        ]
    },
    "favorite_count": 0,
    "favorited": false,
    "geo": null,
    "id": 1143486778613084161,
    "id_str": "1143486778613084161",
    "in_reply_to_screen_name": null,
    "in_reply_to_status_id": null,
    "in_reply_to_status_id_str": null,
    "in_reply_to_user_id": null,
    "in_reply_to_user_id_str": null,
    "is_quote_status": false,
    "lang": "en",
    "metadata": {
        "iso_language_code": "en",
        "result_type": "recent"
    },
    "place": null,
    "retweet_count": 1,
    "retweeted": false,
    "retweeted_status": {
        "contributors": null,
        "coordinates": null,
        "created_at": "Tue Jun 25 11:51:01 +0000 2019",
        "entities": {
            "hashtags": [
                {
                    "indices": [
                        81,
                        88
                    ],
                    "text": "Athens"
                },
                {
                    "indices": [
                        90,
                        97
                    ],
                    "text": "Greece"
                }
            ],
            "symbols": [],
            "urls": [
                {
                    "display_url": "twitter.com/i/web/status/1\u2026",
                    "expanded_url": "https://twitter.com/i/web/status/1143486752562302977",
                    "indices": [
                        99,
                        122
                    ],
                    "url": "https://t.co/WrZDWdXRSI"
                }
            ],
            "user_mentions": [
                {
                    "id": 42052422,
                    "id_str": "42052422",
                    "indices": [
                        0,
                        12
                    ],
                    "name": "Nia Vardalos",
                    "screen_name": "NiaVardalos"
                },
                {
                    "id": 82347945,
                    "id_str": "82347945",
                    "indices": [
                        22,
                        37
                    ],
                    "name": "The National Herald",
                    "screen_name": "NationalHerald"
                },
                {
                    "id": 2974445129,
                    "id_str": "2974445129",
                    "indices": [
                        45,
                        52
                    ],
                    "name": "\u0399\u03a3\u039d | SNF",
                    "screen_name": "SNForg"
                }
            ]
        },
        "favorite_count": 0,
        "favorited": false,
        "geo": null,
        "id": 1143486752562302977,
        "id_str": "1143486752562302977",
        "in_reply_to_screen_name": "NiaVardalos",
        "in_reply_to_status_id": null,
        "in_reply_to_status_id_str": null,
        "in_reply_to_user_id": 42052422,
        "in_reply_to_user_id_str": "42052422",
        "is_quote_status": false,
        "lang": "en",
        "metadata": {
            "iso_language_code": "en",
            "result_type": "recent"
        },
        "place": null,
        "possibly_sensitive": false,
        "retweet_count": 1,
        "retweeted": false,
        "source": "<a href=\"http://twitter.com\" rel=\"nofollow\">Twitter Web Client</a>",
        "text": "@NiaVardalos Talks to @NationalHerald at the @SNForg International Conference in #Athens, #Greece\u2026 https://t.co/WrZDWdXRSI",
        "truncated": true,
        "user": {
            "contributors_enabled": false,
            "created_at": "Wed Oct 14 12:32:38 +0000 2009",
            "default_profile": false,
            "default_profile_image": false,
            "description": "The National Herald is the weekly, English-language sister paper to Ethnikos Kirix, a Greek daily published since 1915.",
            "entities": {
                "description": {
                    "urls": []
                },
                "url": {
                    "urls": [
                        {
                            "display_url": "thenationalherald.com",
                            "expanded_url": "http://www.thenationalherald.com",
                            "indices": [
                                0,
                                22
                            ],
                            "url": "http://t.co/8WMHvanLwE"
                        }
                    ]
                }
            },
            "favourites_count": 169,
            "follow_request_sent": false,
            "followers_count": 2919,
            "following": false,
            "friends_count": 277,
            "geo_enabled": false,
            "has_extended_profile": false,
            "id": 82347945,
            "id_str": "82347945",
            "is_translation_enabled": false,
            "is_translator": false,
            "lang": "en",
            "listed_count": 70,
            "location": "Long Island City, New York",
            "name": "The National Herald",
            "notifications": false,
            "profile_background_color": "B2DFDA",
            "profile_background_image_url": "http://abs.twimg.com/images/themes/theme13/bg.gif",
            "profile_background_image_url_https": "https://abs.twimg.com/images/themes/theme13/bg.gif",
            "profile_background_tile": false,
            "profile_banner_url": "https://pbs.twimg.com/profile_banners/82347945/1385403203",
            "profile_image_url": "http://pbs.twimg.com/profile_images/378800000789715243/57928aa5ede66c38485d0b6343a7a967_normal.png",
            "profile_image_url_https": "https://pbs.twimg.com/profile_images/378800000789715243/57928aa5ede66c38485d0b6343a7a967_normal.png",
            "profile_link_color": "93A644",
            "profile_sidebar_border_color": "EEEEEE",
            "profile_sidebar_fill_color": "FFFFFF",
            "profile_text_color": "333333",
            "profile_use_background_image": true,
            "protected": false,
            "screen_name": "NationalHerald",
            "statuses_count": 6522,
            "time_zone": null,
            "translator_type": "none",
            "url": "http://t.co/8WMHvanLwE",
            "utc_offset": null,
            "verified": false
        }
    },
    "source": "<a href=\"https://twitter.com/GreeceOutsideIn\" rel=\"nofollow\">GreeceOutsideInInfo</a>",
    "text": "RT @NationalHerald: @NiaVardalos Talks to @NationalHerald at the @SNForg International Conference in #Athens, #Greece https://t.co/aFnK7Ydd\u2026",
    "truncated": false,
    "user": {
        "contributors_enabled": false,
        "created_at": "Wed Jun 20 14:08:32 +0000 2012",
        "default_profile": true,
        "default_profile_image": false,
        "description": "We collect news about Greece from all over the world",
        "entities": {
            "description": {
                "urls": []
            },
            "url": {
                "urls": [
                    {
                        "display_url": "greeceoutsidein.blogspot.gr",
                        "expanded_url": "http://greeceoutsidein.blogspot.gr",
                        "indices": [
                            0,
                            22
                        ],
                        "url": "http://t.co/M59OsnnT9W"
                    }
                ]
            }
        },
        "favourites_count": 0,
        "follow_request_sent": false,
        "followers_count": 1771,
        "following": false,
        "friends_count": 862,
        "geo_enabled": false,
        "has_extended_profile": false,
        "id": 613465688,
        "id_str": "613465688",
        "is_translation_enabled": false,
        "is_translator": false,
        "lang": "en",
        "listed_count": 87,
        "location": "Athens, Greece",
        "name": "Greece Outside In",
        "notifications": false,
        "profile_background_color": "C0DEED",
        "profile_background_image_url": "http://abs.twimg.com/images/themes/theme1/bg.png",
        "profile_background_image_url_https": "https://abs.twimg.com/images/themes/theme1/bg.png",
        "profile_background_tile": false,
        "profile_banner_url": "https://pbs.twimg.com/profile_banners/613465688/1398683725",
        "profile_image_url": "http://pbs.twimg.com/profile_images/2325392655/map-of-greece180x180_normal.jpg",
        "profile_image_url_https": "https://pbs.twimg.com/profile_images/2325392655/map-of-greece180x180_normal.jpg",
        "profile_link_color": "1DA1F2",
        "profile_sidebar_border_color": "C0DEED",
        "profile_sidebar_fill_color": "DDEEF6",
        "profile_text_color": "333333",
        "profile_use_background_image": true,
        "protected": false,
        "screen_name": "GreeceOutsideIn",
        "statuses_count": 202928,
        "time_zone": null,
        "translator_type": "none",
        "url": "http://t.co/M59OsnnT9W",
        "utc_offset": null,
        "verified": false
    }
}
