{
    "contributors": null,
    "coordinates": null,
    "created_at": "Mon Jul 01 08:18:27 +0000 2019",
    "entities": {
        "hashtags": [],
        "media": [
            {
                "display_url": "pic.twitter.com/TFKKPN11fW",
                "expanded_url": "https://twitter.com/papakelebogile1/status/1145607587880153088/photo/1",
                "id": 1145607514207248384,
                "id_str": "1145607514207248384",
                "indices": [
                    53,
                    76
                ],
                "media_url": "http://pbs.twimg.com/media/D-YD9uhXYAAlw72.jpg",
                "media_url_https": "https://pbs.twimg.com/media/D-YD9uhXYAAlw72.jpg",
                "sizes": {
                    "large": {
                        "h": 1440,
                        "resize": "fit",
                        "w": 720
                    },
                    "medium": {
                        "h": 1200,
                        "resize": "fit",
                        "w": 600
                    },
                    "small": {
                        "h": 680,
                        "resize": "fit",
                        "w": 340
                    },
                    "thumb": {
                        "h": 150,
                        "resize": "crop",
                        "w": 150
                    }
                },
                "type": "photo",
                "url": "https://t.co/TFKKPN11fW"
            }
        ],
        "symbols": [],
        "urls": [],
        "user_mentions": [
            {
                "id": 115084741,
                "id_str": "115084741",
                "indices": [
                    0,
                    16
                ],
                "name": "Bathabile Dlamini",
                "screen_name": "CdeBathaDlamini"
            }
        ]
    },
    "extended_entities": {
        "media": [
            {
                "display_url": "pic.twitter.com/TFKKPN11fW",
                "expanded_url": "https://twitter.com/papakelebogile1/status/1145607587880153088/photo/1",
                "id": 1145607514207248384,
                "id_str": "1145607514207248384",
                "indices": [
                    53,
                    76
                ],
                "media_url": "http://pbs.twimg.com/media/D-YD9uhXYAAlw72.jpg",
                "media_url_https": "https://pbs.twimg.com/media/D-YD9uhXYAAlw72.jpg",
                "sizes": {
                    "large": {
                        "h": 1440,
                        "resize": "fit",
                        "w": 720
                    },
                    "medium": {
                        "h": 1200,
                        "resize": "fit",
                        "w": 600
                    },
                    "small": {
                        "h": 680,
                        "resize": "fit",
                        "w": 340
                    },
                    "thumb": {
                        "h": 150,
                        "resize": "crop",
                        "w": 150
                    }
                },
                "type": "photo",
                "url": "https://t.co/TFKKPN11fW"
            }
        ]
    },
    "favorite_count": 0,
    "favorited": false,
    "geo": null,
    "id": 1145607587880153088,
    "id_str": "1145607587880153088",
    "in_reply_to_screen_name": "CdeBathaDlamini",
    "in_reply_to_status_id": 1145305375685709825,
    "in_reply_to_status_id_str": "1145305375685709825",
    "in_reply_to_user_id": 115084741,
    "in_reply_to_user_id_str": "115084741",
    "is_quote_status": false,
    "lang": "en",
    "metadata": {
        "iso_language_code": "en",
        "result_type": "recent"
    },
    "place": null,
    "possibly_sensitive": false,
    "retweet_count": 0,
    "retweeted": false,
    "source": "<a href=\"http://twitter.com/download/android\" rel=\"nofollow\">Twitter for Android</a>",
    "text": "@CdeBathaDlamini Before you bridge it o sware plaka. https://t.co/TFKKPN11fW",
    "truncated": false,
    "user": {
        "contributors_enabled": false,
        "created_at": "Sat Sep 25 15:37:50 +0000 2010",
        "default_profile": true,
        "default_profile_image": false,
        "description": "",
        "entities": {
            "description": {
                "urls": []
            }
        },
        "favourites_count": 9372,
        "follow_request_sent": false,
        "followers_count": 2019,
        "following": false,
        "friends_count": 3008,
        "geo_enabled": false,
        "has_extended_profile": true,
        "id": 195014926,
        "id_str": "195014926",
        "is_translation_enabled": false,
        "is_translator": false,
        "lang": "en",
        "listed_count": 1,
        "location": "Pretoria, South Africa",
        "name": "\u2764KeBONe\u2764Busang\u2764\ufe0f",
        "notifications": false,
        "profile_background_color": "C0DEED",
        "profile_background_image_url": "http://abs.twimg.com/images/themes/theme1/bg.png",
        "profile_background_image_url_https": "https://abs.twimg.com/images/themes/theme1/bg.png",
        "profile_background_tile": false,
        "profile_banner_url": "https://pbs.twimg.com/profile_banners/195014926/1467663126",
        "profile_image_url": "http://pbs.twimg.com/profile_images/1122403798117433344/JfaL3Rwt_normal.jpg",
        "profile_image_url_https": "https://pbs.twimg.com/profile_images/1122403798117433344/JfaL3Rwt_normal.jpg",
        "profile_link_color": "1DA1F2",
        "profile_sidebar_border_color": "C0DEED",
        "profile_sidebar_fill_color": "DDEEF6",
        "profile_text_color": "333333",
        "profile_use_background_image": true,
        "protected": false,
        "screen_name": "papakelebogile1",
        "statuses_count": 904,
        "time_zone": null,
        "translator_type": "none",
        "url": null,
        "utc_offset": null,
        "verified": false
    }
}
