{
    "contributors": null,
    "coordinates": null,
    "created_at": "Mon Aug 26 17:08:27 +0000 2019",
    "entities": {
        "hashtags": [],
        "media": [
            {
                "display_url": "pic.twitter.com/Ni8Gj8ewNC",
                "expanded_url": "https://twitter.com/tzoumio/status/1165915481972379648/photo/1",
                "id": 1165915465312550914,
                "id_str": "1165915465312550914",
                "indices": [
                    60,
                    83
                ],
                "media_url": "http://pbs.twimg.com/media/EC4p8DwWwAIf158.jpg",
                "media_url_https": "https://pbs.twimg.com/media/EC4p8DwWwAIf158.jpg",
                "sizes": {
                    "large": {
                        "h": 640,
                        "resize": "fit",
                        "w": 640
                    },
                    "medium": {
                        "h": 640,
                        "resize": "fit",
                        "w": 640
                    },
                    "small": {
                        "h": 640,
                        "resize": "fit",
                        "w": 640
                    },
                    "thumb": {
                        "h": 150,
                        "resize": "crop",
                        "w": 150
                    }
                },
                "source_status_id": 1165915481972379648,
                "source_status_id_str": "1165915481972379648",
                "source_user_id": 3058700361,
                "source_user_id_str": "3058700361",
                "type": "photo",
                "url": "https://t.co/Ni8Gj8ewNC"
            }
        ],
        "symbols": [],
        "urls": [
            {
                "display_url": "Mycenae.Photo",
                "expanded_url": "http://Mycenae.Photo",
                "indices": [
                    30,
                    53
                ],
                "url": "https://t.co/duqQ0YWhHt"
            }
        ],
        "user_mentions": [
            {
                "id": 3058700361,
                "id_str": "3058700361",
                "indices": [
                    3,
                    11
                ],
                "name": "Ioannis Tz",
                "screen_name": "tzoumio"
            }
        ]
    },
    "extended_entities": {
        "media": [
            {
                "display_url": "pic.twitter.com/Ni8Gj8ewNC",
                "expanded_url": "https://twitter.com/tzoumio/status/1165915481972379648/photo/1",
                "id": 1165915465312550914,
                "id_str": "1165915465312550914",
                "indices": [
                    60,
                    83
                ],
                "media_url": "http://pbs.twimg.com/media/EC4p8DwWwAIf158.jpg",
                "media_url_https": "https://pbs.twimg.com/media/EC4p8DwWwAIf158.jpg",
                "sizes": {
                    "large": {
                        "h": 640,
                        "resize": "fit",
                        "w": 640
                    },
                    "medium": {
                        "h": 640,
                        "resize": "fit",
                        "w": 640
                    },
                    "small": {
                        "h": 640,
                        "resize": "fit",
                        "w": 640
                    },
                    "thumb": {
                        "h": 150,
                        "resize": "crop",
                        "w": 150
                    }
                },
                "source_status_id": 1165915481972379648,
                "source_status_id_str": "1165915481972379648",
                "source_user_id": 3058700361,
                "source_user_id_str": "3058700361",
                "type": "photo",
                "url": "https://t.co/Ni8Gj8ewNC"
            }
        ]
    },
    "favorite_count": 0,
    "favorited": false,
    "geo": null,
    "id": 1166034685929168896,
    "id_str": "1166034685929168896",
    "in_reply_to_screen_name": null,
    "in_reply_to_status_id": null,
    "in_reply_to_status_id_str": null,
    "in_reply_to_user_id": null,
    "in_reply_to_user_id_str": null,
    "is_quote_status": false,
    "lang": "en",
    "metadata": {
        "iso_language_code": "en",
        "result_type": "recent"
    },
    "place": null,
    "possibly_sensitive": false,
    "retweet_count": 36,
    "retweeted": false,
    "retweeted_status": {
        "contributors": null,
        "coordinates": null,
        "created_at": "Mon Aug 26 09:14:47 +0000 2019",
        "entities": {
            "hashtags": [],
            "media": [
                {
                    "display_url": "pic.twitter.com/Ni8Gj8ewNC",
                    "expanded_url": "https://twitter.com/tzoumio/status/1165915481972379648/photo/1",
                    "id": 1165915465312550914,
                    "id_str": "1165915465312550914",
                    "indices": [
                        47,
                        70
                    ],
                    "media_url": "http://pbs.twimg.com/media/EC4p8DwWwAIf158.jpg",
                    "media_url_https": "https://pbs.twimg.com/media/EC4p8DwWwAIf158.jpg",
                    "sizes": {
                        "large": {
                            "h": 640,
                            "resize": "fit",
                            "w": 640
                        },
                        "medium": {
                            "h": 640,
                            "resize": "fit",
                            "w": 640
                        },
                        "small": {
                            "h": 640,
                            "resize": "fit",
                            "w": 640
                        },
                        "thumb": {
                            "h": 150,
                            "resize": "crop",
                            "w": 150
                        }
                    },
                    "type": "photo",
                    "url": "https://t.co/Ni8Gj8ewNC"
                }
            ],
            "symbols": [],
            "urls": [
                {
                    "display_url": "Mycenae.Photo",
                    "expanded_url": "http://Mycenae.Photo",
                    "indices": [
                        17,
                        40
                    ],
                    "url": "https://t.co/duqQ0YWhHt"
                }
            ],
            "user_mentions": []
        },
        "extended_entities": {
            "media": [
                {
                    "display_url": "pic.twitter.com/Ni8Gj8ewNC",
                    "expanded_url": "https://twitter.com/tzoumio/status/1165915481972379648/photo/1",
                    "id": 1165915465312550914,
                    "id_str": "1165915465312550914",
                    "indices": [
                        47,
                        70
                    ],
                    "media_url": "http://pbs.twimg.com/media/EC4p8DwWwAIf158.jpg",
                    "media_url_https": "https://pbs.twimg.com/media/EC4p8DwWwAIf158.jpg",
                    "sizes": {
                        "large": {
                            "h": 640,
                            "resize": "fit",
                            "w": 640
                        },
                        "medium": {
                            "h": 640,
                            "resize": "fit",
                            "w": 640
                        },
                        "small": {
                            "h": 640,
                            "resize": "fit",
                            "w": 640
                        },
                        "thumb": {
                            "h": 150,
                            "resize": "crop",
                            "w": 150
                        }
                    },
                    "type": "photo",
                    "url": "https://t.co/Ni8Gj8ewNC"
                }
            ]
        },
        "favorite_count": 79,
        "favorited": false,
        "geo": null,
        "id": 1165915481972379648,
        "id_str": "1165915481972379648",
        "in_reply_to_screen_name": null,
        "in_reply_to_status_id": null,
        "in_reply_to_status_id_str": null,
        "in_reply_to_user_id": null,
        "in_reply_to_user_id_str": null,
        "is_quote_status": false,
        "lang": "en",
        "metadata": {
            "iso_language_code": "en",
            "result_type": "recent"
        },
        "place": null,
        "possibly_sensitive": false,
        "retweet_count": 36,
        "retweeted": false,
        "source": "<a href=\"https://mobile.twitter.com\" rel=\"nofollow\">Twitter Web App</a>",
        "text": "The Acropolis of https://t.co/duqQ0YWhHt 1954. https://t.co/Ni8Gj8ewNC",
        "truncated": false,
        "user": {
            "contributors_enabled": false,
            "created_at": "Tue Feb 24 11:54:05 +0000 2015",
            "default_profile": true,
            "default_profile_image": false,
            "description": "",
            "entities": {
                "description": {
                    "urls": []
                }
            },
            "favourites_count": 2341,
            "follow_request_sent": false,
            "followers_count": 12587,
            "following": false,
            "friends_count": 92,
            "geo_enabled": false,
            "has_extended_profile": false,
            "id": 3058700361,
            "id_str": "3058700361",
            "is_translation_enabled": false,
            "is_translator": false,
            "lang": null,
            "listed_count": 441,
            "location": "",
            "name": "Ioannis Tz",
            "notifications": false,
            "profile_background_color": "C0DEED",
            "profile_background_image_url": "http://abs.twimg.com/images/themes/theme1/bg.png",
            "profile_background_image_url_https": "https://abs.twimg.com/images/themes/theme1/bg.png",
            "profile_background_tile": false,
            "profile_banner_url": "https://pbs.twimg.com/profile_banners/3058700361/1449311319",
            "profile_image_url": "http://pbs.twimg.com/profile_images/587317388963622914/fZ9wX3LX_normal.jpg",
            "profile_image_url_https": "https://pbs.twimg.com/profile_images/587317388963622914/fZ9wX3LX_normal.jpg",
            "profile_link_color": "1DA1F2",
            "profile_sidebar_border_color": "C0DEED",
            "profile_sidebar_fill_color": "DDEEF6",
            "profile_text_color": "333333",
            "profile_use_background_image": true,
            "protected": false,
            "screen_name": "tzoumio",
            "statuses_count": 34209,
            "time_zone": null,
            "translator_type": "none",
            "url": null,
            "utc_offset": null,
            "verified": false
        }
    },
    "source": "<a href=\"https://mobile.twitter.com\" rel=\"nofollow\">Twitter Web App</a>",
    "text": "RT @tzoumio: The Acropolis of https://t.co/duqQ0YWhHt 1954. https://t.co/Ni8Gj8ewNC",
    "truncated": false,
    "user": {
        "contributors_enabled": false,
        "created_at": "Wed Jul 30 09:52:29 +0000 2014",
        "default_profile": true,
        "default_profile_image": false,
        "description": "PAINTER  & ARTLOVER 2 styles : anecdotal & linear, the second on his site.  Exhibitions :  America & Europe.",
        "entities": {
            "description": {
                "urls": []
            },
            "url": {
                "urls": [
                    {
                        "display_url": "roger-salucci.com",
                        "expanded_url": "http://www.roger-salucci.com",
                        "indices": [
                            0,
                            22
                        ],
                        "url": "http://t.co/GbSxmKFz5y"
                    }
                ]
            }
        },
        "favourites_count": 4916,
        "follow_request_sent": false,
        "followers_count": 5543,
        "following": false,
        "friends_count": 4542,
        "geo_enabled": true,
        "has_extended_profile": false,
        "id": 2692365313,
        "id_str": "2692365313",
        "is_translation_enabled": false,
        "is_translator": false,
        "lang": null,
        "listed_count": 251,
        "location": "PARIS, Buttes-Chaumont",
        "name": "Roger Salucci",
        "notifications": false,
        "profile_background_color": "C0DEED",
        "profile_background_image_url": "http://abs.twimg.com/images/themes/theme1/bg.png",
        "profile_background_image_url_https": "https://abs.twimg.com/images/themes/theme1/bg.png",
        "profile_background_tile": false,
        "profile_banner_url": "https://pbs.twimg.com/profile_banners/2692365313/1409159633",
        "profile_image_url": "http://pbs.twimg.com/profile_images/495491914506854400/bADQMAau_normal.jpeg",
        "profile_image_url_https": "https://pbs.twimg.com/profile_images/495491914506854400/bADQMAau_normal.jpeg",
        "profile_link_color": "1DA1F2",
        "profile_sidebar_border_color": "C0DEED",
        "profile_sidebar_fill_color": "DDEEF6",
        "profile_text_color": "333333",
        "profile_use_background_image": true,
        "protected": false,
        "screen_name": "ROGERSALUCCI",
        "statuses_count": 76989,
        "time_zone": null,
        "translator_type": "none",
        "url": "http://t.co/GbSxmKFz5y",
        "utc_offset": null,
        "verified": false
    }
}
