{
    "contributors": null,
    "coordinates": null,
    "created_at": "Tue Jun 25 10:51:45 +0000 2019",
    "entities": {
        "hashtags": [
            {
                "indices": [
                    30,
                    49
                ],
                "text": "HellenicParliament"
            },
            {
                "indices": [
                    50,
                    57
                ],
                "text": "Athens"
            },
            {
                "indices": [
                    58,
                    65
                ],
                "text": "Greece"
            }
        ],
        "media": [
            {
                "display_url": "pic.twitter.com/AN4viFtEkU",
                "expanded_url": "https://twitter.com/DanKazanas/status/1143471839919800320/video/1",
                "id": 1143471366609330176,
                "id_str": "1143471366609330176",
                "indices": [
                    66,
                    89
                ],
                "media_url": "http://pbs.twimg.com/ext_tw_video_thumb/1143471366609330176/pu/img/Vs-mg7S_T-DU8pjq.jpg",
                "media_url_https": "https://pbs.twimg.com/ext_tw_video_thumb/1143471366609330176/pu/img/Vs-mg7S_T-DU8pjq.jpg",
                "sizes": {
                    "large": {
                        "h": 1280,
                        "resize": "fit",
                        "w": 720
                    },
                    "medium": {
                        "h": 1200,
                        "resize": "fit",
                        "w": 675
                    },
                    "small": {
                        "h": 680,
                        "resize": "fit",
                        "w": 383
                    },
                    "thumb": {
                        "h": 150,
                        "resize": "crop",
                        "w": 150
                    }
                },
                "type": "photo",
                "url": "https://t.co/AN4viFtEkU"
            }
        ],
        "symbols": [],
        "urls": [],
        "user_mentions": []
    },
    "extended_entities": {
        "media": [
            {
                "additional_media_info": {
                    "monetizable": false
                },
                "display_url": "pic.twitter.com/AN4viFtEkU",
                "expanded_url": "https://twitter.com/DanKazanas/status/1143471839919800320/video/1",
                "id": 1143471366609330176,
                "id_str": "1143471366609330176",
                "indices": [
                    66,
                    89
                ],
                "media_url": "http://pbs.twimg.com/ext_tw_video_thumb/1143471366609330176/pu/img/Vs-mg7S_T-DU8pjq.jpg",
                "media_url_https": "https://pbs.twimg.com/ext_tw_video_thumb/1143471366609330176/pu/img/Vs-mg7S_T-DU8pjq.jpg",
                "sizes": {
                    "large": {
                        "h": 1280,
                        "resize": "fit",
                        "w": 720
                    },
                    "medium": {
                        "h": 1200,
                        "resize": "fit",
                        "w": 675
                    },
                    "small": {
                        "h": 680,
                        "resize": "fit",
                        "w": 383
                    },
                    "thumb": {
                        "h": 150,
                        "resize": "crop",
                        "w": 150
                    }
                },
                "type": "video",
                "url": "https://t.co/AN4viFtEkU",
                "video_info": {
                    "aspect_ratio": [
                        9,
                        16
                    ],
                    "duration_millis": 45002,
                    "variants": [
                        {
                            "bitrate": 2176000,
                            "content_type": "video/mp4",
                            "url": "https://video.twimg.com/ext_tw_video/1143471366609330176/pu/vid/720x1280/fXVWuHVG3axXd4z3.mp4?tag=10"
                        },
                        {
                            "bitrate": 832000,
                            "content_type": "video/mp4",
                            "url": "https://video.twimg.com/ext_tw_video/1143471366609330176/pu/vid/360x640/EGjqdbmjQoz5_9oo.mp4?tag=10"
                        },
                        {
                            "content_type": "application/x-mpegURL",
                            "url": "https://video.twimg.com/ext_tw_video/1143471366609330176/pu/pl/ASuVB8rtbmhSULLe.m3u8?tag=10"
                        },
                        {
                            "bitrate": 632000,
                            "content_type": "video/mp4",
                            "url": "https://video.twimg.com/ext_tw_video/1143471366609330176/pu/vid/320x568/EtZcviKVTuE6Fw0W.mp4?tag=10"
                        }
                    ]
                }
            }
        ]
    },
    "favorite_count": 0,
    "favorited": false,
    "geo": null,
    "id": 1143471839919800320,
    "id_str": "1143471839919800320",
    "in_reply_to_screen_name": null,
    "in_reply_to_status_id": null,
    "in_reply_to_status_id_str": null,
    "in_reply_to_user_id": null,
    "in_reply_to_user_id_str": null,
    "is_quote_status": false,
    "lang": "en",
    "metadata": {
        "iso_language_code": "en",
        "result_type": "recent"
    },
    "place": null,
    "possibly_sensitive": false,
    "retweet_count": 0,
    "retweeted": false,
    "source": "<a href=\"http://twitter.com/download/iphone\" rel=\"nofollow\">Twitter for iPhone</a>",
    "text": "The changing of the guards \ud83c\uddec\ud83c\uddf7 #HellenicParliament #Athens #Greece https://t.co/AN4viFtEkU",
    "truncated": false,
    "user": {
        "contributors_enabled": false,
        "created_at": "Tue Feb 14 01:22:04 +0000 2012",
        "default_profile": false,
        "default_profile_image": false,
        "description": "KAZANAS LC Law Firm delivers Legal Help and Value in the Business; Family; Estate Planning; Real Estate; and Immigration areas of law",
        "entities": {
            "description": {
                "urls": []
            },
            "url": {
                "urls": [
                    {
                        "display_url": "Global-Lawfirm.com",
                        "expanded_url": "http://Global-Lawfirm.com",
                        "indices": [
                            0,
                            23
                        ],
                        "url": "https://t.co/DIr9a9TzP1"
                    }
                ]
            }
        },
        "favourites_count": 219,
        "follow_request_sent": false,
        "followers_count": 1576,
        "following": false,
        "friends_count": 1499,
        "geo_enabled": true,
        "has_extended_profile": false,
        "id": 491800284,
        "id_str": "491800284",
        "is_translation_enabled": false,
        "is_translator": false,
        "lang": "en",
        "listed_count": 43,
        "location": "Saint Louis, Missouri USA",
        "name": "Dan Kazanas Attorney",
        "notifications": false,
        "profile_background_color": "C0DEED",
        "profile_background_image_url": "http://abs.twimg.com/images/themes/theme1/bg.png",
        "profile_background_image_url_https": "https://abs.twimg.com/images/themes/theme1/bg.png",
        "profile_background_tile": true,
        "profile_banner_url": "https://pbs.twimg.com/profile_banners/491800284/1455424358",
        "profile_image_url": "http://pbs.twimg.com/profile_images/922157158510333952/7yyK8fVo_normal.jpg",
        "profile_image_url_https": "https://pbs.twimg.com/profile_images/922157158510333952/7yyK8fVo_normal.jpg",
        "profile_link_color": "0084B4",
        "profile_sidebar_border_color": "FFFFFF",
        "profile_sidebar_fill_color": "DDEEF6",
        "profile_text_color": "333333",
        "profile_use_background_image": true,
        "protected": false,
        "screen_name": "DanKazanas",
        "statuses_count": 1034,
        "time_zone": null,
        "translator_type": "none",
        "url": "https://t.co/DIr9a9TzP1",
        "utc_offset": null,
        "verified": false
    }
}
