{
    "contributors": null,
    "coordinates": null,
    "created_at": "Sat Aug 17 17:25:17 +0000 2019",
    "entities": {
        "hashtags": [
            {
                "indices": [
                    120,
                    127
                ],
                "text": "Greece"
            },
            {
                "indices": [
                    128,
                    136
                ],
                "text": "history"
            }
        ],
        "symbols": [],
        "urls": [],
        "user_mentions": [
            {
                "id": 2712899680,
                "id_str": "2712899680",
                "indices": [
                    3,
                    16
                ],
                "name": "David D. Pearce",
                "screen_name": "daviddpearce"
            }
        ]
    },
    "favorite_count": 0,
    "favorited": false,
    "geo": null,
    "id": 1162777431767470081,
    "id_str": "1162777431767470081",
    "in_reply_to_screen_name": null,
    "in_reply_to_status_id": null,
    "in_reply_to_status_id_str": null,
    "in_reply_to_user_id": null,
    "in_reply_to_user_id_str": null,
    "is_quote_status": false,
    "lang": "en",
    "metadata": {
        "iso_language_code": "en",
        "result_type": "recent"
    },
    "place": null,
    "retweet_count": 26,
    "retweeted": false,
    "retweeted_status": {
        "contributors": null,
        "coordinates": null,
        "created_at": "Sat Aug 17 01:17:23 +0000 2019",
        "entities": {
            "hashtags": [
                {
                    "indices": [
                        102,
                        109
                    ],
                    "text": "Greece"
                }
            ],
            "symbols": [],
            "urls": [
                {
                    "display_url": "twitter.com/i/web/status/1\u2026",
                    "expanded_url": "https://twitter.com/i/web/status/1162533849705963520",
                    "indices": [
                        111,
                        134
                    ],
                    "url": "https://t.co/XmYCVzIGFL"
                }
            ],
            "user_mentions": []
        },
        "favorite_count": 157,
        "favorited": false,
        "geo": null,
        "id": 1162533849705963520,
        "id_str": "1162533849705963520",
        "in_reply_to_screen_name": null,
        "in_reply_to_status_id": null,
        "in_reply_to_status_id_str": null,
        "in_reply_to_user_id": null,
        "in_reply_to_user_id_str": null,
        "is_quote_status": false,
        "lang": "en",
        "metadata": {
            "iso_language_code": "en",
            "result_type": "recent"
        },
        "place": null,
        "possibly_sensitive": false,
        "retweet_count": 26,
        "retweeted": false,
        "source": "<a href=\"http://twitter.com/download/iphone\" rel=\"nofollow\">Twitter for iPhone</a>",
        "text": "My Acropolis ticket, first visit, 1971.  Cites Plutarch on Pericles: He served the polis, not himself #Greece\u2026 https://t.co/XmYCVzIGFL",
        "truncated": true,
        "user": {
            "contributors_enabled": false,
            "created_at": "Tue Jul 15 16:26:36 +0000 2014",
            "default_profile": false,
            "default_profile_image": false,
            "description": "Nine years as journalist, 35 as diplomat, mainly in Middle East. Former ambassador to Algeria, Greece. Watercolorist. Classics buff. Maine born/bred.",
            "entities": {
                "description": {
                    "urls": []
                },
                "url": {
                    "urls": [
                        {
                            "display_url": "daviddpearce.com",
                            "expanded_url": "http://daviddpearce.com",
                            "indices": [
                                0,
                                23
                            ],
                            "url": "https://t.co/pMNnuyULc5"
                        }
                    ]
                }
            },
            "favourites_count": 5111,
            "follow_request_sent": false,
            "followers_count": 5356,
            "following": false,
            "friends_count": 908,
            "geo_enabled": true,
            "has_extended_profile": false,
            "id": 2712899680,
            "id_str": "2712899680",
            "is_translation_enabled": false,
            "is_translator": false,
            "lang": null,
            "listed_count": 119,
            "location": "Maine and Southern California",
            "name": "David D. Pearce",
            "notifications": false,
            "profile_background_color": "C6E2EE",
            "profile_background_image_url": "http://abs.twimg.com/images/themes/theme2/bg.gif",
            "profile_background_image_url_https": "https://abs.twimg.com/images/themes/theme2/bg.gif",
            "profile_background_tile": false,
            "profile_banner_url": "https://pbs.twimg.com/profile_banners/2712899680/1564773837",
            "profile_image_url": "http://pbs.twimg.com/profile_images/1070561281889918976/miQ9W5wR_normal.jpg",
            "profile_image_url_https": "https://pbs.twimg.com/profile_images/1070561281889918976/miQ9W5wR_normal.jpg",
            "profile_link_color": "1F98C7",
            "profile_sidebar_border_color": "C6E2EE",
            "profile_sidebar_fill_color": "DAECF4",
            "profile_text_color": "663B12",
            "profile_use_background_image": true,
            "protected": false,
            "screen_name": "daviddpearce",
            "statuses_count": 6310,
            "time_zone": null,
            "translator_type": "none",
            "url": "https://t.co/pMNnuyULc5",
            "utc_offset": null,
            "verified": true
        }
    },
    "source": "<a href=\"http://twitter.com/download/android\" rel=\"nofollow\">Twitter for Android</a>",
    "text": "RT @daviddpearce: My Acropolis ticket, first visit, 1971.  Cites Plutarch on Pericles: He served the polis, not himself #Greece #history #m\u2026",
    "truncated": false,
    "user": {
        "contributors_enabled": false,
        "created_at": "Mon Sep 18 14:54:50 +0000 2017",
        "default_profile": true,
        "default_profile_image": false,
        "description": "Lawyer,  Athens Bar Association ,  Greece\nM2 Droit des Affaires, Paris 13 - IDEF,  LLM Environmental Law,  National & Kapodistrian University of Athens \ud83c\uddec\ud83c\uddf7",
        "entities": {
            "description": {
                "urls": []
            }
        },
        "favourites_count": 2874,
        "follow_request_sent": false,
        "followers_count": 268,
        "following": false,
        "friends_count": 597,
        "geo_enabled": false,
        "has_extended_profile": true,
        "id": 909792836517793792,
        "id_str": "909792836517793792",
        "is_translation_enabled": false,
        "is_translator": false,
        "lang": null,
        "listed_count": 1,
        "location": "\u0391\u03c4\u03c4\u03b9\u03ba\u03ae, \u0395\u03bb\u03bb\u03ac\u03c2",
        "name": "Harry Papadakis",
        "notifications": false,
        "profile_background_color": "F5F8FA",
        "profile_background_image_url": null,
        "profile_background_image_url_https": null,
        "profile_background_tile": false,
        "profile_banner_url": "https://pbs.twimg.com/profile_banners/909792836517793792/1533420277",
        "profile_image_url": "http://pbs.twimg.com/profile_images/909859246971506694/21KNiRtq_normal.jpg",
        "profile_image_url_https": "https://pbs.twimg.com/profile_images/909859246971506694/21KNiRtq_normal.jpg",
        "profile_link_color": "1DA1F2",
        "profile_sidebar_border_color": "C0DEED",
        "profile_sidebar_fill_color": "DDEEF6",
        "profile_text_color": "333333",
        "profile_use_background_image": true,
        "protected": false,
        "screen_name": "HarryPapadakis2",
        "statuses_count": 873,
        "time_zone": null,
        "translator_type": "none",
        "url": null,
        "utc_offset": null,
        "verified": false
    }
}
