{
    "contributors": null,
    "coordinates": null,
    "created_at": "Wed Aug 21 07:37:47 +0000 2019",
    "entities": {
        "hashtags": [],
        "symbols": [],
        "urls": [
            {
                "display_url": "twitter.com/i/web/status/1\u2026",
                "expanded_url": "https://twitter.com/i/web/status/1164079131962826752",
                "indices": [
                    117,
                    140
                ],
                "url": "https://t.co/Vjgf07JgHH"
            }
        ],
        "user_mentions": []
    },
    "favorite_count": 5,
    "favorited": false,
    "geo": null,
    "id": 1164079131962826752,
    "id_str": "1164079131962826752",
    "in_reply_to_screen_name": "Gay_AnBol",
    "in_reply_to_status_id": 1164076844624293889,
    "in_reply_to_status_id_str": "1164076844624293889",
    "in_reply_to_user_id": 1068909729777364993,
    "in_reply_to_user_id_str": "1068909729777364993",
    "is_quote_status": false,
    "lang": "en",
    "metadata": {
        "iso_language_code": "en",
        "result_type": "recent"
    },
    "place": null,
    "retweet_count": 1,
    "retweeted": false,
    "source": "<a href=\"https://mobile.twitter.com\" rel=\"nofollow\">Twitter Web App</a>",
    "text": "\"Korkoneas claimed that Grigoropoulos threw a bottle at his patrol car when he was cruising in Exarchia. He then re\u2026 https://t.co/Vjgf07JgHH",
    "truncated": true,
    "user": {
        "contributors_enabled": false,
        "created_at": "Sat Dec 01 16:48:33 +0000 2018",
        "default_profile": false,
        "default_profile_image": false,
        "description": "My name is Celty. I am a Muslim Trans girl from Greece.",
        "entities": {
            "description": {
                "urls": []
            },
            "url": {
                "urls": [
                    {
                        "display_url": "curiouscat.me/ItsCelty",
                        "expanded_url": "https://curiouscat.me/ItsCelty",
                        "indices": [
                            0,
                            23
                        ],
                        "url": "https://t.co/571mrMihdU"
                    }
                ]
            }
        },
        "favourites_count": 26365,
        "follow_request_sent": false,
        "followers_count": 1108,
        "following": false,
        "friends_count": 976,
        "geo_enabled": false,
        "has_extended_profile": true,
        "id": 1068909729777364993,
        "id_str": "1068909729777364993",
        "is_translation_enabled": false,
        "is_translator": false,
        "lang": null,
        "listed_count": 12,
        "location": "Celty | She/They | 18",
        "name": "Sickle&Flower \u2699\ufe0f\ud83c\udf3b",
        "notifications": false,
        "profile_background_color": "000000",
        "profile_background_image_url": "http://abs.twimg.com/images/themes/theme1/bg.png",
        "profile_background_image_url_https": "https://abs.twimg.com/images/themes/theme1/bg.png",
        "profile_background_tile": false,
        "profile_banner_url": "https://pbs.twimg.com/profile_banners/1068909729777364993/1564952188",
        "profile_image_url": "http://pbs.twimg.com/profile_images/1158119527995105281/bKfO45I-_normal.jpg",
        "profile_image_url_https": "https://pbs.twimg.com/profile_images/1158119527995105281/bKfO45I-_normal.jpg",
        "profile_link_color": "E81C4F",
        "profile_sidebar_border_color": "000000",
        "profile_sidebar_fill_color": "000000",
        "profile_text_color": "000000",
        "profile_use_background_image": false,
        "protected": false,
        "screen_name": "Gay_AnBol",
        "statuses_count": 17857,
        "time_zone": null,
        "translator_type": "none",
        "url": "https://t.co/571mrMihdU",
        "utc_offset": null,
        "verified": false
    }
}
