{
    "contributors": null,
    "coordinates": null,
    "created_at": "Mon Jul 01 15:57:09 +0000 2019",
    "entities": {
        "hashtags": [
            {
                "indices": [
                    23,
                    39
                ],
                "text": "AcropolisMuseum"
            }
        ],
        "symbols": [],
        "urls": [],
        "user_mentions": [
            {
                "id": 3306428037,
                "id_str": "3306428037",
                "indices": [
                    3,
                    14
                ],
                "name": "MediaGovGr",
                "screen_name": "MediaGovGr"
            }
        ]
    },
    "favorite_count": 0,
    "favorited": false,
    "geo": null,
    "id": 1145723023414255616,
    "id_str": "1145723023414255616",
    "in_reply_to_screen_name": null,
    "in_reply_to_status_id": null,
    "in_reply_to_status_id_str": null,
    "in_reply_to_user_id": null,
    "in_reply_to_user_id_str": null,
    "is_quote_status": false,
    "lang": "en",
    "metadata": {
        "iso_language_code": "en",
        "result_type": "recent"
    },
    "place": null,
    "retweet_count": 7,
    "retweeted": false,
    "retweeted_status": {
        "contributors": null,
        "coordinates": null,
        "created_at": "Thu Jun 20 06:50:33 +0000 2019",
        "entities": {
            "hashtags": [
                {
                    "indices": [
                        7,
                        23
                    ],
                    "text": "AcropolisMuseum"
                }
            ],
            "symbols": [],
            "urls": [
                {
                    "display_url": "twitter.com/i/web/status/1\u2026",
                    "expanded_url": "https://twitter.com/i/web/status/1141599198795784192",
                    "indices": [
                        116,
                        139
                    ],
                    "url": "https://t.co/pn8r0GdH2e"
                }
            ],
            "user_mentions": []
        },
        "favorite_count": 4,
        "favorited": false,
        "geo": null,
        "id": 1141599198795784192,
        "id_str": "1141599198795784192",
        "in_reply_to_screen_name": "MediaGovGr",
        "in_reply_to_status_id": 1136559416864628736,
        "in_reply_to_status_id_str": "1136559416864628736",
        "in_reply_to_user_id": 3306428037,
        "in_reply_to_user_id_str": "3306428037",
        "is_quote_status": false,
        "lang": "en",
        "metadata": {
            "iso_language_code": "en",
            "result_type": "recent"
        },
        "place": null,
        "possibly_sensitive": false,
        "retweet_count": 7,
        "retweeted": false,
        "source": "<a href=\"http://twitter.com\" rel=\"nofollow\">Twitter Web Client</a>",
        "text": "Iconic #AcropolisMuseum celebrates ten years since its opening: deemed one of the greatest museums in the world in\u2026 https://t.co/pn8r0GdH2e",
        "truncated": true,
        "user": {
            "contributors_enabled": false,
            "created_at": "Tue Jun 02 10:02:00 +0000 2015",
            "default_profile": false,
            "default_profile_image": false,
            "description": "Official account of the Greek Secretariat General for Media & Communication of @MinDigitalGr. News,articles,interviews & features on Greece in the int'l Media.",
            "entities": {
                "description": {
                    "urls": []
                },
                "url": {
                    "urls": [
                        {
                            "display_url": "media.gov.gr",
                            "expanded_url": "http://media.gov.gr/",
                            "indices": [
                                0,
                                22
                            ],
                            "url": "http://t.co/XRrKNgEFR3"
                        }
                    ]
                }
            },
            "favourites_count": 1787,
            "follow_request_sent": false,
            "followers_count": 4707,
            "following": false,
            "friends_count": 755,
            "geo_enabled": true,
            "has_extended_profile": false,
            "id": 3306428037,
            "id_str": "3306428037",
            "is_translation_enabled": false,
            "is_translator": false,
            "lang": "en",
            "listed_count": 218,
            "location": "",
            "name": "MediaGovGr",
            "notifications": false,
            "profile_background_color": "C0DEED",
            "profile_background_image_url": "http://abs.twimg.com/images/themes/theme1/bg.png",
            "profile_background_image_url_https": "https://abs.twimg.com/images/themes/theme1/bg.png",
            "profile_background_tile": false,
            "profile_banner_url": "https://pbs.twimg.com/profile_banners/3306428037/1483093003",
            "profile_image_url": "http://pbs.twimg.com/profile_images/767660150295556096/urpQKHdW_normal.jpg",
            "profile_image_url_https": "https://pbs.twimg.com/profile_images/767660150295556096/urpQKHdW_normal.jpg",
            "profile_link_color": "0084B4",
            "profile_sidebar_border_color": "000000",
            "profile_sidebar_fill_color": "000000",
            "profile_text_color": "000000",
            "profile_use_background_image": false,
            "protected": false,
            "screen_name": "MediaGovGr",
            "statuses_count": 7658,
            "time_zone": null,
            "translator_type": "none",
            "url": "http://t.co/XRrKNgEFR3",
            "utc_offset": null,
            "verified": true
        }
    },
    "source": "<a href=\"http://twitter.com/download/android\" rel=\"nofollow\">Twitter for Android</a>",
    "text": "RT @MediaGovGr: Iconic #AcropolisMuseum celebrates ten years since its opening: deemed one of the greatest museums in the world in terms of\u2026",
    "truncated": false,
    "user": {
        "contributors_enabled": false,
        "created_at": "Thu Mar 23 11:59:27 +0000 2017",
        "default_profile": true,
        "default_profile_image": false,
        "description": "Official Twitter Account of the Permanent Representation of Greece @CoE. Account managed by Press and Communications Office.",
        "entities": {
            "description": {
                "urls": []
            }
        },
        "favourites_count": 1002,
        "follow_request_sent": false,
        "followers_count": 392,
        "following": false,
        "friends_count": 176,
        "geo_enabled": false,
        "has_extended_profile": false,
        "id": 844881274288377856,
        "id_str": "844881274288377856",
        "is_translation_enabled": false,
        "is_translator": false,
        "lang": "el",
        "listed_count": 16,
        "location": "Strasbourg, France",
        "name": "Greece in Strasbourg",
        "notifications": false,
        "profile_background_color": "F5F8FA",
        "profile_background_image_url": null,
        "profile_background_image_url_https": null,
        "profile_background_tile": false,
        "profile_banner_url": "https://pbs.twimg.com/profile_banners/844881274288377856/1490480761",
        "profile_image_url": "http://pbs.twimg.com/profile_images/845644505823023105/p7UaBiqQ_normal.jpg",
        "profile_image_url_https": "https://pbs.twimg.com/profile_images/845644505823023105/p7UaBiqQ_normal.jpg",
        "profile_link_color": "1DA1F2",
        "profile_sidebar_border_color": "C0DEED",
        "profile_sidebar_fill_color": "DDEEF6",
        "profile_text_color": "333333",
        "profile_use_background_image": true,
        "protected": false,
        "screen_name": "GRinStrasbourg",
        "statuses_count": 1719,
        "time_zone": null,
        "translator_type": "none",
        "url": null,
        "utc_offset": null,
        "verified": false
    }
}
