{
    "contributors": null,
    "coordinates": null,
    "created_at": "Sun Jun 30 11:55:45 +0000 2019",
    "entities": {
        "hashtags": [],
        "symbols": [],
        "urls": [
            {
                "display_url": "twitter.com/i/web/status/1\u2026",
                "expanded_url": "https://twitter.com/i/web/status/1145299881369563138",
                "indices": [
                    117,
                    140
                ],
                "url": "https://t.co/LwjYOYjgGT"
            }
        ],
        "user_mentions": [
            {
                "id": 1644696649,
                "id_str": "1644696649",
                "indices": [
                    0,
                    7
                ],
                "name": "Paulo Fabregas \ud83d\udc80",
                "screen_name": "MrFab_"
            }
        ]
    },
    "favorite_count": 0,
    "favorited": false,
    "geo": null,
    "id": 1145299881369563138,
    "id_str": "1145299881369563138",
    "in_reply_to_screen_name": "MrFab_",
    "in_reply_to_status_id": 1145298709162287105,
    "in_reply_to_status_id_str": "1145298709162287105",
    "in_reply_to_user_id": 1644696649,
    "in_reply_to_user_id_str": "1644696649",
    "is_quote_status": false,
    "lang": "en",
    "metadata": {
        "iso_language_code": "en",
        "result_type": "recent"
    },
    "place": null,
    "retweet_count": 0,
    "retweeted": false,
    "source": "<a href=\"http://twitter.com/download/android\" rel=\"nofollow\">Twitter for Android</a>",
    "text": "@MrFab_ and i dont think you get the point that her saying that invalidates men from accountability. excluding \"goo\u2026 https://t.co/LwjYOYjgGT",
    "truncated": true,
    "user": {
        "contributors_enabled": false,
        "created_at": "Tue Aug 13 12:08:41 +0000 2013",
        "default_profile": false,
        "default_profile_image": false,
        "description": "\u2654  \u2501 \u22ee \u275d \u026a \u029c\u1d00\u1d20\u1d07 \u029f\u1d0f\u1d20\u1d07\u1d05 \u1d1b\u029c\u1d07 s\u1d1b\u1d00\u0280s \u1d1b\u1d0f\u1d0f \u0493\u1d0f\u0274\u1d05\u029f\u028f \u1d1b\u1d0f \u0299\u1d07 \u0493\u1d07\u1d00\u0280\u0493\u1d1c\u029f \u1d0f\u0493 \u1d1b\u029c\u1d07 \u0274\u026a\u0262\u029c\u1d1b. \u275e | she/her",
        "entities": {
            "description": {
                "urls": []
            },
            "url": {
                "urls": [
                    {
                        "display_url": "archiveofourown.org/users/kuhleesi\u2026",
                        "expanded_url": "http://archiveofourown.org/users/kuhleesi/works",
                        "indices": [
                            0,
                            23
                        ],
                        "url": "https://t.co/JDcTCyNvd5"
                    }
                ]
            }
        },
        "favourites_count": 37248,
        "follow_request_sent": false,
        "followers_count": 3016,
        "following": false,
        "friends_count": 992,
        "geo_enabled": false,
        "has_extended_profile": true,
        "id": 1667662015,
        "id_str": "1667662015",
        "is_translation_enabled": false,
        "is_translator": false,
        "lang": "en",
        "listed_count": 186,
        "location": "jrdnll",
        "name": "\ud835\udcb6\ud835\udcbe\ud835\udcc1\ud835\udcc1\ud835\udcb6\ud835\udcbd \ud83e\udddd\ud83c\udffd\u200d\u2640\ufe0f | in kim hanbin, i trust",
        "notifications": false,
        "profile_background_color": "CCAA99",
        "profile_background_image_url": "http://abs.twimg.com/images/themes/theme1/bg.png",
        "profile_background_image_url_https": "https://abs.twimg.com/images/themes/theme1/bg.png",
        "profile_background_tile": true,
        "profile_banner_url": "https://pbs.twimg.com/profile_banners/1667662015/1561549480",
        "profile_image_url": "http://pbs.twimg.com/profile_images/1143845679510409216/_C9xQ8G__normal.jpg",
        "profile_image_url_https": "https://pbs.twimg.com/profile_images/1143845679510409216/_C9xQ8G__normal.jpg",
        "profile_link_color": "8318A6",
        "profile_sidebar_border_color": "FFFFFF",
        "profile_sidebar_fill_color": "DDEEF6",
        "profile_text_color": "333333",
        "profile_use_background_image": true,
        "protected": false,
        "screen_name": "thranduilien",
        "statuses_count": 123798,
        "time_zone": null,
        "translator_type": "none",
        "url": "https://t.co/JDcTCyNvd5",
        "utc_offset": null,
        "verified": false
    }
}
