{
    "contributors": null,
    "coordinates": null,
    "created_at": "Thu Jul 04 13:17:23 +0000 2019",
    "entities": {
        "hashtags": [],
        "symbols": [],
        "urls": [],
        "user_mentions": [
            {
                "id": 3313561073,
                "id_str": "3313561073",
                "indices": [
                    3,
                    13
                ],
                "name": "Why Athens",
                "screen_name": "WhyAthens"
            }
        ]
    },
    "favorite_count": 0,
    "favorited": false,
    "geo": null,
    "id": 1146769976839344128,
    "id_str": "1146769976839344128",
    "in_reply_to_screen_name": null,
    "in_reply_to_status_id": null,
    "in_reply_to_status_id_str": null,
    "in_reply_to_user_id": null,
    "in_reply_to_user_id_str": null,
    "is_quote_status": false,
    "lang": "en",
    "metadata": {
        "iso_language_code": "en",
        "result_type": "recent"
    },
    "place": null,
    "retweet_count": 2,
    "retweeted": false,
    "retweeted_status": {
        "contributors": null,
        "coordinates": null,
        "created_at": "Thu Jul 04 13:15:10 +0000 2019",
        "entities": {
            "hashtags": [],
            "symbols": [],
            "urls": [
                {
                    "display_url": "twitter.com/i/web/status/1\u2026",
                    "expanded_url": "https://twitter.com/i/web/status/1146769422734024706",
                    "indices": [
                        116,
                        139
                    ],
                    "url": "https://t.co/r0m34JYnDd"
                }
            ],
            "user_mentions": []
        },
        "favorite_count": 3,
        "favorited": false,
        "geo": null,
        "id": 1146769422734024706,
        "id_str": "1146769422734024706",
        "in_reply_to_screen_name": null,
        "in_reply_to_status_id": null,
        "in_reply_to_status_id_str": null,
        "in_reply_to_user_id": null,
        "in_reply_to_user_id_str": null,
        "is_quote_status": false,
        "lang": "en",
        "metadata": {
            "iso_language_code": "en",
            "result_type": "recent"
        },
        "place": null,
        "possibly_sensitive": false,
        "retweet_count": 2,
        "retweeted": false,
        "source": "<a href=\"https://smarterqueue.com\" rel=\"nofollow\">SmarterQueue</a>",
        "text": "The Athens and Epidaurus Festival and the newly re-opened Athens Conservatoire are showcasing the emerging musical\u2026 https://t.co/r0m34JYnDd",
        "truncated": true,
        "user": {
            "contributors_enabled": false,
            "created_at": "Mon Jun 08 17:19:17 +0000 2015",
            "default_profile": false,
            "default_profile_image": false,
            "description": "Old World. New Beginnings. The ancient & modern worlds of Athens collide. We guide you through and tell the story",
            "entities": {
                "description": {
                    "urls": []
                },
                "url": {
                    "urls": [
                        {
                            "display_url": "whyathens.com",
                            "expanded_url": "http://whyathens.com",
                            "indices": [
                                0,
                                22
                            ],
                            "url": "http://t.co/PvrEz9lshY"
                        }
                    ]
                }
            },
            "favourites_count": 35522,
            "follow_request_sent": false,
            "followers_count": 38189,
            "following": false,
            "friends_count": 27842,
            "geo_enabled": true,
            "has_extended_profile": false,
            "id": 3313561073,
            "id_str": "3313561073",
            "is_translation_enabled": false,
            "is_translator": false,
            "lang": null,
            "listed_count": 552,
            "location": "Attiki, Greece",
            "name": "Why Athens",
            "notifications": false,
            "profile_background_color": "000000",
            "profile_background_image_url": "http://abs.twimg.com/images/themes/theme1/bg.png",
            "profile_background_image_url_https": "https://abs.twimg.com/images/themes/theme1/bg.png",
            "profile_background_tile": false,
            "profile_banner_url": "https://pbs.twimg.com/profile_banners/3313561073/1554759495",
            "profile_image_url": "http://pbs.twimg.com/profile_images/1115309178405494784/hcMEfdvI_normal.png",
            "profile_image_url_https": "https://pbs.twimg.com/profile_images/1115309178405494784/hcMEfdvI_normal.png",
            "profile_link_color": "3B94D9",
            "profile_sidebar_border_color": "000000",
            "profile_sidebar_fill_color": "000000",
            "profile_text_color": "000000",
            "profile_use_background_image": false,
            "protected": false,
            "screen_name": "WhyAthens",
            "statuses_count": 2815,
            "time_zone": null,
            "translator_type": "none",
            "url": "http://t.co/PvrEz9lshY",
            "utc_offset": null,
            "verified": false
        }
    },
    "source": "<a href=\"http://twitter.com\" rel=\"nofollow\">Twitter Web Client</a>",
    "text": "RT @WhyAthens: The Athens and Epidaurus Festival and the newly re-opened Athens Conservatoire are showcasing the emerging musical talent of\u2026",
    "truncated": false,
    "user": {
        "contributors_enabled": false,
        "created_at": "Fri Jun 17 10:22:54 +0000 2011",
        "default_profile": false,
        "default_profile_image": false,
        "description": "Interior Designer, Set Designer, Blogger",
        "entities": {
            "description": {
                "urls": []
            }
        },
        "favourites_count": 26758,
        "follow_request_sent": false,
        "followers_count": 1128,
        "following": false,
        "friends_count": 1034,
        "geo_enabled": false,
        "has_extended_profile": false,
        "id": 318961669,
        "id_str": "318961669",
        "is_translation_enabled": false,
        "is_translator": false,
        "lang": null,
        "listed_count": 109,
        "location": "Athens, Greece",
        "name": "Veronicum",
        "notifications": false,
        "profile_background_color": "000000",
        "profile_background_image_url": "http://abs.twimg.com/images/themes/theme13/bg.gif",
        "profile_background_image_url_https": "https://abs.twimg.com/images/themes/theme13/bg.gif",
        "profile_background_tile": false,
        "profile_banner_url": "https://pbs.twimg.com/profile_banners/318961669/1517777289",
        "profile_image_url": "http://pbs.twimg.com/profile_images/1140726319388549120/XCm30VJ1_normal.png",
        "profile_image_url_https": "https://pbs.twimg.com/profile_images/1140726319388549120/XCm30VJ1_normal.png",
        "profile_link_color": "91D2FA",
        "profile_sidebar_border_color": "000000",
        "profile_sidebar_fill_color": "000000",
        "profile_text_color": "000000",
        "profile_use_background_image": false,
        "protected": false,
        "screen_name": "VMdesignblogg",
        "statuses_count": 43681,
        "time_zone": null,
        "translator_type": "none",
        "url": null,
        "utc_offset": null,
        "verified": false
    }
}
