{
    "contributors": null,
    "coordinates": null,
    "created_at": "Sat Jul 06 08:34:36 +0000 2019",
    "entities": {
        "hashtags": [],
        "symbols": [],
        "urls": [],
        "user_mentions": [
            {
                "id": 786537772987191296,
                "id_str": "786537772987191296",
                "indices": [
                    3,
                    16
                ],
                "name": "Alexis International fan",
                "screen_name": "Tsipras_int2"
            }
        ]
    },
    "favorite_count": 0,
    "favorited": false,
    "geo": null,
    "id": 1147423589630656512,
    "id_str": "1147423589630656512",
    "in_reply_to_screen_name": null,
    "in_reply_to_status_id": null,
    "in_reply_to_status_id_str": null,
    "in_reply_to_user_id": null,
    "in_reply_to_user_id_str": null,
    "is_quote_status": false,
    "lang": "en",
    "metadata": {
        "iso_language_code": "en",
        "result_type": "recent"
    },
    "place": null,
    "retweet_count": 252,
    "retweeted": false,
    "retweeted_status": {
        "contributors": null,
        "coordinates": null,
        "created_at": "Fri Jun 14 21:53:26 +0000 2019",
        "entities": {
            "hashtags": [],
            "symbols": [],
            "urls": [],
            "user_mentions": []
        },
        "favorite_count": 957,
        "favorited": false,
        "geo": null,
        "id": 1139652088579969024,
        "id_str": "1139652088579969024",
        "in_reply_to_screen_name": null,
        "in_reply_to_status_id": null,
        "in_reply_to_status_id_str": null,
        "in_reply_to_user_id": null,
        "in_reply_to_user_id_str": null,
        "is_quote_status": false,
        "lang": "en",
        "metadata": {
            "iso_language_code": "en",
            "result_type": "recent"
        },
        "place": null,
        "retweet_count": 252,
        "retweeted": false,
        "source": "<a href=\"http://twitter.com\" rel=\"nofollow\">Twitter Web Client</a>",
        "text": "On 8 of the July all in Syntagma to diadelize against the neoliberal barbarocity.",
        "truncated": false,
        "user": {
            "contributors_enabled": false,
            "created_at": "Thu Oct 13 12:03:13 +0000 2016",
            "default_profile": false,
            "default_profile_image": false,
            "description": "Parody account",
            "entities": {
                "description": {
                    "urls": []
                }
            },
            "favourites_count": 694,
            "follow_request_sent": false,
            "followers_count": 13377,
            "following": false,
            "friends_count": 7743,
            "geo_enabled": false,
            "has_extended_profile": true,
            "id": 786537772987191296,
            "id_str": "786537772987191296",
            "is_translation_enabled": false,
            "is_translator": false,
            "lang": null,
            "listed_count": 77,
            "location": "",
            "name": "Alexis International fan",
            "notifications": false,
            "profile_background_color": "000000",
            "profile_background_image_url": "http://abs.twimg.com/images/themes/theme1/bg.png",
            "profile_background_image_url_https": "https://abs.twimg.com/images/themes/theme1/bg.png",
            "profile_background_tile": false,
            "profile_banner_url": "https://pbs.twimg.com/profile_banners/786537772987191296/1476360991",
            "profile_image_url": "http://pbs.twimg.com/profile_images/786540059940061184/CeniT_CV_normal.jpg",
            "profile_image_url_https": "https://pbs.twimg.com/profile_images/786540059940061184/CeniT_CV_normal.jpg",
            "profile_link_color": "E81C4F",
            "profile_sidebar_border_color": "000000",
            "profile_sidebar_fill_color": "000000",
            "profile_text_color": "000000",
            "profile_use_background_image": false,
            "protected": false,
            "screen_name": "Tsipras_int2",
            "statuses_count": 464,
            "time_zone": null,
            "translator_type": "none",
            "url": null,
            "utc_offset": null,
            "verified": false
        }
    },
    "source": "<a href=\"http://twitter.com/download/android\" rel=\"nofollow\">Twitter for Android</a>",
    "text": "RT @Tsipras_int2: On 8 of the July all in Syntagma to diadelize against the neoliberal barbarocity.",
    "truncated": false,
    "user": {
        "contributors_enabled": false,
        "created_at": "Sun Nov 30 20:47:31 +0000 2014",
        "default_profile": false,
        "default_profile_image": false,
        "description": "\u0395\u03af\u03bc\u03b1\u03b9 \u03b5\u03b4\u03ce \u03b3\u03b9\u03b1 \u03c4\u03b1 \u03bd\u03c4\u03b9\u03b5\u03bc \u03c4\u03b7\u03c2 @lesviadesperate \n\n\u0391\u03b3\u03b1\u03c0\u03b7\u03bc\u03ad\u03bd\u03b7 \u03bc\u03bf\u03c5 \u03b7 @__ISeeYou_ ~ \u03a4\u03b1\u03af\u03c1\u03b9 \u03bc\u03bf\u03c5 \u03b7 @KoriKapouletou",
        "entities": {
            "description": {
                "urls": []
            },
            "url": {
                "urls": [
                    {
                        "display_url": "twitter.com/search?q=from%\u2026",
                        "expanded_url": "https://twitter.com/search?q=from%3A%40South_SouL1%20exclude%3Areplies&s=09",
                        "indices": [
                            0,
                            23
                        ],
                        "url": "https://t.co/sjFJyqEuqK"
                    }
                ]
            }
        },
        "favourites_count": 19853,
        "follow_request_sent": false,
        "followers_count": 5345,
        "following": false,
        "friends_count": 2755,
        "geo_enabled": false,
        "has_extended_profile": true,
        "id": 2899703871,
        "id_str": "2899703871",
        "is_translation_enabled": false,
        "is_translator": false,
        "lang": null,
        "listed_count": 47,
        "location": "\u0395\u03ba\u03b5\u03af \u03c3\u03c4\u03bf \u03bd\u03cc\u03c4\u03bf",
        "name": "South~Of~Nowhere",
        "notifications": false,
        "profile_background_color": "89C9FA",
        "profile_background_image_url": "http://abs.twimg.com/images/themes/theme18/bg.gif",
        "profile_background_image_url_https": "https://abs.twimg.com/images/themes/theme18/bg.gif",
        "profile_background_tile": false,
        "profile_banner_url": "https://pbs.twimg.com/profile_banners/2899703871/1515791654",
        "profile_image_url": "http://pbs.twimg.com/profile_images/1081644254534033409/HJcatRFp_normal.jpg",
        "profile_image_url_https": "https://pbs.twimg.com/profile_images/1081644254534033409/HJcatRFp_normal.jpg",
        "profile_link_color": "9266CC",
        "profile_sidebar_border_color": "000000",
        "profile_sidebar_fill_color": "000000",
        "profile_text_color": "000000",
        "profile_use_background_image": true,
        "protected": false,
        "screen_name": "South_SouL1",
        "statuses_count": 122304,
        "time_zone": null,
        "translator_type": "none",
        "url": "https://t.co/sjFJyqEuqK",
        "utc_offset": null,
        "verified": false
    }
}
