{
    "contributors": null,
    "coordinates": null,
    "created_at": "Mon Jul 01 15:55:16 +0000 2019",
    "entities": {
        "hashtags": [
            {
                "indices": [
                    62,
                    69
                ],
                "text": "travel"
            },
            {
                "indices": [
                    70,
                    85
                ],
                "text": "greecetravelgr"
            },
            {
                "indices": [
                    86,
                    93
                ],
                "text": "greece"
            },
            {
                "indices": [
                    94,
                    101
                ],
                "text": "athens"
            },
            {
                "indices": [
                    102,
                    106
                ],
                "text": "Ios"
            }
        ],
        "symbols": [],
        "urls": [
            {
                "display_url": "twitter.com/i/web/status/1\u2026",
                "expanded_url": "https://twitter.com/i/web/status/1145722545649438720",
                "indices": [
                    108,
                    131
                ],
                "url": "https://t.co/ddcpLfzN8K"
            }
        ],
        "user_mentions": []
    },
    "favorite_count": 1,
    "favorited": false,
    "geo": null,
    "id": 1145722545649438720,
    "id_str": "1145722545649438720",
    "in_reply_to_screen_name": null,
    "in_reply_to_status_id": null,
    "in_reply_to_status_id_str": null,
    "in_reply_to_user_id": null,
    "in_reply_to_user_id_str": null,
    "is_quote_status": false,
    "lang": "en",
    "metadata": {
        "iso_language_code": "en",
        "result_type": "recent"
    },
    "place": null,
    "possibly_sensitive": false,
    "retweet_count": 1,
    "retweeted": false,
    "source": "<a href=\"https://www.hootsuite.com\" rel=\"nofollow\">Hootsuite Inc.</a>",
    "text": "\ud83d\udea7 Currently under construction, thank you for your patience \ud83d\udea7 #travel #greecetravelgr #greece #athens #Ios\u2026 https://t.co/ddcpLfzN8K",
    "truncated": true,
    "user": {
        "contributors_enabled": false,
        "created_at": "Mon Jan 28 18:17:52 +0000 2019",
        "default_profile": false,
        "default_profile_image": false,
        "description": "\ud83c\udf80 \ud835\ude17\ud835\ude36\ud835\ude23\ud835\ude2d\ud835\ude2a\ud835\ude24 \ud835\ude0f\ud835\ude26\ud835\ude22\ud835\ude2d\ud835\ude35\ud835\ude29 \ud835\ude17\ud835\ude33\ud835\ude30\ud835\ude27\ud835\ude26\ud835\ude34\ud835\ude34\ud835\ude2a\ud835\ude30\ud835\ude2f\ud835\ude22\ud835\ude2d\ud83c\udf80\n\ud835\ude13\ud835\ude2a\ud835\ude27\ud835\ude26\ud835\ude34\ud835\ude35\ud835\ude3a\ud835\ude2d\ud835\ude26 ~\ud835\ude17\ud835\ude26\ud835\ude33\ud835\ude34\ud835\ude30\ud835\ude2f\ud835\ude22\ud835\ude2d ~\ud835\ude1b\ud835\ude33\ud835\ude22\ud835\ude37\ud835\ude26\ud835\ude2d ~\ud835\ude0e\ud835\ude36\ud835\ude2a\ud835\ude25\ud835\ude22\ud835\ude2f\ud835\ude24\ud835\ude26\n\ud835\ude13\ud835\ude2a\ud835\ude37\ud835\ude26 \ud835\ude3a\ud835\ude30\ud835\ude36\ud835\ude33 \ud835\ude23\ud835\ude26\ud835\ude34\ud835\ude35 \ud835\ude2d\ud835\ude2a\ud835\ude27\ud835\ude26 \ud835\ude35\ud835\ude30 \ud835\ude35\ud835\ude29\ud835\ude26 \ud835\ude27\ud835\ude36\ud835\ude2d\ud835\ude2d\ud835\ude26\ud835\ude34\ud835\ude35!\n\ud835\ude08\ud835\ude24\ud835\ude24\ud835\ude30\ud835\ude36\ud835\ude2f\ud835\ude35 \ud835\ude33\ud835\ude36\ud835\ude2f \ud835\ude23\ud835\ude3a @Mickal_Lewis\n\ud83d\udccd\ud835\ude1b\ud835\ude1f \ud83d\udce9 \ud835\ude0a\ud835\ude30\ud835\ude2d\ud835\ude2d\ud835\ude22\ud835\ude23",
        "entities": {
            "description": {
                "urls": []
            }
        },
        "favourites_count": 197,
        "follow_request_sent": false,
        "followers_count": 188,
        "following": false,
        "friends_count": 193,
        "geo_enabled": false,
        "has_extended_profile": true,
        "id": 1089950701109854208,
        "id_str": "1089950701109854208",
        "is_translation_enabled": false,
        "is_translator": false,
        "lang": "en",
        "listed_count": 0,
        "location": "Texas, USA",
        "name": "The Nubian Goddess",
        "notifications": false,
        "profile_background_color": "000000",
        "profile_background_image_url": "http://abs.twimg.com/images/themes/theme1/bg.png",
        "profile_background_image_url_https": "https://abs.twimg.com/images/themes/theme1/bg.png",
        "profile_background_tile": false,
        "profile_banner_url": "https://pbs.twimg.com/profile_banners/1089950701109854208/1548726227",
        "profile_image_url": "http://pbs.twimg.com/profile_images/1128982304309874688/1YyOByzP_normal.jpg",
        "profile_image_url_https": "https://pbs.twimg.com/profile_images/1128982304309874688/1YyOByzP_normal.jpg",
        "profile_link_color": "F58EA8",
        "profile_sidebar_border_color": "000000",
        "profile_sidebar_fill_color": "000000",
        "profile_text_color": "000000",
        "profile_use_background_image": false,
        "protected": false,
        "screen_name": "TheNubianGodde1",
        "statuses_count": 326,
        "time_zone": null,
        "translator_type": "none",
        "url": null,
        "utc_offset": null,
        "verified": false
    }
}
