{
    "contributors": null,
    "coordinates": null,
    "created_at": "Fri Jul 05 11:13:00 +0000 2019",
    "entities": {
        "hashtags": [],
        "symbols": [],
        "urls": [],
        "user_mentions": []
    },
    "favorite_count": 1,
    "favorited": false,
    "geo": null,
    "id": 1147101062844702721,
    "id_str": "1147101062844702721",
    "in_reply_to_screen_name": null,
    "in_reply_to_status_id": null,
    "in_reply_to_status_id_str": null,
    "in_reply_to_user_id": null,
    "in_reply_to_user_id_str": null,
    "is_quote_status": false,
    "lang": "en",
    "metadata": {
        "iso_language_code": "en",
        "result_type": "recent"
    },
    "place": null,
    "retweet_count": 0,
    "retweeted": false,
    "source": "<a href=\"http://twitter.com/download/iphone\" rel=\"nofollow\">Twitter for iPhone</a>",
    "text": "Florence and the machine live at the acropolis?\n\nNah I\u2019m so fine with not being there it\u2019s so cool so so fine",
    "truncated": false,
    "user": {
        "contributors_enabled": false,
        "created_at": "Fri Feb 24 08:06:37 +0000 2012",
        "default_profile": false,
        "default_profile_image": false,
        "description": "Words for Junkee, TBM, Pilerats, and others // DJ // Event producer // Wannabee wine mom // Sad top",
        "entities": {
            "description": {
                "urls": []
            },
            "url": {
                "urls": [
                    {
                        "display_url": "itunes.apple.com/au/podcast/che\u2026",
                        "expanded_url": "https://itunes.apple.com/au/podcast/cheap-whines/id1093035558",
                        "indices": [
                            0,
                            23
                        ],
                        "url": "https://t.co/tkaZGQIAZ4"
                    }
                ]
            }
        },
        "favourites_count": 17524,
        "follow_request_sent": false,
        "followers_count": 777,
        "following": false,
        "friends_count": 626,
        "geo_enabled": true,
        "has_extended_profile": true,
        "id": 501566296,
        "id_str": "501566296",
        "is_translation_enabled": false,
        "is_translator": false,
        "lang": null,
        "listed_count": 15,
        "location": "wherever the wine is",
        "name": "PAT",
        "notifications": false,
        "profile_background_color": "C0DEED",
        "profile_background_image_url": "http://abs.twimg.com/images/themes/theme1/bg.png",
        "profile_background_image_url_https": "https://abs.twimg.com/images/themes/theme1/bg.png",
        "profile_background_tile": true,
        "profile_banner_url": "https://pbs.twimg.com/profile_banners/501566296/1468988411",
        "profile_image_url": "http://pbs.twimg.com/profile_images/1069486269137211392/VPQVWuBL_normal.jpg",
        "profile_image_url_https": "https://pbs.twimg.com/profile_images/1069486269137211392/VPQVWuBL_normal.jpg",
        "profile_link_color": "000000",
        "profile_sidebar_border_color": "000000",
        "profile_sidebar_fill_color": "DDEEF6",
        "profile_text_color": "333333",
        "profile_use_background_image": true,
        "protected": false,
        "screen_name": "tildaswagton",
        "statuses_count": 44081,
        "time_zone": null,
        "translator_type": "none",
        "url": "https://t.co/tkaZGQIAZ4",
        "utc_offset": null,
        "verified": false
    }
}
