{
    "contributors": null,
    "coordinates": null,
    "created_at": "Sun Aug 18 10:22:25 +0000 2019",
    "entities": {
        "hashtags": [
            {
                "indices": [
                    25,
                    32
                ],
                "text": "Lindos"
            },
            {
                "indices": [
                    34,
                    41
                ],
                "text": "Rhodes"
            },
            {
                "indices": [
                    43,
                    50
                ],
                "text": "Greece"
            }
        ],
        "media": [
            {
                "display_url": "pic.twitter.com/bawmhOU9fP",
                "expanded_url": "https://twitter.com/Terminatus2/status/1163033401668116482/photo/1",
                "id": 1163033393422065665,
                "id_str": "1163033393422065665",
                "indices": [
                    52,
                    75
                ],
                "media_url": "http://pbs.twimg.com/media/ECPstZTW4AES4ZF.jpg",
                "media_url_https": "https://pbs.twimg.com/media/ECPstZTW4AES4ZF.jpg",
                "sizes": {
                    "large": {
                        "h": 483,
                        "resize": "fit",
                        "w": 820
                    },
                    "medium": {
                        "h": 483,
                        "resize": "fit",
                        "w": 820
                    },
                    "small": {
                        "h": 401,
                        "resize": "fit",
                        "w": 680
                    },
                    "thumb": {
                        "h": 150,
                        "resize": "crop",
                        "w": 150
                    }
                },
                "type": "photo",
                "url": "https://t.co/bawmhOU9fP"
            }
        ],
        "symbols": [],
        "urls": [],
        "user_mentions": []
    },
    "extended_entities": {
        "media": [
            {
                "display_url": "pic.twitter.com/bawmhOU9fP",
                "expanded_url": "https://twitter.com/Terminatus2/status/1163033401668116482/photo/1",
                "id": 1163033393422065665,
                "id_str": "1163033393422065665",
                "indices": [
                    52,
                    75
                ],
                "media_url": "http://pbs.twimg.com/media/ECPstZTW4AES4ZF.jpg",
                "media_url_https": "https://pbs.twimg.com/media/ECPstZTW4AES4ZF.jpg",
                "sizes": {
                    "large": {
                        "h": 483,
                        "resize": "fit",
                        "w": 820
                    },
                    "medium": {
                        "h": 483,
                        "resize": "fit",
                        "w": 820
                    },
                    "small": {
                        "h": 401,
                        "resize": "fit",
                        "w": 680
                    },
                    "thumb": {
                        "h": 150,
                        "resize": "crop",
                        "w": 150
                    }
                },
                "type": "photo",
                "url": "https://t.co/bawmhOU9fP"
            }
        ]
    },
    "favorite_count": 0,
    "favorited": false,
    "geo": null,
    "id": 1163033401668116482,
    "id_str": "1163033401668116482",
    "in_reply_to_screen_name": null,
    "in_reply_to_status_id": null,
    "in_reply_to_status_id_str": null,
    "in_reply_to_user_id": null,
    "in_reply_to_user_id_str": null,
    "is_quote_status": false,
    "lang": "en",
    "metadata": {
        "iso_language_code": "en",
        "result_type": "recent"
    },
    "place": null,
    "possibly_sensitive": false,
    "retweet_count": 0,
    "retweeted": false,
    "source": "<a href=\"https://mobile.twitter.com\" rel=\"nofollow\">Twitter Web App</a>",
    "text": "Part of the acropolis in #Lindos, #Rhodes, #Greece. https://t.co/bawmhOU9fP",
    "truncated": false,
    "user": {
        "contributors_enabled": false,
        "created_at": "Sat Aug 17 17:41:40 +0000 2019",
        "default_profile": true,
        "default_profile_image": false,
        "description": "I'm British by my passport, Scottish by birth & a highlander by the grace of God. I work for Brian the Cat. Alba / Hellas. #EU",
        "entities": {
            "description": {
                "urls": []
            }
        },
        "favourites_count": 19,
        "follow_request_sent": false,
        "followers_count": 15,
        "following": false,
        "friends_count": 132,
        "geo_enabled": false,
        "has_extended_profile": false,
        "id": 1162781469095407621,
        "id_str": "1162781469095407621",
        "is_translation_enabled": false,
        "is_translator": false,
        "lang": null,
        "listed_count": 0,
        "location": "Scotland  / Greece",
        "name": "Highlandeur \ud83c\uddec\ud83c\uddf7 \ud83c\udff4\udb40\udc67\udb40\udc62\udb40\udc73\udb40\udc63\udb40\udc74\udb40\udc7f",
        "notifications": false,
        "profile_background_color": "F5F8FA",
        "profile_background_image_url": null,
        "profile_background_image_url_https": null,
        "profile_background_tile": false,
        "profile_banner_url": "https://pbs.twimg.com/profile_banners/1162781469095407621/1566065099",
        "profile_image_url": "http://pbs.twimg.com/profile_images/1162782008432635904/-3h5Fo5P_normal.jpg",
        "profile_image_url_https": "https://pbs.twimg.com/profile_images/1162782008432635904/-3h5Fo5P_normal.jpg",
        "profile_link_color": "1DA1F2",
        "profile_sidebar_border_color": "C0DEED",
        "profile_sidebar_fill_color": "DDEEF6",
        "profile_text_color": "333333",
        "profile_use_background_image": true,
        "protected": false,
        "screen_name": "Terminatus2",
        "statuses_count": 21,
        "time_zone": null,
        "translator_type": "none",
        "url": null,
        "utc_offset": null,
        "verified": false
    }
}
