{
    "contributors": null,
    "coordinates": null,
    "created_at": "Mon Jul 01 09:25:29 +0000 2019",
    "entities": {
        "hashtags": [
            {
                "indices": [
                    3,
                    8
                ],
                "text": "tram"
            },
            {
                "indices": [
                    20,
                    27
                ],
                "text": "Athens"
            }
        ],
        "media": [
            {
                "display_url": "pic.twitter.com/RKBOqW8Fuc",
                "expanded_url": "https://twitter.com/amna_newseng/status/1145624456431329285/photo/1",
                "id": 1145624346674810886,
                "id_str": "1145624346674810886",
                "indices": [
                    98,
                    121
                ],
                "media_url": "http://pbs.twimg.com/media/D-YTRgWXUAY75HL.jpg",
                "media_url_https": "https://pbs.twimg.com/media/D-YTRgWXUAY75HL.jpg",
                "sizes": {
                    "large": {
                        "h": 1365,
                        "resize": "fit",
                        "w": 2048
                    },
                    "medium": {
                        "h": 800,
                        "resize": "fit",
                        "w": 1200
                    },
                    "small": {
                        "h": 453,
                        "resize": "fit",
                        "w": 680
                    },
                    "thumb": {
                        "h": 150,
                        "resize": "crop",
                        "w": 150
                    }
                },
                "type": "photo",
                "url": "https://t.co/RKBOqW8Fuc"
            }
        ],
        "symbols": [],
        "urls": [
            {
                "display_url": "amna.gr/en/article/373\u2026",
                "expanded_url": "https://www.amna.gr/en/article/373510/No-tram-service-in-Athens-due-to-failure-in-telematic-signalling-system",
                "indices": [
                    74,
                    97
                ],
                "url": "https://t.co/zlFR7qtaNN"
            }
        ],
        "user_mentions": []
    },
    "extended_entities": {
        "media": [
            {
                "display_url": "pic.twitter.com/RKBOqW8Fuc",
                "expanded_url": "https://twitter.com/amna_newseng/status/1145624456431329285/photo/1",
                "id": 1145624346674810886,
                "id_str": "1145624346674810886",
                "indices": [
                    98,
                    121
                ],
                "media_url": "http://pbs.twimg.com/media/D-YTRgWXUAY75HL.jpg",
                "media_url_https": "https://pbs.twimg.com/media/D-YTRgWXUAY75HL.jpg",
                "sizes": {
                    "large": {
                        "h": 1365,
                        "resize": "fit",
                        "w": 2048
                    },
                    "medium": {
                        "h": 800,
                        "resize": "fit",
                        "w": 1200
                    },
                    "small": {
                        "h": 453,
                        "resize": "fit",
                        "w": 680
                    },
                    "thumb": {
                        "h": 150,
                        "resize": "crop",
                        "w": 150
                    }
                },
                "type": "photo",
                "url": "https://t.co/RKBOqW8Fuc"
            }
        ]
    },
    "favorite_count": 1,
    "favorited": false,
    "geo": null,
    "id": 1145624456431329285,
    "id_str": "1145624456431329285",
    "in_reply_to_screen_name": null,
    "in_reply_to_status_id": null,
    "in_reply_to_status_id_str": null,
    "in_reply_to_user_id": null,
    "in_reply_to_user_id_str": null,
    "is_quote_status": false,
    "lang": "en",
    "metadata": {
        "iso_language_code": "en",
        "result_type": "recent"
    },
    "place": null,
    "possibly_sensitive": false,
    "retweet_count": 1,
    "retweeted": false,
    "source": "<a href=\"http://twitter.com\" rel=\"nofollow\">Twitter Web Client</a>",
    "text": "No #tram service in #Athens due to failure in telematic signalling system https://t.co/zlFR7qtaNN https://t.co/RKBOqW8Fuc",
    "truncated": false,
    "user": {
        "contributors_enabled": false,
        "created_at": "Sat Feb 02 00:15:07 +0000 2013",
        "default_profile": false,
        "default_profile_image": false,
        "description": "Athens News Agency - Macedonian Press Agency (ANA-MPA) is a Greece-based news service (a public entity anonymous company).\nFor news in greek follow @amna_news",
        "entities": {
            "description": {
                "urls": []
            },
            "url": {
                "urls": [
                    {
                        "display_url": "amna.gr/en",
                        "expanded_url": "http://www.amna.gr/en",
                        "indices": [
                            0,
                            23
                        ],
                        "url": "https://t.co/hXtYODzLQX"
                    }
                ]
            }
        },
        "favourites_count": 29,
        "follow_request_sent": false,
        "followers_count": 7726,
        "following": false,
        "friends_count": 3504,
        "geo_enabled": false,
        "has_extended_profile": true,
        "id": 1141047558,
        "id_str": "1141047558",
        "is_translation_enabled": false,
        "is_translator": false,
        "lang": "en",
        "listed_count": 379,
        "location": "Athens, Greece",
        "name": "ANA-MPA news",
        "notifications": false,
        "profile_background_color": "4A2127",
        "profile_background_image_url": "http://abs.twimg.com/images/themes/theme1/bg.png",
        "profile_background_image_url_https": "https://abs.twimg.com/images/themes/theme1/bg.png",
        "profile_background_tile": false,
        "profile_banner_url": "https://pbs.twimg.com/profile_banners/1141047558/1496306944",
        "profile_image_url": "http://pbs.twimg.com/profile_images/801455747238416385/DLatUJxP_normal.jpg",
        "profile_image_url_https": "https://pbs.twimg.com/profile_images/801455747238416385/DLatUJxP_normal.jpg",
        "profile_link_color": "E81C4F",
        "profile_sidebar_border_color": "FFFFFF",
        "profile_sidebar_fill_color": "DDEEF6",
        "profile_text_color": "333333",
        "profile_use_background_image": false,
        "protected": false,
        "screen_name": "amna_newseng",
        "statuses_count": 23814,
        "time_zone": null,
        "translator_type": "none",
        "url": "https://t.co/hXtYODzLQX",
        "utc_offset": null,
        "verified": true
    }
}
