{
    "contributors": null,
    "coordinates": null,
    "created_at": "Mon Aug 26 18:27:20 +0000 2019",
    "entities": {
        "hashtags": [
            {
                "indices": [
                    23,
                    32
                ],
                "text": "exarchia"
            }
        ],
        "symbols": [],
        "urls": [
            {
                "display_url": "twitter.com/wasserdanke/st\u2026",
                "expanded_url": "https://twitter.com/wasserdanke/status/1165921851828314113",
                "indices": [
                    35,
                    58
                ],
                "url": "https://t.co/y8AyoEFM3e"
            }
        ],
        "user_mentions": [
            {
                "id": 433265041,
                "id_str": "433265041",
                "indices": [
                    3,
                    12
                ],
                "name": "Sunny",
                "screen_name": "sued1910"
            }
        ]
    },
    "favorite_count": 0,
    "favorited": false,
    "geo": null,
    "id": 1166054535292424193,
    "id_str": "1166054535292424193",
    "in_reply_to_screen_name": null,
    "in_reply_to_status_id": null,
    "in_reply_to_status_id_str": null,
    "in_reply_to_user_id": null,
    "in_reply_to_user_id_str": null,
    "is_quote_status": true,
    "lang": "en",
    "metadata": {
        "iso_language_code": "en",
        "result_type": "recent"
    },
    "place": null,
    "possibly_sensitive": false,
    "quoted_status_id": 1165921851828314113,
    "quoted_status_id_str": "1165921851828314113",
    "retweet_count": 3,
    "retweeted": false,
    "retweeted_status": {
        "contributors": null,
        "coordinates": null,
        "created_at": "Mon Aug 26 10:22:10 +0000 2019",
        "entities": {
            "hashtags": [
                {
                    "indices": [
                        9,
                        18
                    ],
                    "text": "exarchia"
                }
            ],
            "symbols": [],
            "urls": [
                {
                    "display_url": "twitter.com/wasserdanke/st\u2026",
                    "expanded_url": "https://twitter.com/wasserdanke/status/1165921851828314113",
                    "indices": [
                        21,
                        44
                    ],
                    "url": "https://t.co/y8AyoEFM3e"
                }
            ],
            "user_mentions": []
        },
        "favorite_count": 3,
        "favorited": false,
        "geo": null,
        "id": 1165932439765757952,
        "id_str": "1165932439765757952",
        "in_reply_to_screen_name": null,
        "in_reply_to_status_id": null,
        "in_reply_to_status_id_str": null,
        "in_reply_to_user_id": null,
        "in_reply_to_user_id_str": null,
        "is_quote_status": true,
        "lang": "en",
        "metadata": {
            "iso_language_code": "en",
            "result_type": "recent"
        },
        "place": null,
        "possibly_sensitive": false,
        "quoted_status": {
            "contributors": null,
            "coordinates": null,
            "created_at": "Mon Aug 26 09:40:05 +0000 2019",
            "entities": {
                "hashtags": [],
                "symbols": [],
                "urls": [
                    {
                        "display_url": "twitter.com/i/web/status/1\u2026",
                        "expanded_url": "https://twitter.com/i/web/status/1165921851828314113",
                        "indices": [
                            117,
                            140
                        ],
                        "url": "https://t.co/ncg51un9SK"
                    }
                ],
                "user_mentions": []
            },
            "favorite_count": 99,
            "favorited": false,
            "geo": null,
            "id": 1165921851828314113,
            "id_str": "1165921851828314113",
            "in_reply_to_screen_name": null,
            "in_reply_to_status_id": null,
            "in_reply_to_status_id_str": null,
            "in_reply_to_user_id": null,
            "in_reply_to_user_id_str": null,
            "is_quote_status": false,
            "lang": "de",
            "metadata": {
                "iso_language_code": "en",
                "result_type": "recent"
            },
            "place": null,
            "retweet_count": 50,
            "retweeted": false,
            "source": "<a href=\"http://twitter.com/download/android\" rel=\"nofollow\">Twitter for Android</a>",
            "text": "exarchia war ab 67 ausgangspunkt des wiederstand gegen die griechische milit\u00e4rdiktatur und dann seit 74 eine nachba\u2026 https://t.co/ncg51un9SK",
            "truncated": true,
            "user": {
                "contributors_enabled": false,
                "created_at": "Wed Jul 17 10:23:29 +0000 2013",
                "default_profile": false,
                "default_profile_image": false,
                "description": "nicht besonders cool aber sehr engagiert. humanrights gender sex class texte super pan alien mond pizza. critical er/he, pro matriarchat \ud83c\udf10\ud83c\udffa\ud83c\udff4",
                "entities": {
                    "description": {
                        "urls": []
                    },
                    "url": {
                        "urls": [
                            {
                                "display_url": "instagram.com/riiick_raus/",
                                "expanded_url": "https://www.instagram.com/riiick_raus/",
                                "indices": [
                                    0,
                                    23
                                ],
                                "url": "https://t.co/qs3SGyLgCm"
                            }
                        ]
                    }
                },
                "favourites_count": 160803,
                "follow_request_sent": false,
                "followers_count": 7126,
                "following": false,
                "friends_count": 6682,
                "geo_enabled": true,
                "has_extended_profile": true,
                "id": 1600632452,
                "id_str": "1600632452",
                "is_translation_enabled": false,
                "is_translator": false,
                "lang": null,
                "listed_count": 32,
                "location": "6161 wien",
                "name": "r",
                "notifications": false,
                "profile_background_color": "1A1B1F",
                "profile_background_image_url": "http://abs.twimg.com/images/themes/theme1/bg.png",
                "profile_background_image_url_https": "https://abs.twimg.com/images/themes/theme1/bg.png",
                "profile_background_tile": true,
                "profile_banner_url": "https://pbs.twimg.com/profile_banners/1600632452/1515979060",
                "profile_image_url": "http://pbs.twimg.com/profile_images/941743108185903108/DTBWX9Oj_normal.jpg",
                "profile_image_url_https": "https://pbs.twimg.com/profile_images/941743108185903108/DTBWX9Oj_normal.jpg",
                "profile_link_color": "ABB8C2",
                "profile_sidebar_border_color": "FFFFFF",
                "profile_sidebar_fill_color": "DDEEF6",
                "profile_text_color": "333333",
                "profile_use_background_image": true,
                "protected": false,
                "screen_name": "wasserdanke",
                "statuses_count": 25430,
                "time_zone": null,
                "translator_type": "none",
                "url": "https://t.co/qs3SGyLgCm",
                "utc_offset": null,
                "verified": false
            }
        },
        "quoted_status_id": 1165921851828314113,
        "quoted_status_id_str": "1165921851828314113",
        "retweet_count": 3,
        "retweeted": false,
        "source": "<a href=\"https://mobile.twitter.com\" rel=\"nofollow\">Twitter Web App</a>",
        "text": "Thread!\n\n#exarchia \u270a https://t.co/y8AyoEFM3e",
        "truncated": false,
        "user": {
            "contributors_enabled": false,
            "created_at": "Sat Dec 10 10:35:03 +0000 2011",
            "default_profile": false,
            "default_profile_image": false,
            "description": "",
            "entities": {
                "description": {
                    "urls": []
                }
            },
            "favourites_count": 3005,
            "follow_request_sent": false,
            "followers_count": 601,
            "following": false,
            "friends_count": 890,
            "geo_enabled": false,
            "has_extended_profile": false,
            "id": 433265041,
            "id_str": "433265041",
            "is_translation_enabled": false,
            "is_translator": false,
            "lang": null,
            "listed_count": 15,
            "location": "",
            "name": "Sunny",
            "notifications": false,
            "profile_background_color": "000000",
            "profile_background_image_url": "http://abs.twimg.com/images/themes/theme15/bg.png",
            "profile_background_image_url_https": "https://abs.twimg.com/images/themes/theme15/bg.png",
            "profile_background_tile": false,
            "profile_banner_url": "https://pbs.twimg.com/profile_banners/433265041/1535137958",
            "profile_image_url": "http://pbs.twimg.com/profile_images/1131580003324448769/01UhcviY_normal.png",
            "profile_image_url_https": "https://pbs.twimg.com/profile_images/1131580003324448769/01UhcviY_normal.png",
            "profile_link_color": "000000",
            "profile_sidebar_border_color": "000000",
            "profile_sidebar_fill_color": "000000",
            "profile_text_color": "000000",
            "profile_use_background_image": false,
            "protected": false,
            "screen_name": "sued1910",
            "statuses_count": 6718,
            "time_zone": null,
            "translator_type": "none",
            "url": null,
            "utc_offset": null,
            "verified": false
        }
    },
    "source": "<a href=\"http://twitter.com/download/android\" rel=\"nofollow\">Twitter for Android</a>",
    "text": "RT @sued1910: Thread!\n\n#exarchia \u270a https://t.co/y8AyoEFM3e",
    "truncated": false,
    "user": {
        "contributors_enabled": false,
        "created_at": "Fri Jan 04 19:26:36 +0000 2019",
        "default_profile": true,
        "default_profile_image": true,
        "description": "St Pauli Fan, Antifaschist, und unverbesserlich. Her mit dem sch\u00f6nen Leben",
        "entities": {
            "description": {
                "urls": []
            }
        },
        "favourites_count": 11640,
        "follow_request_sent": false,
        "followers_count": 76,
        "following": false,
        "friends_count": 221,
        "geo_enabled": false,
        "has_extended_profile": false,
        "id": 1081270691545133056,
        "id_str": "1081270691545133056",
        "is_translation_enabled": false,
        "is_translator": false,
        "lang": null,
        "listed_count": 1,
        "location": "Berlin, Deutschland",
        "name": "Rolf",
        "notifications": false,
        "profile_background_color": "F5F8FA",
        "profile_background_image_url": null,
        "profile_background_image_url_https": null,
        "profile_background_tile": false,
        "profile_image_url": "http://abs.twimg.com/sticky/default_profile_images/default_profile_normal.png",
        "profile_image_url_https": "https://abs.twimg.com/sticky/default_profile_images/default_profile_normal.png",
        "profile_link_color": "1DA1F2",
        "profile_sidebar_border_color": "C0DEED",
        "profile_sidebar_fill_color": "DDEEF6",
        "profile_text_color": "333333",
        "profile_use_background_image": true,
        "protected": false,
        "screen_name": "Rolf38810031",
        "statuses_count": 11638,
        "time_zone": null,
        "translator_type": "none",
        "url": null,
        "utc_offset": null,
        "verified": false
    }
}
