{
    "contributors": null,
    "coordinates": null,
    "created_at": "Sun Aug 18 02:01:02 +0000 2019",
    "entities": {
        "hashtags": [],
        "media": [
            {
                "display_url": "pic.twitter.com/ceEJ6iDjnr",
                "expanded_url": "https://twitter.com/tsoupras/status/1162780334104227845/photo/1",
                "id": 1162780326869065728,
                "id_str": "1162780326869065728",
                "indices": [
                    68,
                    91
                ],
                "media_url": "http://pbs.twimg.com/media/ECMGi-7X4AAonyb.jpg",
                "media_url_https": "https://pbs.twimg.com/media/ECMGi-7X4AAonyb.jpg",
                "sizes": {
                    "large": {
                        "h": 667,
                        "resize": "fit",
                        "w": 1000
                    },
                    "medium": {
                        "h": 667,
                        "resize": "fit",
                        "w": 1000
                    },
                    "small": {
                        "h": 454,
                        "resize": "fit",
                        "w": 680
                    },
                    "thumb": {
                        "h": 150,
                        "resize": "crop",
                        "w": 150
                    }
                },
                "source_status_id": 1162780334104227845,
                "source_status_id_str": "1162780334104227845",
                "source_user_id": 624636519,
                "source_user_id_str": "624636519",
                "type": "photo",
                "url": "https://t.co/ceEJ6iDjnr"
            }
        ],
        "symbols": [],
        "urls": [],
        "user_mentions": [
            {
                "id": 624636519,
                "id_str": "624636519",
                "indices": [
                    3,
                    12
                ],
                "name": "\u0398\u03c9\u03bc\u03b1\u03c2 \u03a4\u03c3\u03bf\u03c5\u03c0\u03c1\u03b1\u03c2",
                "screen_name": "tsoupras"
            }
        ]
    },
    "extended_entities": {
        "media": [
            {
                "display_url": "pic.twitter.com/ceEJ6iDjnr",
                "expanded_url": "https://twitter.com/tsoupras/status/1162780334104227845/photo/1",
                "id": 1162780326869065728,
                "id_str": "1162780326869065728",
                "indices": [
                    68,
                    91
                ],
                "media_url": "http://pbs.twimg.com/media/ECMGi-7X4AAonyb.jpg",
                "media_url_https": "https://pbs.twimg.com/media/ECMGi-7X4AAonyb.jpg",
                "sizes": {
                    "large": {
                        "h": 667,
                        "resize": "fit",
                        "w": 1000
                    },
                    "medium": {
                        "h": 667,
                        "resize": "fit",
                        "w": 1000
                    },
                    "small": {
                        "h": 454,
                        "resize": "fit",
                        "w": 680
                    },
                    "thumb": {
                        "h": 150,
                        "resize": "crop",
                        "w": 150
                    }
                },
                "source_status_id": 1162780334104227845,
                "source_status_id_str": "1162780334104227845",
                "source_user_id": 624636519,
                "source_user_id_str": "624636519",
                "type": "photo",
                "url": "https://t.co/ceEJ6iDjnr"
            }
        ]
    },
    "favorite_count": 0,
    "favorited": false,
    "geo": null,
    "id": 1162907222080311296,
    "id_str": "1162907222080311296",
    "in_reply_to_screen_name": null,
    "in_reply_to_status_id": null,
    "in_reply_to_status_id_str": null,
    "in_reply_to_user_id": null,
    "in_reply_to_user_id_str": null,
    "is_quote_status": false,
    "lang": "en",
    "metadata": {
        "iso_language_code": "en",
        "result_type": "recent"
    },
    "place": null,
    "possibly_sensitive": false,
    "retweet_count": 38,
    "retweeted": false,
    "retweeted_status": {
        "contributors": null,
        "coordinates": null,
        "created_at": "Sat Aug 17 17:36:49 +0000 2019",
        "entities": {
            "hashtags": [],
            "media": [
                {
                    "display_url": "pic.twitter.com/ceEJ6iDjnr",
                    "expanded_url": "https://twitter.com/tsoupras/status/1162780334104227845/photo/1",
                    "id": 1162780326869065728,
                    "id_str": "1162780326869065728",
                    "indices": [
                        54,
                        77
                    ],
                    "media_url": "http://pbs.twimg.com/media/ECMGi-7X4AAonyb.jpg",
                    "media_url_https": "https://pbs.twimg.com/media/ECMGi-7X4AAonyb.jpg",
                    "sizes": {
                        "large": {
                            "h": 667,
                            "resize": "fit",
                            "w": 1000
                        },
                        "medium": {
                            "h": 667,
                            "resize": "fit",
                            "w": 1000
                        },
                        "small": {
                            "h": 454,
                            "resize": "fit",
                            "w": 680
                        },
                        "thumb": {
                            "h": 150,
                            "resize": "crop",
                            "w": 150
                        }
                    },
                    "type": "photo",
                    "url": "https://t.co/ceEJ6iDjnr"
                }
            ],
            "symbols": [],
            "urls": [],
            "user_mentions": []
        },
        "extended_entities": {
            "media": [
                {
                    "display_url": "pic.twitter.com/ceEJ6iDjnr",
                    "expanded_url": "https://twitter.com/tsoupras/status/1162780334104227845/photo/1",
                    "id": 1162780326869065728,
                    "id_str": "1162780326869065728",
                    "indices": [
                        54,
                        77
                    ],
                    "media_url": "http://pbs.twimg.com/media/ECMGi-7X4AAonyb.jpg",
                    "media_url_https": "https://pbs.twimg.com/media/ECMGi-7X4AAonyb.jpg",
                    "sizes": {
                        "large": {
                            "h": 667,
                            "resize": "fit",
                            "w": 1000
                        },
                        "medium": {
                            "h": 667,
                            "resize": "fit",
                            "w": 1000
                        },
                        "small": {
                            "h": 454,
                            "resize": "fit",
                            "w": 680
                        },
                        "thumb": {
                            "h": 150,
                            "resize": "crop",
                            "w": 150
                        }
                    },
                    "type": "photo",
                    "url": "https://t.co/ceEJ6iDjnr"
                }
            ]
        },
        "favorite_count": 114,
        "favorited": false,
        "geo": null,
        "id": 1162780334104227845,
        "id_str": "1162780334104227845",
        "in_reply_to_screen_name": null,
        "in_reply_to_status_id": null,
        "in_reply_to_status_id_str": null,
        "in_reply_to_user_id": null,
        "in_reply_to_user_id_str": null,
        "is_quote_status": false,
        "lang": "en",
        "metadata": {
            "iso_language_code": "en",
            "result_type": "recent"
        },
        "place": {
            "attributes": {},
            "bounding_box": {
                "coordinates": [
                    [
                        [
                            23.6235475,
                            40.3921626
                        ],
                        [
                            26.6352372,
                            40.3921626
                        ],
                        [
                            26.6352372,
                            41.7485356
                        ],
                        [
                            23.6235475,
                            41.7485356
                        ]
                    ]
                ],
                "type": "Polygon"
            },
            "contained_within": [],
            "country": "Hellas",
            "country_code": "GR",
            "full_name": "Anatoliki Makedonia Thraki, Greece",
            "id": "0068ba487cfba37a",
            "name": "Anatoliki Makedonia Thraki",
            "place_type": "admin",
            "url": "https://api.twitter.com/1.1/geo/id/0068ba487cfba37a.json"
        },
        "possibly_sensitive": false,
        "retweet_count": 38,
        "retweeted": false,
        "source": "<a href=\"http://twitter.com/download/android\" rel=\"nofollow\">Twitter for Android</a>",
        "text": "PLAKA in the night!!!\n      A t h e n s\n       Greece https://t.co/ceEJ6iDjnr",
        "truncated": false,
        "user": {
            "contributors_enabled": false,
            "created_at": "Mon Jul 02 10:33:55 +0000 2012",
            "default_profile": true,
            "default_profile_image": false,
            "description": "\u03a3\u039a\u0395\u03a6\u03a4\u039f\u039c\u0391\u0399.....\u03b1\u03c1\u03b1 \u03c5\u03c0\u03b1\u03c1\u03c7\u03c9!!!",
            "entities": {
                "description": {
                    "urls": []
                },
                "url": {
                    "urls": [
                        {
                            "display_url": "twitter.com/search?q=from%\u2026",
                            "expanded_url": "https://twitter.com/search?q=from%3A%40tsoupras&src=tYpd",
                            "indices": [
                                0,
                                23
                            ],
                            "url": "https://t.co/o5salnZJD1"
                        }
                    ]
                }
            },
            "favourites_count": 180253,
            "follow_request_sent": false,
            "followers_count": 13782,
            "following": false,
            "friends_count": 15099,
            "geo_enabled": true,
            "has_extended_profile": false,
            "id": 624636519,
            "id_str": "624636519",
            "is_translation_enabled": false,
            "is_translator": false,
            "lang": null,
            "listed_count": 93,
            "location": "\u0398\u03b1\u03c3\u03bf\u03c2-\u039e\u03b1\u03bd\u03b8\u03b7-\u0395\u03bb\u03bb\u03b1\u03b4\u03b1",
            "name": "\u0398\u03c9\u03bc\u03b1\u03c2 \u03a4\u03c3\u03bf\u03c5\u03c0\u03c1\u03b1\u03c2",
            "notifications": false,
            "profile_background_color": "C0DEED",
            "profile_background_image_url": "http://abs.twimg.com/images/themes/theme1/bg.png",
            "profile_background_image_url_https": "https://abs.twimg.com/images/themes/theme1/bg.png",
            "profile_background_tile": false,
            "profile_banner_url": "https://pbs.twimg.com/profile_banners/624636519/1514757343",
            "profile_image_url": "http://pbs.twimg.com/profile_images/1156772832996659200/eeMyg68m_normal.jpg",
            "profile_image_url_https": "https://pbs.twimg.com/profile_images/1156772832996659200/eeMyg68m_normal.jpg",
            "profile_link_color": "1DA1F2",
            "profile_sidebar_border_color": "C0DEED",
            "profile_sidebar_fill_color": "DDEEF6",
            "profile_text_color": "333333",
            "profile_use_background_image": true,
            "protected": false,
            "screen_name": "tsoupras",
            "statuses_count": 121924,
            "time_zone": null,
            "translator_type": "none",
            "url": "https://t.co/o5salnZJD1",
            "utc_offset": null,
            "verified": false
        }
    },
    "source": "<a href=\"https://mobile.twitter.com\" rel=\"nofollow\">Twitter Web App</a>",
    "text": "RT @tsoupras: PLAKA in the night!!!\n      A t h e n s\n       Greece https://t.co/ceEJ6iDjnr",
    "truncated": false,
    "user": {
        "contributors_enabled": false,
        "created_at": "Thu Apr 01 11:39:30 +0000 2010",
        "default_profile": false,
        "default_profile_image": false,
        "description": "\u7f8e\u666f\u3001\u65c5\u304c\u5927\u597d\u304d\u306a\u732b \u2661\n\uff2c\uff2f\uff36\uff25\u3000\uff27\uff32\uff25\uff25\uff23\uff25\nyou tube\uff0f\u3000https://t.co/Bdf8xe996a",
        "entities": {
            "description": {
                "urls": [
                    {
                        "display_url": "bit.ly/mZtCco",
                        "expanded_url": "http://bit.ly/mZtCco",
                        "indices": [
                            35,
                            58
                        ],
                        "url": "https://t.co/Bdf8xe996a"
                    }
                ]
            },
            "url": {
                "urls": [
                    {
                        "display_url": "instagram.com/ijinkannoneko/",
                        "expanded_url": "http://instagram.com/ijinkannoneko/",
                        "indices": [
                            0,
                            23
                        ],
                        "url": "https://t.co/v4r0V9Mzsq"
                    }
                ]
            }
        },
        "favourites_count": 95,
        "follow_request_sent": false,
        "followers_count": 2069,
        "following": false,
        "friends_count": 1913,
        "geo_enabled": false,
        "has_extended_profile": false,
        "id": 128528896,
        "id_str": "128528896",
        "is_translation_enabled": false,
        "is_translator": false,
        "lang": null,
        "listed_count": 141,
        "location": "\u5175\u5eab\u770c\u795e\u6238\u5e02\u3000\u7570\u4eba\u9928\u8857\uff08kobe in Japan)",
        "name": "Love nyan",
        "notifications": false,
        "profile_background_color": "C0DEED",
        "profile_background_image_url": "http://abs.twimg.com/images/themes/theme1/bg.png",
        "profile_background_image_url_https": "https://abs.twimg.com/images/themes/theme1/bg.png",
        "profile_background_tile": true,
        "profile_banner_url": "https://pbs.twimg.com/profile_banners/128528896/1414769907",
        "profile_image_url": "http://pbs.twimg.com/profile_images/1057753918275383296/qUDRmQYH_normal.jpg",
        "profile_image_url_https": "https://pbs.twimg.com/profile_images/1057753918275383296/qUDRmQYH_normal.jpg",
        "profile_link_color": "0084B4",
        "profile_sidebar_border_color": "C0DEED",
        "profile_sidebar_fill_color": "DDEEF6",
        "profile_text_color": "333333",
        "profile_use_background_image": true,
        "protected": false,
        "screen_name": "ijinkannoneko",
        "statuses_count": 557302,
        "time_zone": null,
        "translator_type": "none",
        "url": "https://t.co/v4r0V9Mzsq",
        "utc_offset": null,
        "verified": false
    }
}
