{
    "contributors": null,
    "coordinates": null,
    "created_at": "Mon Aug 26 19:01:25 +0000 2019",
    "entities": {
        "hashtags": [],
        "symbols": [],
        "urls": [],
        "user_mentions": [
            {
                "id": 973909123380244481,
                "id_str": "973909123380244481",
                "indices": [
                    3,
                    18
                ],
                "name": "#besetzen",
                "screen_name": "besetzenberlin"
            }
        ]
    },
    "favorite_count": 0,
    "favorited": false,
    "geo": null,
    "id": 1166063114439274497,
    "id_str": "1166063114439274497",
    "in_reply_to_screen_name": null,
    "in_reply_to_status_id": null,
    "in_reply_to_status_id_str": null,
    "in_reply_to_user_id": null,
    "in_reply_to_user_id_str": null,
    "is_quote_status": false,
    "lang": "en",
    "metadata": {
        "iso_language_code": "en",
        "result_type": "recent"
    },
    "place": null,
    "retweet_count": 8,
    "retweeted": false,
    "retweeted_status": {
        "contributors": null,
        "coordinates": null,
        "created_at": "Mon Aug 26 18:25:14 +0000 2019",
        "entities": {
            "hashtags": [],
            "symbols": [],
            "urls": [
                {
                    "display_url": "twitter.com/i/web/status/1\u2026",
                    "expanded_url": "https://twitter.com/i/web/status/1166054010333409281",
                    "indices": [
                        117,
                        140
                    ],
                    "url": "https://t.co/KqN8rR7Q6g"
                }
            ],
            "user_mentions": []
        },
        "favorite_count": 5,
        "favorited": false,
        "geo": null,
        "id": 1166054010333409281,
        "id_str": "1166054010333409281",
        "in_reply_to_screen_name": "besetzenberlin",
        "in_reply_to_status_id": 1166052863799365643,
        "in_reply_to_status_id_str": "1166052863799365643",
        "in_reply_to_user_id": 973909123380244481,
        "in_reply_to_user_id_str": "973909123380244481",
        "is_quote_status": false,
        "lang": "en",
        "metadata": {
            "iso_language_code": "en",
            "result_type": "recent"
        },
        "place": null,
        "retweet_count": 8,
        "retweeted": false,
        "source": "<a href=\"https://mobile.twitter.com\" rel=\"nofollow\">Twitter Web App</a>",
        "text": "Nea Democratica are realizing their threats and today evacuated 4 squats, which where selfe-managed projects by mai\u2026 https://t.co/KqN8rR7Q6g",
        "truncated": true,
        "user": {
            "contributors_enabled": false,
            "created_at": "Wed Mar 14 13:10:04 +0000 2018",
            "default_profile": false,
            "default_profile_image": false,
            "description": "Besetzen, bis wir es nicht mehr m\u00fcssen!\n\nSpende an: Netzwerk Selbsthilfe e.V.\nIBAN: DE12 1009 0000 7403 8870 18\nBIC: BEVODEBB\nVerwendungszweck: hashtag-besetzen",
            "entities": {
                "description": {
                    "urls": []
                },
                "url": {
                    "urls": [
                        {
                            "display_url": "besetzen.noblogs.org",
                            "expanded_url": "http://besetzen.noblogs.org",
                            "indices": [
                                0,
                                23
                            ],
                            "url": "https://t.co/mPMag0bVoR"
                        }
                    ]
                }
            },
            "favourites_count": 672,
            "follow_request_sent": false,
            "followers_count": 7686,
            "following": false,
            "friends_count": 412,
            "geo_enabled": false,
            "has_extended_profile": false,
            "id": 973909123380244481,
            "id_str": "973909123380244481",
            "is_translation_enabled": false,
            "is_translator": false,
            "lang": null,
            "listed_count": 41,
            "location": "",
            "name": "#besetzen",
            "notifications": false,
            "profile_background_color": "000000",
            "profile_background_image_url": "http://abs.twimg.com/images/themes/theme1/bg.png",
            "profile_background_image_url_https": "https://abs.twimg.com/images/themes/theme1/bg.png",
            "profile_background_tile": false,
            "profile_banner_url": "https://pbs.twimg.com/profile_banners/973909123380244481/1555768729",
            "profile_image_url": "http://pbs.twimg.com/profile_images/973918411980988417/eh9vQxT3_normal.jpg",
            "profile_image_url_https": "https://pbs.twimg.com/profile_images/973918411980988417/eh9vQxT3_normal.jpg",
            "profile_link_color": "981CEB",
            "profile_sidebar_border_color": "000000",
            "profile_sidebar_fill_color": "000000",
            "profile_text_color": "000000",
            "profile_use_background_image": false,
            "protected": false,
            "screen_name": "besetzenberlin",
            "statuses_count": 1882,
            "time_zone": null,
            "translator_type": "none",
            "url": "https://t.co/mPMag0bVoR",
            "utc_offset": null,
            "verified": false
        }
    },
    "source": "<a href=\"http://twitter.com/download/android\" rel=\"nofollow\">Twitter for Android</a>",
    "text": "RT @besetzenberlin: Nea Democratica are realizing their threats and today evacuated 4 squats, which where selfe-managed projects by mainly\u2026",
    "truncated": false,
    "user": {
        "contributors_enabled": false,
        "created_at": "Sat Nov 19 15:30:04 +0000 2016",
        "default_profile": false,
        "default_profile_image": false,
        "description": "\u2721",
        "entities": {
            "description": {
                "urls": []
            }
        },
        "favourites_count": 19067,
        "follow_request_sent": false,
        "followers_count": 133,
        "following": false,
        "friends_count": 458,
        "geo_enabled": false,
        "has_extended_profile": false,
        "id": 799998181178277888,
        "id_str": "799998181178277888",
        "is_translation_enabled": false,
        "is_translator": false,
        "lang": null,
        "listed_count": 2,
        "location": "Sucksen",
        "name": "Morgenthau-Plan Ultra",
        "notifications": false,
        "profile_background_color": "000000",
        "profile_background_image_url": "http://abs.twimg.com/images/themes/theme1/bg.png",
        "profile_background_image_url_https": "https://abs.twimg.com/images/themes/theme1/bg.png",
        "profile_background_tile": false,
        "profile_banner_url": "https://pbs.twimg.com/profile_banners/799998181178277888/1564829336",
        "profile_image_url": "http://pbs.twimg.com/profile_images/1159178498638045190/anvmdG4J_normal.jpg",
        "profile_image_url_https": "https://pbs.twimg.com/profile_images/1159178498638045190/anvmdG4J_normal.jpg",
        "profile_link_color": "E81C4F",
        "profile_sidebar_border_color": "000000",
        "profile_sidebar_fill_color": "000000",
        "profile_text_color": "000000",
        "profile_use_background_image": false,
        "protected": false,
        "screen_name": "anarchyanton",
        "statuses_count": 7226,
        "time_zone": null,
        "translator_type": "none",
        "url": null,
        "utc_offset": null,
        "verified": false
    }
}
