{
    "contributors": null,
    "coordinates": null,
    "created_at": "Mon Aug 26 18:22:44 +0000 2019",
    "entities": {
        "hashtags": [],
        "symbols": [],
        "urls": [],
        "user_mentions": [
            {
                "id": 1357072916,
                "id_str": "1357072916",
                "indices": [
                    3,
                    13
                ],
                "name": "Jim Mellas",
                "screen_name": "jimmellas"
            }
        ]
    },
    "favorite_count": 0,
    "favorited": false,
    "geo": null,
    "id": 1166053380810248192,
    "id_str": "1166053380810248192",
    "in_reply_to_screen_name": null,
    "in_reply_to_status_id": null,
    "in_reply_to_status_id_str": null,
    "in_reply_to_user_id": null,
    "in_reply_to_user_id_str": null,
    "is_quote_status": false,
    "lang": "en",
    "metadata": {
        "iso_language_code": "en",
        "result_type": "recent"
    },
    "place": null,
    "retweet_count": 4,
    "retweeted": false,
    "retweeted_status": {
        "contributors": null,
        "coordinates": null,
        "created_at": "Mon Aug 26 17:04:55 +0000 2019",
        "entities": {
            "hashtags": [],
            "symbols": [],
            "urls": [
                {
                    "display_url": "twitter.com/i/web/status/1\u2026",
                    "expanded_url": "https://twitter.com/i/web/status/1166033797965463552",
                    "indices": [
                        117,
                        140
                    ],
                    "url": "https://t.co/RPEcRuEc2B"
                }
            ],
            "user_mentions": []
        },
        "favorite_count": 12,
        "favorited": false,
        "geo": null,
        "id": 1166033797965463552,
        "id_str": "1166033797965463552",
        "in_reply_to_screen_name": null,
        "in_reply_to_status_id": null,
        "in_reply_to_status_id_str": null,
        "in_reply_to_user_id": null,
        "in_reply_to_user_id_str": null,
        "is_quote_status": false,
        "lang": "en",
        "metadata": {
            "iso_language_code": "en",
            "result_type": "recent"
        },
        "place": null,
        "possibly_sensitive": false,
        "retweet_count": 4,
        "retweeted": false,
        "source": "<a href=\"http://twitter.com/download/iphone\" rel=\"nofollow\">Twitter for iPhone</a>",
        "text": "\"The agreement is applauded as a milestone in the battle of Greece to retrieve the Parthenon sculptures from the Br\u2026 https://t.co/RPEcRuEc2B",
        "truncated": true,
        "user": {
            "contributors_enabled": false,
            "created_at": "Tue Apr 16 14:52:55 +0000 2013",
            "default_profile": true,
            "default_profile_image": false,
            "description": "Barrister, Commentator, Activist and Free Speech Campaigner",
            "entities": {
                "description": {
                    "urls": []
                },
                "url": {
                    "urls": [
                        {
                            "display_url": "vicbar.com.au/profile?4433",
                            "expanded_url": "http://www.vicbar.com.au/profile?4433",
                            "indices": [
                                0,
                                23
                            ],
                            "url": "https://t.co/ghgedwCrMX"
                        }
                    ]
                }
            },
            "favourites_count": 3320,
            "follow_request_sent": false,
            "followers_count": 2131,
            "following": false,
            "friends_count": 4955,
            "geo_enabled": true,
            "has_extended_profile": false,
            "id": 1357072916,
            "id_str": "1357072916",
            "is_translation_enabled": false,
            "is_translator": false,
            "lang": null,
            "listed_count": 22,
            "location": "Melbourne",
            "name": "Jim Mellas",
            "notifications": false,
            "profile_background_color": "C0DEED",
            "profile_background_image_url": "http://abs.twimg.com/images/themes/theme1/bg.png",
            "profile_background_image_url_https": "https://abs.twimg.com/images/themes/theme1/bg.png",
            "profile_background_tile": false,
            "profile_banner_url": "https://pbs.twimg.com/profile_banners/1357072916/1534866149",
            "profile_image_url": "http://pbs.twimg.com/profile_images/944696663108591616/_A77B789_normal.jpg",
            "profile_image_url_https": "https://pbs.twimg.com/profile_images/944696663108591616/_A77B789_normal.jpg",
            "profile_link_color": "1DA1F2",
            "profile_sidebar_border_color": "C0DEED",
            "profile_sidebar_fill_color": "DDEEF6",
            "profile_text_color": "333333",
            "profile_use_background_image": true,
            "protected": false,
            "screen_name": "jimmellas",
            "statuses_count": 1345,
            "time_zone": null,
            "translator_type": "none",
            "url": "https://t.co/ghgedwCrMX",
            "utc_offset": null,
            "verified": false
        }
    },
    "source": "<a href=\"http://twitter.com/download/android\" rel=\"nofollow\">Twitter for Android</a>",
    "text": "RT @jimmellas: \"The agreement is applauded as a milestone in the battle of Greece to retrieve the Parthenon sculptures from the British Mus\u2026",
    "truncated": false,
    "user": {
        "contributors_enabled": false,
        "created_at": "Thu Jul 16 20:50:23 +0000 2015",
        "default_profile": true,
        "default_profile_image": false,
        "description": "Cat lover and lover of all things Greek - especially it's music it's food and it's people. Married to Mark. Barnsley FC fan.",
        "entities": {
            "description": {
                "urls": []
            }
        },
        "favourites_count": 74963,
        "follow_request_sent": false,
        "followers_count": 598,
        "following": false,
        "friends_count": 335,
        "geo_enabled": true,
        "has_extended_profile": false,
        "id": 3379407922,
        "id_str": "3379407922",
        "is_translation_enabled": false,
        "is_translator": false,
        "lang": null,
        "listed_count": 6,
        "location": "Doncaster, England",
        "name": "Suzie",
        "notifications": false,
        "profile_background_color": "C0DEED",
        "profile_background_image_url": "http://abs.twimg.com/images/themes/theme1/bg.png",
        "profile_background_image_url_https": "https://abs.twimg.com/images/themes/theme1/bg.png",
        "profile_background_tile": false,
        "profile_banner_url": "https://pbs.twimg.com/profile_banners/3379407922/1556914632",
        "profile_image_url": "http://pbs.twimg.com/profile_images/1121155049076469764/mv1kPB6A_normal.jpg",
        "profile_image_url_https": "https://pbs.twimg.com/profile_images/1121155049076469764/mv1kPB6A_normal.jpg",
        "profile_link_color": "1DA1F2",
        "profile_sidebar_border_color": "C0DEED",
        "profile_sidebar_fill_color": "DDEEF6",
        "profile_text_color": "333333",
        "profile_use_background_image": true,
        "protected": false,
        "screen_name": "suzispw",
        "statuses_count": 16864,
        "time_zone": null,
        "translator_type": "none",
        "url": null,
        "utc_offset": null,
        "verified": false
    }
}
