{
    "contributors": null,
    "coordinates": null,
    "created_at": "Sat Jul 06 08:30:45 +0000 2019",
    "entities": {
        "hashtags": [],
        "symbols": [],
        "urls": [
            {
                "display_url": "cnn.it/2NBjCwn",
                "expanded_url": "https://cnn.it/2NBjCwn",
                "indices": [
                    56,
                    79
                ],
                "url": "https://t.co/gr0OFqGxxo"
            }
        ],
        "user_mentions": [
            {
                "id": 759251,
                "id_str": "759251",
                "indices": [
                    3,
                    7
                ],
                "name": "CNN",
                "screen_name": "CNN"
            }
        ]
    },
    "favorite_count": 0,
    "favorited": false,
    "geo": null,
    "id": 1147422620062584832,
    "id_str": "1147422620062584832",
    "in_reply_to_screen_name": null,
    "in_reply_to_status_id": null,
    "in_reply_to_status_id_str": null,
    "in_reply_to_user_id": null,
    "in_reply_to_user_id_str": null,
    "is_quote_status": false,
    "lang": "en",
    "metadata": {
        "iso_language_code": "en",
        "result_type": "recent"
    },
    "place": null,
    "possibly_sensitive": false,
    "retweet_count": 130,
    "retweeted": false,
    "retweeted_status": {
        "contributors": null,
        "coordinates": null,
        "created_at": "Sat Jul 06 03:46:02 +0000 2019",
        "entities": {
            "hashtags": [],
            "symbols": [],
            "urls": [
                {
                    "display_url": "cnn.it/2NBjCwn",
                    "expanded_url": "https://cnn.it/2NBjCwn",
                    "indices": [
                        47,
                        70
                    ],
                    "url": "https://t.co/gr0OFqGxxo"
                }
            ],
            "user_mentions": []
        },
        "favorite_count": 353,
        "favorited": false,
        "geo": null,
        "id": 1147350970436915205,
        "id_str": "1147350970436915205",
        "in_reply_to_screen_name": null,
        "in_reply_to_status_id": null,
        "in_reply_to_status_id_str": null,
        "in_reply_to_user_id": null,
        "in_reply_to_user_id_str": null,
        "is_quote_status": false,
        "lang": "en",
        "metadata": {
            "iso_language_code": "en",
            "result_type": "recent"
        },
        "place": null,
        "possibly_sensitive": false,
        "retweet_count": 130,
        "retweeted": false,
        "source": "<a href=\"http://www.socialflow.com\" rel=\"nofollow\">SocialFlow</a>",
        "text": "It's so hot in Athens the Acropolis was closed https://t.co/gr0OFqGxxo",
        "truncated": false,
        "user": {
            "contributors_enabled": false,
            "created_at": "Fri Feb 09 00:35:02 +0000 2007",
            "default_profile": false,
            "default_profile_image": false,
            "description": "It\u2019s our job to #GoThere & tell the most difficult stories. Join us! For more breaking news updates follow @CNNBRK  & Download our app ?https://t.co/UCHG9M367J",
            "entities": {
                "description": {
                    "urls": [
                        {
                            "display_url": "cnn.com/apps",
                            "expanded_url": "http://cnn.com/apps",
                            "indices": [
                                136,
                                159
                            ],
                            "url": "https://t.co/UCHG9M367J"
                        }
                    ]
                },
                "url": {
                    "urls": [
                        {
                            "display_url": "cnn.com",
                            "expanded_url": "http://www.cnn.com",
                            "indices": [
                                0,
                                22
                            ],
                            "url": "http://t.co/IaghNW8Xm2"
                        }
                    ]
                }
            },
            "favourites_count": 1437,
            "follow_request_sent": false,
            "followers_count": 42229742,
            "following": false,
            "friends_count": 1108,
            "geo_enabled": true,
            "has_extended_profile": false,
            "id": 759251,
            "id_str": "759251",
            "is_translation_enabled": true,
            "is_translator": false,
            "lang": null,
            "listed_count": 138598,
            "location": "",
            "name": "CNN",
            "notifications": false,
            "profile_background_color": "323232",
            "profile_background_image_url": "http://abs.twimg.com/images/themes/theme1/bg.png",
            "profile_background_image_url_https": "https://abs.twimg.com/images/themes/theme1/bg.png",
            "profile_background_tile": false,
            "profile_banner_url": "https://pbs.twimg.com/profile_banners/759251/1508752874",
            "profile_image_url": "http://pbs.twimg.com/profile_images/508960761826131968/LnvhR8ED_normal.png",
            "profile_image_url_https": "https://pbs.twimg.com/profile_images/508960761826131968/LnvhR8ED_normal.png",
            "profile_link_color": "004287",
            "profile_sidebar_border_color": "000000",
            "profile_sidebar_fill_color": "EEEEEE",
            "profile_text_color": "000000",
            "profile_use_background_image": false,
            "protected": false,
            "screen_name": "CNN",
            "statuses_count": 250345,
            "time_zone": null,
            "translator_type": "regular",
            "url": "http://t.co/IaghNW8Xm2",
            "utc_offset": null,
            "verified": true
        }
    },
    "source": "<a href=\"http://twitter.com/download/android\" rel=\"nofollow\">Twitter for Android</a>",
    "text": "RT @CNN: It's so hot in Athens the Acropolis was closed https://t.co/gr0OFqGxxo",
    "truncated": false,
    "user": {
        "contributors_enabled": false,
        "created_at": "Wed Nov 14 17:44:46 +0000 2018",
        "default_profile": false,
        "default_profile_image": false,
        "description": "an eye for an eye is a balance of Justice and Justice has to be done as what about the eye lost-0123456789  deathwave chopper god devil beast bane goku vegeta",
        "entities": {
            "description": {
                "urls": []
            }
        },
        "favourites_count": 4920,
        "follow_request_sent": false,
        "followers_count": 155,
        "following": false,
        "friends_count": 971,
        "geo_enabled": false,
        "has_extended_profile": true,
        "id": 1062763281054662656,
        "id_str": "1062763281054662656",
        "is_translation_enabled": false,
        "is_translator": false,
        "lang": null,
        "listed_count": 0,
        "location": "India (Rohtak / Haryana)",
        "name": "HARSH VARDHAN NANDAL\ud83c\udf1e ABCDEFGHIJKLMNOPQRSTUVWXYZ",
        "notifications": false,
        "profile_background_color": "000000",
        "profile_background_image_url": "http://abs.twimg.com/images/themes/theme1/bg.png",
        "profile_background_image_url_https": "https://abs.twimg.com/images/themes/theme1/bg.png",
        "profile_background_tile": false,
        "profile_banner_url": "https://pbs.twimg.com/profile_banners/1062763281054662656/1558364806",
        "profile_image_url": "http://pbs.twimg.com/profile_images/1131959310018236416/mGHUQsx7_normal.jpg",
        "profile_image_url_https": "https://pbs.twimg.com/profile_images/1131959310018236416/mGHUQsx7_normal.jpg",
        "profile_link_color": "FF0000",
        "profile_sidebar_border_color": "000000",
        "profile_sidebar_fill_color": "000000",
        "profile_text_color": "000000",
        "profile_use_background_image": false,
        "protected": false,
        "screen_name": "NUCLEARCRISISIV",
        "statuses_count": 31168,
        "time_zone": null,
        "translator_type": "none",
        "url": null,
        "utc_offset": null,
        "verified": false
    }
}
