{
    "contributors": null,
    "coordinates": null,
    "created_at": "Wed Jul 03 16:02:17 +0000 2019",
    "entities": {
        "hashtags": [],
        "symbols": [],
        "urls": [],
        "user_mentions": [
            {
                "id": 19609162,
                "id_str": "19609162",
                "indices": [
                    0,
                    15
                ],
                "name": "Sonic the Hedgehog",
                "screen_name": "sonic_hedgehog"
            }
        ]
    },
    "favorite_count": 0,
    "favorited": false,
    "geo": null,
    "id": 1146449090802327554,
    "id_str": "1146449090802327554",
    "in_reply_to_screen_name": "sonic_hedgehog",
    "in_reply_to_status_id": 1146448607366676480,
    "in_reply_to_status_id_str": "1146448607366676480",
    "in_reply_to_user_id": 19609162,
    "in_reply_to_user_id_str": "19609162",
    "is_quote_status": false,
    "lang": "en",
    "metadata": {
        "iso_language_code": "en",
        "result_type": "recent"
    },
    "place": null,
    "retweet_count": 0,
    "retweeted": false,
    "source": "<a href=\"http://twitter.com\" rel=\"nofollow\">Twitter Web Client</a>",
    "text": "@sonic_hedgehog White Acropolis ;)",
    "truncated": false,
    "user": {
        "contributors_enabled": false,
        "created_at": "Sat Dec 25 23:02:59 +0000 2010",
        "default_profile": true,
        "default_profile_image": true,
        "description": "",
        "entities": {
            "description": {
                "urls": []
            }
        },
        "favourites_count": 85,
        "follow_request_sent": false,
        "followers_count": 7,
        "following": false,
        "friends_count": 118,
        "geo_enabled": false,
        "has_extended_profile": true,
        "id": 230547031,
        "id_str": "230547031",
        "is_translation_enabled": false,
        "is_translator": false,
        "lang": null,
        "listed_count": 0,
        "location": "",
        "name": "Ieatdragonz",
        "notifications": false,
        "profile_background_color": "C0DEED",
        "profile_background_image_url": "http://abs.twimg.com/images/themes/theme1/bg.png",
        "profile_background_image_url_https": "https://abs.twimg.com/images/themes/theme1/bg.png",
        "profile_background_tile": false,
        "profile_image_url": "http://abs.twimg.com/sticky/default_profile_images/default_profile_normal.png",
        "profile_image_url_https": "https://abs.twimg.com/sticky/default_profile_images/default_profile_normal.png",
        "profile_link_color": "1DA1F2",
        "profile_sidebar_border_color": "C0DEED",
        "profile_sidebar_fill_color": "DDEEF6",
        "profile_text_color": "333333",
        "profile_use_background_image": true,
        "protected": false,
        "screen_name": "thebychkov",
        "statuses_count": 253,
        "time_zone": null,
        "translator_type": "none",
        "url": null,
        "utc_offset": null,
        "verified": false
    }
}
