{
    "contributors": null,
    "coordinates": null,
    "created_at": "Mon Jul 01 10:45:00 +0000 2019",
    "entities": {
        "hashtags": [
            {
                "indices": [
                    18,
                    23
                ],
                "text": "Tram"
            },
            {
                "indices": [
                    24,
                    31
                ],
                "text": "Athens"
            }
        ],
        "media": [
            {
                "display_url": "pic.twitter.com/9WBofyc9PY",
                "expanded_url": "https://twitter.com/amna_newseng/status/1145644439672623105/photo/1",
                "id": 1145644345367961601,
                "id_str": "1145644345367961601",
                "indices": [
                    94,
                    117
                ],
                "media_url": "http://pbs.twimg.com/media/D-YldlSXoAEloag.jpg",
                "media_url_https": "https://pbs.twimg.com/media/D-YldlSXoAEloag.jpg",
                "sizes": {
                    "large": {
                        "h": 1365,
                        "resize": "fit",
                        "w": 2048
                    },
                    "medium": {
                        "h": 800,
                        "resize": "fit",
                        "w": 1200
                    },
                    "small": {
                        "h": 453,
                        "resize": "fit",
                        "w": 680
                    },
                    "thumb": {
                        "h": 150,
                        "resize": "crop",
                        "w": 150
                    }
                },
                "source_status_id": 1145644439672623105,
                "source_status_id_str": "1145644439672623105",
                "source_user_id": 1141047558,
                "source_user_id_str": "1141047558",
                "type": "photo",
                "url": "https://t.co/9WBofyc9PY"
            }
        ],
        "symbols": [],
        "urls": [
            {
                "display_url": "amna.gr/en/article/373\u2026",
                "expanded_url": "https://www.amna.gr/en/article/373563/Tram-service-gradually-returning-to-normal",
                "indices": [
                    70,
                    93
                ],
                "url": "https://t.co/scwCFoaKYx"
            }
        ],
        "user_mentions": [
            {
                "id": 1141047558,
                "id_str": "1141047558",
                "indices": [
                    3,
                    16
                ],
                "name": "ANA-MPA news",
                "screen_name": "amna_newseng"
            }
        ]
    },
    "extended_entities": {
        "media": [
            {
                "display_url": "pic.twitter.com/9WBofyc9PY",
                "expanded_url": "https://twitter.com/amna_newseng/status/1145644439672623105/photo/1",
                "id": 1145644345367961601,
                "id_str": "1145644345367961601",
                "indices": [
                    94,
                    117
                ],
                "media_url": "http://pbs.twimg.com/media/D-YldlSXoAEloag.jpg",
                "media_url_https": "https://pbs.twimg.com/media/D-YldlSXoAEloag.jpg",
                "sizes": {
                    "large": {
                        "h": 1365,
                        "resize": "fit",
                        "w": 2048
                    },
                    "medium": {
                        "h": 800,
                        "resize": "fit",
                        "w": 1200
                    },
                    "small": {
                        "h": 453,
                        "resize": "fit",
                        "w": 680
                    },
                    "thumb": {
                        "h": 150,
                        "resize": "crop",
                        "w": 150
                    }
                },
                "source_status_id": 1145644439672623105,
                "source_status_id_str": "1145644439672623105",
                "source_user_id": 1141047558,
                "source_user_id_str": "1141047558",
                "type": "photo",
                "url": "https://t.co/9WBofyc9PY"
            }
        ]
    },
    "favorite_count": 0,
    "favorited": false,
    "geo": null,
    "id": 1145644466725969920,
    "id_str": "1145644466725969920",
    "in_reply_to_screen_name": null,
    "in_reply_to_status_id": null,
    "in_reply_to_status_id_str": null,
    "in_reply_to_user_id": null,
    "in_reply_to_user_id_str": null,
    "is_quote_status": false,
    "lang": "en",
    "metadata": {
        "iso_language_code": "en",
        "result_type": "recent"
    },
    "place": null,
    "possibly_sensitive": false,
    "retweet_count": 1,
    "retweeted": false,
    "retweeted_status": {
        "contributors": null,
        "coordinates": null,
        "created_at": "Mon Jul 01 10:44:54 +0000 2019",
        "entities": {
            "hashtags": [
                {
                    "indices": [
                        0,
                        5
                    ],
                    "text": "Tram"
                },
                {
                    "indices": [
                        6,
                        13
                    ],
                    "text": "Athens"
                }
            ],
            "media": [
                {
                    "display_url": "pic.twitter.com/9WBofyc9PY",
                    "expanded_url": "https://twitter.com/amna_newseng/status/1145644439672623105/photo/1",
                    "id": 1145644345367961601,
                    "id_str": "1145644345367961601",
                    "indices": [
                        76,
                        99
                    ],
                    "media_url": "http://pbs.twimg.com/media/D-YldlSXoAEloag.jpg",
                    "media_url_https": "https://pbs.twimg.com/media/D-YldlSXoAEloag.jpg",
                    "sizes": {
                        "large": {
                            "h": 1365,
                            "resize": "fit",
                            "w": 2048
                        },
                        "medium": {
                            "h": 800,
                            "resize": "fit",
                            "w": 1200
                        },
                        "small": {
                            "h": 453,
                            "resize": "fit",
                            "w": 680
                        },
                        "thumb": {
                            "h": 150,
                            "resize": "crop",
                            "w": 150
                        }
                    },
                    "type": "photo",
                    "url": "https://t.co/9WBofyc9PY"
                }
            ],
            "symbols": [],
            "urls": [
                {
                    "display_url": "amna.gr/en/article/373\u2026",
                    "expanded_url": "https://www.amna.gr/en/article/373563/Tram-service-gradually-returning-to-normal",
                    "indices": [
                        52,
                        75
                    ],
                    "url": "https://t.co/scwCFoaKYx"
                }
            ],
            "user_mentions": []
        },
        "extended_entities": {
            "media": [
                {
                    "display_url": "pic.twitter.com/9WBofyc9PY",
                    "expanded_url": "https://twitter.com/amna_newseng/status/1145644439672623105/photo/1",
                    "id": 1145644345367961601,
                    "id_str": "1145644345367961601",
                    "indices": [
                        76,
                        99
                    ],
                    "media_url": "http://pbs.twimg.com/media/D-YldlSXoAEloag.jpg",
                    "media_url_https": "https://pbs.twimg.com/media/D-YldlSXoAEloag.jpg",
                    "sizes": {
                        "large": {
                            "h": 1365,
                            "resize": "fit",
                            "w": 2048
                        },
                        "medium": {
                            "h": 800,
                            "resize": "fit",
                            "w": 1200
                        },
                        "small": {
                            "h": 453,
                            "resize": "fit",
                            "w": 680
                        },
                        "thumb": {
                            "h": 150,
                            "resize": "crop",
                            "w": 150
                        }
                    },
                    "type": "photo",
                    "url": "https://t.co/9WBofyc9PY"
                }
            ]
        },
        "favorite_count": 0,
        "favorited": false,
        "geo": null,
        "id": 1145644439672623105,
        "id_str": "1145644439672623105",
        "in_reply_to_screen_name": null,
        "in_reply_to_status_id": null,
        "in_reply_to_status_id_str": null,
        "in_reply_to_user_id": null,
        "in_reply_to_user_id_str": null,
        "is_quote_status": false,
        "lang": "en",
        "metadata": {
            "iso_language_code": "en",
            "result_type": "recent"
        },
        "place": null,
        "possibly_sensitive": false,
        "retweet_count": 1,
        "retweeted": false,
        "source": "<a href=\"http://twitter.com\" rel=\"nofollow\">Twitter Web Client</a>",
        "text": "#Tram #Athens service gradually returning to normal https://t.co/scwCFoaKYx https://t.co/9WBofyc9PY",
        "truncated": false,
        "user": {
            "contributors_enabled": false,
            "created_at": "Sat Feb 02 00:15:07 +0000 2013",
            "default_profile": false,
            "default_profile_image": false,
            "description": "Athens News Agency - Macedonian Press Agency (ANA-MPA) is a Greece-based news service (a public entity anonymous company).\nFor news in greek follow @amna_news",
            "entities": {
                "description": {
                    "urls": []
                },
                "url": {
                    "urls": [
                        {
                            "display_url": "amna.gr/en",
                            "expanded_url": "http://www.amna.gr/en",
                            "indices": [
                                0,
                                23
                            ],
                            "url": "https://t.co/hXtYODzLQX"
                        }
                    ]
                }
            },
            "favourites_count": 29,
            "follow_request_sent": false,
            "followers_count": 7726,
            "following": false,
            "friends_count": 3504,
            "geo_enabled": false,
            "has_extended_profile": true,
            "id": 1141047558,
            "id_str": "1141047558",
            "is_translation_enabled": false,
            "is_translator": false,
            "lang": "en",
            "listed_count": 379,
            "location": "Athens, Greece",
            "name": "ANA-MPA news",
            "notifications": false,
            "profile_background_color": "4A2127",
            "profile_background_image_url": "http://abs.twimg.com/images/themes/theme1/bg.png",
            "profile_background_image_url_https": "https://abs.twimg.com/images/themes/theme1/bg.png",
            "profile_background_tile": false,
            "profile_banner_url": "https://pbs.twimg.com/profile_banners/1141047558/1496306944",
            "profile_image_url": "http://pbs.twimg.com/profile_images/801455747238416385/DLatUJxP_normal.jpg",
            "profile_image_url_https": "https://pbs.twimg.com/profile_images/801455747238416385/DLatUJxP_normal.jpg",
            "profile_link_color": "E81C4F",
            "profile_sidebar_border_color": "FFFFFF",
            "profile_sidebar_fill_color": "DDEEF6",
            "profile_text_color": "333333",
            "profile_use_background_image": false,
            "protected": false,
            "screen_name": "amna_newseng",
            "statuses_count": 23823,
            "time_zone": null,
            "translator_type": "none",
            "url": "https://t.co/hXtYODzLQX",
            "utc_offset": null,
            "verified": true
        }
    },
    "source": "<a href=\"https://twitter.com/GreeceOutsideIn\" rel=\"nofollow\">GreeceOutsideInInfo</a>",
    "text": "RT @amna_newseng: #Tram #Athens service gradually returning to normal https://t.co/scwCFoaKYx https://t.co/9WBofyc9PY",
    "truncated": false,
    "user": {
        "contributors_enabled": false,
        "created_at": "Wed Jun 20 14:08:32 +0000 2012",
        "default_profile": true,
        "default_profile_image": false,
        "description": "We collect news about Greece from all over the world",
        "entities": {
            "description": {
                "urls": []
            },
            "url": {
                "urls": [
                    {
                        "display_url": "greeceoutsidein.blogspot.gr",
                        "expanded_url": "http://greeceoutsidein.blogspot.gr",
                        "indices": [
                            0,
                            22
                        ],
                        "url": "http://t.co/M59OsnnT9W"
                    }
                ]
            }
        },
        "favourites_count": 0,
        "follow_request_sent": false,
        "followers_count": 1771,
        "following": false,
        "friends_count": 862,
        "geo_enabled": false,
        "has_extended_profile": false,
        "id": 613465688,
        "id_str": "613465688",
        "is_translation_enabled": false,
        "is_translator": false,
        "lang": "en",
        "listed_count": 87,
        "location": "Athens, Greece",
        "name": "Greece Outside In",
        "notifications": false,
        "profile_background_color": "C0DEED",
        "profile_background_image_url": "http://abs.twimg.com/images/themes/theme1/bg.png",
        "profile_background_image_url_https": "https://abs.twimg.com/images/themes/theme1/bg.png",
        "profile_background_tile": false,
        "profile_banner_url": "https://pbs.twimg.com/profile_banners/613465688/1398683725",
        "profile_image_url": "http://pbs.twimg.com/profile_images/2325392655/map-of-greece180x180_normal.jpg",
        "profile_image_url_https": "https://pbs.twimg.com/profile_images/2325392655/map-of-greece180x180_normal.jpg",
        "profile_link_color": "1DA1F2",
        "profile_sidebar_border_color": "C0DEED",
        "profile_sidebar_fill_color": "DDEEF6",
        "profile_text_color": "333333",
        "profile_use_background_image": true,
        "protected": false,
        "screen_name": "GreeceOutsideIn",
        "statuses_count": 203611,
        "time_zone": null,
        "translator_type": "none",
        "url": "http://t.co/M59OsnnT9W",
        "utc_offset": null,
        "verified": false
    }
}
