{
    "contributors": null,
    "coordinates": null,
    "created_at": "Mon Jul 01 15:37:42 +0000 2019",
    "entities": {
        "hashtags": [
            {
                "indices": [
                    21,
                    33
                ],
                "text": "anniversary"
            },
            {
                "indices": [
                    44,
                    60
                ],
                "text": "AcropolisMuseum"
            },
            {
                "indices": [
                    100,
                    107
                ],
                "text": "Museum"
            }
        ],
        "symbols": [],
        "urls": [],
        "user_mentions": [
            {
                "id": 2196985237,
                "id_str": "2196985237",
                "indices": [
                    3,
                    13
                ],
                "name": "Christos G Failadis",
                "screen_name": "xfailadis"
            }
        ]
    },
    "favorite_count": 0,
    "favorited": false,
    "geo": null,
    "id": 1145718128464334849,
    "id_str": "1145718128464334849",
    "in_reply_to_screen_name": null,
    "in_reply_to_status_id": null,
    "in_reply_to_status_id_str": null,
    "in_reply_to_user_id": null,
    "in_reply_to_user_id_str": null,
    "is_quote_status": false,
    "lang": "en",
    "metadata": {
        "iso_language_code": "en",
        "result_type": "recent"
    },
    "place": null,
    "retweet_count": 3,
    "retweeted": false,
    "retweeted_status": {
        "contributors": null,
        "coordinates": null,
        "created_at": "Wed Jun 19 12:17:37 +0000 2019",
        "entities": {
            "hashtags": [
                {
                    "indices": [
                        6,
                        18
                    ],
                    "text": "anniversary"
                },
                {
                    "indices": [
                        29,
                        45
                    ],
                    "text": "AcropolisMuseum"
                },
                {
                    "indices": [
                        85,
                        92
                    ],
                    "text": "Museum"
                }
            ],
            "symbols": [],
            "urls": [
                {
                    "display_url": "twitter.com/i/web/status/1\u2026",
                    "expanded_url": "https://twitter.com/i/web/status/1141319120237006849",
                    "indices": [
                        116,
                        139
                    ],
                    "url": "https://t.co/DAcgA9ggmX"
                }
            ],
            "user_mentions": []
        },
        "favorite_count": 4,
        "favorited": false,
        "geo": null,
        "id": 1141319120237006849,
        "id_str": "1141319120237006849",
        "in_reply_to_screen_name": null,
        "in_reply_to_status_id": null,
        "in_reply_to_status_id_str": null,
        "in_reply_to_user_id": null,
        "in_reply_to_user_id_str": null,
        "is_quote_status": false,
        "lang": "en",
        "metadata": {
            "iso_language_code": "en",
            "result_type": "recent"
        },
        "place": null,
        "possibly_sensitive": false,
        "retweet_count": 3,
        "retweeted": false,
        "source": "<a href=\"https://mobile.twitter.com\" rel=\"nofollow\">Twitter Web App</a>",
        "text": "10yrs #anniversary since the #AcropolisMuseum's inauguration-an impressive worldwide #Museum that still awaits the\u2026 https://t.co/DAcgA9ggmX",
        "truncated": true,
        "user": {
            "contributors_enabled": false,
            "created_at": "Sat Nov 16 02:46:31 +0000 2013",
            "default_profile": true,
            "default_profile_image": false,
            "description": "International Relations specialist / Communication Counselor / Public Diplomacy/ Communicative Strategic Planning",
            "entities": {
                "description": {
                    "urls": []
                }
            },
            "favourites_count": 3146,
            "follow_request_sent": false,
            "followers_count": 981,
            "following": false,
            "friends_count": 537,
            "geo_enabled": false,
            "has_extended_profile": false,
            "id": 2196985237,
            "id_str": "2196985237",
            "is_translation_enabled": false,
            "is_translator": false,
            "lang": "el",
            "listed_count": 115,
            "location": "Athens-Greece",
            "name": "Christos G Failadis",
            "notifications": false,
            "profile_background_color": "C0DEED",
            "profile_background_image_url": "http://abs.twimg.com/images/themes/theme1/bg.png",
            "profile_background_image_url_https": "https://abs.twimg.com/images/themes/theme1/bg.png",
            "profile_background_tile": false,
            "profile_banner_url": "https://pbs.twimg.com/profile_banners/2196985237/1400250559",
            "profile_image_url": "http://pbs.twimg.com/profile_images/420622658644869120/IG9lncXL_normal.jpeg",
            "profile_image_url_https": "https://pbs.twimg.com/profile_images/420622658644869120/IG9lncXL_normal.jpeg",
            "profile_link_color": "1DA1F2",
            "profile_sidebar_border_color": "C0DEED",
            "profile_sidebar_fill_color": "DDEEF6",
            "profile_text_color": "333333",
            "profile_use_background_image": true,
            "protected": false,
            "screen_name": "xfailadis",
            "statuses_count": 26901,
            "time_zone": null,
            "translator_type": "none",
            "url": null,
            "utc_offset": null,
            "verified": false
        }
    },
    "source": "<a href=\"http://twitter.com\" rel=\"nofollow\">Twitter Web Client</a>",
    "text": "RT @xfailadis: 10yrs #anniversary since the #AcropolisMuseum's inauguration-an impressive worldwide #Museum that still awaits the #reunific\u2026",
    "truncated": false,
    "user": {
        "contributors_enabled": false,
        "created_at": "Tue Jun 30 10:11:47 +0000 2009",
        "default_profile": false,
        "default_profile_image": false,
        "description": "Founded in 1983, BCRPM are a group of British people who having considered the case for the reunification of the Parthenon Marbles, strongly support it.",
        "entities": {
            "description": {
                "urls": []
            },
            "url": {
                "urls": [
                    {
                        "display_url": "parthenonuk.com",
                        "expanded_url": "http://www.parthenonuk.com",
                        "indices": [
                            0,
                            22
                        ],
                        "url": "http://t.co/VyCwnZzaJv"
                    }
                ]
            }
        },
        "favourites_count": 22976,
        "follow_request_sent": false,
        "followers_count": 1861,
        "following": false,
        "friends_count": 3020,
        "geo_enabled": true,
        "has_extended_profile": false,
        "id": 52358452,
        "id_str": "52358452",
        "is_translation_enabled": false,
        "is_translator": false,
        "lang": "en",
        "listed_count": 72,
        "location": "United Kingdom",
        "name": "British Committee",
        "notifications": false,
        "profile_background_color": "EBEBEB",
        "profile_background_image_url": "http://abs.twimg.com/images/themes/theme1/bg.png",
        "profile_background_image_url_https": "https://abs.twimg.com/images/themes/theme1/bg.png",
        "profile_background_tile": true,
        "profile_banner_url": "https://pbs.twimg.com/profile_banners/52358452/1501170599",
        "profile_image_url": "http://pbs.twimg.com/profile_images/740815334198890496/M2pEraoq_normal.jpg",
        "profile_image_url_https": "https://pbs.twimg.com/profile_images/740815334198890496/M2pEraoq_normal.jpg",
        "profile_link_color": "0084B4",
        "profile_sidebar_border_color": "FFFFFF",
        "profile_sidebar_fill_color": "F3F3F3",
        "profile_text_color": "333333",
        "profile_use_background_image": true,
        "protected": false,
        "screen_name": "BCRPM",
        "statuses_count": 11179,
        "time_zone": null,
        "translator_type": "none",
        "url": "http://t.co/VyCwnZzaJv",
        "utc_offset": null,
        "verified": false
    }
}
