{
    "contributors": null,
    "coordinates": null,
    "created_at": "Sun Aug 18 03:42:16 +0000 2019",
    "entities": {
        "hashtags": [],
        "symbols": [],
        "urls": [],
        "user_mentions": [
            {
                "id": 907369555797749760,
                "id_str": "907369555797749760",
                "indices": [
                    3,
                    13
                ],
                "name": "Ronn",
                "screen_name": "PulbuRonn"
            }
        ]
    },
    "favorite_count": 0,
    "favorited": false,
    "geo": null,
    "id": 1162932701541752838,
    "id_str": "1162932701541752838",
    "in_reply_to_screen_name": null,
    "in_reply_to_status_id": null,
    "in_reply_to_status_id_str": null,
    "in_reply_to_user_id": null,
    "in_reply_to_user_id_str": null,
    "is_quote_status": true,
    "lang": "en",
    "metadata": {
        "iso_language_code": "en",
        "result_type": "recent"
    },
    "place": null,
    "quoted_status_id": 1162878866039296000,
    "quoted_status_id_str": "1162878866039296000",
    "retweet_count": 2,
    "retweeted": false,
    "retweeted_status": {
        "contributors": null,
        "coordinates": null,
        "created_at": "Sun Aug 18 00:14:31 +0000 2019",
        "entities": {
            "hashtags": [],
            "symbols": [],
            "urls": [
                {
                    "display_url": "twitter.com/i/web/status/1\u2026",
                    "expanded_url": "https://twitter.com/i/web/status/1162880418183405572",
                    "indices": [
                        117,
                        140
                    ],
                    "url": "https://t.co/Wrd2G6IpV6"
                }
            ],
            "user_mentions": []
        },
        "favorite_count": 7,
        "favorited": false,
        "geo": null,
        "id": 1162880418183405572,
        "id_str": "1162880418183405572",
        "in_reply_to_screen_name": null,
        "in_reply_to_status_id": null,
        "in_reply_to_status_id_str": null,
        "in_reply_to_user_id": null,
        "in_reply_to_user_id_str": null,
        "is_quote_status": true,
        "lang": "en",
        "metadata": {
            "iso_language_code": "en",
            "result_type": "recent"
        },
        "place": null,
        "possibly_sensitive": false,
        "quoted_status": {
            "contributors": null,
            "coordinates": null,
            "created_at": "Sun Aug 18 00:08:21 +0000 2019",
            "entities": {
                "hashtags": [],
                "symbols": [],
                "urls": [
                    {
                        "display_url": "twitter.com/PulbuRonn/stat\u2026",
                        "expanded_url": "https://twitter.com/PulbuRonn/status/1162878309497094145",
                        "indices": [
                            60,
                            83
                        ],
                        "url": "https://t.co/gZFyx7dSAx"
                    }
                ],
                "user_mentions": []
            },
            "favorite_count": 4,
            "favorited": false,
            "geo": null,
            "id": 1162878866039296000,
            "id_str": "1162878866039296000",
            "in_reply_to_screen_name": null,
            "in_reply_to_status_id": null,
            "in_reply_to_status_id_str": null,
            "in_reply_to_user_id": null,
            "in_reply_to_user_id_str": null,
            "is_quote_status": true,
            "lang": "en",
            "metadata": {
                "iso_language_code": "en",
                "result_type": "recent"
            },
            "place": null,
            "possibly_sensitive": false,
            "quoted_status_id": 1162878309497094145,
            "quoted_status_id_str": "1162878309497094145",
            "retweet_count": 0,
            "retweeted": false,
            "source": "<a href=\"http://twitter.com/download/android\" rel=\"nofollow\">Twitter for Android</a>",
            "text": "Look at this guy. Doesnt even understand intersectionality. https://t.co/gZFyx7dSAx",
            "truncated": false,
            "user": {
                "contributors_enabled": false,
                "created_at": "Thu Feb 21 14:08:30 +0000 2013",
                "default_profile": false,
                "default_profile_image": false,
                "description": "Mabait pero no time for bullshit",
                "entities": {
                    "description": {
                        "urls": []
                    }
                },
                "favourites_count": 4215,
                "follow_request_sent": false,
                "followers_count": 92,
                "following": false,
                "friends_count": 326,
                "geo_enabled": false,
                "has_extended_profile": false,
                "id": 1204967450,
                "id_str": "1204967450",
                "is_translation_enabled": false,
                "is_translator": false,
                "lang": null,
                "listed_count": 1,
                "location": "",
                "name": "Carlo Sales",
                "notifications": false,
                "profile_background_color": "131516",
                "profile_background_image_url": "http://abs.twimg.com/images/themes/theme14/bg.gif",
                "profile_background_image_url_https": "https://abs.twimg.com/images/themes/theme14/bg.gif",
                "profile_background_tile": true,
                "profile_image_url": "http://pbs.twimg.com/profile_images/1083572779620827136/hKzlleq4_normal.jpg",
                "profile_image_url_https": "https://pbs.twimg.com/profile_images/1083572779620827136/hKzlleq4_normal.jpg",
                "profile_link_color": "009999",
                "profile_sidebar_border_color": "FFFFFF",
                "profile_sidebar_fill_color": "EFEFEF",
                "profile_text_color": "333333",
                "profile_use_background_image": true,
                "protected": false,
                "screen_name": "tnlcarlosales",
                "statuses_count": 2552,
                "time_zone": null,
                "translator_type": "none",
                "url": null,
                "utc_offset": null,
                "verified": false
            }
        },
        "quoted_status_id": 1162878866039296000,
        "quoted_status_id_str": "1162878866039296000",
        "retweet_count": 2,
        "retweeted": false,
        "source": "<a href=\"https://mobile.twitter.com\" rel=\"nofollow\">Twitter Web App</a>",
        "text": "Para na kong sira plaka e. Hahaha.\n\nA cause becomes political when it is politicized.\n\nNon-political social campaig\u2026 https://t.co/Wrd2G6IpV6",
        "truncated": true,
        "user": {
            "contributors_enabled": false,
            "created_at": "Mon Sep 11 22:25:35 +0000 2017",
            "default_profile": false,
            "default_profile_image": false,
            "description": "Who am I? None of your business.",
            "entities": {
                "description": {
                    "urls": []
                }
            },
            "favourites_count": 924,
            "follow_request_sent": false,
            "followers_count": 465,
            "following": false,
            "friends_count": 135,
            "geo_enabled": false,
            "has_extended_profile": false,
            "id": 907369555797749760,
            "id_str": "907369555797749760",
            "is_translation_enabled": false,
            "is_translator": false,
            "lang": null,
            "listed_count": 1,
            "location": "",
            "name": "Ronn",
            "notifications": false,
            "profile_background_color": "000000",
            "profile_background_image_url": "http://abs.twimg.com/images/themes/theme1/bg.png",
            "profile_background_image_url_https": "https://abs.twimg.com/images/themes/theme1/bg.png",
            "profile_background_tile": false,
            "profile_banner_url": "https://pbs.twimg.com/profile_banners/907369555797749760/1513040333",
            "profile_image_url": "http://pbs.twimg.com/profile_images/1162026605192986624/Z3Zne2d1_normal.jpg",
            "profile_image_url_https": "https://pbs.twimg.com/profile_images/1162026605192986624/Z3Zne2d1_normal.jpg",
            "profile_link_color": "19CF86",
            "profile_sidebar_border_color": "000000",
            "profile_sidebar_fill_color": "000000",
            "profile_text_color": "000000",
            "profile_use_background_image": false,
            "protected": false,
            "screen_name": "PulbuRonn",
            "statuses_count": 3503,
            "time_zone": null,
            "translator_type": "none",
            "url": null,
            "utc_offset": null,
            "verified": false
        }
    },
    "source": "<a href=\"http://twitter.com/download/iphone\" rel=\"nofollow\">Twitter for iPhone</a>",
    "text": "RT @PulbuRonn: Para na kong sira plaka e. Hahaha.\n\nA cause becomes political when it is politicized.\n\nNon-political social campaigns can in\u2026",
    "truncated": false,
    "user": {
        "contributors_enabled": false,
        "created_at": "Wed Mar 30 09:48:20 +0000 2011",
        "default_profile": false,
        "default_profile_image": false,
        "description": "I may not be everyone's cup of tea, but I'm someone's double shot of tequila.\n\n\n\n\"Alma laeta nobilis.\"",
        "entities": {
            "description": {
                "urls": []
            }
        },
        "favourites_count": 79673,
        "follow_request_sent": false,
        "followers_count": 560,
        "following": false,
        "friends_count": 2102,
        "geo_enabled": false,
        "has_extended_profile": true,
        "id": 274450849,
        "id_str": "274450849",
        "is_translation_enabled": false,
        "is_translator": false,
        "lang": null,
        "listed_count": 26,
        "location": "Amatit\u00e1n, Jalisco",
        "name": "El Hombre XO",
        "notifications": false,
        "profile_background_color": "000000",
        "profile_background_image_url": "http://abs.twimg.com/images/themes/theme3/bg.gif",
        "profile_background_image_url_https": "https://abs.twimg.com/images/themes/theme3/bg.gif",
        "profile_background_tile": false,
        "profile_banner_url": "https://pbs.twimg.com/profile_banners/274450849/1555039672",
        "profile_image_url": "http://pbs.twimg.com/profile_images/1116540984660070405/bVOPgsGf_normal.png",
        "profile_image_url_https": "https://pbs.twimg.com/profile_images/1116540984660070405/bVOPgsGf_normal.png",
        "profile_link_color": "19CF86",
        "profile_sidebar_border_color": "000000",
        "profile_sidebar_fill_color": "000000",
        "profile_text_color": "000000",
        "profile_use_background_image": false,
        "protected": false,
        "screen_name": "elhombretequila",
        "statuses_count": 129948,
        "time_zone": null,
        "translator_type": "none",
        "url": null,
        "utc_offset": null,
        "verified": false
    }
}
