{
    "contributors": null,
    "coordinates": null,
    "created_at": "Tue Jun 25 16:31:02 +0000 2019",
    "entities": {
        "hashtags": [
            {
                "indices": [
                    56,
                    62
                ],
                "text": "photo"
            }
        ],
        "media": [
            {
                "display_url": "pic.twitter.com/qSl8Tvn3Uu",
                "expanded_url": "https://twitter.com/_ahsanR/status/1073043908865769472/photo/1",
                "id": 1073042947950690305,
                "id_str": "1073042947950690305",
                "indices": [
                    80,
                    103
                ],
                "media_url": "http://pbs.twimg.com/media/DuQ24D1WwAECwsD.jpg",
                "media_url_https": "https://pbs.twimg.com/media/DuQ24D1WwAECwsD.jpg",
                "sizes": {
                    "large": {
                        "h": 1350,
                        "resize": "fit",
                        "w": 1080
                    },
                    "medium": {
                        "h": 1200,
                        "resize": "fit",
                        "w": 960
                    },
                    "small": {
                        "h": 680,
                        "resize": "fit",
                        "w": 544
                    },
                    "thumb": {
                        "h": 150,
                        "resize": "crop",
                        "w": 150
                    }
                },
                "source_status_id": 1073043908865769472,
                "source_status_id_str": "1073043908865769472",
                "source_user_id": 1911811837,
                "source_user_id_str": "1911811837",
                "type": "photo",
                "url": "https://t.co/qSl8Tvn3Uu"
            }
        ],
        "symbols": [],
        "urls": [],
        "user_mentions": [
            {
                "id": 1911811837,
                "id_str": "1911811837",
                "indices": [
                    3,
                    11
                ],
                "name": "Ahsan",
                "screen_name": "_ahsanR"
            }
        ]
    },
    "extended_entities": {
        "media": [
            {
                "display_url": "pic.twitter.com/qSl8Tvn3Uu",
                "expanded_url": "https://twitter.com/_ahsanR/status/1073043908865769472/photo/1",
                "id": 1073042947950690305,
                "id_str": "1073042947950690305",
                "indices": [
                    80,
                    103
                ],
                "media_url": "http://pbs.twimg.com/media/DuQ24D1WwAECwsD.jpg",
                "media_url_https": "https://pbs.twimg.com/media/DuQ24D1WwAECwsD.jpg",
                "sizes": {
                    "large": {
                        "h": 1350,
                        "resize": "fit",
                        "w": 1080
                    },
                    "medium": {
                        "h": 1200,
                        "resize": "fit",
                        "w": 960
                    },
                    "small": {
                        "h": 680,
                        "resize": "fit",
                        "w": 544
                    },
                    "thumb": {
                        "h": 150,
                        "resize": "crop",
                        "w": 150
                    }
                },
                "source_status_id": 1073043908865769472,
                "source_status_id_str": "1073043908865769472",
                "source_user_id": 1911811837,
                "source_user_id_str": "1911811837",
                "type": "photo",
                "url": "https://t.co/qSl8Tvn3Uu"
            }
        ]
    },
    "favorite_count": 0,
    "favorited": false,
    "geo": null,
    "id": 1143557220610772993,
    "id_str": "1143557220610772993",
    "in_reply_to_screen_name": null,
    "in_reply_to_status_id": null,
    "in_reply_to_status_id_str": null,
    "in_reply_to_user_id": null,
    "in_reply_to_user_id_str": null,
    "is_quote_status": false,
    "lang": "en",
    "metadata": {
        "iso_language_code": "en",
        "result_type": "recent"
    },
    "place": null,
    "possibly_sensitive": false,
    "retweet_count": 2662,
    "retweeted": false,
    "retweeted_status": {
        "contributors": null,
        "coordinates": null,
        "created_at": "Thu Dec 13 02:36:18 +0000 2018",
        "entities": {
            "hashtags": [
                {
                    "indices": [
                        43,
                        49
                    ],
                    "text": "photo"
                }
            ],
            "media": [
                {
                    "display_url": "pic.twitter.com/qSl8Tvn3Uu",
                    "expanded_url": "https://twitter.com/_ahsanR/status/1073043908865769472/photo/1",
                    "id": 1073042947950690305,
                    "id_str": "1073042947950690305",
                    "indices": [
                        67,
                        90
                    ],
                    "media_url": "http://pbs.twimg.com/media/DuQ24D1WwAECwsD.jpg",
                    "media_url_https": "https://pbs.twimg.com/media/DuQ24D1WwAECwsD.jpg",
                    "sizes": {
                        "large": {
                            "h": 1350,
                            "resize": "fit",
                            "w": 1080
                        },
                        "medium": {
                            "h": 1200,
                            "resize": "fit",
                            "w": 960
                        },
                        "small": {
                            "h": 680,
                            "resize": "fit",
                            "w": 544
                        },
                        "thumb": {
                            "h": 150,
                            "resize": "crop",
                            "w": 150
                        }
                    },
                    "type": "photo",
                    "url": "https://t.co/qSl8Tvn3Uu"
                }
            ],
            "symbols": [],
            "urls": [],
            "user_mentions": []
        },
        "extended_entities": {
            "media": [
                {
                    "display_url": "pic.twitter.com/qSl8Tvn3Uu",
                    "expanded_url": "https://twitter.com/_ahsanR/status/1073043908865769472/photo/1",
                    "id": 1073042947950690305,
                    "id_str": "1073042947950690305",
                    "indices": [
                        67,
                        90
                    ],
                    "media_url": "http://pbs.twimg.com/media/DuQ24D1WwAECwsD.jpg",
                    "media_url_https": "https://pbs.twimg.com/media/DuQ24D1WwAECwsD.jpg",
                    "sizes": {
                        "large": {
                            "h": 1350,
                            "resize": "fit",
                            "w": 1080
                        },
                        "medium": {
                            "h": 1200,
                            "resize": "fit",
                            "w": 960
                        },
                        "small": {
                            "h": 680,
                            "resize": "fit",
                            "w": 544
                        },
                        "thumb": {
                            "h": 150,
                            "resize": "crop",
                            "w": 150
                        }
                    },
                    "type": "photo",
                    "url": "https://t.co/qSl8Tvn3Uu"
                }
            ]
        },
        "favorite_count": 1558,
        "favorited": false,
        "geo": null,
        "id": 1073043908865769472,
        "id_str": "1073043908865769472",
        "in_reply_to_screen_name": null,
        "in_reply_to_status_id": null,
        "in_reply_to_status_id_str": null,
        "in_reply_to_user_id": null,
        "in_reply_to_user_id_str": null,
        "is_quote_status": false,
        "lang": "en",
        "metadata": {
            "iso_language_code": "en",
            "result_type": "recent"
        },
        "place": null,
        "possibly_sensitive": false,
        "retweet_count": 2662,
        "retweeted": false,
        "source": "<a href=\"http://twitter.com\" rel=\"nofollow\">Twitter Web Client</a>",
        "text": "\u2764\ufe0f\ud83d\udc9a\ud83d\udc9dParthenon, Acropolis of Athens, Greece #photo  Altug Galip\u2764\ufe0f\ud83d\udc9a\ud83d\udc9d https://t.co/qSl8Tvn3Uu",
        "truncated": false,
        "user": {
            "contributors_enabled": false,
            "created_at": "Fri Sep 27 17:32:28 +0000 2013",
            "default_profile": true,
            "default_profile_image": false,
            "description": "",
            "entities": {
                "description": {
                    "urls": []
                }
            },
            "favourites_count": 128,
            "follow_request_sent": false,
            "followers_count": 11292,
            "following": false,
            "friends_count": 139,
            "geo_enabled": true,
            "has_extended_profile": false,
            "id": 1911811837,
            "id_str": "1911811837",
            "is_translation_enabled": false,
            "is_translator": false,
            "lang": "en-gb",
            "listed_count": 362,
            "location": "",
            "name": "Ahsan",
            "notifications": false,
            "profile_background_color": "C0DEED",
            "profile_background_image_url": "http://abs.twimg.com/images/themes/theme1/bg.png",
            "profile_background_image_url_https": "https://abs.twimg.com/images/themes/theme1/bg.png",
            "profile_background_tile": false,
            "profile_banner_url": "https://pbs.twimg.com/profile_banners/1911811837/1442666807",
            "profile_image_url": "http://pbs.twimg.com/profile_images/645496474067861504/wQiTDr2W_normal.jpg",
            "profile_image_url_https": "https://pbs.twimg.com/profile_images/645496474067861504/wQiTDr2W_normal.jpg",
            "profile_link_color": "1DA1F2",
            "profile_sidebar_border_color": "C0DEED",
            "profile_sidebar_fill_color": "DDEEF6",
            "profile_text_color": "333333",
            "profile_use_background_image": true,
            "protected": false,
            "screen_name": "_ahsanR",
            "statuses_count": 195687,
            "time_zone": null,
            "translator_type": "none",
            "url": null,
            "utc_offset": null,
            "verified": false
        }
    },
    "source": "<a href=\"http://twitter.com/download/android\" rel=\"nofollow\">Twitter for Android</a>",
    "text": "RT @_ahsanR: \u2764\ufe0f\ud83d\udc9a\ud83d\udc9dParthenon, Acropolis of Athens, Greece #photo  Altug Galip\u2764\ufe0f\ud83d\udc9a\ud83d\udc9d https://t.co/qSl8Tvn3Uu",
    "truncated": false,
    "user": {
        "contributors_enabled": false,
        "created_at": "Mon Jul 15 22:57:48 +0000 2013",
        "default_profile": true,
        "default_profile_image": false,
        "description": "De aqu\u00ed en adelante nadie me cause molestias  . Porque  yo traigo en mi cuerpo las marcas del SE\u00d1OR JES\u00daS.\ud83d\ude45 Galatas 6:17 \ud83d\ude4c  JESUCRISTO  MI ROCA  FUERTE !!..\ud83d\ude4f",
        "entities": {
            "description": {
                "urls": []
            }
        },
        "favourites_count": 115876,
        "follow_request_sent": false,
        "followers_count": 29174,
        "following": false,
        "friends_count": 24195,
        "geo_enabled": true,
        "has_extended_profile": false,
        "id": 1596924096,
        "id_str": "1596924096",
        "is_translation_enabled": false,
        "is_translator": false,
        "lang": "es",
        "listed_count": 231,
        "location": "ARGENTINA \ud83c\udde6\ud83c\uddf7\ud83d\udc93",
        "name": "maby",
        "notifications": false,
        "profile_background_color": "C0DEED",
        "profile_background_image_url": "http://abs.twimg.com/images/themes/theme1/bg.png",
        "profile_background_image_url_https": "https://abs.twimg.com/images/themes/theme1/bg.png",
        "profile_background_tile": false,
        "profile_banner_url": "https://pbs.twimg.com/profile_banners/1596924096/1560142561",
        "profile_image_url": "http://pbs.twimg.com/profile_images/1104952763031670784/WF5zz3T7_normal.jpg",
        "profile_image_url_https": "https://pbs.twimg.com/profile_images/1104952763031670784/WF5zz3T7_normal.jpg",
        "profile_link_color": "1DA1F2",
        "profile_sidebar_border_color": "C0DEED",
        "profile_sidebar_fill_color": "DDEEF6",
        "profile_text_color": "333333",
        "profile_use_background_image": true,
        "protected": false,
        "screen_name": "GuerreraadeDios",
        "statuses_count": 167732,
        "time_zone": null,
        "translator_type": "none",
        "url": null,
        "utc_offset": null,
        "verified": false
    }
}
