{
    "contributors": null,
    "coordinates": null,
    "created_at": "Wed Jul 03 19:19:21 +0000 2019",
    "entities": {
        "hashtags": [
            {
                "indices": [
                    80,
                    90
                ],
                "text": "Exarcheia"
            }
        ],
        "symbols": [],
        "urls": [],
        "user_mentions": [
            {
                "id": 40311976,
                "id_str": "40311976",
                "indices": [
                    3,
                    8
                ],
                "name": "RIDM",
                "screen_name": "RIDM"
            },
            {
                "id": 40311976,
                "id_str": "40311976",
                "indices": [
                    50,
                    55
                ],
                "name": "RIDM",
                "screen_name": "RIDM"
            }
        ]
    },
    "favorite_count": 0,
    "favorited": false,
    "geo": null,
    "id": 1146498682927407104,
    "id_str": "1146498682927407104",
    "in_reply_to_screen_name": null,
    "in_reply_to_status_id": null,
    "in_reply_to_status_id_str": null,
    "in_reply_to_user_id": null,
    "in_reply_to_user_id_str": null,
    "is_quote_status": false,
    "lang": "en",
    "metadata": {
        "iso_language_code": "en",
        "result_type": "recent"
    },
    "place": null,
    "retweet_count": 3,
    "retweeted": false,
    "retweeted_status": {
        "contributors": null,
        "coordinates": null,
        "created_at": "Wed Jul 03 19:17:16 +0000 2019",
        "entities": {
            "hashtags": [
                {
                    "indices": [
                        70,
                        80
                    ],
                    "text": "Exarcheia"
                }
            ],
            "symbols": [],
            "urls": [
                {
                    "display_url": "twitter.com/i/web/status/1\u2026",
                    "expanded_url": "https://twitter.com/i/web/status/1146498160275181568",
                    "indices": [
                        117,
                        140
                    ],
                    "url": "https://t.co/P1gwCQPY5v"
                }
            ],
            "user_mentions": [
                {
                    "id": 40311976,
                    "id_str": "40311976",
                    "indices": [
                        40,
                        45
                    ],
                    "name": "RIDM",
                    "screen_name": "RIDM"
                }
            ]
        },
        "favorite_count": 1,
        "favorited": false,
        "geo": null,
        "id": 1146498160275181568,
        "id_str": "1146498160275181568",
        "in_reply_to_screen_name": null,
        "in_reply_to_status_id": null,
        "in_reply_to_status_id_str": null,
        "in_reply_to_user_id": null,
        "in_reply_to_user_id_str": null,
        "is_quote_status": false,
        "lang": "en",
        "metadata": {
            "iso_language_code": "en",
            "result_type": "recent"
        },
        "place": null,
        "possibly_sensitive": false,
        "retweet_count": 3,
        "retweeted": false,
        "source": "<a href=\"https://about.twitter.com/products/tweetdeck\" rel=\"nofollow\">TweetDeck</a>",
        "text": "[ \ud83d\udccc SAVE THE DATE ]\nNext wednesday, the @RIDM En plein air begin with #Exarcheia, The Chanting of Birds in presence\u2026 https://t.co/P1gwCQPY5v",
        "truncated": true,
        "user": {
            "contributors_enabled": false,
            "created_at": "Fri May 15 19:24:10 +0000 2009",
            "default_profile": false,
            "default_profile_image": false,
            "description": "Rencontres internationales du documentaire de Montr\u00e9al \u2022 Montreal International Documentary Festival \ud83d\udcfd Novembre de chaque ann\u00e9e",
            "entities": {
                "description": {
                    "urls": []
                },
                "url": {
                    "urls": [
                        {
                            "display_url": "ridm.ca",
                            "expanded_url": "http://www.ridm.ca",
                            "indices": [
                                0,
                                23
                            ],
                            "url": "https://t.co/oJpI3Lez8Q"
                        }
                    ]
                }
            },
            "favourites_count": 5408,
            "follow_request_sent": false,
            "followers_count": 7221,
            "following": false,
            "friends_count": 1957,
            "geo_enabled": true,
            "has_extended_profile": false,
            "id": 40311976,
            "id_str": "40311976",
            "is_translation_enabled": false,
            "is_translator": false,
            "lang": null,
            "listed_count": 310,
            "location": "Montr\u00e9al, Qc, Canada",
            "name": "RIDM",
            "notifications": false,
            "profile_background_color": "D6D6D6",
            "profile_background_image_url": "http://abs.twimg.com/images/themes/theme2/bg.gif",
            "profile_background_image_url_https": "https://abs.twimg.com/images/themes/theme2/bg.gif",
            "profile_background_tile": false,
            "profile_banner_url": "https://pbs.twimg.com/profile_banners/40311976/1557409303",
            "profile_image_url": "http://pbs.twimg.com/profile_images/1126482254270750721/CdN7AsBl_normal.png",
            "profile_image_url_https": "https://pbs.twimg.com/profile_images/1126482254270750721/CdN7AsBl_normal.png",
            "profile_link_color": "ABB8C2",
            "profile_sidebar_border_color": "FFFFFF",
            "profile_sidebar_fill_color": "EDCA3D",
            "profile_text_color": "333333",
            "profile_use_background_image": false,
            "protected": false,
            "screen_name": "RIDM",
            "statuses_count": 6450,
            "time_zone": null,
            "translator_type": "none",
            "url": "https://t.co/oJpI3Lez8Q",
            "utc_offset": null,
            "verified": false
        }
    },
    "source": "<a href=\"http://twitter.com\" rel=\"nofollow\">Twitter Web Client</a>",
    "text": "RT @RIDM: [ \ud83d\udccc SAVE THE DATE ]\nNext wednesday, the @RIDM En plein air begin with #Exarcheia, The Chanting of Birds in presence of the direct\u2026",
    "truncated": false,
    "user": {
        "contributors_enabled": false,
        "created_at": "Mon Sep 15 21:34:02 +0000 2008",
        "default_profile": false,
        "default_profile_image": false,
        "description": "R\u00e9alisateur multim\u00e9dia. Fr \ud83c\udde8\ud83c\udde6 En \ud83c\uddfb\ud83c\uddea Es",
        "entities": {
            "description": {
                "urls": []
            }
        },
        "favourites_count": 27147,
        "follow_request_sent": false,
        "followers_count": 910,
        "following": false,
        "friends_count": 1259,
        "geo_enabled": true,
        "has_extended_profile": true,
        "id": 16302435,
        "id_str": "16302435",
        "is_translation_enabled": false,
        "is_translator": false,
        "lang": null,
        "listed_count": 60,
        "location": "Queen City",
        "name": "Harold Lopez",
        "notifications": false,
        "profile_background_color": "B2DFDA",
        "profile_background_image_url": "http://abs.twimg.com/images/themes/theme13/bg.gif",
        "profile_background_image_url_https": "https://abs.twimg.com/images/themes/theme13/bg.gif",
        "profile_background_tile": false,
        "profile_banner_url": "https://pbs.twimg.com/profile_banners/16302435/1542387053",
        "profile_image_url": "http://pbs.twimg.com/profile_images/1083431708014329856/Jvqg_-Ws_normal.jpg",
        "profile_image_url_https": "https://pbs.twimg.com/profile_images/1083431708014329856/Jvqg_-Ws_normal.jpg",
        "profile_link_color": "93A644",
        "profile_sidebar_border_color": "EEEEEE",
        "profile_sidebar_fill_color": "FFFFFF",
        "profile_text_color": "333333",
        "profile_use_background_image": true,
        "protected": false,
        "screen_name": "halhiraeth",
        "statuses_count": 25081,
        "time_zone": null,
        "translator_type": "none",
        "url": null,
        "utc_offset": null,
        "verified": false
    }
}
