{
    "contributors": null,
    "coordinates": null,
    "created_at": "Mon Aug 26 17:03:13 +0000 2019",
    "entities": {
        "hashtags": [],
        "symbols": [],
        "urls": [],
        "user_mentions": [
            {
                "id": 242704372,
                "id_str": "242704372",
                "indices": [
                    3,
                    16
                ],
                "name": "Kathimerini English Edition",
                "screen_name": "ekathimerini"
            }
        ]
    },
    "favorite_count": 0,
    "favorited": false,
    "geo": null,
    "id": 1166033369186164737,
    "id_str": "1166033369186164737",
    "in_reply_to_screen_name": null,
    "in_reply_to_status_id": null,
    "in_reply_to_status_id_str": null,
    "in_reply_to_user_id": null,
    "in_reply_to_user_id_str": null,
    "is_quote_status": false,
    "lang": "en",
    "metadata": {
        "iso_language_code": "en",
        "result_type": "recent"
    },
    "place": null,
    "retweet_count": 2,
    "retweeted": false,
    "retweeted_status": {
        "contributors": null,
        "coordinates": null,
        "created_at": "Mon Aug 26 16:59:08 +0000 2019",
        "entities": {
            "hashtags": [],
            "symbols": [],
            "urls": [
                {
                    "display_url": "twitter.com/i/web/status/1\u2026",
                    "expanded_url": "https://twitter.com/i/web/status/1166032338964353026",
                    "indices": [
                        117,
                        140
                    ],
                    "url": "https://t.co/nR9RhQ8jTC"
                }
            ],
            "user_mentions": []
        },
        "favorite_count": 2,
        "favorited": false,
        "geo": null,
        "id": 1166032338964353026,
        "id_str": "1166032338964353026",
        "in_reply_to_screen_name": null,
        "in_reply_to_status_id": null,
        "in_reply_to_status_id_str": null,
        "in_reply_to_user_id": null,
        "in_reply_to_user_id_str": null,
        "is_quote_status": false,
        "lang": "en",
        "metadata": {
            "iso_language_code": "en",
            "result_type": "recent"
        },
        "place": null,
        "possibly_sensitive": false,
        "retweet_count": 2,
        "retweeted": false,
        "source": "<a href=\"https://mobile.twitter.com\" rel=\"nofollow\">Twitter Web App</a>",
        "text": "'Life has taught me to start my day in a good mood, not to mind whether it\u2019s hot or cold, wet or dry, not to look f\u2026 https://t.co/nR9RhQ8jTC",
        "truncated": true,
        "user": {
            "contributors_enabled": false,
            "created_at": "Tue Jan 25 11:56:33 +0000 2011",
            "default_profile": false,
            "default_profile_image": false,
            "description": "Kathimerini English Edition is a daily newspaper published in Athens. It is distributed exclusively with the NYT International Edition in Greece and Cyprus",
            "entities": {
                "description": {
                    "urls": []
                },
                "url": {
                    "urls": [
                        {
                            "display_url": "ekathimerini.com",
                            "expanded_url": "http://www.ekathimerini.com",
                            "indices": [
                                0,
                                22
                            ],
                            "url": "http://t.co/WgR5e6gZsQ"
                        }
                    ]
                }
            },
            "favourites_count": 0,
            "follow_request_sent": false,
            "followers_count": 44054,
            "following": false,
            "friends_count": 113,
            "geo_enabled": false,
            "has_extended_profile": false,
            "id": 242704372,
            "id_str": "242704372",
            "is_translation_enabled": false,
            "is_translator": false,
            "lang": null,
            "listed_count": 1802,
            "location": "Athens, Greece",
            "name": "Kathimerini English Edition",
            "notifications": false,
            "profile_background_color": "828082",
            "profile_background_image_url": "http://abs.twimg.com/images/themes/theme1/bg.png",
            "profile_background_image_url_https": "https://abs.twimg.com/images/themes/theme1/bg.png",
            "profile_background_tile": false,
            "profile_banner_url": "https://pbs.twimg.com/profile_banners/242704372/1401474934",
            "profile_image_url": "http://pbs.twimg.com/profile_images/614429910208245760/SGgcHndq_normal.jpg",
            "profile_image_url_https": "https://pbs.twimg.com/profile_images/614429910208245760/SGgcHndq_normal.jpg",
            "profile_link_color": "1B95E0",
            "profile_sidebar_border_color": "858585",
            "profile_sidebar_fill_color": "B1D67A",
            "profile_text_color": "333333",
            "profile_use_background_image": false,
            "protected": false,
            "screen_name": "ekathimerini",
            "statuses_count": 103633,
            "time_zone": null,
            "translator_type": "none",
            "url": "http://t.co/WgR5e6gZsQ",
            "utc_offset": null,
            "verified": false
        }
    },
    "source": "<a href=\"http://twitter.com/download/android\" rel=\"nofollow\">Twitter for Android</a>",
    "text": "RT @ekathimerini: 'Life has taught me to start my day in a good mood, not to mind whether it\u2019s hot or cold, wet or dry, not to look for a r\u2026",
    "truncated": false,
    "user": {
        "contributors_enabled": false,
        "created_at": "Fri Jul 22 18:13:18 +0000 2011",
        "default_profile": false,
        "default_profile_image": false,
        "description": "gragjanska ideologija, astronomija, nauka pred se', kafepienje",
        "entities": {
            "description": {
                "urls": []
            }
        },
        "favourites_count": 54440,
        "follow_request_sent": false,
        "followers_count": 2793,
        "following": false,
        "friends_count": 1914,
        "geo_enabled": false,
        "has_extended_profile": false,
        "id": 340441769,
        "id_str": "340441769",
        "is_translation_enabled": true,
        "is_translator": false,
        "lang": null,
        "listed_count": 49,
        "location": "Skopje, Makedonija",
        "name": "Cosmopolitan",
        "notifications": false,
        "profile_background_color": "0099B9",
        "profile_background_image_url": "http://abs.twimg.com/images/themes/theme4/bg.gif",
        "profile_background_image_url_https": "https://abs.twimg.com/images/themes/theme4/bg.gif",
        "profile_background_tile": false,
        "profile_banner_url": "https://pbs.twimg.com/profile_banners/340441769/1401913100",
        "profile_image_url": "http://pbs.twimg.com/profile_images/543096769383370752/bGLNSxsE_normal.jpeg",
        "profile_image_url_https": "https://pbs.twimg.com/profile_images/543096769383370752/bGLNSxsE_normal.jpeg",
        "profile_link_color": "0099B9",
        "profile_sidebar_border_color": "5ED4DC",
        "profile_sidebar_fill_color": "95E8EC",
        "profile_text_color": "3C3940",
        "profile_use_background_image": true,
        "protected": false,
        "screen_name": "alikiaj",
        "statuses_count": 89921,
        "time_zone": null,
        "translator_type": "regular",
        "url": null,
        "utc_offset": null,
        "verified": false
    }
}
