{
    "contributors": null,
    "coordinates": null,
    "created_at": "Wed Jul 31 01:12:46 +0000 2019",
    "entities": {
        "hashtags": [],
        "symbols": [],
        "urls": [
            {
                "display_url": "twitter.com/i/web/status/1\u2026",
                "expanded_url": "https://twitter.com/i/web/status/1156372094319357953",
                "indices": [
                    117,
                    140
                ],
                "url": "https://t.co/XIcipVLgl3"
            }
        ],
        "user_mentions": []
    },
    "favorite_count": 154,
    "favorited": false,
    "geo": null,
    "id": 1156372094319357953,
    "id_str": "1156372094319357953",
    "in_reply_to_screen_name": null,
    "in_reply_to_status_id": null,
    "in_reply_to_status_id_str": null,
    "in_reply_to_user_id": null,
    "in_reply_to_user_id_str": null,
    "is_quote_status": false,
    "lang": "en",
    "metadata": {
        "iso_language_code": "en",
        "result_type": "popular"
    },
    "place": null,
    "possibly_sensitive": false,
    "retweet_count": 42,
    "retweeted": false,
    "source": "<a href=\"http://twitter.com/download/iphone\" rel=\"nofollow\">Twitter for iPhone</a>",
    "text": "REPUBLIKANG WALANG PLAKA NO MORE!\n\nFrom a backlog of 8 million plates from 2013 to mid-2016, the Land Transportatio\u2026 https://t.co/XIcipVLgl3",
    "truncated": true,
    "user": {
        "contributors_enabled": false,
        "created_at": "Fri Mar 16 03:34:42 +0000 2012",
        "default_profile": false,
        "default_profile_image": false,
        "description": "Official Twitter Account of #DOTrPH | Working to provide a safer, more convenient, and more comfortable transportation services for the Filipinos",
        "entities": {
            "description": {
                "urls": []
            },
            "url": {
                "urls": [
                    {
                        "display_url": "dotr.gov.ph",
                        "expanded_url": "http://www.dotr.gov.ph",
                        "indices": [
                            0,
                            23
                        ],
                        "url": "https://t.co/82DuEFnHak"
                    }
                ]
            }
        },
        "favourites_count": 866,
        "follow_request_sent": false,
        "followers_count": 165439,
        "following": false,
        "friends_count": 73,
        "geo_enabled": true,
        "has_extended_profile": true,
        "id": 525996653,
        "id_str": "525996653",
        "is_translation_enabled": false,
        "is_translator": false,
        "lang": null,
        "listed_count": 540,
        "location": "Osme\u00f1a Road, Clark, Pampanga",
        "name": "DOTrPH \ud83c\uddf5\ud83c\udded",
        "notifications": false,
        "profile_background_color": "000000",
        "profile_background_image_url": "http://abs.twimg.com/images/themes/theme1/bg.png",
        "profile_background_image_url_https": "https://abs.twimg.com/images/themes/theme1/bg.png",
        "profile_background_tile": false,
        "profile_banner_url": "https://pbs.twimg.com/profile_banners/525996653/1472482104",
        "profile_image_url": "http://pbs.twimg.com/profile_images/769050355678191617/ClEH_qeu_normal.jpg",
        "profile_image_url_https": "https://pbs.twimg.com/profile_images/769050355678191617/ClEH_qeu_normal.jpg",
        "profile_link_color": "094EB5",
        "profile_sidebar_border_color": "FFFFFF",
        "profile_sidebar_fill_color": "DDEEF6",
        "profile_text_color": "333333",
        "profile_use_background_image": false,
        "protected": false,
        "screen_name": "DOTrPH",
        "statuses_count": 18793,
        "time_zone": null,
        "translator_type": "none",
        "url": "https://t.co/82DuEFnHak",
        "utc_offset": null,
        "verified": true
    }
}
