{
    "contributors": null,
    "coordinates": null,
    "created_at": "Thu Jul 04 12:59:11 +0000 2019",
    "entities": {
        "hashtags": [],
        "media": [
            {
                "display_url": "pic.twitter.com/hT9ZqLUFxO",
                "expanded_url": "https://twitter.com/YoYo_Ma/status/1146418553018572800/photo/1",
                "id": 1146418404129161216,
                "id_str": "1146418404129161216",
                "indices": [
                    108,
                    131
                ],
                "media_url": "http://pbs.twimg.com/media/D-jldu4WwAALoVB.jpg",
                "media_url_https": "https://pbs.twimg.com/media/D-jldu4WwAALoVB.jpg",
                "sizes": {
                    "large": {
                        "h": 1056,
                        "resize": "fit",
                        "w": 2048
                    },
                    "medium": {
                        "h": 619,
                        "resize": "fit",
                        "w": 1200
                    },
                    "small": {
                        "h": 351,
                        "resize": "fit",
                        "w": 680
                    },
                    "thumb": {
                        "h": 150,
                        "resize": "crop",
                        "w": 150
                    }
                },
                "source_status_id": 1146418553018572800,
                "source_status_id_str": "1146418553018572800",
                "source_user_id": 2740821001,
                "source_user_id_str": "2740821001",
                "type": "photo",
                "url": "https://t.co/hT9ZqLUFxO"
            }
        ],
        "symbols": [],
        "urls": [],
        "user_mentions": [
            {
                "id": 2740821001,
                "id_str": "2740821001",
                "indices": [
                    3,
                    11
                ],
                "name": "Yo-Yo Ma",
                "screen_name": "YoYo_Ma"
            },
            {
                "id": 3365541,
                "id_str": "3365541",
                "indices": [
                    96,
                    107
                ],
                "name": "Austin Mann",
                "screen_name": "austinmann"
            }
        ]
    },
    "extended_entities": {
        "media": [
            {
                "display_url": "pic.twitter.com/hT9ZqLUFxO",
                "expanded_url": "https://twitter.com/YoYo_Ma/status/1146418553018572800/photo/1",
                "id": 1146418404129161216,
                "id_str": "1146418404129161216",
                "indices": [
                    108,
                    131
                ],
                "media_url": "http://pbs.twimg.com/media/D-jldu4WwAALoVB.jpg",
                "media_url_https": "https://pbs.twimg.com/media/D-jldu4WwAALoVB.jpg",
                "sizes": {
                    "large": {
                        "h": 1056,
                        "resize": "fit",
                        "w": 2048
                    },
                    "medium": {
                        "h": 619,
                        "resize": "fit",
                        "w": 1200
                    },
                    "small": {
                        "h": 351,
                        "resize": "fit",
                        "w": 680
                    },
                    "thumb": {
                        "h": 150,
                        "resize": "crop",
                        "w": 150
                    }
                },
                "source_status_id": 1146418553018572800,
                "source_status_id_str": "1146418553018572800",
                "source_user_id": 2740821001,
                "source_user_id_str": "2740821001",
                "type": "photo",
                "url": "https://t.co/hT9ZqLUFxO"
            },
            {
                "display_url": "pic.twitter.com/hT9ZqLUFxO",
                "expanded_url": "https://twitter.com/YoYo_Ma/status/1146418553018572800/photo/1",
                "id": 1146418404129234944,
                "id_str": "1146418404129234944",
                "indices": [
                    108,
                    131
                ],
                "media_url": "http://pbs.twimg.com/media/D-jldu4X4AAxFJi.jpg",
                "media_url_https": "https://pbs.twimg.com/media/D-jldu4X4AAxFJi.jpg",
                "sizes": {
                    "large": {
                        "h": 978,
                        "resize": "fit",
                        "w": 2048
                    },
                    "medium": {
                        "h": 573,
                        "resize": "fit",
                        "w": 1200
                    },
                    "small": {
                        "h": 325,
                        "resize": "fit",
                        "w": 680
                    },
                    "thumb": {
                        "h": 150,
                        "resize": "crop",
                        "w": 150
                    }
                },
                "source_status_id": 1146418553018572800,
                "source_status_id_str": "1146418553018572800",
                "source_user_id": 2740821001,
                "source_user_id_str": "2740821001",
                "type": "photo",
                "url": "https://t.co/hT9ZqLUFxO"
            },
            {
                "display_url": "pic.twitter.com/hT9ZqLUFxO",
                "expanded_url": "https://twitter.com/YoYo_Ma/status/1146418553018572800/photo/1",
                "id": 1146418449759031297,
                "id_str": "1146418449759031297",
                "indices": [
                    108,
                    131
                ],
                "media_url": "http://pbs.twimg.com/media/D-jlgY3XUAEFJrP.jpg",
                "media_url_https": "https://pbs.twimg.com/media/D-jlgY3XUAEFJrP.jpg",
                "sizes": {
                    "large": {
                        "h": 1282,
                        "resize": "fit",
                        "w": 2048
                    },
                    "medium": {
                        "h": 751,
                        "resize": "fit",
                        "w": 1200
                    },
                    "small": {
                        "h": 426,
                        "resize": "fit",
                        "w": 680
                    },
                    "thumb": {
                        "h": 150,
                        "resize": "crop",
                        "w": 150
                    }
                },
                "source_status_id": 1146418553018572800,
                "source_status_id_str": "1146418553018572800",
                "source_user_id": 2740821001,
                "source_user_id_str": "2740821001",
                "type": "photo",
                "url": "https://t.co/hT9ZqLUFxO"
            },
            {
                "display_url": "pic.twitter.com/hT9ZqLUFxO",
                "expanded_url": "https://twitter.com/YoYo_Ma/status/1146418553018572800/photo/1",
                "id": 1146418465022128128,
                "id_str": "1146418465022128128",
                "indices": [
                    108,
                    131
                ],
                "media_url": "http://pbs.twimg.com/media/D-jlhRuXsAA2Mu6.jpg",
                "media_url_https": "https://pbs.twimg.com/media/D-jlhRuXsAA2Mu6.jpg",
                "sizes": {
                    "large": {
                        "h": 2048,
                        "resize": "fit",
                        "w": 2048
                    },
                    "medium": {
                        "h": 1200,
                        "resize": "fit",
                        "w": 1200
                    },
                    "small": {
                        "h": 680,
                        "resize": "fit",
                        "w": 680
                    },
                    "thumb": {
                        "h": 150,
                        "resize": "crop",
                        "w": 150
                    }
                },
                "source_status_id": 1146418553018572800,
                "source_status_id_str": "1146418553018572800",
                "source_user_id": 2740821001,
                "source_user_id_str": "2740821001",
                "type": "photo",
                "url": "https://t.co/hT9ZqLUFxO"
            }
        ]
    },
    "favorite_count": 0,
    "favorited": false,
    "geo": null,
    "id": 1146765399553241089,
    "id_str": "1146765399553241089",
    "in_reply_to_screen_name": null,
    "in_reply_to_status_id": null,
    "in_reply_to_status_id_str": null,
    "in_reply_to_user_id": null,
    "in_reply_to_user_id_str": null,
    "is_quote_status": false,
    "lang": "en",
    "metadata": {
        "iso_language_code": "en",
        "result_type": "recent"
    },
    "place": null,
    "possibly_sensitive": false,
    "retweet_count": 46,
    "retweeted": false,
    "retweeted_status": {
        "contributors": null,
        "coordinates": null,
        "created_at": "Wed Jul 03 14:00:57 +0000 2019",
        "entities": {
            "hashtags": [],
            "media": [
                {
                    "display_url": "pic.twitter.com/hT9ZqLUFxO",
                    "expanded_url": "https://twitter.com/YoYo_Ma/status/1146418553018572800/photo/1",
                    "id": 1146418404129161216,
                    "id_str": "1146418404129161216",
                    "indices": [
                        95,
                        118
                    ],
                    "media_url": "http://pbs.twimg.com/media/D-jldu4WwAALoVB.jpg",
                    "media_url_https": "https://pbs.twimg.com/media/D-jldu4WwAALoVB.jpg",
                    "sizes": {
                        "large": {
                            "h": 1056,
                            "resize": "fit",
                            "w": 2048
                        },
                        "medium": {
                            "h": 619,
                            "resize": "fit",
                            "w": 1200
                        },
                        "small": {
                            "h": 351,
                            "resize": "fit",
                            "w": 680
                        },
                        "thumb": {
                            "h": 150,
                            "resize": "crop",
                            "w": 150
                        }
                    },
                    "type": "photo",
                    "url": "https://t.co/hT9ZqLUFxO"
                }
            ],
            "symbols": [],
            "urls": [],
            "user_mentions": [
                {
                    "id": 3365541,
                    "id_str": "3365541",
                    "indices": [
                        83,
                        94
                    ],
                    "name": "Austin Mann",
                    "screen_name": "austinmann"
                }
            ]
        },
        "extended_entities": {
            "media": [
                {
                    "display_url": "pic.twitter.com/hT9ZqLUFxO",
                    "expanded_url": "https://twitter.com/YoYo_Ma/status/1146418553018572800/photo/1",
                    "id": 1146418404129161216,
                    "id_str": "1146418404129161216",
                    "indices": [
                        95,
                        118
                    ],
                    "media_url": "http://pbs.twimg.com/media/D-jldu4WwAALoVB.jpg",
                    "media_url_https": "https://pbs.twimg.com/media/D-jldu4WwAALoVB.jpg",
                    "sizes": {
                        "large": {
                            "h": 1056,
                            "resize": "fit",
                            "w": 2048
                        },
                        "medium": {
                            "h": 619,
                            "resize": "fit",
                            "w": 1200
                        },
                        "small": {
                            "h": 351,
                            "resize": "fit",
                            "w": 680
                        },
                        "thumb": {
                            "h": 150,
                            "resize": "crop",
                            "w": 150
                        }
                    },
                    "type": "photo",
                    "url": "https://t.co/hT9ZqLUFxO"
                },
                {
                    "display_url": "pic.twitter.com/hT9ZqLUFxO",
                    "expanded_url": "https://twitter.com/YoYo_Ma/status/1146418553018572800/photo/1",
                    "id": 1146418404129234944,
                    "id_str": "1146418404129234944",
                    "indices": [
                        95,
                        118
                    ],
                    "media_url": "http://pbs.twimg.com/media/D-jldu4X4AAxFJi.jpg",
                    "media_url_https": "https://pbs.twimg.com/media/D-jldu4X4AAxFJi.jpg",
                    "sizes": {
                        "large": {
                            "h": 978,
                            "resize": "fit",
                            "w": 2048
                        },
                        "medium": {
                            "h": 573,
                            "resize": "fit",
                            "w": 1200
                        },
                        "small": {
                            "h": 325,
                            "resize": "fit",
                            "w": 680
                        },
                        "thumb": {
                            "h": 150,
                            "resize": "crop",
                            "w": 150
                        }
                    },
                    "type": "photo",
                    "url": "https://t.co/hT9ZqLUFxO"
                },
                {
                    "display_url": "pic.twitter.com/hT9ZqLUFxO",
                    "expanded_url": "https://twitter.com/YoYo_Ma/status/1146418553018572800/photo/1",
                    "id": 1146418449759031297,
                    "id_str": "1146418449759031297",
                    "indices": [
                        95,
                        118
                    ],
                    "media_url": "http://pbs.twimg.com/media/D-jlgY3XUAEFJrP.jpg",
                    "media_url_https": "https://pbs.twimg.com/media/D-jlgY3XUAEFJrP.jpg",
                    "sizes": {
                        "large": {
                            "h": 1282,
                            "resize": "fit",
                            "w": 2048
                        },
                        "medium": {
                            "h": 751,
                            "resize": "fit",
                            "w": 1200
                        },
                        "small": {
                            "h": 426,
                            "resize": "fit",
                            "w": 680
                        },
                        "thumb": {
                            "h": 150,
                            "resize": "crop",
                            "w": 150
                        }
                    },
                    "type": "photo",
                    "url": "https://t.co/hT9ZqLUFxO"
                },
                {
                    "display_url": "pic.twitter.com/hT9ZqLUFxO",
                    "expanded_url": "https://twitter.com/YoYo_Ma/status/1146418553018572800/photo/1",
                    "id": 1146418465022128128,
                    "id_str": "1146418465022128128",
                    "indices": [
                        95,
                        118
                    ],
                    "media_url": "http://pbs.twimg.com/media/D-jlhRuXsAA2Mu6.jpg",
                    "media_url_https": "https://pbs.twimg.com/media/D-jlhRuXsAA2Mu6.jpg",
                    "sizes": {
                        "large": {
                            "h": 2048,
                            "resize": "fit",
                            "w": 2048
                        },
                        "medium": {
                            "h": 1200,
                            "resize": "fit",
                            "w": 1200
                        },
                        "small": {
                            "h": 680,
                            "resize": "fit",
                            "w": 680
                        },
                        "thumb": {
                            "h": 150,
                            "resize": "crop",
                            "w": 150
                        }
                    },
                    "type": "photo",
                    "url": "https://t.co/hT9ZqLUFxO"
                }
            ]
        },
        "favorite_count": 254,
        "favorited": false,
        "geo": null,
        "id": 1146418553018572800,
        "id_str": "1146418553018572800",
        "in_reply_to_screen_name": null,
        "in_reply_to_status_id": null,
        "in_reply_to_status_id_str": null,
        "in_reply_to_user_id": null,
        "in_reply_to_user_id_str": null,
        "is_quote_status": false,
        "lang": "en",
        "metadata": {
            "iso_language_code": "en",
            "result_type": "recent"
        },
        "place": null,
        "possibly_sensitive": false,
        "retweet_count": 46,
        "retweeted": false,
        "source": "<a href=\"http://twitter.com\" rel=\"nofollow\">Twitter Web Client</a>",
        "text": "Bach at the Acropolis of Athens - encore with Polyphonic Ensemble of Epirus. \ud83c\uddec\ud83c\uddf7\n\n\ud83d\udcf7 @austinmann https://t.co/hT9ZqLUFxO",
        "truncated": false,
        "user": {
            "contributors_enabled": false,
            "created_at": "Mon Aug 18 00:02:38 +0000 2014",
            "default_profile": false,
            "default_profile_image": false,
            "description": "#Cellist discovering how #CultureConnectsUs",
            "entities": {
                "description": {
                    "urls": []
                },
                "url": {
                    "urls": [
                        {
                            "display_url": "yo-yoma.com",
                            "expanded_url": "http://yo-yoma.com",
                            "indices": [
                                0,
                                22
                            ],
                            "url": "http://t.co/BlOEVPqrha"
                        }
                    ]
                }
            },
            "favourites_count": 14,
            "follow_request_sent": false,
            "followers_count": 40035,
            "following": false,
            "friends_count": 184,
            "geo_enabled": true,
            "has_extended_profile": false,
            "id": 2740821001,
            "id_str": "2740821001",
            "is_translation_enabled": false,
            "is_translator": false,
            "lang": null,
            "listed_count": 544,
            "location": "",
            "name": "Yo-Yo Ma",
            "notifications": false,
            "profile_background_color": "000000",
            "profile_background_image_url": "http://abs.twimg.com/images/themes/theme1/bg.png",
            "profile_background_image_url_https": "https://abs.twimg.com/images/themes/theme1/bg.png",
            "profile_background_tile": false,
            "profile_banner_url": "https://pbs.twimg.com/profile_banners/2740821001/1529670221",
            "profile_image_url": "http://pbs.twimg.com/profile_images/1010136332977385472/wgLjPIvF_normal.jpg",
            "profile_image_url_https": "https://pbs.twimg.com/profile_images/1010136332977385472/wgLjPIvF_normal.jpg",
            "profile_link_color": "343D60",
            "profile_sidebar_border_color": "000000",
            "profile_sidebar_fill_color": "000000",
            "profile_text_color": "000000",
            "profile_use_background_image": false,
            "protected": false,
            "screen_name": "YoYo_Ma",
            "statuses_count": 681,
            "time_zone": null,
            "translator_type": "none",
            "url": "http://t.co/BlOEVPqrha",
            "utc_offset": null,
            "verified": true
        }
    },
    "source": "<a href=\"http://twitter.com/download/iphone\" rel=\"nofollow\">Twitter for iPhone</a>",
    "text": "RT @YoYo_Ma: Bach at the Acropolis of Athens - encore with Polyphonic Ensemble of Epirus. \ud83c\uddec\ud83c\uddf7\n\n\ud83d\udcf7 @austinmann https://t.co/hT9ZqLUFxO",
    "truncated": false,
    "user": {
        "contributors_enabled": false,
        "created_at": "Mon Dec 08 02:51:51 +0000 2014",
        "default_profile": true,
        "default_profile_image": false,
        "description": "",
        "entities": {
            "description": {
                "urls": []
            }
        },
        "favourites_count": 18970,
        "follow_request_sent": false,
        "followers_count": 386,
        "following": false,
        "friends_count": 1178,
        "geo_enabled": false,
        "has_extended_profile": false,
        "id": 2910311477,
        "id_str": "2910311477",
        "is_translation_enabled": false,
        "is_translator": false,
        "lang": null,
        "listed_count": 15,
        "location": "",
        "name": "Crispy",
        "notifications": false,
        "profile_background_color": "C0DEED",
        "profile_background_image_url": "http://abs.twimg.com/images/themes/theme1/bg.png",
        "profile_background_image_url_https": "https://abs.twimg.com/images/themes/theme1/bg.png",
        "profile_background_tile": false,
        "profile_banner_url": "https://pbs.twimg.com/profile_banners/2910311477/1465187398",
        "profile_image_url": "http://pbs.twimg.com/profile_images/739676152415944704/KoNUt087_normal.jpg",
        "profile_image_url_https": "https://pbs.twimg.com/profile_images/739676152415944704/KoNUt087_normal.jpg",
        "profile_link_color": "1DA1F2",
        "profile_sidebar_border_color": "C0DEED",
        "profile_sidebar_fill_color": "DDEEF6",
        "profile_text_color": "333333",
        "profile_use_background_image": true,
        "protected": false,
        "screen_name": "Crispychinitos",
        "statuses_count": 13094,
        "time_zone": null,
        "translator_type": "none",
        "url": null,
        "utc_offset": null,
        "verified": false
    }
}
