{
    "contributors": null,
    "coordinates": null,
    "created_at": "Mon Jul 01 13:38:28 +0000 2019",
    "entities": {
        "hashtags": [
            {
                "indices": [
                    56,
                    65
                ],
                "text": "Cadillac"
            },
            {
                "indices": [
                    66,
                    74
                ],
                "text": "Vintage"
            },
            {
                "indices": [
                    75,
                    81
                ],
                "text": "Retro"
            },
            {
                "indices": [
                    82,
                    89
                ],
                "text": "Athens"
            },
            {
                "indices": [
                    90,
                    97
                ],
                "text": "Greece"
            }
        ],
        "media": [
            {
                "display_url": "pic.twitter.com/cKErb9Prs9",
                "expanded_url": "https://twitter.com/george_mlb/status/1105046458406002688/photo/1",
                "id": 1105046449539215361,
                "id_str": "1105046449539215361",
                "indices": [
                    98,
                    121
                ],
                "media_url": "http://pbs.twimg.com/media/D1Xp5B0XcAEqgmw.jpg",
                "media_url_https": "https://pbs.twimg.com/media/D1Xp5B0XcAEqgmw.jpg",
                "sizes": {
                    "large": {
                        "h": 2048,
                        "resize": "fit",
                        "w": 1536
                    },
                    "medium": {
                        "h": 1200,
                        "resize": "fit",
                        "w": 900
                    },
                    "small": {
                        "h": 680,
                        "resize": "fit",
                        "w": 510
                    },
                    "thumb": {
                        "h": 150,
                        "resize": "crop",
                        "w": 150
                    }
                },
                "source_status_id": 1105046458406002688,
                "source_status_id_str": "1105046458406002688",
                "source_user_id": 1036201756424908800,
                "source_user_id_str": "1036201756424908800",
                "type": "photo",
                "url": "https://t.co/cKErb9Prs9"
            }
        ],
        "symbols": [],
        "urls": [],
        "user_mentions": [
            {
                "id": 1036201756424908800,
                "id_str": "1036201756424908800",
                "indices": [
                    3,
                    14
                ],
                "name": "George Best",
                "screen_name": "george_mlb"
            }
        ]
    },
    "extended_entities": {
        "media": [
            {
                "display_url": "pic.twitter.com/cKErb9Prs9",
                "expanded_url": "https://twitter.com/george_mlb/status/1105046458406002688/photo/1",
                "id": 1105046449539215361,
                "id_str": "1105046449539215361",
                "indices": [
                    98,
                    121
                ],
                "media_url": "http://pbs.twimg.com/media/D1Xp5B0XcAEqgmw.jpg",
                "media_url_https": "https://pbs.twimg.com/media/D1Xp5B0XcAEqgmw.jpg",
                "sizes": {
                    "large": {
                        "h": 2048,
                        "resize": "fit",
                        "w": 1536
                    },
                    "medium": {
                        "h": 1200,
                        "resize": "fit",
                        "w": 900
                    },
                    "small": {
                        "h": 680,
                        "resize": "fit",
                        "w": 510
                    },
                    "thumb": {
                        "h": 150,
                        "resize": "crop",
                        "w": 150
                    }
                },
                "source_status_id": 1105046458406002688,
                "source_status_id_str": "1105046458406002688",
                "source_user_id": 1036201756424908800,
                "source_user_id_str": "1036201756424908800",
                "type": "photo",
                "url": "https://t.co/cKErb9Prs9"
            }
        ]
    },
    "favorite_count": 0,
    "favorited": false,
    "geo": null,
    "id": 1145688122711318529,
    "id_str": "1145688122711318529",
    "in_reply_to_screen_name": null,
    "in_reply_to_status_id": null,
    "in_reply_to_status_id_str": null,
    "in_reply_to_user_id": null,
    "in_reply_to_user_id_str": null,
    "is_quote_status": false,
    "lang": "en",
    "metadata": {
        "iso_language_code": "en",
        "result_type": "recent"
    },
    "place": null,
    "possibly_sensitive": false,
    "retweet_count": 4,
    "retweeted": false,
    "retweeted_status": {
        "contributors": null,
        "coordinates": null,
        "created_at": "Mon Mar 11 10:03:01 +0000 2019",
        "entities": {
            "hashtags": [
                {
                    "indices": [
                        40,
                        49
                    ],
                    "text": "Cadillac"
                },
                {
                    "indices": [
                        50,
                        58
                    ],
                    "text": "Vintage"
                },
                {
                    "indices": [
                        59,
                        65
                    ],
                    "text": "Retro"
                },
                {
                    "indices": [
                        66,
                        73
                    ],
                    "text": "Athens"
                },
                {
                    "indices": [
                        74,
                        81
                    ],
                    "text": "Greece"
                }
            ],
            "media": [
                {
                    "display_url": "pic.twitter.com/cKErb9Prs9",
                    "expanded_url": "https://twitter.com/george_mlb/status/1105046458406002688/photo/1",
                    "id": 1105046449539215361,
                    "id_str": "1105046449539215361",
                    "indices": [
                        82,
                        105
                    ],
                    "media_url": "http://pbs.twimg.com/media/D1Xp5B0XcAEqgmw.jpg",
                    "media_url_https": "https://pbs.twimg.com/media/D1Xp5B0XcAEqgmw.jpg",
                    "sizes": {
                        "large": {
                            "h": 2048,
                            "resize": "fit",
                            "w": 1536
                        },
                        "medium": {
                            "h": 1200,
                            "resize": "fit",
                            "w": 900
                        },
                        "small": {
                            "h": 680,
                            "resize": "fit",
                            "w": 510
                        },
                        "thumb": {
                            "h": 150,
                            "resize": "crop",
                            "w": 150
                        }
                    },
                    "type": "photo",
                    "url": "https://t.co/cKErb9Prs9"
                }
            ],
            "symbols": [],
            "urls": [],
            "user_mentions": []
        },
        "extended_entities": {
            "media": [
                {
                    "display_url": "pic.twitter.com/cKErb9Prs9",
                    "expanded_url": "https://twitter.com/george_mlb/status/1105046458406002688/photo/1",
                    "id": 1105046449539215361,
                    "id_str": "1105046449539215361",
                    "indices": [
                        82,
                        105
                    ],
                    "media_url": "http://pbs.twimg.com/media/D1Xp5B0XcAEqgmw.jpg",
                    "media_url_https": "https://pbs.twimg.com/media/D1Xp5B0XcAEqgmw.jpg",
                    "sizes": {
                        "large": {
                            "h": 2048,
                            "resize": "fit",
                            "w": 1536
                        },
                        "medium": {
                            "h": 1200,
                            "resize": "fit",
                            "w": 900
                        },
                        "small": {
                            "h": 680,
                            "resize": "fit",
                            "w": 510
                        },
                        "thumb": {
                            "h": 150,
                            "resize": "crop",
                            "w": 150
                        }
                    },
                    "type": "photo",
                    "url": "https://t.co/cKErb9Prs9"
                }
            ]
        },
        "favorite_count": 7,
        "favorited": false,
        "geo": null,
        "id": 1105046458406002688,
        "id_str": "1105046458406002688",
        "in_reply_to_screen_name": null,
        "in_reply_to_status_id": null,
        "in_reply_to_status_id_str": null,
        "in_reply_to_user_id": null,
        "in_reply_to_user_id_str": null,
        "is_quote_status": false,
        "lang": "en",
        "metadata": {
            "iso_language_code": "en",
            "result_type": "recent"
        },
        "place": {
            "attributes": {},
            "bounding_box": {
                "coordinates": [
                    [
                        [
                            23.732947645265607,
                            37.9588412930752
                        ],
                        [
                            23.732947645265607,
                            37.9588412930752
                        ],
                        [
                            23.732947645265607,
                            37.9588412930752
                        ],
                        [
                            23.732947645265607,
                            37.9588412930752
                        ]
                    ]
                ],
                "type": "Polygon"
            },
            "contained_within": [],
            "country": "",
            "country_code": "",
            "full_name": "\u0399\u03bd\u03b1\u03c7\u03bf\u03c2",
            "id": "07d9f5468a087000",
            "name": "\u0399\u03bd\u03b1\u03c7\u03bf\u03c2",
            "place_type": "poi",
            "url": "https://api.twitter.com/1.1/geo/id/07d9f5468a087000.json"
        },
        "possibly_sensitive": false,
        "retweet_count": 4,
        "retweeted": false,
        "source": "<a href=\"http://twitter.com/download/iphone\" rel=\"nofollow\">Twitter for iPhone</a>",
        "text": "My baby came back in Big Black Cadillac #Cadillac #Vintage #Retro #Athens #Greece https://t.co/cKErb9Prs9",
        "truncated": false,
        "user": {
            "contributors_enabled": false,
            "created_at": "Sun Sep 02 10:38:45 +0000 2018",
            "default_profile": false,
            "default_profile_image": false,
            "description": "You hear radio waves in your head?!",
            "entities": {
                "description": {
                    "urls": []
                },
                "url": {
                    "urls": [
                        {
                            "display_url": "instagram.com/george_mlb",
                            "expanded_url": "http://instagram.com/george_mlb",
                            "indices": [
                                0,
                                23
                            ],
                            "url": "https://t.co/9k3XRBj7kd"
                        }
                    ]
                }
            },
            "favourites_count": 42532,
            "follow_request_sent": false,
            "followers_count": 463,
            "following": false,
            "friends_count": 477,
            "geo_enabled": true,
            "has_extended_profile": true,
            "id": 1036201756424908800,
            "id_str": "1036201756424908800",
            "is_translation_enabled": false,
            "is_translator": false,
            "lang": "en-gb",
            "listed_count": 3,
            "location": "Athens, Greece",
            "name": "George Best",
            "notifications": false,
            "profile_background_color": "000000",
            "profile_background_image_url": "http://abs.twimg.com/images/themes/theme1/bg.png",
            "profile_background_image_url_https": "https://abs.twimg.com/images/themes/theme1/bg.png",
            "profile_background_tile": false,
            "profile_banner_url": "https://pbs.twimg.com/profile_banners/1036201756424908800/1557213628",
            "profile_image_url": "http://pbs.twimg.com/profile_images/1125662570508169220/pSLXllOQ_normal.jpg",
            "profile_image_url_https": "https://pbs.twimg.com/profile_images/1125662570508169220/pSLXllOQ_normal.jpg",
            "profile_link_color": "000000",
            "profile_sidebar_border_color": "000000",
            "profile_sidebar_fill_color": "000000",
            "profile_text_color": "000000",
            "profile_use_background_image": false,
            "protected": false,
            "screen_name": "george_mlb",
            "statuses_count": 1134,
            "time_zone": null,
            "translator_type": "none",
            "url": "https://t.co/9k3XRBj7kd",
            "utc_offset": null,
            "verified": false
        }
    },
    "source": "<a href=\"http://twitter.com\" rel=\"nofollow\">Twitter Web Client</a>",
    "text": "RT @george_mlb: My baby came back in Big Black Cadillac #Cadillac #Vintage #Retro #Athens #Greece https://t.co/cKErb9Prs9",
    "truncated": false,
    "user": {
        "contributors_enabled": false,
        "created_at": "Tue Feb 15 03:46:06 +0000 2011",
        "default_profile": false,
        "default_profile_image": false,
        "description": ".......  LOVE MUSIC , ART , TRAVEL , SPORT , PHOTOGRAPHY ...... ME GUSTA EL ARTE , CULTURA , DEPORTES , FOTOGRAFIA , VIAJES , MUSICA........",
        "entities": {
            "description": {
                "urls": []
            }
        },
        "favourites_count": 48031,
        "follow_request_sent": false,
        "followers_count": 9404,
        "following": false,
        "friends_count": 9573,
        "geo_enabled": false,
        "has_extended_profile": true,
        "id": 252406491,
        "id_str": "252406491",
        "is_translation_enabled": false,
        "is_translator": false,
        "lang": "es",
        "listed_count": 59,
        "location": "Earth",
        "name": "ANDRES :)",
        "notifications": false,
        "profile_background_color": "000000",
        "profile_background_image_url": "http://abs.twimg.com/images/themes/theme1/bg.png",
        "profile_background_image_url_https": "https://abs.twimg.com/images/themes/theme1/bg.png",
        "profile_background_tile": false,
        "profile_banner_url": "https://pbs.twimg.com/profile_banners/252406491/1522724371",
        "profile_image_url": "http://pbs.twimg.com/profile_images/1145529540455882752/ea7qje7i_normal.jpg",
        "profile_image_url_https": "https://pbs.twimg.com/profile_images/1145529540455882752/ea7qje7i_normal.jpg",
        "profile_link_color": "FF691F",
        "profile_sidebar_border_color": "000000",
        "profile_sidebar_fill_color": "000000",
        "profile_text_color": "000000",
        "profile_use_background_image": false,
        "protected": false,
        "screen_name": "fresssss12",
        "statuses_count": 26424,
        "time_zone": null,
        "translator_type": "none",
        "url": null,
        "utc_offset": null,
        "verified": false
    }
}
