{
    "contributors": null,
    "coordinates": null,
    "created_at": "Sun Jun 30 13:10:19 +0000 2019",
    "entities": {
        "hashtags": [
            {
                "indices": [
                    83,
                    90
                ],
                "text": "Athens"
            }
        ],
        "symbols": [],
        "urls": [
            {
                "display_url": "search.jobcast.net/Share/Job39871\u2026",
                "expanded_url": "http://search.jobcast.net/Share/Job3987113?source=Twitter%20(%40europelangjobs",
                "indices": [
                    57,
                    80
                ],
                "url": "https://t.co/yhUSRT4EPo"
            }
        ],
        "user_mentions": []
    },
    "favorite_count": 0,
    "favorited": false,
    "geo": null,
    "id": 1145318647100928000,
    "id_str": "1145318647100928000",
    "in_reply_to_screen_name": null,
    "in_reply_to_status_id": null,
    "in_reply_to_status_id_str": null,
    "in_reply_to_user_id": null,
    "in_reply_to_user_id_str": null,
    "is_quote_status": false,
    "lang": "en",
    "metadata": {
        "iso_language_code": "en",
        "result_type": "recent"
    },
    "place": null,
    "possibly_sensitive": false,
    "retweet_count": 0,
    "retweeted": false,
    "source": "<a href=\"http://www.jobcast.net/\" rel=\"nofollow\">Jobcast.net</a>",
    "text": "Dutch Customer Advisor|1000 \u20ac Joining Bonus + Relocation https://t.co/yhUSRT4EPo)  #Athens",
    "truncated": false,
    "user": {
        "contributors_enabled": false,
        "created_at": "Tue Dec 04 09:42:12 +0000 2012",
        "default_profile": false,
        "default_profile_image": false,
        "description": "Welcome to https://t.co/0tpVAlNbgY     | #Multilingual #jobboard for #language #vacancies | User support | Mon-Fri 9-18 CET in \ud83c\uddec\ud83c\udde7 \ud83c\uddea\ud83c\uddf8 \ud83c\udde9\ud83c\uddea \ud83c\uddeb\ud83c\uddf7 \ud83c\uddf5\ud83c\uddf1 \ud83c\uddf3\ud83c\uddf1 \ud83c\uddec\ud83c\uddf7 \ud83c\udde7\ud83c\uddec",
        "entities": {
            "description": {
                "urls": [
                    {
                        "display_url": "EuropeLanguageJobs.com",
                        "expanded_url": "http://EuropeLanguageJobs.com",
                        "indices": [
                            11,
                            34
                        ],
                        "url": "https://t.co/0tpVAlNbgY"
                    }
                ]
            },
            "url": {
                "urls": [
                    {
                        "display_url": "europelanguagejobs.com",
                        "expanded_url": "https://www.europelanguagejobs.com",
                        "indices": [
                            0,
                            23
                        ],
                        "url": "https://t.co/utKwEOfb8Y"
                    }
                ]
            }
        },
        "favourites_count": 1318,
        "follow_request_sent": false,
        "followers_count": 4190,
        "following": false,
        "friends_count": 416,
        "geo_enabled": false,
        "has_extended_profile": false,
        "id": 988432730,
        "id_str": "988432730",
        "is_translation_enabled": false,
        "is_translator": false,
        "lang": "en",
        "listed_count": 275,
        "location": "Europe",
        "name": "Europe Language Jobs / Language jobs abroad",
        "notifications": false,
        "profile_background_color": "C0DEED",
        "profile_background_image_url": "http://abs.twimg.com/images/themes/theme1/bg.png",
        "profile_background_image_url_https": "https://abs.twimg.com/images/themes/theme1/bg.png",
        "profile_background_tile": false,
        "profile_banner_url": "https://pbs.twimg.com/profile_banners/988432730/1509621393",
        "profile_image_url": "http://pbs.twimg.com/profile_images/903194758335668224/Q-6dxkcb_normal.jpg",
        "profile_image_url_https": "https://pbs.twimg.com/profile_images/903194758335668224/Q-6dxkcb_normal.jpg",
        "profile_link_color": "0089A1",
        "profile_sidebar_border_color": "C0DEED",
        "profile_sidebar_fill_color": "DDEEF6",
        "profile_text_color": "333333",
        "profile_use_background_image": true,
        "protected": false,
        "screen_name": "europelangjobs",
        "statuses_count": 14930,
        "time_zone": null,
        "translator_type": "regular",
        "url": "https://t.co/utKwEOfb8Y",
        "utc_offset": null,
        "verified": false
    }
}
