{
    "contributors": null,
    "coordinates": null,
    "created_at": "Mon Jul 01 14:23:34 +0000 2019",
    "entities": {
        "hashtags": [],
        "symbols": [],
        "urls": [],
        "user_mentions": [
            {
                "id": 19061910,
                "id_str": "19061910",
                "indices": [
                    3,
                    15
                ],
                "name": "Dr Penny Pullan",
                "screen_name": "PennyPullan"
            }
        ]
    },
    "favorite_count": 0,
    "favorited": false,
    "geo": null,
    "id": 1145699468853075974,
    "id_str": "1145699468853075974",
    "in_reply_to_screen_name": null,
    "in_reply_to_status_id": null,
    "in_reply_to_status_id_str": null,
    "in_reply_to_user_id": null,
    "in_reply_to_user_id_str": null,
    "is_quote_status": false,
    "lang": "en",
    "metadata": {
        "iso_language_code": "en",
        "result_type": "recent"
    },
    "place": null,
    "retweet_count": 1,
    "retweeted": false,
    "retweeted_status": {
        "contributors": null,
        "coordinates": null,
        "created_at": "Thu May 23 11:08:45 +0000 2019",
        "entities": {
            "hashtags": [],
            "symbols": [],
            "urls": [
                {
                    "display_url": "twitter.com/i/web/status/1\u2026",
                    "expanded_url": "https://twitter.com/i/web/status/1131517318633328641",
                    "indices": [
                        117,
                        140
                    ],
                    "url": "https://t.co/orGrmjPC2P"
                }
            ],
            "user_mentions": []
        },
        "favorite_count": 5,
        "favorited": false,
        "geo": null,
        "id": 1131517318633328641,
        "id_str": "1131517318633328641",
        "in_reply_to_screen_name": null,
        "in_reply_to_status_id": null,
        "in_reply_to_status_id_str": null,
        "in_reply_to_user_id": null,
        "in_reply_to_user_id_str": null,
        "is_quote_status": false,
        "lang": "en",
        "metadata": {
            "iso_language_code": "en",
            "result_type": "recent"
        },
        "place": null,
        "retweet_count": 1,
        "retweeted": false,
        "source": "<a href=\"http://twitter.com/download/iphone\" rel=\"nofollow\">Twitter for iPhone</a>",
        "text": "As a Brit, it\u2019s rather embarrassing to see the copies of the Acropolis\u2019 statues in the museum in Athens and BM, ind\u2026 https://t.co/orGrmjPC2P",
        "truncated": true,
        "user": {
            "contributors_enabled": false,
            "created_at": "Fri Jan 16 10:40:42 +0000 2009",
            "default_profile": false,
            "default_profile_image": false,
            "description": "I work with professionals grappling with tricky projects: virtual, risky, complex eg business analysts, project managers. Creative leadership. Anglican. \ud83c\udfbb",
            "entities": {
                "description": {
                    "urls": []
                },
                "url": {
                    "urls": [
                        {
                            "display_url": "makingprojectswork.co.uk",
                            "expanded_url": "http://www.makingprojectswork.co.uk",
                            "indices": [
                                0,
                                23
                            ],
                            "url": "https://t.co/yvIzsMetMS"
                        }
                    ]
                }
            },
            "favourites_count": 9519,
            "follow_request_sent": false,
            "followers_count": 3177,
            "following": false,
            "friends_count": 3789,
            "geo_enabled": true,
            "has_extended_profile": false,
            "id": 19061910,
            "id_str": "19061910",
            "is_translation_enabled": false,
            "is_translator": false,
            "lang": "en",
            "listed_count": 159,
            "location": "England, work worldwide",
            "name": "Dr Penny Pullan",
            "notifications": false,
            "profile_background_color": "EDECE9",
            "profile_background_image_url": "http://abs.twimg.com/images/themes/theme3/bg.gif",
            "profile_background_image_url_https": "https://abs.twimg.com/images/themes/theme3/bg.gif",
            "profile_background_tile": true,
            "profile_banner_url": "https://pbs.twimg.com/profile_banners/19061910/1470912360",
            "profile_image_url": "http://pbs.twimg.com/profile_images/850352191382720512/PQagd4Qf_normal.jpg",
            "profile_image_url_https": "https://pbs.twimg.com/profile_images/850352191382720512/PQagd4Qf_normal.jpg",
            "profile_link_color": "088253",
            "profile_sidebar_border_color": "D3D2CF",
            "profile_sidebar_fill_color": "E3E2DE",
            "profile_text_color": "634047",
            "profile_use_background_image": true,
            "protected": false,
            "screen_name": "PennyPullan",
            "statuses_count": 16368,
            "time_zone": null,
            "translator_type": "none",
            "url": "https://t.co/yvIzsMetMS",
            "utc_offset": null,
            "verified": false
        }
    },
    "source": "<a href=\"https://mobile.twitter.com\" rel=\"nofollow\">Twitter Web App</a>",
    "text": "RT @PennyPullan: As a Brit, it\u2019s rather embarrassing to see the copies of the Acropolis\u2019 statues in the museum in Athens and BM, indicating\u2026",
    "truncated": false,
    "user": {
        "contributors_enabled": false,
        "created_at": "Mon Oct 07 08:45:44 +0000 2013",
        "default_profile": false,
        "default_profile_image": false,
        "description": "International Association for the Reunification of the Parthenon Sculptures comprises 20 organisations campaigning for the sculptures and the Acropolis Museum",
        "entities": {
            "description": {
                "urls": []
            },
            "url": {
                "urls": [
                    {
                        "display_url": "parthenoninternational.org",
                        "expanded_url": "http://www.parthenoninternational.org/",
                        "indices": [
                            0,
                            22
                        ],
                        "url": "http://t.co/h6DK9m2dAP"
                    }
                ]
            }
        },
        "favourites_count": 192,
        "follow_request_sent": false,
        "followers_count": 158,
        "following": false,
        "friends_count": 78,
        "geo_enabled": false,
        "has_extended_profile": false,
        "id": 1943447124,
        "id_str": "1943447124",
        "is_translation_enabled": false,
        "is_translator": false,
        "lang": "en",
        "listed_count": 1,
        "location": "",
        "name": "IARPS",
        "notifications": false,
        "profile_background_color": "142EA3",
        "profile_background_image_url": "http://abs.twimg.com/images/themes/theme16/bg.gif",
        "profile_background_image_url_https": "https://abs.twimg.com/images/themes/theme16/bg.gif",
        "profile_background_tile": false,
        "profile_banner_url": "https://pbs.twimg.com/profile_banners/1943447124/1561389609",
        "profile_image_url": "http://pbs.twimg.com/profile_images/378800000561532331/f13c3833bc8616d6bcdad6ac1eff7524_normal.jpeg",
        "profile_image_url_https": "https://pbs.twimg.com/profile_images/378800000561532331/f13c3833bc8616d6bcdad6ac1eff7524_normal.jpeg",
        "profile_link_color": "1895C2",
        "profile_sidebar_border_color": "FFFFFF",
        "profile_sidebar_fill_color": "DDEEF6",
        "profile_text_color": "333333",
        "profile_use_background_image": false,
        "protected": false,
        "screen_name": "ParthenonInt",
        "statuses_count": 130,
        "time_zone": null,
        "translator_type": "none",
        "url": "http://t.co/h6DK9m2dAP",
        "utc_offset": null,
        "verified": false
    }
}
