{
    "contributors": null,
    "coordinates": null,
    "created_at": "Sat Aug 17 15:46:19 +0000 2019",
    "entities": {
        "hashtags": [
            {
                "indices": [
                    37,
                    44
                ],
                "text": "citrus"
            },
            {
                "indices": [
                    45,
                    52
                ],
                "text": "yellow"
            },
            {
                "indices": [
                    53,
                    60
                ],
                "text": "orange"
            },
            {
                "indices": [
                    61,
                    68
                ],
                "text": "athens"
            },
            {
                "indices": [
                    69,
                    76
                ],
                "text": "greece"
            },
            {
                "indices": [
                    77,
                    82
                ],
                "text": "food"
            },
            {
                "indices": [
                    83,
                    89
                ],
                "text": "fruit"
            },
            {
                "indices": [
                    90,
                    96
                ],
                "text": "yummy"
            }
        ],
        "symbols": [],
        "urls": [
            {
                "display_url": "twitter.com/i/web/status/1\u2026",
                "expanded_url": "https://twitter.com/i/web/status/1162752525780434949",
                "indices": [
                    98,
                    121
                ],
                "url": "https://t.co/BJF7EwDOBS"
            }
        ],
        "user_mentions": []
    },
    "favorite_count": 0,
    "favorited": false,
    "geo": null,
    "id": 1162752525780434949,
    "id_str": "1162752525780434949",
    "in_reply_to_screen_name": null,
    "in_reply_to_status_id": null,
    "in_reply_to_status_id_str": null,
    "in_reply_to_user_id": null,
    "in_reply_to_user_id_str": null,
    "is_quote_status": false,
    "lang": "en",
    "metadata": {
        "iso_language_code": "en",
        "result_type": "recent"
    },
    "place": {
        "attributes": {},
        "bounding_box": {
            "coordinates": [
                [
                    [
                        -150.0352589,
                        61.043884
                    ],
                    [
                        -149.48233,
                        61.043884
                    ],
                    [
                        -149.48233,
                        61.426201
                    ],
                    [
                        -150.0352589,
                        61.426201
                    ]
                ]
            ],
            "type": "Polygon"
        },
        "contained_within": [],
        "country": "United States",
        "country_code": "US",
        "full_name": "Anchorage, AK",
        "id": "7a863bb88e5bb33c",
        "name": "Anchorage",
        "place_type": "city",
        "url": "https://api.twitter.com/1.1/geo/id/7a863bb88e5bb33c.json"
    },
    "possibly_sensitive": false,
    "retweet_count": 0,
    "retweeted": false,
    "source": "<a href=\"http://twitter.com/download/android\" rel=\"nofollow\">Twitter for Android</a>",
    "text": "Fresh fruit at the market in Athens. #citrus #yellow #orange #athens #greece #food #fruit #yummy\u2026 https://t.co/BJF7EwDOBS",
    "truncated": true,
    "user": {
        "contributors_enabled": false,
        "created_at": "Mon May 30 04:15:19 +0000 2016",
        "default_profile": true,
        "default_profile_image": false,
        "description": "Husband and wife photography team",
        "entities": {
            "description": {
                "urls": []
            },
            "url": {
                "urls": [
                    {
                        "display_url": "fenton.photography",
                        "expanded_url": "http://www.fenton.photography",
                        "indices": [
                            0,
                            23
                        ],
                        "url": "https://t.co/r3YvCbS0qn"
                    }
                ]
            }
        },
        "favourites_count": 746,
        "follow_request_sent": false,
        "followers_count": 129,
        "following": false,
        "friends_count": 114,
        "geo_enabled": true,
        "has_extended_profile": true,
        "id": 737135274342256640,
        "id_str": "737135274342256640",
        "is_translation_enabled": false,
        "is_translator": false,
        "lang": null,
        "listed_count": 11,
        "location": "Alaska",
        "name": "FentonPhotography",
        "notifications": false,
        "profile_background_color": "F5F8FA",
        "profile_background_image_url": null,
        "profile_background_image_url_https": null,
        "profile_background_tile": false,
        "profile_banner_url": "https://pbs.twimg.com/profile_banners/737135274342256640/1483424722",
        "profile_image_url": "http://pbs.twimg.com/profile_images/816168545264410624/AA6ADHTv_normal.jpg",
        "profile_image_url_https": "https://pbs.twimg.com/profile_images/816168545264410624/AA6ADHTv_normal.jpg",
        "profile_link_color": "1DA1F2",
        "profile_sidebar_border_color": "C0DEED",
        "profile_sidebar_fill_color": "DDEEF6",
        "profile_text_color": "333333",
        "profile_use_background_image": true,
        "protected": false,
        "screen_name": "FentonPhoto",
        "statuses_count": 1701,
        "time_zone": null,
        "translator_type": "none",
        "url": "https://t.co/r3YvCbS0qn",
        "utc_offset": null,
        "verified": false
    }
}
