{
    "contributors": null,
    "coordinates": null,
    "created_at": "Sun Aug 18 11:18:27 +0000 2019",
    "entities": {
        "hashtags": [
            {
                "indices": [
                    50,
                    60
                ],
                "text": "newoffice"
            },
            {
                "indices": [
                    64,
                    71
                ],
                "text": "Athens"
            }
        ],
        "symbols": [],
        "urls": [],
        "user_mentions": [
            {
                "id": 747353287477825536,
                "id_str": "747353287477825536",
                "indices": [
                    3,
                    19
                ],
                "name": "Hemmersbach",
                "screen_name": "hemmersbach_com"
            }
        ]
    },
    "favorite_count": 0,
    "favorited": false,
    "geo": null,
    "id": 1163047500028076032,
    "id_str": "1163047500028076032",
    "in_reply_to_screen_name": null,
    "in_reply_to_status_id": null,
    "in_reply_to_status_id_str": null,
    "in_reply_to_user_id": null,
    "in_reply_to_user_id_str": null,
    "is_quote_status": false,
    "lang": "en",
    "metadata": {
        "iso_language_code": "en",
        "result_type": "recent"
    },
    "place": null,
    "retweet_count": 3,
    "retweeted": false,
    "retweeted_status": {
        "contributors": null,
        "coordinates": null,
        "created_at": "Tue Jul 30 08:00:18 +0000 2019",
        "entities": {
            "hashtags": [
                {
                    "indices": [
                        29,
                        39
                    ],
                    "text": "newoffice"
                },
                {
                    "indices": [
                        43,
                        50
                    ],
                    "text": "Athens"
                }
            ],
            "symbols": [],
            "urls": [
                {
                    "display_url": "twitter.com/i/web/status/1\u2026",
                    "expanded_url": "https://twitter.com/i/web/status/1156112265348825089",
                    "indices": [
                        116,
                        139
                    ],
                    "url": "https://t.co/p2d6IITBX8"
                }
            ],
            "user_mentions": []
        },
        "favorite_count": 8,
        "favorited": false,
        "geo": null,
        "id": 1156112265348825089,
        "id_str": "1156112265348825089",
        "in_reply_to_screen_name": null,
        "in_reply_to_status_id": null,
        "in_reply_to_status_id_str": null,
        "in_reply_to_user_id": null,
        "in_reply_to_user_id_str": null,
        "is_quote_status": false,
        "lang": "en",
        "metadata": {
            "iso_language_code": "en",
            "result_type": "recent"
        },
        "place": null,
        "possibly_sensitive": false,
        "retweet_count": 3,
        "retweeted": false,
        "source": "<a href=\"https://www.hootsuite.com\" rel=\"nofollow\">Hootsuite Inc.</a>",
        "text": "This month we celebrated our #newoffice in #Athens. We're thrilled to have such cool and skilled new colleagues on\u2026 https://t.co/p2d6IITBX8",
        "truncated": true,
        "user": {
            "contributors_enabled": false,
            "created_at": "Mon Jun 27 08:58:03 +0000 2016",
            "default_profile": false,
            "default_profile_image": false,
            "description": "With over 4,000 permanent colleagues in more than 40 subsidiaries worldwide, we enable Device as a Service in 190+ countries.",
            "entities": {
                "description": {
                    "urls": []
                },
                "url": {
                    "urls": [
                        {
                            "display_url": "hemmersbach.com",
                            "expanded_url": "http://www.hemmersbach.com",
                            "indices": [
                                0,
                                23
                            ],
                            "url": "https://t.co/0q9wdOUiY8"
                        }
                    ]
                }
            },
            "favourites_count": 7,
            "follow_request_sent": false,
            "followers_count": 78,
            "following": false,
            "friends_count": 17,
            "geo_enabled": false,
            "has_extended_profile": false,
            "id": 747353287477825536,
            "id_str": "747353287477825536",
            "is_translation_enabled": false,
            "is_translator": false,
            "lang": null,
            "listed_count": 0,
            "location": "Nuremberg, Bavaria",
            "name": "Hemmersbach",
            "notifications": false,
            "profile_background_color": "000000",
            "profile_background_image_url": "http://abs.twimg.com/images/themes/theme1/bg.png",
            "profile_background_image_url_https": "https://abs.twimg.com/images/themes/theme1/bg.png",
            "profile_background_tile": false,
            "profile_banner_url": "https://pbs.twimg.com/profile_banners/747353287477825536/1560330014",
            "profile_image_url": "http://pbs.twimg.com/profile_images/907204641380814849/uui9Gn8__normal.jpg",
            "profile_image_url_https": "https://pbs.twimg.com/profile_images/907204641380814849/uui9Gn8__normal.jpg",
            "profile_link_color": "FF691F",
            "profile_sidebar_border_color": "000000",
            "profile_sidebar_fill_color": "000000",
            "profile_text_color": "000000",
            "profile_use_background_image": false,
            "protected": false,
            "screen_name": "hemmersbach_com",
            "statuses_count": 35,
            "time_zone": null,
            "translator_type": "none",
            "url": "https://t.co/0q9wdOUiY8",
            "utc_offset": null,
            "verified": false
        }
    },
    "source": "<a href=\"http://twitter.com/download/android\" rel=\"nofollow\">Twitter for Android</a>",
    "text": "RT @hemmersbach_com: This month we celebrated our #newoffice in #Athens. We're thrilled to have such cool and skilled new colleagues on boa\u2026",
    "truncated": false,
    "user": {
        "contributors_enabled": false,
        "created_at": "Mon Jul 10 16:55:57 +0000 2017",
        "default_profile": true,
        "default_profile_image": false,
        "description": "Nation First. Interested to see India top in Science and Technology. Politics, religion, etc comes afterward.",
        "entities": {
            "description": {
                "urls": []
            }
        },
        "favourites_count": 41233,
        "follow_request_sent": false,
        "followers_count": 400,
        "following": false,
        "friends_count": 4908,
        "geo_enabled": false,
        "has_extended_profile": false,
        "id": 884456169124675584,
        "id_str": "884456169124675584",
        "is_translation_enabled": false,
        "is_translator": false,
        "lang": null,
        "listed_count": 5,
        "location": "India.",
        "name": "S S Mehta",
        "notifications": false,
        "profile_background_color": "F5F8FA",
        "profile_background_image_url": null,
        "profile_background_image_url_https": null,
        "profile_background_tile": false,
        "profile_banner_url": "https://pbs.twimg.com/profile_banners/884456169124675584/1565866749",
        "profile_image_url": "http://pbs.twimg.com/profile_images/1056146754628972544/CQFxHyHH_normal.jpg",
        "profile_image_url_https": "https://pbs.twimg.com/profile_images/1056146754628972544/CQFxHyHH_normal.jpg",
        "profile_link_color": "1DA1F2",
        "profile_sidebar_border_color": "C0DEED",
        "profile_sidebar_fill_color": "DDEEF6",
        "profile_text_color": "333333",
        "profile_use_background_image": true,
        "protected": false,
        "screen_name": "ssmehta1758",
        "statuses_count": 36342,
        "time_zone": null,
        "translator_type": "none",
        "url": null,
        "utc_offset": null,
        "verified": false
    }
}
