{
    "contributors": null,
    "coordinates": null,
    "created_at": "Mon Apr 29 15:38:03 +0000 2019",
    "entities": {
        "hashtags": [],
        "symbols": [],
        "urls": [],
        "user_mentions": [
            {
                "id": 4882412820,
                "id_str": "4882412820",
                "indices": [
                    3,
                    14
                ],
                "name": "Sofronis Antoniou",
                "screen_name": "Sofronis16"
            }
        ]
    },
    "favorite_count": 0,
    "favorited": false,
    "geo": null,
    "id": 1122887778814001153,
    "id_str": "1122887778814001153",
    "in_reply_to_screen_name": null,
    "in_reply_to_status_id": null,
    "in_reply_to_status_id_str": null,
    "in_reply_to_user_id": null,
    "in_reply_to_user_id_str": null,
    "is_quote_status": false,
    "lang": "en",
    "metadata": {
        "iso_language_code": "en",
        "result_type": "recent"
    },
    "place": null,
    "retweet_count": 36,
    "retweeted": false,
    "retweeted_status": {
        "contributors": null,
        "coordinates": null,
        "created_at": "Sat Apr 20 08:46:53 +0000 2019",
        "entities": {
            "hashtags": [],
            "symbols": [],
            "urls": [
                {
                    "display_url": "twitter.com/i/web/status/1\u2026",
                    "expanded_url": "https://twitter.com/i/web/status/1119522815064059905",
                    "indices": [
                        117,
                        140
                    ],
                    "url": "https://t.co/5zqW4TcfOF"
                }
            ],
            "user_mentions": []
        },
        "favorite_count": 60,
        "favorited": false,
        "geo": null,
        "id": 1119522815064059905,
        "id_str": "1119522815064059905",
        "in_reply_to_screen_name": null,
        "in_reply_to_status_id": null,
        "in_reply_to_status_id_str": null,
        "in_reply_to_user_id": null,
        "in_reply_to_user_id_str": null,
        "is_quote_status": false,
        "lang": "en",
        "metadata": {
            "iso_language_code": "en",
            "result_type": "recent"
        },
        "place": null,
        "possibly_sensitive": false,
        "retweet_count": 36,
        "retweeted": false,
        "source": "<a href=\"http://twitter.com/download/android\" rel=\"nofollow\">Twitter for Android</a>",
        "text": "Anyone visiting Greece will feel and is lucky...but anyone that is able to feel the true vibes of this country is s\u2026 https://t.co/5zqW4TcfOF",
        "truncated": true,
        "user": {
            "contributors_enabled": false,
            "created_at": "Tue Feb 09 10:34:22 +0000 2016",
            "default_profile": false,
            "default_profile_image": false,
            "description": "\u0398\u03ac\u03bb\u03b1\u03c3\u03c3\u03b1, \u03ad\u03c1\u03c9\u03c4\u03b1\u03c2, \u03ba\u03b1\u03b9 \u03b1\u03b8\u03bb\u03b7\u03c4\u03b9\u03c3\u03bc\u03cc\u03c2!!! \u0391\u03a0\u039f\u0395\u039b\ud83d\udc9b\ud83c\udde8\ud83c\uddfe\ud83c\uddec\ud83c\uddf7\ud83d\udc99 \u03ba\u03b1\u03b9 \u03a0\u0391\u039f \ud83d\udc9a\ud83c\uddec\ud83c\uddf7\u2618\ufe0f\nhttps://t.co/V7JGopsR4D           \nhttps://t.co/wST2CX12cz",
            "entities": {
                "description": {
                    "urls": [
                        {
                            "display_url": "facebook.com/sofronis16",
                            "expanded_url": "http://facebook.com/sofronis16",
                            "indices": [
                                61,
                                84
                            ],
                            "url": "https://t.co/V7JGopsR4D"
                        },
                        {
                            "display_url": "instagram.com/sofronis16/",
                            "expanded_url": "http://instagram.com/sofronis16/",
                            "indices": [
                                96,
                                119
                            ],
                            "url": "https://t.co/wST2CX12cz"
                        }
                    ]
                },
                "url": {
                    "urls": [
                        {
                            "display_url": "twitter.com/search?f=tweet\u2026",
                            "expanded_url": "https://twitter.com/search?f=tweets&q=from%3A%40sofronis16%20exclude%3Areplies&src=typd",
                            "indices": [
                                0,
                                23
                            ],
                            "url": "https://t.co/UQCUGbmOjC"
                        }
                    ]
                }
            },
            "favourites_count": 83883,
            "follow_request_sent": false,
            "followers_count": 3280,
            "following": false,
            "friends_count": 3064,
            "geo_enabled": true,
            "has_extended_profile": true,
            "id": 4882412820,
            "id_str": "4882412820",
            "is_translation_enabled": false,
            "is_translator": false,
            "lang": "en",
            "listed_count": 32,
            "location": "Nicosia, Cyprus",
            "name": "Sofronis Antoniou",
            "notifications": false,
            "profile_background_color": "000000",
            "profile_background_image_url": "http://abs.twimg.com/images/themes/theme19/bg.gif",
            "profile_background_image_url_https": "https://abs.twimg.com/images/themes/theme19/bg.gif",
            "profile_background_tile": false,
            "profile_banner_url": "https://pbs.twimg.com/profile_banners/4882412820/1551126282",
            "profile_image_url": "http://pbs.twimg.com/profile_images/1100127496182337536/xymBfKrB_normal.jpg",
            "profile_image_url_https": "https://pbs.twimg.com/profile_images/1100127496182337536/xymBfKrB_normal.jpg",
            "profile_link_color": "1B95E0",
            "profile_sidebar_border_color": "000000",
            "profile_sidebar_fill_color": "000000",
            "profile_text_color": "000000",
            "profile_use_background_image": false,
            "protected": false,
            "screen_name": "Sofronis16",
            "statuses_count": 73436,
            "time_zone": null,
            "translator_type": "none",
            "url": "https://t.co/UQCUGbmOjC",
            "utc_offset": null,
            "verified": false
        }
    },
    "source": "<a href=\"http://twitter.com/download/android\" rel=\"nofollow\">Twitter for Android</a>",
    "text": "RT @Sofronis16: Anyone visiting Greece will feel and is lucky...but anyone that is able to feel the true vibes of this country is simply..\u2026",
    "truncated": false,
    "user": {
        "contributors_enabled": false,
        "created_at": "Wed Oct 21 16:57:56 +0000 2015",
        "default_profile": true,
        "default_profile_image": false,
        "description": "PODIATROS....\n\u039c\u03b9\u03b1 \u0395\u03bb\u03ad\u03bd\u03b7.......\u03b8\u03b1 \u03c3\u03b5 ....\u03c4\u03c1\u0395\u03bb\u03ad\u03bd\u03b7..!!!\ud83d\ude09\n\n\u0391\u0395\u039b =\u039b\u03b1\u03c4\u03c1\u03b5\u03af\u03b1 \ud83d\udc95",
        "entities": {
            "description": {
                "urls": []
            },
            "url": {
                "urls": [
                    {
                        "display_url": "twitter.com/search?f=tweet\u2026",
                        "expanded_url": "https://twitter.com/search?f=tweets&vertical=default&q=from%3A%40Vassoue1%20exclude%3Areplies&src=ty",
                        "indices": [
                            0,
                            23
                        ],
                        "url": "https://t.co/uMBgloFeyO"
                    }
                ]
            }
        },
        "favourites_count": 197193,
        "follow_request_sent": false,
        "followers_count": 14848,
        "following": false,
        "friends_count": 9125,
        "geo_enabled": true,
        "has_extended_profile": true,
        "id": 4010881786,
        "id_str": "4010881786",
        "is_translation_enabled": false,
        "is_translator": false,
        "lang": "el",
        "listed_count": 104,
        "location": "",
        "name": "trEleni",
        "notifications": false,
        "profile_background_color": "C0DEED",
        "profile_background_image_url": "http://abs.twimg.com/images/themes/theme1/bg.png",
        "profile_background_image_url_https": "https://abs.twimg.com/images/themes/theme1/bg.png",
        "profile_background_tile": false,
        "profile_banner_url": "https://pbs.twimg.com/profile_banners/4010881786/1531068679",
        "profile_image_url": "http://pbs.twimg.com/profile_images/1115347029587369990/h9yVJnsi_normal.jpg",
        "profile_image_url_https": "https://pbs.twimg.com/profile_images/1115347029587369990/h9yVJnsi_normal.jpg",
        "profile_link_color": "1DA1F2",
        "profile_sidebar_border_color": "C0DEED",
        "profile_sidebar_fill_color": "DDEEF6",
        "profile_text_color": "333333",
        "profile_use_background_image": true,
        "protected": false,
        "screen_name": "Vassoue1",
        "statuses_count": 276428,
        "time_zone": null,
        "translator_type": "none",
        "url": "https://t.co/uMBgloFeyO",
        "utc_offset": null,
        "verified": false
    }
}
