{
    "contributors": null,
    "coordinates": null,
    "created_at": "Mon Jul 01 13:36:40 +0000 2019",
    "entities": {
        "hashtags": [],
        "media": [
            {
                "display_url": "pic.twitter.com/XnWnvsCNyK",
                "expanded_url": "https://twitter.com/MacXever/status/1145687666500997120/photo/1",
                "id": 1145687665335066624,
                "id_str": "1145687665335066624",
                "indices": [
                    100,
                    123
                ],
                "media_url": "http://pbs.twimg.com/media/D-ZM3IvX4AAhrxx.jpg",
                "media_url_https": "https://pbs.twimg.com/media/D-ZM3IvX4AAhrxx.jpg",
                "sizes": {
                    "large": {
                        "h": 479,
                        "resize": "fit",
                        "w": 720
                    },
                    "medium": {
                        "h": 479,
                        "resize": "fit",
                        "w": 720
                    },
                    "small": {
                        "h": 452,
                        "resize": "fit",
                        "w": 680
                    },
                    "thumb": {
                        "h": 150,
                        "resize": "crop",
                        "w": 150
                    }
                },
                "type": "photo",
                "url": "https://t.co/XnWnvsCNyK"
            }
        ],
        "symbols": [],
        "urls": [
            {
                "display_url": "ArtPal.com/StefanoSenise?\u2026",
                "expanded_url": "https://www.ArtPal.com/StefanoSenise?i=102882-4",
                "indices": [
                    76,
                    99
                ],
                "url": "https://t.co/dZBYqvc51e"
            }
        ],
        "user_mentions": []
    },
    "extended_entities": {
        "media": [
            {
                "display_url": "pic.twitter.com/XnWnvsCNyK",
                "expanded_url": "https://twitter.com/MacXever/status/1145687666500997120/photo/1",
                "id": 1145687665335066624,
                "id_str": "1145687665335066624",
                "indices": [
                    100,
                    123
                ],
                "media_url": "http://pbs.twimg.com/media/D-ZM3IvX4AAhrxx.jpg",
                "media_url_https": "https://pbs.twimg.com/media/D-ZM3IvX4AAhrxx.jpg",
                "sizes": {
                    "large": {
                        "h": 479,
                        "resize": "fit",
                        "w": 720
                    },
                    "medium": {
                        "h": 479,
                        "resize": "fit",
                        "w": 720
                    },
                    "small": {
                        "h": 452,
                        "resize": "fit",
                        "w": 680
                    },
                    "thumb": {
                        "h": 150,
                        "resize": "crop",
                        "w": 150
                    }
                },
                "type": "photo",
                "url": "https://t.co/XnWnvsCNyK"
            }
        ]
    },
    "favorite_count": 0,
    "favorited": false,
    "geo": null,
    "id": 1145687666500997120,
    "id_str": "1145687666500997120",
    "in_reply_to_screen_name": null,
    "in_reply_to_status_id": null,
    "in_reply_to_status_id_str": null,
    "in_reply_to_user_id": null,
    "in_reply_to_user_id_str": null,
    "is_quote_status": false,
    "lang": "en",
    "metadata": {
        "iso_language_code": "en",
        "result_type": "recent"
    },
    "place": null,
    "possibly_sensitive": false,
    "retweet_count": 0,
    "retweeted": false,
    "source": "<a href=\"https://www.ArtPal.com\" rel=\"nofollow\">ArtPal</a>",
    "text": "Featured Art of the Day: \"The Caryatids of Acropolis in Athens\". Buy it at: https://t.co/dZBYqvc51e https://t.co/XnWnvsCNyK",
    "truncated": false,
    "user": {
        "contributors_enabled": false,
        "created_at": "Sun Jun 21 18:06:18 +0000 2009",
        "default_profile": false,
        "default_profile_image": false,
        "description": "Stefano Senise Fineartist. https://t.co/p87azI8zbb #photo #abstract #faa #FineArt #bw #alamy #wallart #walldecor #art #design #homefurnishings",
        "entities": {
            "description": {
                "urls": [
                    {
                        "display_url": "bit.ly/M3EXap",
                        "expanded_url": "http://bit.ly/M3EXap",
                        "indices": [
                            27,
                            50
                        ],
                        "url": "https://t.co/p87azI8zbb"
                    }
                ]
            },
            "url": {
                "urls": [
                    {
                        "display_url": "goo.gl/aaTjRA",
                        "expanded_url": "http://goo.gl/aaTjRA",
                        "indices": [
                            0,
                            22
                        ],
                        "url": "http://t.co/ueXuHbJPph"
                    }
                ]
            }
        },
        "favourites_count": 161,
        "follow_request_sent": false,
        "followers_count": 9806,
        "following": false,
        "friends_count": 8843,
        "geo_enabled": true,
        "has_extended_profile": false,
        "id": 49380541,
        "id_str": "49380541",
        "is_translation_enabled": false,
        "is_translator": false,
        "lang": "en",
        "listed_count": 90,
        "location": "Prints,Home Decor,Office Decor",
        "name": "MacXever",
        "notifications": false,
        "profile_background_color": "9AE4E8",
        "profile_background_image_url": "http://abs.twimg.com/images/themes/theme19/bg.gif",
        "profile_background_image_url_https": "https://abs.twimg.com/images/themes/theme19/bg.gif",
        "profile_background_tile": true,
        "profile_banner_url": "https://pbs.twimg.com/profile_banners/49380541/1538855567",
        "profile_image_url": "http://pbs.twimg.com/profile_images/278197431/Vector_Lens_normal.jpg",
        "profile_image_url_https": "https://pbs.twimg.com/profile_images/278197431/Vector_Lens_normal.jpg",
        "profile_link_color": "FF691F",
        "profile_sidebar_border_color": "FFFFFF",
        "profile_sidebar_fill_color": "1D1D1D",
        "profile_text_color": "892DD8",
        "profile_use_background_image": true,
        "protected": false,
        "screen_name": "MacXever",
        "statuses_count": 10129,
        "time_zone": null,
        "translator_type": "none",
        "url": "http://t.co/ueXuHbJPph",
        "utc_offset": null,
        "verified": false
    }
}
