{
    "contributors": null,
    "coordinates": null,
    "created_at": "Thu Aug 01 14:53:49 +0000 2019",
    "entities": {
        "hashtags": [
            {
                "indices": [
                    29,
                    36
                ],
                "text": "Athens"
            },
            {
                "indices": [
                    75,
                    95
                ],
                "text": "AlexisGrigoropoulos"
            }
        ],
        "media": [
            {
                "display_url": "pic.twitter.com/lQHJHI6Y3r",
                "expanded_url": "https://twitter.com/Ruptly/status/1156737322123026433/video/1",
                "id": 1156733070088609793,
                "id_str": "1156733070088609793",
                "indices": [
                    117,
                    140
                ],
                "media_url": "http://pbs.twimg.com/amplify_video_thumb/1156733070088609793/img/yMxnbJHIXPprJgQx.jpg",
                "media_url_https": "https://pbs.twimg.com/amplify_video_thumb/1156733070088609793/img/yMxnbJHIXPprJgQx.jpg",
                "sizes": {
                    "large": {
                        "h": 720,
                        "resize": "fit",
                        "w": 720
                    },
                    "medium": {
                        "h": 720,
                        "resize": "fit",
                        "w": 720
                    },
                    "small": {
                        "h": 680,
                        "resize": "fit",
                        "w": 680
                    },
                    "thumb": {
                        "h": 150,
                        "resize": "crop",
                        "w": 150
                    }
                },
                "source_status_id": 1156737322123026433,
                "source_status_id_str": "1156737322123026433",
                "source_user_id": 934399189,
                "source_user_id_str": "934399189",
                "type": "photo",
                "url": "https://t.co/lQHJHI6Y3r"
            }
        ],
        "symbols": [],
        "urls": [],
        "user_mentions": [
            {
                "id": 934399189,
                "id_str": "934399189",
                "indices": [
                    3,
                    10
                ],
                "name": "Ruptly",
                "screen_name": "Ruptly"
            }
        ]
    },
    "extended_entities": {
        "media": [
            {
                "additional_media_info": {
                    "call_to_actions": {
                        "watch_now": {
                            "url": "https://www.youtube.com/watch?v=VIMMu9AbGX8"
                        }
                    },
                    "description": "",
                    "embeddable": true,
                    "monetizable": false,
                    "source_user": {
                        "contributors_enabled": false,
                        "created_at": "Thu Nov 08 12:31:00 +0000 2012",
                        "default_profile": false,
                        "default_profile_image": false,
                        "description": "International video news agency. https://t.co/Yp5ODY7dEk",
                        "entities": {
                            "description": {
                                "urls": [
                                    {
                                        "display_url": "Ruptly.tv",
                                        "expanded_url": "http://www.Ruptly.tv",
                                        "indices": [
                                            33,
                                            56
                                        ],
                                        "url": "https://t.co/Yp5ODY7dEk"
                                    }
                                ]
                            }
                        },
                        "favourites_count": 1447,
                        "follow_request_sent": false,
                        "followers_count": 88753,
                        "following": false,
                        "friends_count": 556,
                        "geo_enabled": true,
                        "has_extended_profile": false,
                        "id": 934399189,
                        "id_str": "934399189",
                        "is_translation_enabled": false,
                        "is_translator": false,
                        "lang": null,
                        "listed_count": 2077,
                        "location": "Berlin, Germany",
                        "name": "Ruptly",
                        "notifications": false,
                        "profile_background_color": "000000",
                        "profile_background_image_url": "http://abs.twimg.com/images/themes/theme14/bg.gif",
                        "profile_background_image_url_https": "https://abs.twimg.com/images/themes/theme14/bg.gif",
                        "profile_background_tile": false,
                        "profile_banner_url": "https://pbs.twimg.com/profile_banners/934399189/1557850134",
                        "profile_image_url": "http://pbs.twimg.com/profile_images/1096380175791607808/0OVjpWb8_normal.png",
                        "profile_image_url_https": "https://pbs.twimg.com/profile_images/1096380175791607808/0OVjpWb8_normal.png",
                        "profile_link_color": "78BB11",
                        "profile_sidebar_border_color": "000000",
                        "profile_sidebar_fill_color": "DDEEF6",
                        "profile_text_color": "333333",
                        "profile_use_background_image": true,
                        "protected": false,
                        "screen_name": "Ruptly",
                        "statuses_count": 94770,
                        "time_zone": null,
                        "translator_type": "none",
                        "url": null,
                        "utc_offset": null,
                        "verified": true
                    },
                    "title": ""
                },
                "display_url": "pic.twitter.com/lQHJHI6Y3r",
                "expanded_url": "https://twitter.com/Ruptly/status/1156737322123026433/video/1",
                "id": 1156733070088609793,
                "id_str": "1156733070088609793",
                "indices": [
                    117,
                    140
                ],
                "media_url": "http://pbs.twimg.com/amplify_video_thumb/1156733070088609793/img/yMxnbJHIXPprJgQx.jpg",
                "media_url_https": "https://pbs.twimg.com/amplify_video_thumb/1156733070088609793/img/yMxnbJHIXPprJgQx.jpg",
                "sizes": {
                    "large": {
                        "h": 720,
                        "resize": "fit",
                        "w": 720
                    },
                    "medium": {
                        "h": 720,
                        "resize": "fit",
                        "w": 720
                    },
                    "small": {
                        "h": 680,
                        "resize": "fit",
                        "w": 680
                    },
                    "thumb": {
                        "h": 150,
                        "resize": "crop",
                        "w": 150
                    }
                },
                "source_status_id": 1156737322123026433,
                "source_status_id_str": "1156737322123026433",
                "source_user_id": 934399189,
                "source_user_id_str": "934399189",
                "type": "video",
                "url": "https://t.co/lQHJHI6Y3r",
                "video_info": {
                    "aspect_ratio": [
                        1,
                        1
                    ],
                    "duration_millis": 69120,
                    "variants": [
                        {
                            "bitrate": 432000,
                            "content_type": "video/mp4",
                            "url": "https://video.twimg.com/amplify_video/1156733070088609793/vid/320x320/sV-3kpp1gkymozk1.mp4?tag=13"
                        },
                        {
                            "bitrate": 832000,
                            "content_type": "video/mp4",
                            "url": "https://video.twimg.com/amplify_video/1156733070088609793/vid/480x480/0--ISqsik2j3e4j4.mp4?tag=13"
                        },
                        {
                            "content_type": "application/x-mpegURL",
                            "url": "https://video.twimg.com/amplify_video/1156733070088609793/pl/KqRA06XyYlvdYtiP.m3u8?tag=13"
                        },
                        {
                            "bitrate": 1280000,
                            "content_type": "video/mp4",
                            "url": "https://video.twimg.com/amplify_video/1156733070088609793/vid/720x720/CQPzwL44JueTjWXS.mp4?tag=13"
                        }
                    ]
                }
            }
        ]
    },
    "favorite_count": 0,
    "favorited": false,
    "geo": null,
    "id": 1156941105029627904,
    "id_str": "1156941105029627904",
    "in_reply_to_screen_name": null,
    "in_reply_to_status_id": null,
    "in_reply_to_status_id_str": null,
    "in_reply_to_user_id": null,
    "in_reply_to_user_id_str": null,
    "is_quote_status": false,
    "lang": "en",
    "metadata": {
        "iso_language_code": "en",
        "result_type": "recent"
    },
    "place": null,
    "possibly_sensitive": false,
    "retweet_count": 20,
    "retweeted": false,
    "retweeted_status": {
        "contributors": null,
        "coordinates": null,
        "created_at": "Thu Aug 01 01:24:03 +0000 2019",
        "entities": {
            "hashtags": [
                {
                    "indices": [
                        17,
                        24
                    ],
                    "text": "Athens"
                },
                {
                    "indices": [
                        63,
                        83
                    ],
                    "text": "AlexisGrigoropoulos"
                }
            ],
            "media": [
                {
                    "display_url": "pic.twitter.com/lQHJHI6Y3r",
                    "expanded_url": "https://twitter.com/Ruptly/status/1156737322123026433/video/1",
                    "id": 1156733070088609793,
                    "id_str": "1156733070088609793",
                    "indices": [
                        105,
                        128
                    ],
                    "media_url": "http://pbs.twimg.com/amplify_video_thumb/1156733070088609793/img/yMxnbJHIXPprJgQx.jpg",
                    "media_url_https": "https://pbs.twimg.com/amplify_video_thumb/1156733070088609793/img/yMxnbJHIXPprJgQx.jpg",
                    "sizes": {
                        "large": {
                            "h": 720,
                            "resize": "fit",
                            "w": 720
                        },
                        "medium": {
                            "h": 720,
                            "resize": "fit",
                            "w": 720
                        },
                        "small": {
                            "h": 680,
                            "resize": "fit",
                            "w": 680
                        },
                        "thumb": {
                            "h": 150,
                            "resize": "crop",
                            "w": 150
                        }
                    },
                    "type": "photo",
                    "url": "https://t.co/lQHJHI6Y3r"
                }
            ],
            "symbols": [],
            "urls": [],
            "user_mentions": []
        },
        "extended_entities": {
            "media": [
                {
                    "additional_media_info": {
                        "call_to_actions": {
                            "watch_now": {
                                "url": "https://www.youtube.com/watch?v=VIMMu9AbGX8"
                            }
                        },
                        "description": "",
                        "embeddable": true,
                        "monetizable": false,
                        "title": ""
                    },
                    "display_url": "pic.twitter.com/lQHJHI6Y3r",
                    "expanded_url": "https://twitter.com/Ruptly/status/1156737322123026433/video/1",
                    "id": 1156733070088609793,
                    "id_str": "1156733070088609793",
                    "indices": [
                        105,
                        128
                    ],
                    "media_url": "http://pbs.twimg.com/amplify_video_thumb/1156733070088609793/img/yMxnbJHIXPprJgQx.jpg",
                    "media_url_https": "https://pbs.twimg.com/amplify_video_thumb/1156733070088609793/img/yMxnbJHIXPprJgQx.jpg",
                    "sizes": {
                        "large": {
                            "h": 720,
                            "resize": "fit",
                            "w": 720
                        },
                        "medium": {
                            "h": 720,
                            "resize": "fit",
                            "w": 720
                        },
                        "small": {
                            "h": 680,
                            "resize": "fit",
                            "w": 680
                        },
                        "thumb": {
                            "h": 150,
                            "resize": "crop",
                            "w": 150
                        }
                    },
                    "type": "video",
                    "url": "https://t.co/lQHJHI6Y3r",
                    "video_info": {
                        "aspect_ratio": [
                            1,
                            1
                        ],
                        "duration_millis": 69120,
                        "variants": [
                            {
                                "bitrate": 432000,
                                "content_type": "video/mp4",
                                "url": "https://video.twimg.com/amplify_video/1156733070088609793/vid/320x320/sV-3kpp1gkymozk1.mp4?tag=13"
                            },
                            {
                                "bitrate": 832000,
                                "content_type": "video/mp4",
                                "url": "https://video.twimg.com/amplify_video/1156733070088609793/vid/480x480/0--ISqsik2j3e4j4.mp4?tag=13"
                            },
                            {
                                "content_type": "application/x-mpegURL",
                                "url": "https://video.twimg.com/amplify_video/1156733070088609793/pl/KqRA06XyYlvdYtiP.m3u8?tag=13"
                            },
                            {
                                "bitrate": 1280000,
                                "content_type": "video/mp4",
                                "url": "https://video.twimg.com/amplify_video/1156733070088609793/vid/720x720/CQPzwL44JueTjWXS.mp4?tag=13"
                            }
                        ]
                    }
                }
            ]
        },
        "favorite_count": 14,
        "favorited": false,
        "geo": null,
        "id": 1156737322123026433,
        "id_str": "1156737322123026433",
        "in_reply_to_screen_name": null,
        "in_reply_to_status_id": null,
        "in_reply_to_status_id_str": null,
        "in_reply_to_user_id": null,
        "in_reply_to_user_id_str": null,
        "is_quote_status": false,
        "lang": "en",
        "metadata": {
            "iso_language_code": "en",
            "result_type": "recent"
        },
        "place": null,
        "possibly_sensitive": false,
        "retweet_count": 20,
        "retweeted": false,
        "source": "<a href=\"https://studio.twitter.com\" rel=\"nofollow\">Twitter Media Studio</a>",
        "text": "Clashes erupt in #Athens after police officer who fatally shot #AlexisGrigoropoulos released from prison https://t.co/lQHJHI6Y3r",
        "truncated": false,
        "user": {
            "contributors_enabled": false,
            "created_at": "Thu Nov 08 12:31:00 +0000 2012",
            "default_profile": false,
            "default_profile_image": false,
            "description": "International video news agency. https://t.co/Yp5ODY7dEk",
            "entities": {
                "description": {
                    "urls": [
                        {
                            "display_url": "Ruptly.tv",
                            "expanded_url": "http://www.Ruptly.tv",
                            "indices": [
                                33,
                                56
                            ],
                            "url": "https://t.co/Yp5ODY7dEk"
                        }
                    ]
                }
            },
            "favourites_count": 1447,
            "follow_request_sent": false,
            "followers_count": 88753,
            "following": false,
            "friends_count": 556,
            "geo_enabled": true,
            "has_extended_profile": false,
            "id": 934399189,
            "id_str": "934399189",
            "is_translation_enabled": false,
            "is_translator": false,
            "lang": null,
            "listed_count": 2077,
            "location": "Berlin, Germany",
            "name": "Ruptly",
            "notifications": false,
            "profile_background_color": "000000",
            "profile_background_image_url": "http://abs.twimg.com/images/themes/theme14/bg.gif",
            "profile_background_image_url_https": "https://abs.twimg.com/images/themes/theme14/bg.gif",
            "profile_background_tile": false,
            "profile_banner_url": "https://pbs.twimg.com/profile_banners/934399189/1557850134",
            "profile_image_url": "http://pbs.twimg.com/profile_images/1096380175791607808/0OVjpWb8_normal.png",
            "profile_image_url_https": "https://pbs.twimg.com/profile_images/1096380175791607808/0OVjpWb8_normal.png",
            "profile_link_color": "78BB11",
            "profile_sidebar_border_color": "000000",
            "profile_sidebar_fill_color": "DDEEF6",
            "profile_text_color": "333333",
            "profile_use_background_image": true,
            "protected": false,
            "screen_name": "Ruptly",
            "statuses_count": 94770,
            "time_zone": null,
            "translator_type": "none",
            "url": null,
            "utc_offset": null,
            "verified": true
        }
    },
    "source": "<a href=\"https://mobile.twitter.com\" rel=\"nofollow\">Twitter Web App</a>",
    "text": "RT @Ruptly: Clashes erupt in #Athens after police officer who fatally shot #AlexisGrigoropoulos released from prison https://t.co/lQHJHI6Y3r",
    "truncated": false,
    "user": {
        "contributors_enabled": false,
        "created_at": "Sun Feb 05 02:38:41 +0000 2017",
        "default_profile": true,
        "default_profile_image": false,
        "description": "",
        "entities": {
            "description": {
                "urls": []
            }
        },
        "favourites_count": 12710,
        "follow_request_sent": false,
        "followers_count": 793,
        "following": false,
        "friends_count": 3544,
        "geo_enabled": false,
        "has_extended_profile": true,
        "id": 828070310331117569,
        "id_str": "828070310331117569",
        "is_translation_enabled": false,
        "is_translator": false,
        "lang": null,
        "listed_count": 6,
        "location": "M\u00e9xico",
        "name": "raul palma",
        "notifications": false,
        "profile_background_color": "F5F8FA",
        "profile_background_image_url": null,
        "profile_background_image_url_https": null,
        "profile_background_tile": false,
        "profile_banner_url": "https://pbs.twimg.com/profile_banners/828070310331117569/1523870726",
        "profile_image_url": "http://pbs.twimg.com/profile_images/985813736861683712/1eq4UNap_normal.jpg",
        "profile_image_url_https": "https://pbs.twimg.com/profile_images/985813736861683712/1eq4UNap_normal.jpg",
        "profile_link_color": "1DA1F2",
        "profile_sidebar_border_color": "C0DEED",
        "profile_sidebar_fill_color": "DDEEF6",
        "profile_text_color": "333333",
        "profile_use_background_image": true,
        "protected": false,
        "screen_name": "PalmarxRaul",
        "statuses_count": 16459,
        "time_zone": null,
        "translator_type": "none",
        "url": null,
        "utc_offset": null,
        "verified": false
    }
}
