{
    "contributors": null,
    "coordinates": null,
    "created_at": "Wed Aug 21 04:47:09 +0000 2019",
    "entities": {
        "hashtags": [
            {
                "indices": [
                    79,
                    90
                ],
                "text": "iambicpent"
            }
        ],
        "media": [
            {
                "display_url": "pic.twitter.com/bejyKrIQf3",
                "expanded_url": "https://twitter.com/chilkathaiku/status/1164036190292578305/photo/1",
                "id": 1164036189407633410,
                "id_str": "1164036189407633410",
                "indices": [
                    93,
                    116
                ],
                "media_url": "http://pbs.twimg.com/media/ECd8vzdXYAIdhX0.jpg",
                "media_url_https": "https://pbs.twimg.com/media/ECd8vzdXYAIdhX0.jpg",
                "sizes": {
                    "large": {
                        "h": 576,
                        "resize": "fit",
                        "w": 1024
                    },
                    "medium": {
                        "h": 576,
                        "resize": "fit",
                        "w": 1024
                    },
                    "small": {
                        "h": 383,
                        "resize": "fit",
                        "w": 680
                    },
                    "thumb": {
                        "h": 150,
                        "resize": "crop",
                        "w": 150
                    }
                },
                "type": "photo",
                "url": "https://t.co/bejyKrIQf3"
            }
        ],
        "symbols": [],
        "urls": [],
        "user_mentions": []
    },
    "extended_entities": {
        "media": [
            {
                "display_url": "pic.twitter.com/bejyKrIQf3",
                "expanded_url": "https://twitter.com/chilkathaiku/status/1164036190292578305/photo/1",
                "id": 1164036189407633410,
                "id_str": "1164036189407633410",
                "indices": [
                    93,
                    116
                ],
                "media_url": "http://pbs.twimg.com/media/ECd8vzdXYAIdhX0.jpg",
                "media_url_https": "https://pbs.twimg.com/media/ECd8vzdXYAIdhX0.jpg",
                "sizes": {
                    "large": {
                        "h": 576,
                        "resize": "fit",
                        "w": 1024
                    },
                    "medium": {
                        "h": 576,
                        "resize": "fit",
                        "w": 1024
                    },
                    "small": {
                        "h": 383,
                        "resize": "fit",
                        "w": 680
                    },
                    "thumb": {
                        "h": 150,
                        "resize": "crop",
                        "w": 150
                    }
                },
                "type": "photo",
                "url": "https://t.co/bejyKrIQf3"
            }
        ]
    },
    "favorite_count": 0,
    "favorited": false,
    "geo": null,
    "id": 1164036190292578305,
    "id_str": "1164036190292578305",
    "in_reply_to_screen_name": null,
    "in_reply_to_status_id": null,
    "in_reply_to_status_id_str": null,
    "in_reply_to_user_id": null,
    "in_reply_to_user_id_str": null,
    "is_quote_status": false,
    "lang": "en",
    "metadata": {
        "iso_language_code": "en",
        "result_type": "recent"
    },
    "place": null,
    "possibly_sensitive": false,
    "retweet_count": 0,
    "retweeted": false,
    "source": "<a href=\"http://twitter.com/chilkathaiku\" rel=\"nofollow\">chilkathaiku_poems</a>",
    "text": "Few guidepost, much over in sterigma.\nTwain arrest, each deuced like syntagma.\n#iambicpent \u2602 https://t.co/bejyKrIQf3",
    "truncated": false,
    "user": {
        "contributors_enabled": false,
        "created_at": "Wed Oct 23 16:11:09 +0000 2013",
        "default_profile": false,
        "default_profile_image": false,
        "description": "poetry\u2763",
        "entities": {
            "description": {
                "urls": []
            }
        },
        "favourites_count": 4285,
        "follow_request_sent": false,
        "followers_count": 100403,
        "following": false,
        "friends_count": 132777,
        "geo_enabled": false,
        "has_extended_profile": false,
        "id": 2151262242,
        "id_str": "2151262242",
        "is_translation_enabled": false,
        "is_translator": false,
        "lang": null,
        "listed_count": 539,
        "location": "",
        "name": "chil \u2763 kat",
        "notifications": false,
        "profile_background_color": "022330",
        "profile_background_image_url": "http://abs.twimg.com/images/themes/theme15/bg.png",
        "profile_background_image_url_https": "https://abs.twimg.com/images/themes/theme15/bg.png",
        "profile_background_tile": true,
        "profile_banner_url": "https://pbs.twimg.com/profile_banners/2151262242/1522856231",
        "profile_image_url": "http://pbs.twimg.com/profile_images/691626851274526722/2_p8kDOn_normal.jpg",
        "profile_image_url_https": "https://pbs.twimg.com/profile_images/691626851274526722/2_p8kDOn_normal.jpg",
        "profile_link_color": "ABB8C2",
        "profile_sidebar_border_color": "FFFFFF",
        "profile_sidebar_fill_color": "C0DFEC",
        "profile_text_color": "333333",
        "profile_use_background_image": true,
        "protected": false,
        "screen_name": "chilkathaiku",
        "statuses_count": 537722,
        "time_zone": null,
        "translator_type": "none",
        "url": null,
        "utc_offset": null,
        "verified": false
    }
}
