{
    "contributors": null,
    "coordinates": null,
    "created_at": "Sun Apr 28 00:35:22 +0000 2019",
    "entities": {
        "hashtags": [],
        "symbols": [],
        "urls": [],
        "user_mentions": [
            {
                "id": 3313561073,
                "id_str": "3313561073",
                "indices": [
                    3,
                    13
                ],
                "name": "Why Athens",
                "screen_name": "WhyAthens"
            }
        ]
    },
    "favorite_count": 0,
    "favorited": false,
    "geo": null,
    "id": 1122298225031954432,
    "id_str": "1122298225031954432",
    "in_reply_to_screen_name": null,
    "in_reply_to_status_id": null,
    "in_reply_to_status_id_str": null,
    "in_reply_to_user_id": null,
    "in_reply_to_user_id_str": null,
    "is_quote_status": false,
    "lang": "en",
    "metadata": {
        "iso_language_code": "en",
        "result_type": "recent"
    },
    "place": null,
    "retweet_count": 29,
    "retweeted": false,
    "retweeted_status": {
        "contributors": null,
        "coordinates": null,
        "created_at": "Sat Apr 27 19:29:17 +0000 2019",
        "entities": {
            "hashtags": [],
            "symbols": [],
            "urls": [
                {
                    "display_url": "twitter.com/i/web/status/1\u2026",
                    "expanded_url": "https://twitter.com/i/web/status/1122221195947118592",
                    "indices": [
                        117,
                        140
                    ],
                    "url": "https://t.co/craZyU4IEW"
                }
            ],
            "user_mentions": []
        },
        "favorite_count": 60,
        "favorited": false,
        "geo": null,
        "id": 1122221195947118592,
        "id_str": "1122221195947118592",
        "in_reply_to_screen_name": null,
        "in_reply_to_status_id": null,
        "in_reply_to_status_id_str": null,
        "in_reply_to_user_id": null,
        "in_reply_to_user_id_str": null,
        "is_quote_status": false,
        "lang": "en",
        "metadata": {
            "iso_language_code": "en",
            "result_type": "recent"
        },
        "place": null,
        "possibly_sensitive": false,
        "retweet_count": 29,
        "retweeted": false,
        "source": "<a href=\"https://smarterqueue.com\" rel=\"nofollow\">SmarterQueue</a>",
        "text": "The Holy Light was received at the Metohi tou Panagiou Tafou church in Plaka just after 9pm in Athens. Happy Easter\u2026 https://t.co/craZyU4IEW",
        "truncated": true,
        "user": {
            "contributors_enabled": false,
            "created_at": "Mon Jun 08 17:19:17 +0000 2015",
            "default_profile": false,
            "default_profile_image": false,
            "description": "Old World. New Beginnings. The ancient & modern worlds of Athens collide. We guide you through and tell the story",
            "entities": {
                "description": {
                    "urls": []
                },
                "url": {
                    "urls": [
                        {
                            "display_url": "whyathens.com",
                            "expanded_url": "http://whyathens.com",
                            "indices": [
                                0,
                                22
                            ],
                            "url": "http://t.co/PvrEz9lshY"
                        }
                    ]
                }
            },
            "favourites_count": 35615,
            "follow_request_sent": false,
            "followers_count": 38478,
            "following": false,
            "friends_count": 28196,
            "geo_enabled": true,
            "has_extended_profile": false,
            "id": 3313561073,
            "id_str": "3313561073",
            "is_translation_enabled": false,
            "is_translator": false,
            "lang": "en",
            "listed_count": 551,
            "location": "Attiki, Greece",
            "name": "Why Athens",
            "notifications": false,
            "profile_background_color": "000000",
            "profile_background_image_url": "http://abs.twimg.com/images/themes/theme1/bg.png",
            "profile_background_image_url_https": "https://abs.twimg.com/images/themes/theme1/bg.png",
            "profile_background_tile": false,
            "profile_banner_url": "https://pbs.twimg.com/profile_banners/3313561073/1554759495",
            "profile_image_url": "http://pbs.twimg.com/profile_images/1115309178405494784/hcMEfdvI_normal.png",
            "profile_image_url_https": "https://pbs.twimg.com/profile_images/1115309178405494784/hcMEfdvI_normal.png",
            "profile_link_color": "3B94D9",
            "profile_sidebar_border_color": "000000",
            "profile_sidebar_fill_color": "000000",
            "profile_text_color": "000000",
            "profile_use_background_image": false,
            "protected": false,
            "screen_name": "WhyAthens",
            "statuses_count": 2716,
            "time_zone": null,
            "translator_type": "none",
            "url": "http://t.co/PvrEz9lshY",
            "utc_offset": null,
            "verified": false
        }
    },
    "source": "<a href=\"http://twitter.com/download/iphone\" rel=\"nofollow\">Twitter for iPhone</a>",
    "text": "RT @WhyAthens: The Holy Light was received at the Metohi tou Panagiou Tafou church in Plaka just after 9pm in Athens. Happy Easter to all #\u2026",
    "truncated": false,
    "user": {
        "contributors_enabled": false,
        "created_at": "Thu May 24 00:29:13 +0000 2012",
        "default_profile": false,
        "default_profile_image": false,
        "description": "Actor. Playwright. Descendent of Aphrodite and Icarus. Resident Artist State Theatre Company SA",
        "entities": {
            "description": {
                "urls": []
            }
        },
        "favourites_count": 7722,
        "follow_request_sent": false,
        "followers_count": 772,
        "following": false,
        "friends_count": 869,
        "geo_enabled": true,
        "has_extended_profile": false,
        "id": 588695320,
        "id_str": "588695320",
        "is_translation_enabled": false,
        "is_translator": false,
        "lang": "en",
        "listed_count": 26,
        "location": "Kaurna Land, Australia",
        "name": "Elena Carapetis \u0395\u03bb\u03ad\u03bd\u03b1 \u039a\u03b1\u03c1\u03b1\u03c0\u03ad\u03c4\u03b7",
        "notifications": false,
        "profile_background_color": "81D2E6",
        "profile_background_image_url": "http://abs.twimg.com/images/themes/theme18/bg.gif",
        "profile_background_image_url_https": "https://abs.twimg.com/images/themes/theme18/bg.gif",
        "profile_background_tile": false,
        "profile_banner_url": "https://pbs.twimg.com/profile_banners/588695320/1494023712",
        "profile_image_url": "http://pbs.twimg.com/profile_images/2244942418/Photo_188_normal.jpg",
        "profile_image_url_https": "https://pbs.twimg.com/profile_images/2244942418/Photo_188_normal.jpg",
        "profile_link_color": "121259",
        "profile_sidebar_border_color": "C0DEED",
        "profile_sidebar_fill_color": "DDEEF6",
        "profile_text_color": "333333",
        "profile_use_background_image": true,
        "protected": false,
        "screen_name": "ElenaCaraSays",
        "statuses_count": 5382,
        "time_zone": null,
        "translator_type": "none",
        "url": null,
        "utc_offset": null,
        "verified": false
    }
}
