{
    "contributors": null,
    "coordinates": null,
    "created_at": "Tue Jun 25 10:29:30 +0000 2019",
    "entities": {
        "hashtags": [
            {
                "indices": [
                    56,
                    62
                ],
                "text": "photo"
            }
        ],
        "media": [
            {
                "display_url": "pic.twitter.com/qSl8Tvn3Uu",
                "expanded_url": "https://twitter.com/_ahsanR/status/1073043908865769472/photo/1",
                "id": 1073042947950690305,
                "id_str": "1073042947950690305",
                "indices": [
                    80,
                    103
                ],
                "media_url": "http://pbs.twimg.com/media/DuQ24D1WwAECwsD.jpg",
                "media_url_https": "https://pbs.twimg.com/media/DuQ24D1WwAECwsD.jpg",
                "sizes": {
                    "large": {
                        "h": 1350,
                        "resize": "fit",
                        "w": 1080
                    },
                    "medium": {
                        "h": 1200,
                        "resize": "fit",
                        "w": 960
                    },
                    "small": {
                        "h": 680,
                        "resize": "fit",
                        "w": 544
                    },
                    "thumb": {
                        "h": 150,
                        "resize": "crop",
                        "w": 150
                    }
                },
                "source_status_id": 1073043908865769472,
                "source_status_id_str": "1073043908865769472",
                "source_user_id": 1911811837,
                "source_user_id_str": "1911811837",
                "type": "photo",
                "url": "https://t.co/qSl8Tvn3Uu"
            }
        ],
        "symbols": [],
        "urls": [],
        "user_mentions": [
            {
                "id": 1911811837,
                "id_str": "1911811837",
                "indices": [
                    3,
                    11
                ],
                "name": "Ahsan",
                "screen_name": "_ahsanR"
            }
        ]
    },
    "extended_entities": {
        "media": [
            {
                "display_url": "pic.twitter.com/qSl8Tvn3Uu",
                "expanded_url": "https://twitter.com/_ahsanR/status/1073043908865769472/photo/1",
                "id": 1073042947950690305,
                "id_str": "1073042947950690305",
                "indices": [
                    80,
                    103
                ],
                "media_url": "http://pbs.twimg.com/media/DuQ24D1WwAECwsD.jpg",
                "media_url_https": "https://pbs.twimg.com/media/DuQ24D1WwAECwsD.jpg",
                "sizes": {
                    "large": {
                        "h": 1350,
                        "resize": "fit",
                        "w": 1080
                    },
                    "medium": {
                        "h": 1200,
                        "resize": "fit",
                        "w": 960
                    },
                    "small": {
                        "h": 680,
                        "resize": "fit",
                        "w": 544
                    },
                    "thumb": {
                        "h": 150,
                        "resize": "crop",
                        "w": 150
                    }
                },
                "source_status_id": 1073043908865769472,
                "source_status_id_str": "1073043908865769472",
                "source_user_id": 1911811837,
                "source_user_id_str": "1911811837",
                "type": "photo",
                "url": "https://t.co/qSl8Tvn3Uu"
            }
        ]
    },
    "favorite_count": 0,
    "favorited": false,
    "geo": null,
    "id": 1143466238544371712,
    "id_str": "1143466238544371712",
    "in_reply_to_screen_name": null,
    "in_reply_to_status_id": null,
    "in_reply_to_status_id_str": null,
    "in_reply_to_user_id": null,
    "in_reply_to_user_id_str": null,
    "is_quote_status": false,
    "lang": "en",
    "metadata": {
        "iso_language_code": "en",
        "result_type": "recent"
    },
    "place": null,
    "possibly_sensitive": false,
    "retweet_count": 2657,
    "retweeted": false,
    "retweeted_status": {
        "contributors": null,
        "coordinates": null,
        "created_at": "Thu Dec 13 02:36:18 +0000 2018",
        "entities": {
            "hashtags": [
                {
                    "indices": [
                        43,
                        49
                    ],
                    "text": "photo"
                }
            ],
            "media": [
                {
                    "display_url": "pic.twitter.com/qSl8Tvn3Uu",
                    "expanded_url": "https://twitter.com/_ahsanR/status/1073043908865769472/photo/1",
                    "id": 1073042947950690305,
                    "id_str": "1073042947950690305",
                    "indices": [
                        67,
                        90
                    ],
                    "media_url": "http://pbs.twimg.com/media/DuQ24D1WwAECwsD.jpg",
                    "media_url_https": "https://pbs.twimg.com/media/DuQ24D1WwAECwsD.jpg",
                    "sizes": {
                        "large": {
                            "h": 1350,
                            "resize": "fit",
                            "w": 1080
                        },
                        "medium": {
                            "h": 1200,
                            "resize": "fit",
                            "w": 960
                        },
                        "small": {
                            "h": 680,
                            "resize": "fit",
                            "w": 544
                        },
                        "thumb": {
                            "h": 150,
                            "resize": "crop",
                            "w": 150
                        }
                    },
                    "type": "photo",
                    "url": "https://t.co/qSl8Tvn3Uu"
                }
            ],
            "symbols": [],
            "urls": [],
            "user_mentions": []
        },
        "extended_entities": {
            "media": [
                {
                    "display_url": "pic.twitter.com/qSl8Tvn3Uu",
                    "expanded_url": "https://twitter.com/_ahsanR/status/1073043908865769472/photo/1",
                    "id": 1073042947950690305,
                    "id_str": "1073042947950690305",
                    "indices": [
                        67,
                        90
                    ],
                    "media_url": "http://pbs.twimg.com/media/DuQ24D1WwAECwsD.jpg",
                    "media_url_https": "https://pbs.twimg.com/media/DuQ24D1WwAECwsD.jpg",
                    "sizes": {
                        "large": {
                            "h": 1350,
                            "resize": "fit",
                            "w": 1080
                        },
                        "medium": {
                            "h": 1200,
                            "resize": "fit",
                            "w": 960
                        },
                        "small": {
                            "h": 680,
                            "resize": "fit",
                            "w": 544
                        },
                        "thumb": {
                            "h": 150,
                            "resize": "crop",
                            "w": 150
                        }
                    },
                    "type": "photo",
                    "url": "https://t.co/qSl8Tvn3Uu"
                }
            ]
        },
        "favorite_count": 1553,
        "favorited": false,
        "geo": null,
        "id": 1073043908865769472,
        "id_str": "1073043908865769472",
        "in_reply_to_screen_name": null,
        "in_reply_to_status_id": null,
        "in_reply_to_status_id_str": null,
        "in_reply_to_user_id": null,
        "in_reply_to_user_id_str": null,
        "is_quote_status": false,
        "lang": "en",
        "metadata": {
            "iso_language_code": "en",
            "result_type": "recent"
        },
        "place": null,
        "possibly_sensitive": false,
        "retweet_count": 2657,
        "retweeted": false,
        "source": "<a href=\"http://twitter.com\" rel=\"nofollow\">Twitter Web Client</a>",
        "text": "\u2764\ufe0f\ud83d\udc9a\ud83d\udc9dParthenon, Acropolis of Athens, Greece #photo  Altug Galip\u2764\ufe0f\ud83d\udc9a\ud83d\udc9d https://t.co/qSl8Tvn3Uu",
        "truncated": false,
        "user": {
            "contributors_enabled": false,
            "created_at": "Fri Sep 27 17:32:28 +0000 2013",
            "default_profile": true,
            "default_profile_image": false,
            "description": "",
            "entities": {
                "description": {
                    "urls": []
                }
            },
            "favourites_count": 127,
            "follow_request_sent": false,
            "followers_count": 11290,
            "following": false,
            "friends_count": 139,
            "geo_enabled": true,
            "has_extended_profile": false,
            "id": 1911811837,
            "id_str": "1911811837",
            "is_translation_enabled": false,
            "is_translator": false,
            "lang": "en-gb",
            "listed_count": 362,
            "location": "",
            "name": "Ahsan",
            "notifications": false,
            "profile_background_color": "C0DEED",
            "profile_background_image_url": "http://abs.twimg.com/images/themes/theme1/bg.png",
            "profile_background_image_url_https": "https://abs.twimg.com/images/themes/theme1/bg.png",
            "profile_background_tile": false,
            "profile_banner_url": "https://pbs.twimg.com/profile_banners/1911811837/1442666807",
            "profile_image_url": "http://pbs.twimg.com/profile_images/645496474067861504/wQiTDr2W_normal.jpg",
            "profile_image_url_https": "https://pbs.twimg.com/profile_images/645496474067861504/wQiTDr2W_normal.jpg",
            "profile_link_color": "1DA1F2",
            "profile_sidebar_border_color": "C0DEED",
            "profile_sidebar_fill_color": "DDEEF6",
            "profile_text_color": "333333",
            "profile_use_background_image": true,
            "protected": false,
            "screen_name": "_ahsanR",
            "statuses_count": 195261,
            "time_zone": null,
            "translator_type": "none",
            "url": null,
            "utc_offset": null,
            "verified": false
        }
    },
    "source": "<a href=\"https://mobile.twitter.com\" rel=\"nofollow\">Twitter Web App</a>",
    "text": "RT @_ahsanR: \u2764\ufe0f\ud83d\udc9a\ud83d\udc9dParthenon, Acropolis of Athens, Greece #photo  Altug Galip\u2764\ufe0f\ud83d\udc9a\ud83d\udc9d https://t.co/qSl8Tvn3Uu",
    "truncated": false,
    "user": {
        "contributors_enabled": false,
        "created_at": "Tue Sep 15 18:25:52 +0000 2015",
        "default_profile": false,
        "default_profile_image": false,
        "description": "\u0426\u0435\u043d\u0438 \u0442\u0435\u0437\u0438,\u043a\u043e\u0438\u0442\u043e \u043d\u0435 \u043c\u043e\u0433\u0430\u0442 \u0431\u0435\u0437 \u0442\u0435\u0431 \u0438 \u043d\u0435 \u043f\u0440\u0435\u0441\u043b\u0435\u0434\u0432\u0430\u0439 \u0442\u0435\u0437\u0438,\u043a\u043e\u0438\u0442\u043e \u0441\u0430 \u0449\u0430\u0441\u0442\u043b\u0438\u0432\u0438 \u0438 \u0431\u0435\u0437 \u0442\u0435\u0431...\u2661",
        "entities": {
            "description": {
                "urls": []
            }
        },
        "favourites_count": 226528,
        "follow_request_sent": false,
        "followers_count": 11586,
        "following": false,
        "friends_count": 1313,
        "geo_enabled": false,
        "has_extended_profile": true,
        "id": 3666534017,
        "id_str": "3666534017",
        "is_translation_enabled": false,
        "is_translator": false,
        "lang": "it",
        "listed_count": 128,
        "location": "Bulgaria",
        "name": "nevyana",
        "notifications": false,
        "profile_background_color": "000000",
        "profile_background_image_url": "http://abs.twimg.com/images/themes/theme1/bg.png",
        "profile_background_image_url_https": "https://abs.twimg.com/images/themes/theme1/bg.png",
        "profile_background_tile": false,
        "profile_banner_url": "https://pbs.twimg.com/profile_banners/3666534017/1557244585",
        "profile_image_url": "http://pbs.twimg.com/profile_images/1125789957224914944/C9fKD5rk_normal.png",
        "profile_image_url_https": "https://pbs.twimg.com/profile_images/1125789957224914944/C9fKD5rk_normal.png",
        "profile_link_color": "F58EA8",
        "profile_sidebar_border_color": "000000",
        "profile_sidebar_fill_color": "000000",
        "profile_text_color": "000000",
        "profile_use_background_image": false,
        "protected": false,
        "screen_name": "ntomova1",
        "statuses_count": 546305,
        "time_zone": null,
        "translator_type": "none",
        "url": null,
        "utc_offset": null,
        "verified": false
    }
}
