{
    "contributors": null,
    "coordinates": null,
    "created_at": "Sun Aug 18 10:45:55 +0000 2019",
    "entities": {
        "hashtags": [
            {
                "indices": [
                    41,
                    55
                ],
                "text": "GSLvstheWorld"
            }
        ],
        "symbols": [],
        "urls": [],
        "user_mentions": []
    },
    "favorite_count": 0,
    "favorited": false,
    "geo": null,
    "id": 1163039316429291520,
    "id_str": "1163039316429291520",
    "in_reply_to_screen_name": null,
    "in_reply_to_status_id": null,
    "in_reply_to_status_id_str": null,
    "in_reply_to_user_id": null,
    "in_reply_to_user_id_str": null,
    "is_quote_status": false,
    "lang": "en",
    "metadata": {
        "iso_language_code": "en",
        "result_type": "recent"
    },
    "place": null,
    "retweet_count": 0,
    "retweeted": false,
    "source": "<a href=\"https://about.twitter.com/products/tweetdeck\" rel=\"nofollow\">TweetDeck</a>",
    "text": "GG. Bold offensive nydus play by Elazer. #GSLvstheWorld 1-2 Serral. Next set will be on Acropolis LE.",
    "truncated": false,
    "user": {
        "contributors_enabled": false,
        "created_at": "Sun Jan 25 01:43:32 +0000 2015",
        "default_profile": false,
        "default_profile_image": false,
        "description": "Innominate. Applied hope.",
        "entities": {
            "description": {
                "urls": []
            }
        },
        "favourites_count": 25448,
        "follow_request_sent": false,
        "followers_count": 102,
        "following": false,
        "friends_count": 361,
        "geo_enabled": true,
        "has_extended_profile": true,
        "id": 2995219280,
        "id_str": "2995219280",
        "is_translation_enabled": false,
        "is_translator": false,
        "lang": null,
        "listed_count": 1,
        "location": "\ud835\udc0d\ud835\udc1e\ud835\udc1c\ud835\udc2b\ud835\udc28\ud835\udc29\ud835\udc28\ud835\udc25\ud835\udc22\ud835\udc2c",
        "name": "\ud835\ude78\ud835\ude97\ud835\ude97\ud835\ude8e\ud835\ude9b\ud835\ude9f\ud835\ude8a\ud835\ude9d\ud835\ude8e\ud83d\udcad",
        "notifications": false,
        "profile_background_color": "000000",
        "profile_background_image_url": "http://abs.twimg.com/images/themes/theme1/bg.png",
        "profile_background_image_url_https": "https://abs.twimg.com/images/themes/theme1/bg.png",
        "profile_background_tile": false,
        "profile_banner_url": "https://pbs.twimg.com/profile_banners/2995219280/1565623646",
        "profile_image_url": "http://pbs.twimg.com/profile_images/1114006582361092096/UZZGZdPZ_normal.jpg",
        "profile_image_url_https": "https://pbs.twimg.com/profile_images/1114006582361092096/UZZGZdPZ_normal.jpg",
        "profile_link_color": "000000",
        "profile_sidebar_border_color": "000000",
        "profile_sidebar_fill_color": "000000",
        "profile_text_color": "000000",
        "profile_use_background_image": false,
        "protected": false,
        "screen_name": "Neurodoc12",
        "statuses_count": 14005,
        "time_zone": null,
        "translator_type": "none",
        "url": null,
        "utc_offset": null,
        "verified": false
    }
}
