{
    "contributors": null,
    "coordinates": null,
    "created_at": "Mon Jul 01 13:54:10 +0000 2019",
    "entities": {
        "hashtags": [
            {
                "indices": [
                    11,
                    16
                ],
                "text": "July"
            },
            {
                "indices": [
                    45,
                    55
                ],
                "text": "goodmonth"
            },
            {
                "indices": [
                    56,
                    65
                ],
                "text": "\u039a\u03b1\u03bb\u03bf\u03bc\u03b7\u03bd\u03b1"
            },
            {
                "indices": [
                    66,
                    74
                ],
                "text": "\u0399\u03bf\u03cd\u03bb\u03b9\u03bf\u03c2"
            },
            {
                "indices": [
                    75,
                    85
                ],
                "text": "\u03ba\u03b1\u03bb\u03bf\u03ba\u03b1\u03b9\u03c1\u03b9"
            },
            {
                "indices": [
                    86,
                    95
                ],
                "text": "summer19"
            },
            {
                "indices": [
                    96,
                    114
                ],
                "text": "letsmakeitthebest"
            }
        ],
        "symbols": [],
        "urls": [
            {
                "display_url": "twitter.com/i/web/status/1\u2026",
                "expanded_url": "https://twitter.com/i/web/status/1145692073686970368",
                "indices": [
                    116,
                    139
                ],
                "url": "https://t.co/i6mPRGo8Eb"
            }
        ],
        "user_mentions": []
    },
    "favorite_count": 0,
    "favorited": false,
    "geo": null,
    "id": 1145692073686970368,
    "id_str": "1145692073686970368",
    "in_reply_to_screen_name": null,
    "in_reply_to_status_id": null,
    "in_reply_to_status_id_str": null,
    "in_reply_to_user_id": null,
    "in_reply_to_user_id_str": null,
    "is_quote_status": false,
    "lang": "en",
    "metadata": {
        "iso_language_code": "en",
        "result_type": "recent"
    },
    "place": {
        "attributes": {},
        "bounding_box": {
            "coordinates": [
                [
                    [
                        22.8905274,
                        35.8224754
                    ],
                    [
                        24.1165237,
                        35.8224754
                    ],
                    [
                        24.1165237,
                        38.3409863
                    ],
                    [
                        22.8905274,
                        38.3409863
                    ]
                ]
            ],
            "type": "Polygon"
        },
        "contained_within": [],
        "country": "Hellas",
        "country_code": "GR",
        "full_name": "Attiki, Greece",
        "id": "00279a5763b04e35",
        "name": "Attiki",
        "place_type": "admin",
        "url": "https://api.twitter.com/1.1/geo/id/00279a5763b04e35.json"
    },
    "possibly_sensitive": false,
    "retweet_count": 0,
    "retweeted": false,
    "source": "<a href=\"http://twitter.com/download/android\" rel=\"nofollow\">Twitter for Android</a>",
    "text": "Sea you in #July taken by my favorite song \ud83d\ude09 #goodmonth #\u039a\u03b1\u03bb\u03bf\u03bc\u03b7\u03bd\u03b1 #\u0399\u03bf\u03cd\u03bb\u03b9\u03bf\u03c2 #\u03ba\u03b1\u03bb\u03bf\u03ba\u03b1\u03b9\u03c1\u03b9 #summer19 #letsmakeitthebest\u2026 https://t.co/i6mPRGo8Eb",
    "truncated": true,
    "user": {
        "contributors_enabled": false,
        "created_at": "Tue Apr 17 10:41:26 +0000 2012",
        "default_profile": false,
        "default_profile_image": false,
        "description": "Profesional Jewelry designer since 1999*Fashion designer*Jazz Music Studies*Sailing Athlete*Interesting in sea enviroment*Visit my site*Follow my socials",
        "entities": {
            "description": {
                "urls": []
            },
            "url": {
                "urls": [
                    {
                        "display_url": "alicestar.gr",
                        "expanded_url": "http://www.alicestar.gr",
                        "indices": [
                            0,
                            23
                        ],
                        "url": "https://t.co/VbodLFkToS"
                    }
                ]
            }
        },
        "favourites_count": 823,
        "follow_request_sent": false,
        "followers_count": 180,
        "following": false,
        "friends_count": 299,
        "geo_enabled": true,
        "has_extended_profile": true,
        "id": 555862523,
        "id_str": "555862523",
        "is_translation_enabled": false,
        "is_translator": false,
        "lang": "el",
        "listed_count": 51,
        "location": "Athens,Greece",
        "name": "Alicestar Jewelry",
        "notifications": false,
        "profile_background_color": "3DD7EB",
        "profile_background_image_url": "http://abs.twimg.com/images/themes/theme1/bg.png",
        "profile_background_image_url_https": "https://abs.twimg.com/images/themes/theme1/bg.png",
        "profile_background_tile": true,
        "profile_banner_url": "https://pbs.twimg.com/profile_banners/555862523/1453055854",
        "profile_image_url": "http://pbs.twimg.com/profile_images/708013160591171584/kUu6uGyY_normal.jpg",
        "profile_image_url_https": "https://pbs.twimg.com/profile_images/708013160591171584/kUu6uGyY_normal.jpg",
        "profile_link_color": "89C9FA",
        "profile_sidebar_border_color": "FFFFFF",
        "profile_sidebar_fill_color": "DDEEF6",
        "profile_text_color": "333333",
        "profile_use_background_image": true,
        "protected": false,
        "screen_name": "PaloulianAlice",
        "statuses_count": 1766,
        "time_zone": null,
        "translator_type": "none",
        "url": "https://t.co/VbodLFkToS",
        "utc_offset": null,
        "verified": false
    }
}
