{
    "contributors": null,
    "coordinates": {
        "coordinates": [
            23.72225,
            37.90736
        ],
        "type": "Point"
    },
    "created_at": "Mon Jul 01 14:23:44 +0000 2019",
    "entities": {
        "hashtags": [
            {
                "indices": [
                    0,
                    8
                ],
                "text": "yoga_gr"
            },
            {
                "indices": [
                    9,
                    25
                ],
                "text": "yogawithgeorgia"
            },
            {
                "indices": [
                    26,
                    36
                ],
                "text": "yogathens"
            },
            {
                "indices": [
                    37,
                    42
                ],
                "text": "yoga"
            },
            {
                "indices": [
                    43,
                    59
                ],
                "text": "yogainspiration"
            },
            {
                "indices": [
                    60,
                    75
                ],
                "text": "yogainstructor"
            },
            {
                "indices": [
                    77,
                    86
                ],
                "text": "yogatime"
            },
            {
                "indices": [
                    88,
                    100
                ],
                "text": "yogateacher"
            },
            {
                "indices": [
                    101,
                    111
                ],
                "text": "yogaposes"
            }
        ],
        "symbols": [],
        "urls": [
            {
                "display_url": "twitter.com/i/web/status/1\u2026",
                "expanded_url": "https://twitter.com/i/web/status/1145699512423452673",
                "indices": [
                    113,
                    136
                ],
                "url": "https://t.co/mwsjv8ifmt"
            }
        ],
        "user_mentions": []
    },
    "favorite_count": 0,
    "favorited": false,
    "geo": {
        "coordinates": [
            37.90736,
            23.72225
        ],
        "type": "Point"
    },
    "id": 1145699512423452673,
    "id_str": "1145699512423452673",
    "in_reply_to_screen_name": null,
    "in_reply_to_status_id": null,
    "in_reply_to_status_id_str": null,
    "in_reply_to_user_id": null,
    "in_reply_to_user_id_str": null,
    "is_quote_status": false,
    "lang": "en",
    "metadata": {
        "iso_language_code": "en",
        "result_type": "recent"
    },
    "place": {
        "attributes": {},
        "bounding_box": {
            "coordinates": [
                [
                    [
                        22.8905274,
                        35.8224754
                    ],
                    [
                        24.1165237,
                        35.8224754
                    ],
                    [
                        24.1165237,
                        38.3409863
                    ],
                    [
                        22.8905274,
                        38.3409863
                    ]
                ]
            ],
            "type": "Polygon"
        },
        "contained_within": [],
        "country": "Hellas",
        "country_code": "GR",
        "full_name": "Attiki, Greece",
        "id": "00279a5763b04e35",
        "name": "Attiki",
        "place_type": "admin",
        "url": "https://api.twitter.com/1.1/geo/id/00279a5763b04e35.json"
    },
    "possibly_sensitive": false,
    "retweet_count": 0,
    "retweeted": false,
    "source": "<a href=\"http://instagram.com\" rel=\"nofollow\">Instagram</a>",
    "text": "#yoga_gr #yogawithgeorgia #yogathens #yoga #yogainspiration #yogainstructor  #yogatime  #yogateacher #yogaposes\u2026 https://t.co/mwsjv8ifmt",
    "truncated": true,
    "user": {
        "contributors_enabled": false,
        "created_at": "Fri Feb 12 15:14:06 +0000 2016",
        "default_profile": false,
        "default_profile_image": false,
        "description": "Yoga Teacher! Aikido shinwa & Aikido tenshi",
        "entities": {
            "description": {
                "urls": []
            },
            "url": {
                "urls": [
                    {
                        "display_url": "facebook.com/profile.php?id\u2026",
                        "expanded_url": "https://www.facebook.com/profile.php?id=100010871354810",
                        "indices": [
                            0,
                            23
                        ],
                        "url": "https://t.co/pNIp9FxY8y"
                    }
                ]
            }
        },
        "favourites_count": 2051,
        "follow_request_sent": false,
        "followers_count": 135,
        "following": false,
        "friends_count": 120,
        "geo_enabled": true,
        "has_extended_profile": true,
        "id": 4901655922,
        "id_str": "4901655922",
        "is_translation_enabled": false,
        "is_translator": false,
        "lang": "el",
        "listed_count": 21,
        "location": "\u0391\u03c4\u03c4\u03b9\u03ba\u03ae, \u0395\u03bb\u03bb\u03ac\u03c2",
        "name": "Georgia Kitsanta",
        "notifications": false,
        "profile_background_color": "000000",
        "profile_background_image_url": "http://abs.twimg.com/images/themes/theme1/bg.png",
        "profile_background_image_url_https": "https://abs.twimg.com/images/themes/theme1/bg.png",
        "profile_background_tile": false,
        "profile_banner_url": "https://pbs.twimg.com/profile_banners/4901655922/1542709578",
        "profile_image_url": "http://pbs.twimg.com/profile_images/698163709001265157/ETbkYLRh_normal.jpg",
        "profile_image_url_https": "https://pbs.twimg.com/profile_images/698163709001265157/ETbkYLRh_normal.jpg",
        "profile_link_color": "19CF86",
        "profile_sidebar_border_color": "000000",
        "profile_sidebar_fill_color": "000000",
        "profile_text_color": "000000",
        "profile_use_background_image": false,
        "protected": false,
        "screen_name": "YogaGrGeorgia",
        "statuses_count": 1665,
        "time_zone": null,
        "translator_type": "none",
        "url": "https://t.co/pNIp9FxY8y",
        "utc_offset": null,
        "verified": false
    }
}
