{
    "contributors": null,
    "coordinates": null,
    "created_at": "Mon Aug 26 16:54:50 +0000 2019",
    "entities": {
        "hashtags": [
            {
                "indices": [
                    0,
                    7
                ],
                "text": "Greece"
            },
            {
                "indices": [
                    9,
                    16
                ],
                "text": "Athens"
            }
        ],
        "symbols": [],
        "urls": [
            {
                "display_url": "theguardian.com/world/2019/aug\u2026",
                "expanded_url": "https://www.theguardian.com/world/2019/aug/26/greece-police-raid-athens-squats-exarcheia-arrest-migrants-agency-reports?CMP=share_btn_tw",
                "indices": [
                    63,
                    86
                ],
                "url": "https://t.co/a3y29n9y1q"
            }
        ],
        "user_mentions": []
    },
    "favorite_count": 0,
    "favorited": false,
    "geo": null,
    "id": 1166031256984989698,
    "id_str": "1166031256984989698",
    "in_reply_to_screen_name": null,
    "in_reply_to_status_id": null,
    "in_reply_to_status_id_str": null,
    "in_reply_to_user_id": null,
    "in_reply_to_user_id_str": null,
    "is_quote_status": false,
    "lang": "en",
    "metadata": {
        "iso_language_code": "en",
        "result_type": "recent"
    },
    "place": null,
    "possibly_sensitive": false,
    "retweet_count": 0,
    "retweeted": false,
    "source": "<a href=\"http://twitter.com\" rel=\"nofollow\">Twitter Web Client</a>",
    "text": "#Greece: #Athens cops arrest 100+ migrants in raids on squats \nhttps://t.co/a3y29n9y1q",
    "truncated": false,
    "user": {
        "contributors_enabled": false,
        "created_at": "Tue May 18 20:36:20 +0000 2010",
        "default_profile": false,
        "default_profile_image": false,
        "description": "Exploring global, national & Texas news via legit links chosen by ex journo, vet adman, Brasil nut & fmr Cuba yuma.",
        "entities": {
            "description": {
                "urls": []
            }
        },
        "favourites_count": 12735,
        "follow_request_sent": false,
        "followers_count": 614,
        "following": false,
        "friends_count": 122,
        "geo_enabled": true,
        "has_extended_profile": false,
        "id": 145373186,
        "id_str": "145373186",
        "is_translation_enabled": false,
        "is_translator": false,
        "lang": null,
        "listed_count": 190,
        "location": "Austin, Texas",
        "name": "Hyper Observer",
        "notifications": false,
        "profile_background_color": "ACDED6",
        "profile_background_image_url": "http://abs.twimg.com/images/themes/theme18/bg.gif",
        "profile_background_image_url_https": "https://abs.twimg.com/images/themes/theme18/bg.gif",
        "profile_background_tile": false,
        "profile_banner_url": "https://pbs.twimg.com/profile_banners/145373186/1395603444",
        "profile_image_url": "http://pbs.twimg.com/profile_images/378800000568370719/66506e8895aa602c7774910faabfe518_normal.jpeg",
        "profile_image_url_https": "https://pbs.twimg.com/profile_images/378800000568370719/66506e8895aa602c7774910faabfe518_normal.jpeg",
        "profile_link_color": "038543",
        "profile_sidebar_border_color": "EEEEEE",
        "profile_sidebar_fill_color": "F6F6F6",
        "profile_text_color": "333333",
        "profile_use_background_image": true,
        "protected": false,
        "screen_name": "HyperObserver",
        "statuses_count": 67260,
        "time_zone": null,
        "translator_type": "none",
        "url": null,
        "utc_offset": null,
        "verified": false
    }
}
