{
    "contributors": null,
    "coordinates": {
        "coordinates": [
            23.72461721,
            37.97662402
        ],
        "type": "Point"
    },
    "created_at": "Sun Apr 28 16:13:32 +0000 2019",
    "entities": {
        "hashtags": [],
        "symbols": [],
        "urls": [
            {
                "display_url": "swarmapp.com/c/bJMrv1GWOFA",
                "expanded_url": "https://www.swarmapp.com/c/bJMrv1GWOFA",
                "indices": [
                    45,
                    68
                ],
                "url": "https://t.co/PeEqvV0Kdj"
            }
        ],
        "user_mentions": []
    },
    "favorite_count": 0,
    "favorited": false,
    "geo": {
        "coordinates": [
            37.97662402,
            23.72461721
        ],
        "type": "Point"
    },
    "id": 1122534320512565249,
    "id_str": "1122534320512565249",
    "in_reply_to_screen_name": null,
    "in_reply_to_status_id": null,
    "in_reply_to_status_id_str": null,
    "in_reply_to_user_id": null,
    "in_reply_to_user_id_str": null,
    "is_quote_status": false,
    "lang": "en",
    "metadata": {
        "iso_language_code": "en",
        "result_type": "recent"
    },
    "place": {
        "attributes": {},
        "bounding_box": {
            "coordinates": [
                [
                    [
                        22.8905274,
                        35.8224754
                    ],
                    [
                        24.1165237,
                        35.8224754
                    ],
                    [
                        24.1165237,
                        38.3409863
                    ],
                    [
                        22.8905274,
                        38.3409863
                    ]
                ]
            ],
            "type": "Polygon"
        },
        "contained_within": [],
        "country": "Greece",
        "country_code": "GR",
        "full_name": "Attiki, Greece",
        "id": "00279a5763b04e35",
        "name": "Attica",
        "place_type": "admin",
        "url": "https://api.twitter.com/1.1/geo/id/00279a5763b04e35.json"
    },
    "possibly_sensitive": false,
    "retweet_count": 0,
    "retweeted": false,
    "source": "<a href=\"http://foursquare.com\" rel=\"nofollow\">Foursquare</a>",
    "text": "I'm at Couleur Locale in Athens, Monastiraki https://t.co/PeEqvV0Kdj",
    "truncated": false,
    "user": {
        "contributors_enabled": false,
        "created_at": "Wed Mar 18 14:12:56 +0000 2009",
        "default_profile": false,
        "default_profile_image": false,
        "description": "\u2648\ufe0f \u03bc\u03b5 \u03c9\u03c1\u03bf\u03c3\u03ba\u03bf\u03c0\u03bf \u264a\ufe0f...",
        "entities": {
            "description": {
                "urls": []
            },
            "url": {
                "urls": [
                    {
                        "display_url": "facebook.com/profile.php?id\u2026",
                        "expanded_url": "http://www.facebook.com/profile.php?id=100000851381014",
                        "indices": [
                            0,
                            23
                        ],
                        "url": "https://t.co/B8k3L2hTT8"
                    }
                ]
            }
        },
        "favourites_count": 106794,
        "follow_request_sent": false,
        "followers_count": 6646,
        "following": false,
        "friends_count": 807,
        "geo_enabled": true,
        "has_extended_profile": true,
        "id": 25077885,
        "id_str": "25077885",
        "is_translation_enabled": false,
        "is_translator": false,
        "lang": "en",
        "listed_count": 72,
        "location": "Attiki, Greece",
        "name": "\ud83c\udf26\ud83c\udf26\u0392\u03c1\u03bf\u03c7\u03cc\u03c0\u03b1\u03b9\u03b4\u03bf \u26c8\u26c8",
        "notifications": false,
        "profile_background_color": "1A1B1F",
        "profile_background_image_url": "http://abs.twimg.com/images/themes/theme9/bg.gif",
        "profile_background_image_url_https": "https://abs.twimg.com/images/themes/theme9/bg.gif",
        "profile_background_tile": true,
        "profile_banner_url": "https://pbs.twimg.com/profile_banners/25077885/1552571103",
        "profile_image_url": "http://pbs.twimg.com/profile_images/1112296894829613061/76iNIYW5_normal.jpg",
        "profile_image_url_https": "https://pbs.twimg.com/profile_images/1112296894829613061/76iNIYW5_normal.jpg",
        "profile_link_color": "4DD43B",
        "profile_sidebar_border_color": "000000",
        "profile_sidebar_fill_color": "252429",
        "profile_text_color": "2FC2EF",
        "profile_use_background_image": true,
        "protected": false,
        "screen_name": "renakoc",
        "statuses_count": 189742,
        "time_zone": null,
        "translator_type": "none",
        "url": "https://t.co/B8k3L2hTT8",
        "utc_offset": null,
        "verified": false
    }
}
