{
    "contributors": null,
    "coordinates": {
        "coordinates": [
            23.7321,
            37.9861
        ],
        "type": "Point"
    },
    "created_at": "Sun Apr 28 05:36:34 +0000 2019",
    "entities": {
        "hashtags": [
            {
                "indices": [
                    6,
                    13
                ],
                "text": "atenas"
            },
            {
                "indices": [
                    14,
                    21
                ],
                "text": "grecia"
            },
            {
                "indices": [
                    22,
                    30
                ],
                "text": "peruana"
            },
            {
                "indices": [
                    31,
                    37
                ],
                "text": "viaje"
            },
            {
                "indices": [
                    38,
                    45
                ],
                "text": "athens"
            },
            {
                "indices": [
                    46,
                    53
                ],
                "text": "travel"
            },
            {
                "indices": [
                    54,
                    61
                ],
                "text": "greece"
            },
            {
                "indices": [
                    62,
                    67
                ],
                "text": "trip"
            },
            {
                "indices": [
                    68,
                    78
                ],
                "text": "areopagus"
            },
            {
                "indices": [
                    79,
                    89
                ],
                "text": "monuments"
            },
            {
                "indices": [
                    90,
                    98
                ],
                "text": "museums"
            },
            {
                "indices": [
                    99,
                    109
                ],
                "text": "parthenon"
            },
            {
                "indices": [
                    110,
                    114
                ],
                "text": "day"
            }
        ],
        "symbols": [],
        "urls": [
            {
                "display_url": "twitter.com/i/web/status/1\u2026",
                "expanded_url": "https://twitter.com/i/web/status/1122374023009034240",
                "indices": [
                    116,
                    139
                ],
                "url": "https://t.co/zVAWNvlPQ7"
            }
        ],
        "user_mentions": []
    },
    "favorite_count": 0,
    "favorited": false,
    "geo": {
        "coordinates": [
            37.9861,
            23.7321
        ],
        "type": "Point"
    },
    "id": 1122374023009034240,
    "id_str": "1122374023009034240",
    "in_reply_to_screen_name": null,
    "in_reply_to_status_id": null,
    "in_reply_to_status_id_str": null,
    "in_reply_to_user_id": null,
    "in_reply_to_user_id_str": null,
    "is_quote_status": false,
    "lang": "en",
    "metadata": {
        "iso_language_code": "en",
        "result_type": "recent"
    },
    "place": {
        "attributes": {},
        "bounding_box": {
            "coordinates": [
                [
                    [
                        22.8905274,
                        35.8224754
                    ],
                    [
                        24.1165237,
                        35.8224754
                    ],
                    [
                        24.1165237,
                        38.3409863
                    ],
                    [
                        22.8905274,
                        38.3409863
                    ]
                ]
            ],
            "type": "Polygon"
        },
        "contained_within": [],
        "country": "Greece",
        "country_code": "GR",
        "full_name": "Attiki, Greece",
        "id": "00279a5763b04e35",
        "name": "Attica",
        "place_type": "admin",
        "url": "https://api.twitter.com/1.1/geo/id/00279a5763b04e35.json"
    },
    "possibly_sensitive": false,
    "retweet_count": 0,
    "retweeted": false,
    "source": "<a href=\"http://instagram.com\" rel=\"nofollow\">Instagram</a>",
    "text": "\ud83c\uddec\ud83c\uddf7\ud83d\udc99\ud83c\udf2c\ufe0f\n#atenas #grecia #peruana #viaje #athens #travel #greece #trip #areopagus #monuments #museums #parthenon #day\u2026 https://t.co/zVAWNvlPQ7",
    "truncated": true,
    "user": {
        "contributors_enabled": false,
        "created_at": "Sun May 31 23:43:08 +0000 2009",
        "default_profile": false,
        "default_profile_image": false,
        "description": "",
        "entities": {
            "description": {
                "urls": []
            }
        },
        "favourites_count": 60,
        "follow_request_sent": false,
        "followers_count": 119,
        "following": false,
        "friends_count": 543,
        "geo_enabled": true,
        "has_extended_profile": true,
        "id": 43781566,
        "id_str": "43781566",
        "is_translation_enabled": false,
        "is_translator": false,
        "lang": "es",
        "listed_count": 9,
        "location": "PER\u00da / PIURA",
        "name": "Mayra Zegarra Villa",
        "notifications": false,
        "profile_background_color": "FF6699",
        "profile_background_image_url": "http://abs.twimg.com/images/themes/theme11/bg.gif",
        "profile_background_image_url_https": "https://abs.twimg.com/images/themes/theme11/bg.gif",
        "profile_background_tile": true,
        "profile_banner_url": "https://pbs.twimg.com/profile_banners/43781566/1502292279",
        "profile_image_url": "http://pbs.twimg.com/profile_images/1011110781994323969/i_iiXJEy_normal.jpg",
        "profile_image_url_https": "https://pbs.twimg.com/profile_images/1011110781994323969/i_iiXJEy_normal.jpg",
        "profile_link_color": "B40B43",
        "profile_sidebar_border_color": "FFFFFF",
        "profile_sidebar_fill_color": "E5507E",
        "profile_text_color": "362720",
        "profile_use_background_image": true,
        "protected": false,
        "screen_name": "mailix",
        "statuses_count": 4859,
        "time_zone": null,
        "translator_type": "none",
        "url": null,
        "utc_offset": null,
        "verified": false
    }
}
