{
    "contributors": null,
    "coordinates": null,
    "created_at": "Fri Jul 05 10:23:09 +0000 2019",
    "entities": {
        "hashtags": [
            {
                "indices": [
                    65,
                    75
                ],
                "text": "Acropolis"
            }
        ],
        "symbols": [],
        "urls": [],
        "user_mentions": [
            {
                "id": 3306428037,
                "id_str": "3306428037",
                "indices": [
                    3,
                    14
                ],
                "name": "MediaGovGr",
                "screen_name": "MediaGovGr"
            }
        ]
    },
    "favorite_count": 0,
    "favorited": false,
    "geo": null,
    "id": 1147088520005246976,
    "id_str": "1147088520005246976",
    "in_reply_to_screen_name": null,
    "in_reply_to_status_id": null,
    "in_reply_to_status_id_str": null,
    "in_reply_to_user_id": null,
    "in_reply_to_user_id_str": null,
    "is_quote_status": false,
    "lang": "en",
    "metadata": {
        "iso_language_code": "en",
        "result_type": "recent"
    },
    "place": null,
    "retweet_count": 6,
    "retweeted": false,
    "retweeted_status": {
        "contributors": null,
        "coordinates": null,
        "created_at": "Fri Jul 05 09:30:22 +0000 2019",
        "entities": {
            "hashtags": [
                {
                    "indices": [
                        49,
                        59
                    ],
                    "text": "Acropolis"
                }
            ],
            "symbols": [],
            "urls": [
                {
                    "display_url": "twitter.com/i/web/status/1\u2026",
                    "expanded_url": "https://twitter.com/i/web/status/1147075235272962048",
                    "indices": [
                        117,
                        140
                    ],
                    "url": "https://t.co/gFIcKYjlWX"
                }
            ],
            "user_mentions": []
        },
        "favorite_count": 6,
        "favorited": false,
        "geo": null,
        "id": 1147075235272962048,
        "id_str": "1147075235272962048",
        "in_reply_to_screen_name": null,
        "in_reply_to_status_id": null,
        "in_reply_to_status_id_str": null,
        "in_reply_to_user_id": null,
        "in_reply_to_user_id_str": null,
        "is_quote_status": false,
        "lang": "en",
        "metadata": {
            "iso_language_code": "en",
            "result_type": "recent"
        },
        "place": null,
        "possibly_sensitive": false,
        "retweet_count": 6,
        "retweeted": false,
        "source": "<a href=\"http://twitter.com\" rel=\"nofollow\">Twitter Web Client</a>",
        "text": "\"Walking in the ancient neigbourhood beneath the #Acropolis Museum\" \n\n\ud83d\udcdcJuly 9 - 29 Sept. 29, 2019: take a walk thro\u2026 https://t.co/gFIcKYjlWX",
        "truncated": true,
        "user": {
            "contributors_enabled": false,
            "created_at": "Tue Jun 02 10:02:00 +0000 2015",
            "default_profile": false,
            "default_profile_image": false,
            "description": "Official account of the Greek Secretariat General for Media & Communication of @MinDigitalGr. News,articles,interviews & features on Greece in the int'l Media.",
            "entities": {
                "description": {
                    "urls": []
                },
                "url": {
                    "urls": [
                        {
                            "display_url": "media.gov.gr",
                            "expanded_url": "http://media.gov.gr/",
                            "indices": [
                                0,
                                22
                            ],
                            "url": "http://t.co/XRrKNgEFR3"
                        }
                    ]
                }
            },
            "favourites_count": 1795,
            "follow_request_sent": false,
            "followers_count": 4713,
            "following": false,
            "friends_count": 758,
            "geo_enabled": true,
            "has_extended_profile": false,
            "id": 3306428037,
            "id_str": "3306428037",
            "is_translation_enabled": false,
            "is_translator": false,
            "lang": null,
            "listed_count": 219,
            "location": "",
            "name": "MediaGovGr",
            "notifications": false,
            "profile_background_color": "C0DEED",
            "profile_background_image_url": "http://abs.twimg.com/images/themes/theme1/bg.png",
            "profile_background_image_url_https": "https://abs.twimg.com/images/themes/theme1/bg.png",
            "profile_background_tile": false,
            "profile_banner_url": "https://pbs.twimg.com/profile_banners/3306428037/1483093003",
            "profile_image_url": "http://pbs.twimg.com/profile_images/767660150295556096/urpQKHdW_normal.jpg",
            "profile_image_url_https": "https://pbs.twimg.com/profile_images/767660150295556096/urpQKHdW_normal.jpg",
            "profile_link_color": "0084B4",
            "profile_sidebar_border_color": "000000",
            "profile_sidebar_fill_color": "000000",
            "profile_text_color": "000000",
            "profile_use_background_image": false,
            "protected": false,
            "screen_name": "MediaGovGr",
            "statuses_count": 7678,
            "time_zone": null,
            "translator_type": "none",
            "url": "http://t.co/XRrKNgEFR3",
            "utc_offset": null,
            "verified": true
        }
    },
    "source": "<a href=\"https://mobile.twitter.com\" rel=\"nofollow\">Twitter Web App</a>",
    "text": "RT @MediaGovGr: \"Walking in the ancient neigbourhood beneath the #Acropolis Museum\" \n\n\ud83d\udcdcJuly 9 - 29 Sept. 29, 2019: take a walk through time\u2026",
    "truncated": false,
    "user": {
        "contributors_enabled": false,
        "created_at": "Wed Jan 15 15:54:11 +0000 2014",
        "default_profile": true,
        "default_profile_image": false,
        "description": "This is the Official Twitter Account of the Greek Embassy in Austria. This account is managed by the Press and Communication Office.",
        "entities": {
            "description": {
                "urls": []
            },
            "url": {
                "urls": [
                    {
                        "display_url": "mfa.gr/missionsabroad\u2026",
                        "expanded_url": "http://www.mfa.gr/missionsabroad/de/austria-de",
                        "indices": [
                            0,
                            22
                        ],
                        "url": "http://t.co/o0jJqjpGRa"
                    }
                ]
            }
        },
        "favourites_count": 1254,
        "follow_request_sent": false,
        "followers_count": 1400,
        "following": false,
        "friends_count": 235,
        "geo_enabled": false,
        "has_extended_profile": false,
        "id": 2292915133,
        "id_str": "2292915133",
        "is_translation_enabled": false,
        "is_translator": false,
        "lang": null,
        "listed_count": 79,
        "location": "Vienna",
        "name": "Greece In Austria",
        "notifications": false,
        "profile_background_color": "C0DEED",
        "profile_background_image_url": "http://abs.twimg.com/images/themes/theme1/bg.png",
        "profile_background_image_url_https": "https://abs.twimg.com/images/themes/theme1/bg.png",
        "profile_background_tile": false,
        "profile_banner_url": "https://pbs.twimg.com/profile_banners/2292915133/1389801926",
        "profile_image_url": "http://pbs.twimg.com/profile_images/423485825343430656/1iPercV0_normal.png",
        "profile_image_url_https": "https://pbs.twimg.com/profile_images/423485825343430656/1iPercV0_normal.png",
        "profile_link_color": "1DA1F2",
        "profile_sidebar_border_color": "C0DEED",
        "profile_sidebar_fill_color": "DDEEF6",
        "profile_text_color": "333333",
        "profile_use_background_image": true,
        "protected": false,
        "screen_name": "GreeceInAustria",
        "statuses_count": 13021,
        "time_zone": null,
        "translator_type": "none",
        "url": "http://t.co/o0jJqjpGRa",
        "utc_offset": null,
        "verified": false
    }
}
