{
    "contributors": null,
    "coordinates": null,
    "created_at": "Sun Jun 30 14:49:02 +0000 2019",
    "entities": {
        "hashtags": [
            {
                "indices": [
                    119,
                    126
                ],
                "text": "Athens"
            },
            {
                "indices": [
                    133,
                    139
                ],
                "text": "Korfu"
            }
        ],
        "symbols": [],
        "urls": [],
        "user_mentions": [
            {
                "id": 586291040,
                "id_str": "586291040",
                "indices": [
                    3,
                    19
                ],
                "name": "Auschwitz Memorial",
                "screen_name": "AuschwitzMuseum"
            }
        ]
    },
    "favorite_count": 0,
    "favorited": false,
    "geo": null,
    "id": 1145343490701897731,
    "id_str": "1145343490701897731",
    "in_reply_to_screen_name": null,
    "in_reply_to_status_id": null,
    "in_reply_to_status_id_str": null,
    "in_reply_to_user_id": null,
    "in_reply_to_user_id_str": null,
    "is_quote_status": false,
    "lang": "en",
    "metadata": {
        "iso_language_code": "en",
        "result_type": "recent"
    },
    "place": null,
    "retweet_count": 117,
    "retweeted": false,
    "retweeted_status": {
        "contributors": null,
        "coordinates": null,
        "created_at": "Sun Jun 30 14:01:06 +0000 2019",
        "entities": {
            "hashtags": [
                {
                    "indices": [
                        98,
                        105
                    ],
                    "text": "Athens"
                },
                {
                    "indices": [
                        112,
                        118
                    ],
                    "text": "Korfu"
                }
            ],
            "symbols": [],
            "urls": [
                {
                    "display_url": "twitter.com/i/web/status/1\u2026",
                    "expanded_url": "https://twitter.com/i/web/status/1145331428332318720",
                    "indices": [
                        125,
                        148
                    ],
                    "url": "https://t.co/HVVqnkUfTb"
                }
            ],
            "user_mentions": []
        },
        "favorite_count": 168,
        "favorited": false,
        "geo": null,
        "id": 1145331428332318720,
        "id_str": "1145331428332318720",
        "in_reply_to_screen_name": null,
        "in_reply_to_status_id": null,
        "in_reply_to_status_id_str": null,
        "in_reply_to_user_id": null,
        "in_reply_to_user_id_str": null,
        "is_quote_status": false,
        "lang": "en",
        "metadata": {
            "iso_language_code": "en",
            "result_type": "recent"
        },
        "place": null,
        "retweet_count": 117,
        "retweeted": false,
        "source": "<a href=\"http://twitter.com\" rel=\"nofollow\">Twitter Web Client</a>",
        "text": "30 June 1944 | A transport of 2,044 Jews - men, women &amp; children deported by the Germans from #Athens &amp; #Korfu Isla\u2026 https://t.co/HVVqnkUfTb",
        "truncated": true,
        "user": {
            "contributors_enabled": false,
            "created_at": "Mon May 21 06:04:31 +0000 2012",
            "default_profile": false,
            "default_profile_image": false,
            "description": "Official account. The Memorial preserves the site of the former German Nazi Auschwitz concentration and extermination camp. You can help https://t.co/j6IljJa4vT",
            "entities": {
                "description": {
                    "urls": [
                        {
                            "display_url": "donate.auschwitz.org",
                            "expanded_url": "http://donate.auschwitz.org",
                            "indices": [
                                137,
                                160
                            ],
                            "url": "https://t.co/j6IljJa4vT"
                        }
                    ]
                },
                "url": {
                    "urls": [
                        {
                            "display_url": "auschwitz.org",
                            "expanded_url": "http://www.auschwitz.org",
                            "indices": [
                                0,
                                22
                            ],
                            "url": "http://t.co/0g3OYW2Qyu"
                        }
                    ]
                }
            },
            "favourites_count": 33288,
            "follow_request_sent": false,
            "followers_count": 335264,
            "following": false,
            "friends_count": 1754,
            "geo_enabled": false,
            "has_extended_profile": false,
            "id": 586291040,
            "id_str": "586291040",
            "is_translation_enabled": false,
            "is_translator": false,
            "lang": "en",
            "listed_count": 1290,
            "location": "O\u015bwi\u0119cim, Polska",
            "name": "Auschwitz Memorial",
            "notifications": false,
            "profile_background_color": "022330",
            "profile_background_image_url": "http://abs.twimg.com/images/themes/theme1/bg.png",
            "profile_background_image_url_https": "https://abs.twimg.com/images/themes/theme1/bg.png",
            "profile_background_tile": false,
            "profile_banner_url": "https://pbs.twimg.com/profile_banners/586291040/1399369241",
            "profile_image_url": "http://pbs.twimg.com/profile_images/987404259011506177/W9Tm-qr3_normal.jpg",
            "profile_image_url_https": "https://pbs.twimg.com/profile_images/987404259011506177/W9Tm-qr3_normal.jpg",
            "profile_link_color": "035FA1",
            "profile_sidebar_border_color": "000000",
            "profile_sidebar_fill_color": "000000",
            "profile_text_color": "000000",
            "profile_use_background_image": true,
            "protected": false,
            "screen_name": "AuschwitzMuseum",
            "statuses_count": 65343,
            "time_zone": null,
            "translator_type": "none",
            "url": "http://t.co/0g3OYW2Qyu",
            "utc_offset": null,
            "verified": true
        }
    },
    "source": "<a href=\"http://twitter.com/download/android\" rel=\"nofollow\">Twitter for Android</a>",
    "text": "RT @AuschwitzMuseum: 30 June 1944 | A transport of 2,044 Jews - men, women &amp; children deported by the Germans from #Athens &amp; #Korfu Island\u2026",
    "truncated": false,
    "user": {
        "contributors_enabled": false,
        "created_at": "Wed Jan 20 23:04:10 +0000 2016",
        "default_profile": true,
        "default_profile_image": false,
        "description": "Believe in equality and justice for all.",
        "entities": {
            "description": {
                "urls": []
            }
        },
        "favourites_count": 117512,
        "follow_request_sent": false,
        "followers_count": 610,
        "following": false,
        "friends_count": 299,
        "geo_enabled": false,
        "has_extended_profile": true,
        "id": 4830992751,
        "id_str": "4830992751",
        "is_translation_enabled": false,
        "is_translator": false,
        "lang": "en",
        "listed_count": 3,
        "location": "New York, USA",
        "name": "Susan Hunt",
        "notifications": false,
        "profile_background_color": "F5F8FA",
        "profile_background_image_url": null,
        "profile_background_image_url_https": null,
        "profile_background_tile": false,
        "profile_image_url": "http://pbs.twimg.com/profile_images/845433957902667777/v278zpoQ_normal.jpg",
        "profile_image_url_https": "https://pbs.twimg.com/profile_images/845433957902667777/v278zpoQ_normal.jpg",
        "profile_link_color": "1DA1F2",
        "profile_sidebar_border_color": "C0DEED",
        "profile_sidebar_fill_color": "DDEEF6",
        "profile_text_color": "333333",
        "profile_use_background_image": true,
        "protected": false,
        "screen_name": "SusanHu60863084",
        "statuses_count": 44385,
        "time_zone": null,
        "translator_type": "none",
        "url": null,
        "utc_offset": null,
        "verified": false
    }
}
