{
    "contributors": null,
    "coordinates": null,
    "created_at": "Sat Aug 17 14:58:15 +0000 2019",
    "entities": {
        "hashtags": [
            {
                "indices": [
                    91,
                    97
                ],
                "text": "Greek"
            }
        ],
        "symbols": [],
        "urls": [],
        "user_mentions": [
            {
                "id": 2742411921,
                "id_str": "2742411921",
                "indices": [
                    3,
                    15
                ],
                "name": "Spartiatis\u03a3\u03c0\u03b1\u03c1\u03c4\u03b9\u03b1\u03c4\u03b7\u03c2",
                "screen_name": "KSpartiatis"
            }
        ]
    },
    "favorite_count": 0,
    "favorited": false,
    "geo": null,
    "id": 1162740427918905344,
    "id_str": "1162740427918905344",
    "in_reply_to_screen_name": null,
    "in_reply_to_status_id": null,
    "in_reply_to_status_id_str": null,
    "in_reply_to_user_id": null,
    "in_reply_to_user_id_str": null,
    "is_quote_status": false,
    "lang": "en",
    "metadata": {
        "iso_language_code": "en",
        "result_type": "recent"
    },
    "place": null,
    "retweet_count": 4,
    "retweeted": false,
    "retweeted_status": {
        "contributors": null,
        "coordinates": null,
        "created_at": "Sat Aug 17 14:28:16 +0000 2019",
        "entities": {
            "hashtags": [
                {
                    "indices": [
                        74,
                        80
                    ],
                    "text": "Greek"
                }
            ],
            "symbols": [],
            "urls": [
                {
                    "display_url": "twitter.com/i/web/status/1\u2026",
                    "expanded_url": "https://twitter.com/i/web/status/1162732882089132033",
                    "indices": [
                        117,
                        140
                    ],
                    "url": "https://t.co/d2aKAf7lL9"
                }
            ],
            "user_mentions": []
        },
        "favorite_count": 10,
        "favorited": false,
        "geo": null,
        "id": 1162732882089132033,
        "id_str": "1162732882089132033",
        "in_reply_to_screen_name": null,
        "in_reply_to_status_id": null,
        "in_reply_to_status_id_str": null,
        "in_reply_to_user_id": null,
        "in_reply_to_user_id_str": null,
        "is_quote_status": false,
        "lang": "en",
        "metadata": {
            "iso_language_code": "en",
            "result_type": "recent"
        },
        "place": null,
        "possibly_sensitive": false,
        "retweet_count": 4,
        "retweeted": false,
        "source": "<a href=\"http://twitter.com/download/android\" rel=\"nofollow\">Twitter for Android</a>",
        "text": "Pericles.\nRoman copy of a 5th CE BC Greek original attributed to Kresilas\n#Greek inscription reads\"Pericles, son of\u2026 https://t.co/d2aKAf7lL9",
        "truncated": true,
        "user": {
            "contributors_enabled": false,
            "created_at": "Thu Aug 14 06:54:38 +0000 2014",
            "default_profile": false,
            "default_profile_image": false,
            "description": "\u0395\u039a \u03a4\u0397\u03a3 \u039a\u039f\u039d\u0395\u03a9\u03a3 \u039c\u039f\u03a5 \u0391\u039d\u0391\u0393\u0395\u039d\u039d\u03a9\u039c\u0391\u0399,\n\u271d ICXC NIKA \u271d\n\u039c\u039f\u039b\u03a9\u039d \u039b\u0391\u0392\u0395, \n\u0391\u039c\u03a5\u039d\u0395\u03a3\u0398\u0391\u0399 \u03a0\u0395\u03a1\u0399 \u03a0\u0391\u03a4\u03a1\u0399\u03a3, \u03a0\u0391\u039d\u03a4\u039f\u03a4\u0395 \u0396\u0397\u03a4\u0395\u0399\u039d \u03a4\u0397\u039d \u0391\u039b\u0397\u0398\u0395\u0399\u0391\u039d,\nMacedonia is GREEK.....\u0397 \u039c\u03b1\u03ba\u03b5\u03b4\u03bf\u03bd\u03af\u03b1 \u03b5\u03af\u03bd\u03b1\u03b9 \u0395\u03bb\u03bb\u03b7\u03bd\u03b9\u03ba\u03ae.",
            "entities": {
                "description": {
                    "urls": []
                }
            },
            "favourites_count": 4985,
            "follow_request_sent": false,
            "followers_count": 894,
            "following": false,
            "friends_count": 89,
            "geo_enabled": false,
            "has_extended_profile": false,
            "id": 2742411921,
            "id_str": "2742411921",
            "is_translation_enabled": false,
            "is_translator": false,
            "lang": null,
            "listed_count": 12,
            "location": "",
            "name": "Spartiatis\u03a3\u03c0\u03b1\u03c1\u03c4\u03b9\u03b1\u03c4\u03b7\u03c2",
            "notifications": false,
            "profile_background_color": "000000",
            "profile_background_image_url": "http://abs.twimg.com/images/themes/theme1/bg.png",
            "profile_background_image_url_https": "https://abs.twimg.com/images/themes/theme1/bg.png",
            "profile_background_tile": false,
            "profile_banner_url": "https://pbs.twimg.com/profile_banners/2742411921/1408079365",
            "profile_image_url": "http://pbs.twimg.com/profile_images/716793616270815233/sWsMBfh__normal.jpg",
            "profile_image_url_https": "https://pbs.twimg.com/profile_images/716793616270815233/sWsMBfh__normal.jpg",
            "profile_link_color": "0024B3",
            "profile_sidebar_border_color": "000000",
            "profile_sidebar_fill_color": "000000",
            "profile_text_color": "000000",
            "profile_use_background_image": false,
            "protected": false,
            "screen_name": "KSpartiatis",
            "statuses_count": 11010,
            "time_zone": null,
            "translator_type": "none",
            "url": null,
            "utc_offset": null,
            "verified": false
        }
    },
    "source": "<a href=\"http://twitter.com/download/android\" rel=\"nofollow\">Twitter for Android</a>",
    "text": "RT @KSpartiatis: Pericles.\nRoman copy of a 5th CE BC Greek original attributed to Kresilas\n#Greek inscription reads\"Pericles, son of Xanthi\u2026",
    "truncated": false,
    "user": {
        "contributors_enabled": false,
        "created_at": "Tue Feb 05 10:29:24 +0000 2013",
        "default_profile": false,
        "default_profile_image": false,
        "description": "Politically incorrect thoughts about Greece & Europe, my Homeland, inspired by the Peripatetic School of Athens. Rationnal thinking will prevail against dogmas.",
        "entities": {
            "description": {
                "urls": []
            }
        },
        "favourites_count": 99132,
        "follow_request_sent": false,
        "followers_count": 1919,
        "following": false,
        "friends_count": 1721,
        "geo_enabled": false,
        "has_extended_profile": false,
        "id": 1150585999,
        "id_str": "1150585999",
        "is_translation_enabled": true,
        "is_translator": false,
        "lang": null,
        "listed_count": 143,
        "location": "Greece, EU",
        "name": "\ud835\udd4a\ud835\udd61\ud835\udd52\ud835\udd54\ud835\udd56\ud835\udd3d\ud835\udd63\ud835\udd60\ud835\udd5e\ud835\udd3e\ud835\udd63\ud835\udd56\ud835\udd56\ud835\udd54\ud835\udd56\ud83c\uddea\ud83c\uddfa\ud83c\uddec\ud83c\uddf7",
        "notifications": false,
        "profile_background_color": "010608",
        "profile_background_image_url": "http://abs.twimg.com/images/themes/theme1/bg.png",
        "profile_background_image_url_https": "https://abs.twimg.com/images/themes/theme1/bg.png",
        "profile_background_tile": false,
        "profile_banner_url": "https://pbs.twimg.com/profile_banners/1150585999/1360060984",
        "profile_image_url": "http://pbs.twimg.com/profile_images/618329384244506624/p2xB87Z1_normal.jpg",
        "profile_image_url_https": "https://pbs.twimg.com/profile_images/618329384244506624/p2xB87Z1_normal.jpg",
        "profile_link_color": "FAB81E",
        "profile_sidebar_border_color": "000000",
        "profile_sidebar_fill_color": "DDEEF6",
        "profile_text_color": "333333",
        "profile_use_background_image": true,
        "protected": false,
        "screen_name": "SpaceFromGreece",
        "statuses_count": 148887,
        "time_zone": null,
        "translator_type": "none",
        "url": null,
        "utc_offset": null,
        "verified": false
    }
}
