{
    "contributors": null,
    "coordinates": {
        "coordinates": [
            23.74229256,
            37.97909542
        ],
        "type": "Point"
    },
    "created_at": "Thu Jul 25 05:44:27 +0000 2019",
    "entities": {
        "hashtags": [
            {
                "indices": [
                    32,
                    46
                ],
                "text": "indoorcycling"
            },
            {
                "indices": [
                    47,
                    55
                ],
                "text": "fitness"
            },
            {
                "indices": [
                    56,
                    70
                ],
                "text": "schwinngreece"
            },
            {
                "indices": [
                    71,
                    99
                ],
                "text": "schwinncyclinginternational"
            },
            {
                "indices": [
                    100,
                    107
                ],
                "text": "mylife"
            }
        ],
        "symbols": [],
        "urls": [
            {
                "display_url": "twitter.com/i/web/status/1\u2026",
                "expanded_url": "https://twitter.com/i/web/status/1154266137594597376",
                "indices": [
                    109,
                    132
                ],
                "url": "https://t.co/TxPQxcViow"
            }
        ],
        "user_mentions": []
    },
    "favorite_count": 1,
    "favorited": false,
    "geo": {
        "coordinates": [
            37.97909542,
            23.74229256
        ],
        "type": "Point"
    },
    "id": 1154266137594597376,
    "id_str": "1154266137594597376",
    "in_reply_to_screen_name": null,
    "in_reply_to_status_id": null,
    "in_reply_to_status_id_str": null,
    "in_reply_to_user_id": null,
    "in_reply_to_user_id_str": null,
    "is_quote_status": false,
    "lang": "en",
    "metadata": {
        "iso_language_code": "en",
        "result_type": "recent"
    },
    "place": {
        "attributes": {},
        "bounding_box": {
            "coordinates": [
                [
                    [
                        22.8905274,
                        35.8224754
                    ],
                    [
                        24.1165237,
                        35.8224754
                    ],
                    [
                        24.1165237,
                        38.3409863
                    ],
                    [
                        22.8905274,
                        38.3409863
                    ]
                ]
            ],
            "type": "Polygon"
        },
        "contained_within": [],
        "country": "Hellas",
        "country_code": "GR",
        "full_name": "Attiki, Greece",
        "id": "00279a5763b04e35",
        "name": "Attiki",
        "place_type": "admin",
        "url": "https://api.twitter.com/1.1/geo/id/00279a5763b04e35.json"
    },
    "possibly_sensitive": false,
    "retweet_count": 0,
    "retweeted": false,
    "source": "<a href=\"http://instagram.com\" rel=\"nofollow\">Instagram</a>",
    "text": "Schwinn Cycling by Acropolis :)\n#indoorcycling #fitness #schwinngreece #schwinncyclinginternational #mylife\u2026 https://t.co/TxPQxcViow",
    "truncated": true,
    "user": {
        "contributors_enabled": false,
        "created_at": "Tue May 15 17:00:55 +0000 2012",
        "default_profile": true,
        "default_profile_image": false,
        "description": "",
        "entities": {
            "description": {
                "urls": []
            }
        },
        "favourites_count": 4,
        "follow_request_sent": false,
        "followers_count": 116,
        "following": false,
        "friends_count": 55,
        "geo_enabled": true,
        "has_extended_profile": true,
        "id": 581144109,
        "id_str": "581144109",
        "is_translation_enabled": false,
        "is_translator": false,
        "lang": null,
        "listed_count": 12,
        "location": "\u0391\u03c4\u03c4\u03b9\u03ba\u03ae, \u0395\u03bb\u03bb\u03ac\u03c2",
        "name": "Vangelis Kastamoulas",
        "notifications": false,
        "profile_background_color": "C0DEED",
        "profile_background_image_url": "http://abs.twimg.com/images/themes/theme1/bg.png",
        "profile_background_image_url_https": "https://abs.twimg.com/images/themes/theme1/bg.png",
        "profile_background_tile": false,
        "profile_banner_url": "https://pbs.twimg.com/profile_banners/581144109/1559323763",
        "profile_image_url": "http://pbs.twimg.com/profile_images/1134512193569996800/1jQ5FWtC_normal.jpg",
        "profile_image_url_https": "https://pbs.twimg.com/profile_images/1134512193569996800/1jQ5FWtC_normal.jpg",
        "profile_link_color": "1DA1F2",
        "profile_sidebar_border_color": "C0DEED",
        "profile_sidebar_fill_color": "DDEEF6",
        "profile_text_color": "333333",
        "profile_use_background_image": true,
        "protected": false,
        "screen_name": "EKastas",
        "statuses_count": 1696,
        "time_zone": null,
        "translator_type": "none",
        "url": null,
        "utc_offset": null,
        "verified": false
    }
}
