{
    "contributors": null,
    "coordinates": null,
    "created_at": "Tue Jun 25 13:35:20 +0000 2019",
    "entities": {
        "hashtags": [],
        "symbols": [],
        "urls": [
            {
                "display_url": "twitter.com/ZellartCo/stat\u2026",
                "expanded_url": "https://twitter.com/ZellartCo/status/1143175741716254722",
                "indices": [
                    101,
                    124
                ],
                "url": "https://t.co/fyYz4ZAYPn"
            }
        ],
        "user_mentions": [
            {
                "id": 55548410,
                "id_str": "55548410",
                "indices": [
                    3,
                    12
                ],
                "name": "Elginism",
                "screen_name": "elginism"
            }
        ]
    },
    "favorite_count": 0,
    "favorited": false,
    "geo": null,
    "id": 1143513003867774977,
    "id_str": "1143513003867774977",
    "in_reply_to_screen_name": null,
    "in_reply_to_status_id": null,
    "in_reply_to_status_id_str": null,
    "in_reply_to_user_id": null,
    "in_reply_to_user_id_str": null,
    "is_quote_status": true,
    "lang": "en",
    "metadata": {
        "iso_language_code": "en",
        "result_type": "recent"
    },
    "place": null,
    "possibly_sensitive": false,
    "quoted_status_id": 1143175741716254722,
    "quoted_status_id_str": "1143175741716254722",
    "retweet_count": 2,
    "retweeted": false,
    "retweeted_status": {
        "contributors": null,
        "coordinates": null,
        "created_at": "Tue Jun 25 11:13:31 +0000 2019",
        "entities": {
            "hashtags": [],
            "symbols": [],
            "urls": [
                {
                    "display_url": "twitter.com/ZellartCo/stat\u2026",
                    "expanded_url": "https://twitter.com/ZellartCo/status/1143175741716254722",
                    "indices": [
                        87,
                        110
                    ],
                    "url": "https://t.co/fyYz4ZAYPn"
                }
            ],
            "user_mentions": []
        },
        "favorite_count": 9,
        "favorited": false,
        "geo": null,
        "id": 1143477316435292160,
        "id_str": "1143477316435292160",
        "in_reply_to_screen_name": null,
        "in_reply_to_status_id": null,
        "in_reply_to_status_id_str": null,
        "in_reply_to_user_id": null,
        "in_reply_to_user_id_str": null,
        "is_quote_status": true,
        "lang": "en",
        "metadata": {
            "iso_language_code": "en",
            "result_type": "recent"
        },
        "place": {
            "attributes": {},
            "bounding_box": {
                "coordinates": [
                    [
                        [
                            -0.660061,
                            51.4904842
                        ],
                        [
                            -0.5251377,
                            51.4904842
                        ],
                        [
                            -0.5251377,
                            51.538905
                        ],
                        [
                            -0.660061,
                            51.538905
                        ]
                    ]
                ],
                "type": "Polygon"
            },
            "contained_within": [],
            "country": "United Kingdom",
            "country_code": "GB",
            "full_name": "Slough, South East",
            "id": "29ac72e481808450",
            "name": "Slough",
            "place_type": "city",
            "url": "https://api.twitter.com/1.1/geo/id/29ac72e481808450.json"
        },
        "possibly_sensitive": false,
        "quoted_status": {
            "contributors": null,
            "coordinates": null,
            "created_at": "Mon Jun 24 15:15:10 +0000 2019",
            "entities": {
                "hashtags": [],
                "symbols": [],
                "urls": [
                    {
                        "display_url": "twitter.com/i/web/status/1\u2026",
                        "expanded_url": "https://twitter.com/i/web/status/1143175741716254722",
                        "indices": [
                            115,
                            138
                        ],
                        "url": "https://t.co/Q5zE284B2Z"
                    }
                ],
                "user_mentions": []
            },
            "favorite_count": 1,
            "favorited": false,
            "geo": null,
            "id": 1143175741716254722,
            "id_str": "1143175741716254722",
            "in_reply_to_screen_name": null,
            "in_reply_to_status_id": null,
            "in_reply_to_status_id_str": null,
            "in_reply_to_user_id": null,
            "in_reply_to_user_id_str": null,
            "is_quote_status": false,
            "lang": "en",
            "metadata": {
                "iso_language_code": "en",
                "result_type": "recent"
            },
            "place": null,
            "possibly_sensitive": false,
            "retweet_count": 1,
            "retweeted": false,
            "source": "<a href=\"https://posting.ly\" rel=\"nofollow\">Postingly</a>",
            "text": "Parthenon, Propylaia in Acropolis hill, Athens historic center, Greece \u21162095 Ready to Hang Canvas Print USD 59.99\u2026 https://t.co/Q5zE284B2Z",
            "truncated": true,
            "user": {
                "contributors_enabled": false,
                "created_at": "Wed Mar 09 14:09:00 +0000 2016",
                "default_profile": false,
                "default_profile_image": false,
                "description": "We offer modern wall art for your home or office decoration. We also accept custom orders and any challenges you may have for us! :)",
                "entities": {
                    "description": {
                        "urls": []
                    },
                    "url": {
                        "urls": [
                            {
                                "display_url": "zellart.com",
                                "expanded_url": "https://www.zellart.com",
                                "indices": [
                                    0,
                                    23
                                ],
                                "url": "https://t.co/SNDU2kgwUo"
                            }
                        ]
                    }
                },
                "favourites_count": 1230,
                "follow_request_sent": false,
                "followers_count": 3834,
                "following": false,
                "friends_count": 1769,
                "geo_enabled": true,
                "has_extended_profile": true,
                "id": 707568873567096832,
                "id_str": "707568873567096832",
                "is_translation_enabled": false,
                "is_translator": false,
                "lang": "en",
                "listed_count": 88,
                "location": "Ukraine",
                "name": "Zellart Modern Arts",
                "notifications": false,
                "profile_background_color": "000000",
                "profile_background_image_url": "http://abs.twimg.com/images/themes/theme1/bg.png",
                "profile_background_image_url_https": "https://abs.twimg.com/images/themes/theme1/bg.png",
                "profile_background_tile": false,
                "profile_banner_url": "https://pbs.twimg.com/profile_banners/707568873567096832/1485606124",
                "profile_image_url": "http://pbs.twimg.com/profile_images/825318076430295041/OPxwQ_Dy_normal.jpg",
                "profile_image_url_https": "https://pbs.twimg.com/profile_images/825318076430295041/OPxwQ_Dy_normal.jpg",
                "profile_link_color": "ABB8C2",
                "profile_sidebar_border_color": "000000",
                "profile_sidebar_fill_color": "000000",
                "profile_text_color": "000000",
                "profile_use_background_image": false,
                "protected": false,
                "screen_name": "ZellartCo",
                "statuses_count": 107463,
                "time_zone": null,
                "translator_type": "none",
                "url": "https://t.co/SNDU2kgwUo",
                "utc_offset": null,
                "verified": false
            }
        },
        "quoted_status_id": 1143175741716254722,
        "quoted_status_id_str": "1143175741716254722",
        "retweet_count": 2,
        "retweeted": false,
        "source": "<a href=\"http://twitter.com/download/android\" rel=\"nofollow\">Twitter for Android</a>",
        "text": "Wow.\nThat is a stunningly huge print of the acropolis - if you have a big enough wall. https://t.co/fyYz4ZAYPn",
        "truncated": false,
        "user": {
            "contributors_enabled": false,
            "created_at": "Fri Jul 10 12:34:07 +0000 2009",
            "default_profile": false,
            "default_profile_image": false,
            "description": "Parthenon Sculptures (AKA Elgin Marbles) - Musings on their return, plus other cultural property disputes, museums, art law, archaeology, architecture & Greece",
            "entities": {
                "description": {
                    "urls": []
                },
                "url": {
                    "urls": [
                        {
                            "display_url": "elginism.com",
                            "expanded_url": "http://www.elginism.com",
                            "indices": [
                                0,
                                22
                            ],
                            "url": "http://t.co/rQAhXoBjzP"
                        }
                    ]
                }
            },
            "favourites_count": 6058,
            "follow_request_sent": false,
            "followers_count": 8528,
            "following": false,
            "friends_count": 9301,
            "geo_enabled": true,
            "has_extended_profile": false,
            "id": 55548410,
            "id_str": "55548410",
            "is_translation_enabled": false,
            "is_translator": false,
            "lang": "en",
            "listed_count": 325,
            "location": "London, UK",
            "name": "Elginism",
            "notifications": false,
            "profile_background_color": "7E9CC1",
            "profile_background_image_url": "http://abs.twimg.com/images/themes/theme1/bg.png",
            "profile_background_image_url_https": "https://abs.twimg.com/images/themes/theme1/bg.png",
            "profile_background_tile": true,
            "profile_image_url": "http://pbs.twimg.com/profile_images/313110488/small_elginism_normal.jpg",
            "profile_image_url_https": "https://pbs.twimg.com/profile_images/313110488/small_elginism_normal.jpg",
            "profile_link_color": "5C6C7D",
            "profile_sidebar_border_color": "8190A3",
            "profile_sidebar_fill_color": "D0D6DF",
            "profile_text_color": "333333",
            "profile_use_background_image": true,
            "protected": false,
            "screen_name": "elginism",
            "statuses_count": 9868,
            "time_zone": null,
            "translator_type": "none",
            "url": "http://t.co/rQAhXoBjzP",
            "utc_offset": null,
            "verified": false
        }
    },
    "source": "<a href=\"http://twitter.com/#!/download/ipad\" rel=\"nofollow\">Twitter for iPad</a>",
    "text": "RT @elginism: Wow.\nThat is a stunningly huge print of the acropolis - if you have a big enough wall. https://t.co/fyYz4ZAYPn",
    "truncated": false,
    "user": {
        "contributors_enabled": false,
        "created_at": "Tue Feb 22 19:44:27 +0000 2011",
        "default_profile": false,
        "default_profile_image": false,
        "description": "International Organising Committee - Australia - For The Restitution Of The Parthenon Marbles. Campaigning for return of the Marbles since 1981.",
        "entities": {
            "description": {
                "urls": []
            },
            "url": {
                "urls": [
                    {
                        "display_url": "parthenonmarblesaustralia.org.au",
                        "expanded_url": "http://www.parthenonmarblesaustralia.org.au",
                        "indices": [
                            0,
                            23
                        ],
                        "url": "https://t.co/mRRMVo0kgj"
                    }
                ]
            }
        },
        "favourites_count": 565,
        "follow_request_sent": false,
        "followers_count": 1195,
        "following": false,
        "friends_count": 1764,
        "geo_enabled": false,
        "has_extended_profile": false,
        "id": 256158377,
        "id_str": "256158377",
        "is_translation_enabled": false,
        "is_translator": false,
        "lang": "en",
        "listed_count": 28,
        "location": "Sydney",
        "name": "Australian Committee",
        "notifications": false,
        "profile_background_color": "C0DEED",
        "profile_background_image_url": "http://abs.twimg.com/images/themes/theme1/bg.png",
        "profile_background_image_url_https": "https://abs.twimg.com/images/themes/theme1/bg.png",
        "profile_background_tile": true,
        "profile_banner_url": "https://pbs.twimg.com/profile_banners/256158377/1529646332",
        "profile_image_url": "http://pbs.twimg.com/profile_images/797436247362846725/Tb2wiPNM_normal.jpg",
        "profile_image_url_https": "https://pbs.twimg.com/profile_images/797436247362846725/Tb2wiPNM_normal.jpg",
        "profile_link_color": "0084B4",
        "profile_sidebar_border_color": "FFFFFF",
        "profile_sidebar_fill_color": "DDEEF6",
        "profile_text_color": "333333",
        "profile_use_background_image": true,
        "protected": false,
        "screen_name": "MarblesReunite",
        "statuses_count": 2853,
        "time_zone": null,
        "translator_type": "none",
        "url": "https://t.co/mRRMVo0kgj",
        "utc_offset": null,
        "verified": false
    }
}
