{
    "contributors": null,
    "coordinates": null,
    "created_at": "Tue Jun 25 11:16:42 +0000 2019",
    "entities": {
        "hashtags": [],
        "symbols": [],
        "urls": [
            {
                "display_url": "twitter.com/i/web/status/1\u2026",
                "expanded_url": "https://twitter.com/i/web/status/1143478118700556289",
                "indices": [
                    117,
                    140
                ],
                "url": "https://t.co/pF1daysVOQ"
            }
        ],
        "user_mentions": [
            {
                "id": 19103481,
                "id_str": "19103481",
                "indices": [
                    5,
                    10
                ],
                "name": "Uber",
                "screen_name": "Uber"
            },
            {
                "id": 19103481,
                "id_str": "19103481",
                "indices": [
                    11,
                    16
                ],
                "name": "Uber",
                "screen_name": "Uber"
            }
        ]
    },
    "favorite_count": 0,
    "favorited": false,
    "geo": null,
    "id": 1143478118700556289,
    "id_str": "1143478118700556289",
    "in_reply_to_screen_name": null,
    "in_reply_to_status_id": null,
    "in_reply_to_status_id_str": null,
    "in_reply_to_user_id": null,
    "in_reply_to_user_id_str": null,
    "is_quote_status": false,
    "lang": "en",
    "metadata": {
        "iso_language_code": "en",
        "result_type": "recent"
    },
    "place": null,
    "retweet_count": 0,
    "retweeted": false,
    "source": "<a href=\"http://twitter.com/download/android\" rel=\"nofollow\">Twitter for Android</a>",
    "text": "1/2  @Uber @Uber I have booked my ride from sanand green to Acropolis mall(Ahmedabad) with my registerd mobile no :\u2026 https://t.co/pF1daysVOQ",
    "truncated": true,
    "user": {
        "contributors_enabled": false,
        "created_at": "Sun Dec 23 14:39:36 +0000 2018",
        "default_profile": true,
        "default_profile_image": false,
        "description": "Cricket lover, cricketholic,",
        "entities": {
            "description": {
                "urls": []
            }
        },
        "favourites_count": 2,
        "follow_request_sent": false,
        "followers_count": 0,
        "following": false,
        "friends_count": 24,
        "geo_enabled": false,
        "has_extended_profile": false,
        "id": 1076849811200987136,
        "id_str": "1076849811200987136",
        "is_translation_enabled": false,
        "is_translator": false,
        "lang": "en",
        "listed_count": 0,
        "location": "",
        "name": "Ujjwal Solanki",
        "notifications": false,
        "profile_background_color": "F5F8FA",
        "profile_background_image_url": null,
        "profile_background_image_url_https": null,
        "profile_background_tile": false,
        "profile_image_url": "http://pbs.twimg.com/profile_images/1143389962101854209/6NntmIBf_normal.jpg",
        "profile_image_url_https": "https://pbs.twimg.com/profile_images/1143389962101854209/6NntmIBf_normal.jpg",
        "profile_link_color": "1DA1F2",
        "profile_sidebar_border_color": "C0DEED",
        "profile_sidebar_fill_color": "DDEEF6",
        "profile_text_color": "333333",
        "profile_use_background_image": true,
        "protected": false,
        "screen_name": "UjjwalSolanki13",
        "statuses_count": 9,
        "time_zone": null,
        "translator_type": "none",
        "url": null,
        "utc_offset": null,
        "verified": false
    }
}
