{
    "contributors": null,
    "coordinates": null,
    "created_at": "Tue Jul 02 04:01:08 +0000 2019",
    "entities": {
        "hashtags": [],
        "symbols": [],
        "urls": [
            {
                "display_url": "twitter.com/i/web/status/1\u2026",
                "expanded_url": "https://twitter.com/i/web/status/1145905216828653568",
                "indices": [
                    116,
                    139
                ],
                "url": "https://t.co/nvkkzXsN9l"
            }
        ],
        "user_mentions": []
    },
    "favorite_count": 0,
    "favorited": false,
    "geo": null,
    "id": 1145905216828653568,
    "id_str": "1145905216828653568",
    "in_reply_to_screen_name": null,
    "in_reply_to_status_id": null,
    "in_reply_to_status_id_str": null,
    "in_reply_to_user_id": null,
    "in_reply_to_user_id_str": null,
    "is_quote_status": false,
    "lang": "en",
    "metadata": {
        "iso_language_code": "en",
        "result_type": "recent"
    },
    "place": null,
    "possibly_sensitive": false,
    "retweet_count": 0,
    "retweeted": false,
    "source": "<a href=\"http://instagram.com\" rel=\"nofollow\">Instagram</a>",
    "text": "The first thing to do upon checking into our Athenian hotel is to walk off the long flight from Brisbane to Athens\u2026 https://t.co/nvkkzXsN9l",
    "truncated": true,
    "user": {
        "contributors_enabled": false,
        "created_at": "Sat Nov 08 07:32:30 +0000 2008",
        "default_profile": false,
        "default_profile_image": false,
        "description": "Mama to Alex, Tim. Sam and Nik. LaLa to Archie + Charlie + Pearl. Music Business Wellness @pushworth @musicmeansbusiness",
        "entities": {
            "description": {
                "urls": []
            },
            "url": {
                "urls": [
                    {
                        "display_url": "musicmeansbusiness.com.au",
                        "expanded_url": "http://www.musicmeansbusiness.com.au",
                        "indices": [
                            0,
                            23
                        ],
                        "url": "https://t.co/EalWwHQVbj"
                    }
                ]
            }
        },
        "favourites_count": 2703,
        "follow_request_sent": false,
        "followers_count": 209,
        "following": false,
        "friends_count": 580,
        "geo_enabled": true,
        "has_extended_profile": true,
        "id": 17247410,
        "id_str": "17247410",
        "is_translation_enabled": false,
        "is_translator": false,
        "lang": "en",
        "listed_count": 14,
        "location": "Brisbane",
        "name": "NicholaBurton",
        "notifications": false,
        "profile_background_color": "022330",
        "profile_background_image_url": "http://abs.twimg.com/images/themes/theme15/bg.png",
        "profile_background_image_url_https": "https://abs.twimg.com/images/themes/theme15/bg.png",
        "profile_background_tile": false,
        "profile_banner_url": "https://pbs.twimg.com/profile_banners/17247410/1548638560",
        "profile_image_url": "http://pbs.twimg.com/profile_images/863988200900935681/_fvcwA2Y_normal.jpg",
        "profile_image_url_https": "https://pbs.twimg.com/profile_images/863988200900935681/_fvcwA2Y_normal.jpg",
        "profile_link_color": "0084B4",
        "profile_sidebar_border_color": "A8C7F7",
        "profile_sidebar_fill_color": "C0DFEC",
        "profile_text_color": "333333",
        "profile_use_background_image": true,
        "protected": false,
        "screen_name": "NicholaBurton",
        "statuses_count": 2542,
        "time_zone": null,
        "translator_type": "none",
        "url": "https://t.co/EalWwHQVbj",
        "utc_offset": null,
        "verified": false
    }
}
