{
    "contributors": null,
    "coordinates": null,
    "created_at": "Mon Aug 26 17:34:55 +0000 2019",
    "entities": {
        "hashtags": [
            {
                "indices": [
                    18,
                    25
                ],
                "text": "Athens"
            },
            {
                "indices": [
                    27,
                    34
                ],
                "text": "Greece"
            },
            {
                "indices": [
                    88,
                    98
                ],
                "text": "Exarcheia"
            },
            {
                "indices": [
                    123,
                    134
                ],
                "text": "Repression"
            }
        ],
        "symbols": [],
        "urls": [
            {
                "display_url": "anarchistsworldwide.noblogs.org/post/2019/08/2\u2026",
                "expanded_url": "https://anarchistsworldwide.noblogs.org/post/2019/08/26/athens-greece-the-attack-has-begun-first-evictions-of-squats-in-exarcheia/",
                "indices": [
                    99,
                    122
                ],
                "url": "https://t.co/vdiIHvzQNm"
            }
        ],
        "user_mentions": [
            {
                "id": 981927141657886721,
                "id_str": "981927141657886721",
                "indices": [
                    3,
                    16
                ],
                "name": "Anarchists Worldwide",
                "screen_name": "AnarchistsWW"
            }
        ]
    },
    "favorite_count": 0,
    "favorited": false,
    "geo": null,
    "id": 1166041345888120833,
    "id_str": "1166041345888120833",
    "in_reply_to_screen_name": null,
    "in_reply_to_status_id": null,
    "in_reply_to_status_id_str": null,
    "in_reply_to_user_id": null,
    "in_reply_to_user_id_str": null,
    "is_quote_status": false,
    "lang": "en",
    "metadata": {
        "iso_language_code": "en",
        "result_type": "recent"
    },
    "place": null,
    "possibly_sensitive": false,
    "retweet_count": 8,
    "retweeted": false,
    "retweeted_status": {
        "contributors": null,
        "coordinates": null,
        "created_at": "Mon Aug 26 17:32:18 +0000 2019",
        "entities": {
            "hashtags": [
                {
                    "indices": [
                        0,
                        7
                    ],
                    "text": "Athens"
                },
                {
                    "indices": [
                        9,
                        16
                    ],
                    "text": "Greece"
                },
                {
                    "indices": [
                        70,
                        80
                    ],
                    "text": "Exarcheia"
                }
            ],
            "symbols": [],
            "urls": [
                {
                    "display_url": "anarchistsworldwide.noblogs.org/post/2019/08/2\u2026",
                    "expanded_url": "https://anarchistsworldwide.noblogs.org/post/2019/08/26/athens-greece-the-attack-has-begun-first-evictions-of-squats-in-exarcheia/",
                    "indices": [
                        81,
                        104
                    ],
                    "url": "https://t.co/vdiIHvzQNm"
                },
                {
                    "display_url": "twitter.com/i/web/status/1\u2026",
                    "expanded_url": "https://twitter.com/i/web/status/1166040687575359488",
                    "indices": [
                        106,
                        129
                    ],
                    "url": "https://t.co/IJrdoAzBcb"
                }
            ],
            "user_mentions": []
        },
        "favorite_count": 4,
        "favorited": false,
        "geo": null,
        "id": 1166040687575359488,
        "id_str": "1166040687575359488",
        "in_reply_to_screen_name": null,
        "in_reply_to_status_id": null,
        "in_reply_to_status_id_str": null,
        "in_reply_to_user_id": null,
        "in_reply_to_user_id_str": null,
        "is_quote_status": false,
        "lang": "en",
        "metadata": {
            "iso_language_code": "en",
            "result_type": "recent"
        },
        "place": null,
        "possibly_sensitive": false,
        "retweet_count": 8,
        "retweeted": false,
        "source": "<a href=\"https://mobile.twitter.com\" rel=\"nofollow\">Twitter Web App</a>",
        "text": "#Athens, #Greece: The Attack Has Begun \u2013 First Evictions of Squats in #Exarcheia https://t.co/vdiIHvzQNm\u2026 https://t.co/IJrdoAzBcb",
        "truncated": true,
        "user": {
            "contributors_enabled": false,
            "created_at": "Thu Apr 05 16:10:48 +0000 2018",
            "default_profile": false,
            "default_profile_image": false,
            "description": "\u24b6 \u2605 Worldwide Anarchist News \u24b6 \u2605",
            "entities": {
                "description": {
                    "urls": []
                },
                "url": {
                    "urls": [
                        {
                            "display_url": "anarchistsworldwide.noblogs.org",
                            "expanded_url": "https://anarchistsworldwide.noblogs.org/",
                            "indices": [
                                0,
                                23
                            ],
                            "url": "https://t.co/B4FjUdDGkM"
                        }
                    ]
                }
            },
            "favourites_count": 2304,
            "follow_request_sent": false,
            "followers_count": 4720,
            "following": false,
            "friends_count": 756,
            "geo_enabled": false,
            "has_extended_profile": true,
            "id": 981927141657886721,
            "id_str": "981927141657886721",
            "is_translation_enabled": false,
            "is_translator": false,
            "lang": null,
            "listed_count": 30,
            "location": "Earth",
            "name": "Anarchists Worldwide",
            "notifications": false,
            "profile_background_color": "000000",
            "profile_background_image_url": "http://abs.twimg.com/images/themes/theme1/bg.png",
            "profile_background_image_url_https": "https://abs.twimg.com/images/themes/theme1/bg.png",
            "profile_background_tile": false,
            "profile_banner_url": "https://pbs.twimg.com/profile_banners/981927141657886721/1541155948",
            "profile_image_url": "http://pbs.twimg.com/profile_images/1058311061659541504/BhXVslqp_normal.jpg",
            "profile_image_url_https": "https://pbs.twimg.com/profile_images/1058311061659541504/BhXVslqp_normal.jpg",
            "profile_link_color": "E81C4F",
            "profile_sidebar_border_color": "000000",
            "profile_sidebar_fill_color": "000000",
            "profile_text_color": "000000",
            "profile_use_background_image": false,
            "protected": false,
            "screen_name": "AnarchistsWW",
            "statuses_count": 2710,
            "time_zone": null,
            "translator_type": "none",
            "url": "https://t.co/B4FjUdDGkM",
            "utc_offset": null,
            "verified": false
        }
    },
    "source": "<a href=\"http://twitter.com/download/android\" rel=\"nofollow\">Twitter for Android</a>",
    "text": "RT @AnarchistsWW: #Athens, #Greece: The Attack Has Begun \u2013 First Evictions of Squats in #Exarcheia https://t.co/vdiIHvzQNm #Repression #Ref\u2026",
    "truncated": false,
    "user": {
        "contributors_enabled": false,
        "created_at": "Tue Oct 16 14:25:54 +0000 2018",
        "default_profile": true,
        "default_profile_image": false,
        "description": "against all authority, except my mom",
        "entities": {
            "description": {
                "urls": []
            }
        },
        "favourites_count": 3235,
        "follow_request_sent": false,
        "followers_count": 46,
        "following": false,
        "friends_count": 156,
        "geo_enabled": false,
        "has_extended_profile": false,
        "id": 1052203986667720705,
        "id_str": "1052203986667720705",
        "is_translation_enabled": false,
        "is_translator": false,
        "lang": null,
        "listed_count": 0,
        "location": "Cilacap, Jawa Tengah",
        "name": "f",
        "notifications": false,
        "profile_background_color": "F5F8FA",
        "profile_background_image_url": null,
        "profile_background_image_url_https": null,
        "profile_background_tile": false,
        "profile_banner_url": "https://pbs.twimg.com/profile_banners/1052203986667720705/1566022179",
        "profile_image_url": "http://pbs.twimg.com/profile_images/1165991815964545024/X0JbGVHX_normal.jpg",
        "profile_image_url_https": "https://pbs.twimg.com/profile_images/1165991815964545024/X0JbGVHX_normal.jpg",
        "profile_link_color": "1DA1F2",
        "profile_sidebar_border_color": "C0DEED",
        "profile_sidebar_fill_color": "DDEEF6",
        "profile_text_color": "333333",
        "profile_use_background_image": true,
        "protected": false,
        "screen_name": "FiWicaksono",
        "statuses_count": 1527,
        "time_zone": null,
        "translator_type": "none",
        "url": null,
        "utc_offset": null,
        "verified": false
    }
}
