{
    "contributors": null,
    "coordinates": null,
    "created_at": "Wed Aug 21 11:00:27 +0000 2019",
    "entities": {
        "hashtags": [
            {
                "indices": [
                    36,
                    47
                ],
                "text": "summer2018"
            },
            {
                "indices": [
                    48,
                    55
                ],
                "text": "athens"
            },
            {
                "indices": [
                    56,
                    63
                ],
                "text": "greece"
            },
            {
                "indices": [
                    64,
                    70
                ],
                "text": "local"
            }
        ],
        "symbols": [],
        "urls": [
            {
                "display_url": "goo.gl/wbBd5U",
                "expanded_url": "https://goo.gl/wbBd5U",
                "indices": [
                    72,
                    95
                ],
                "url": "https://t.co/SJki6upQLU"
            }
        ],
        "user_mentions": []
    },
    "favorite_count": 0,
    "favorited": false,
    "geo": null,
    "id": 1164130136284958720,
    "id_str": "1164130136284958720",
    "in_reply_to_screen_name": null,
    "in_reply_to_status_id": null,
    "in_reply_to_status_id_str": null,
    "in_reply_to_user_id": null,
    "in_reply_to_user_id_str": null,
    "is_quote_status": false,
    "lang": "en",
    "metadata": {
        "iso_language_code": "en",
        "result_type": "recent"
    },
    "place": null,
    "possibly_sensitive": false,
    "retweet_count": 0,
    "retweeted": false,
    "source": "<a href=\"https://socialbee.io/\" rel=\"nofollow\">SocialBee.io v2</a>",
    "text": "How to spend your summer in Athens? #summer2018 #athens #greece #local  https://t.co/SJki6upQLU",
    "truncated": false,
    "user": {
        "contributors_enabled": false,
        "created_at": "Thu Sep 03 12:35:15 +0000 2009",
        "default_profile": false,
        "default_profile_image": false,
        "description": "http://t.co/ACiTxaX7ZR\r\nTravelling Tips and Holiday Suggestions about Greek Islands, Boutique, Design, Luxury Hotels and trips to Greece.",
        "entities": {
            "description": {
                "urls": [
                    {
                        "display_url": "cycladia.com/blog/",
                        "expanded_url": "http://www.cycladia.com/blog/",
                        "indices": [
                            0,
                            22
                        ],
                        "url": "http://t.co/ACiTxaX7ZR"
                    }
                ]
            },
            "url": {
                "urls": [
                    {
                        "display_url": "cycladia.com",
                        "expanded_url": "http://www.cycladia.com/",
                        "indices": [
                            0,
                            22
                        ],
                        "url": "http://t.co/nyI6JD8EcQ"
                    }
                ]
            }
        },
        "favourites_count": 9,
        "follow_request_sent": false,
        "followers_count": 4327,
        "following": false,
        "friends_count": 387,
        "geo_enabled": false,
        "has_extended_profile": false,
        "id": 71241597,
        "id_str": "71241597",
        "is_translation_enabled": false,
        "is_translator": false,
        "lang": null,
        "listed_count": 294,
        "location": "Athens, Greece",
        "name": "HolidayGreece",
        "notifications": false,
        "profile_background_color": "C0DEED",
        "profile_background_image_url": "http://abs.twimg.com/images/themes/theme1/bg.png",
        "profile_background_image_url_https": "https://abs.twimg.com/images/themes/theme1/bg.png",
        "profile_background_tile": true,
        "profile_image_url": "http://pbs.twimg.com/profile_images/396273743/n1054997587_6978_7764_normal.jpg",
        "profile_image_url_https": "https://pbs.twimg.com/profile_images/396273743/n1054997587_6978_7764_normal.jpg",
        "profile_link_color": "0084B4",
        "profile_sidebar_border_color": "C0DEED",
        "profile_sidebar_fill_color": "DDEEF6",
        "profile_text_color": "333333",
        "profile_use_background_image": true,
        "protected": false,
        "screen_name": "HolidayGreece",
        "statuses_count": 84983,
        "time_zone": null,
        "translator_type": "none",
        "url": "http://t.co/nyI6JD8EcQ",
        "utc_offset": null,
        "verified": false
    }
}
