{
    "contributors": null,
    "coordinates": null,
    "created_at": "Fri Jul 05 10:22:13 +0000 2019",
    "entities": {
        "hashtags": [],
        "symbols": [],
        "urls": [],
        "user_mentions": [
            {
                "id": 55548410,
                "id_str": "55548410",
                "indices": [
                    3,
                    12
                ],
                "name": "Elginism",
                "screen_name": "elginism"
            }
        ]
    },
    "favorite_count": 0,
    "favorited": false,
    "geo": null,
    "id": 1147088283299504128,
    "id_str": "1147088283299504128",
    "in_reply_to_screen_name": null,
    "in_reply_to_status_id": null,
    "in_reply_to_status_id_str": null,
    "in_reply_to_user_id": null,
    "in_reply_to_user_id_str": null,
    "is_quote_status": true,
    "lang": "en",
    "metadata": {
        "iso_language_code": "en",
        "result_type": "recent"
    },
    "place": null,
    "quoted_status_id": 1146001825851555840,
    "quoted_status_id_str": "1146001825851555840",
    "retweet_count": 11,
    "retweeted": false,
    "retweeted_status": {
        "contributors": null,
        "coordinates": null,
        "created_at": "Thu Jul 04 16:17:44 +0000 2019",
        "entities": {
            "hashtags": [],
            "symbols": [],
            "urls": [
                {
                    "display_url": "twitter.com/i/web/status/1\u2026",
                    "expanded_url": "https://twitter.com/i/web/status/1146815366959702017",
                    "indices": [
                        117,
                        140
                    ],
                    "url": "https://t.co/1T0dJy8KeW"
                }
            ],
            "user_mentions": []
        },
        "favorite_count": 28,
        "favorited": false,
        "geo": null,
        "id": 1146815366959702017,
        "id_str": "1146815366959702017",
        "in_reply_to_screen_name": null,
        "in_reply_to_status_id": null,
        "in_reply_to_status_id_str": null,
        "in_reply_to_user_id": null,
        "in_reply_to_user_id_str": null,
        "is_quote_status": true,
        "lang": "en",
        "metadata": {
            "iso_language_code": "en",
            "result_type": "recent"
        },
        "place": {
            "attributes": {},
            "bounding_box": {
                "coordinates": [
                    [
                        [
                            -0.2160701,
                            51.5098789
                        ],
                        [
                            -0.1301597,
                            51.5098789
                        ],
                        [
                            -0.1301597,
                            51.5397916
                        ],
                        [
                            -0.2160701,
                            51.5397916
                        ]
                    ]
                ],
                "type": "Polygon"
            },
            "contained_within": [],
            "country": "United Kingdom",
            "country_code": "GB",
            "full_name": "Paddington, London",
            "id": "56c45474148ca4da",
            "name": "Paddington",
            "place_type": "city",
            "url": "https://api.twitter.com/1.1/geo/id/56c45474148ca4da.json"
        },
        "possibly_sensitive": false,
        "quoted_status": {
            "contributors": null,
            "coordinates": null,
            "created_at": "Tue Jul 02 10:25:01 +0000 2019",
            "entities": {
                "hashtags": [],
                "media": [
                    {
                        "display_url": "pic.twitter.com/F70ZYt4vlG",
                        "expanded_url": "https://twitter.com/tzoumio/status/1146001825851555840/photo/1",
                        "id": 1146001735837724673,
                        "id_str": "1146001735837724673",
                        "indices": [
                            20,
                            43
                        ],
                        "media_url": "http://pbs.twimg.com/media/D-dqgciWsAEoUSV.jpg",
                        "media_url_https": "https://pbs.twimg.com/media/D-dqgciWsAEoUSV.jpg",
                        "sizes": {
                            "large": {
                                "h": 554,
                                "resize": "fit",
                                "w": 712
                            },
                            "medium": {
                                "h": 554,
                                "resize": "fit",
                                "w": 712
                            },
                            "small": {
                                "h": 529,
                                "resize": "fit",
                                "w": 680
                            },
                            "thumb": {
                                "h": 150,
                                "resize": "crop",
                                "w": 150
                            }
                        },
                        "type": "photo",
                        "url": "https://t.co/F70ZYt4vlG"
                    }
                ],
                "symbols": [],
                "urls": [],
                "user_mentions": []
            },
            "extended_entities": {
                "media": [
                    {
                        "display_url": "pic.twitter.com/F70ZYt4vlG",
                        "expanded_url": "https://twitter.com/tzoumio/status/1146001825851555840/photo/1",
                        "id": 1146001735837724673,
                        "id_str": "1146001735837724673",
                        "indices": [
                            20,
                            43
                        ],
                        "media_url": "http://pbs.twimg.com/media/D-dqgciWsAEoUSV.jpg",
                        "media_url_https": "https://pbs.twimg.com/media/D-dqgciWsAEoUSV.jpg",
                        "sizes": {
                            "large": {
                                "h": 554,
                                "resize": "fit",
                                "w": 712
                            },
                            "medium": {
                                "h": 554,
                                "resize": "fit",
                                "w": 712
                            },
                            "small": {
                                "h": 529,
                                "resize": "fit",
                                "w": 680
                            },
                            "thumb": {
                                "h": 150,
                                "resize": "crop",
                                "w": 150
                            }
                        },
                        "type": "photo",
                        "url": "https://t.co/F70ZYt4vlG"
                    }
                ]
            },
            "favorite_count": 490,
            "favorited": false,
            "geo": null,
            "id": 1146001825851555840,
            "id_str": "1146001825851555840",
            "in_reply_to_screen_name": null,
            "in_reply_to_status_id": null,
            "in_reply_to_status_id_str": null,
            "in_reply_to_user_id": null,
            "in_reply_to_user_id_str": null,
            "is_quote_status": false,
            "lang": "en",
            "metadata": {
                "iso_language_code": "en",
                "result_type": "recent"
            },
            "place": null,
            "possibly_sensitive": false,
            "retweet_count": 140,
            "retweeted": false,
            "source": "<a href=\"http://twitter.com\" rel=\"nofollow\">Twitter Web Client</a>",
            "text": "The Parthenon,1952. https://t.co/F70ZYt4vlG",
            "truncated": false,
            "user": {
                "contributors_enabled": false,
                "created_at": "Tue Feb 24 11:54:05 +0000 2015",
                "default_profile": true,
                "default_profile_image": false,
                "description": "",
                "entities": {
                    "description": {
                        "urls": []
                    }
                },
                "favourites_count": 2344,
                "follow_request_sent": false,
                "followers_count": 11694,
                "following": false,
                "friends_count": 91,
                "geo_enabled": false,
                "has_extended_profile": false,
                "id": 3058700361,
                "id_str": "3058700361",
                "is_translation_enabled": false,
                "is_translator": false,
                "lang": null,
                "listed_count": 434,
                "location": "",
                "name": "Ioannis Tz",
                "notifications": false,
                "profile_background_color": "C0DEED",
                "profile_background_image_url": "http://abs.twimg.com/images/themes/theme1/bg.png",
                "profile_background_image_url_https": "https://abs.twimg.com/images/themes/theme1/bg.png",
                "profile_background_tile": false,
                "profile_banner_url": "https://pbs.twimg.com/profile_banners/3058700361/1449311319",
                "profile_image_url": "http://pbs.twimg.com/profile_images/587317388963622914/fZ9wX3LX_normal.jpg",
                "profile_image_url_https": "https://pbs.twimg.com/profile_images/587317388963622914/fZ9wX3LX_normal.jpg",
                "profile_link_color": "1DA1F2",
                "profile_sidebar_border_color": "C0DEED",
                "profile_sidebar_fill_color": "DDEEF6",
                "profile_text_color": "333333",
                "profile_use_background_image": true,
                "protected": false,
                "screen_name": "tzoumio",
                "statuses_count": 33920,
                "time_zone": null,
                "translator_type": "none",
                "url": null,
                "utc_offset": null,
                "verified": false
            }
        },
        "quoted_status_id": 1146001825851555840,
        "quoted_status_id_str": "1146001825851555840",
        "retweet_count": 11,
        "retweeted": false,
        "source": "<a href=\"http://twitter.com/download/android\" rel=\"nofollow\">Twitter for Android</a>",
        "text": "This 1952 view of the Parthenon looks very similar to how it is today - you have to look more closely to see the va\u2026 https://t.co/1T0dJy8KeW",
        "truncated": true,
        "user": {
            "contributors_enabled": false,
            "created_at": "Fri Jul 10 12:34:07 +0000 2009",
            "default_profile": false,
            "default_profile_image": false,
            "description": "Parthenon Sculptures (AKA Elgin Marbles) - Musings on their return, plus other cultural property disputes, museums, art law, archaeology, architecture & Greece",
            "entities": {
                "description": {
                    "urls": []
                },
                "url": {
                    "urls": [
                        {
                            "display_url": "elginism.com",
                            "expanded_url": "http://www.elginism.com",
                            "indices": [
                                0,
                                22
                            ],
                            "url": "http://t.co/rQAhXoBjzP"
                        }
                    ]
                }
            },
            "favourites_count": 6374,
            "follow_request_sent": false,
            "followers_count": 8783,
            "following": false,
            "friends_count": 9653,
            "geo_enabled": true,
            "has_extended_profile": false,
            "id": 55548410,
            "id_str": "55548410",
            "is_translation_enabled": false,
            "is_translator": false,
            "lang": null,
            "listed_count": 327,
            "location": "London, UK",
            "name": "Elginism",
            "notifications": false,
            "profile_background_color": "7E9CC1",
            "profile_background_image_url": "http://abs.twimg.com/images/themes/theme1/bg.png",
            "profile_background_image_url_https": "https://abs.twimg.com/images/themes/theme1/bg.png",
            "profile_background_tile": true,
            "profile_image_url": "http://pbs.twimg.com/profile_images/313110488/small_elginism_normal.jpg",
            "profile_image_url_https": "https://pbs.twimg.com/profile_images/313110488/small_elginism_normal.jpg",
            "profile_link_color": "5C6C7D",
            "profile_sidebar_border_color": "8190A3",
            "profile_sidebar_fill_color": "D0D6DF",
            "profile_text_color": "333333",
            "profile_use_background_image": true,
            "protected": false,
            "screen_name": "elginism",
            "statuses_count": 9971,
            "time_zone": null,
            "translator_type": "none",
            "url": "http://t.co/rQAhXoBjzP",
            "utc_offset": null,
            "verified": false
        }
    },
    "source": "<a href=\"http://twitter.com/download/iphone\" rel=\"nofollow\">Twitter for iPhone</a>",
    "text": "RT @elginism: This 1952 view of the Parthenon looks very similar to how it is today - you have to look more closely to see the vast and com\u2026",
    "truncated": false,
    "user": {
        "contributors_enabled": false,
        "created_at": "Sat Mar 08 04:10:48 +0000 2014",
        "default_profile": true,
        "default_profile_image": false,
        "description": "",
        "entities": {
            "description": {
                "urls": []
            }
        },
        "favourites_count": 18082,
        "follow_request_sent": false,
        "followers_count": 187,
        "following": false,
        "friends_count": 166,
        "geo_enabled": false,
        "has_extended_profile": false,
        "id": 2378111809,
        "id_str": "2378111809",
        "is_translation_enabled": false,
        "is_translator": false,
        "lang": null,
        "listed_count": 4,
        "location": "",
        "name": "Peter Stathopoulos",
        "notifications": false,
        "profile_background_color": "C0DEED",
        "profile_background_image_url": "http://abs.twimg.com/images/themes/theme1/bg.png",
        "profile_background_image_url_https": "https://abs.twimg.com/images/themes/theme1/bg.png",
        "profile_background_tile": false,
        "profile_image_url": "http://pbs.twimg.com/profile_images/1035506113775423494/_c9FydoN_normal.jpg",
        "profile_image_url_https": "https://pbs.twimg.com/profile_images/1035506113775423494/_c9FydoN_normal.jpg",
        "profile_link_color": "1DA1F2",
        "profile_sidebar_border_color": "C0DEED",
        "profile_sidebar_fill_color": "DDEEF6",
        "profile_text_color": "333333",
        "profile_use_background_image": true,
        "protected": false,
        "screen_name": "StathHawk",
        "statuses_count": 7780,
        "time_zone": null,
        "translator_type": "none",
        "url": null,
        "utc_offset": null,
        "verified": false
    }
}
