{
    "contributors": null,
    "coordinates": null,
    "created_at": "Thu Jul 04 16:05:10 +0000 2019",
    "entities": {
        "hashtags": [],
        "symbols": [],
        "urls": [
            {
                "display_url": "twitter.com/i/web/status/1\u2026",
                "expanded_url": "https://twitter.com/i/web/status/1146812203431092225",
                "indices": [
                    99,
                    122
                ],
                "url": "https://t.co/mWBxeJArBY"
            }
        ],
        "user_mentions": []
    },
    "favorite_count": 0,
    "favorited": false,
    "geo": null,
    "id": 1146812203431092225,
    "id_str": "1146812203431092225",
    "in_reply_to_screen_name": null,
    "in_reply_to_status_id": null,
    "in_reply_to_status_id_str": null,
    "in_reply_to_user_id": null,
    "in_reply_to_user_id_str": null,
    "is_quote_status": false,
    "lang": "en",
    "metadata": {
        "iso_language_code": "en",
        "result_type": "recent"
    },
    "place": null,
    "possibly_sensitive": false,
    "retweet_count": 0,
    "retweeted": false,
    "source": "<a href=\"https://www.loomly.com/\" rel=\"nofollow\">Loomly</a>",
    "text": "\ud83d\udea8 FLASH OFFER 20% DISCOUNT \ud83d\udea8\n \ud83d\udc49\ud83c\udffb Acropolis and the Athens old town Tour (Plaka &amp; Monastiraki)\u2026 https://t.co/mWBxeJArBY",
    "truncated": true,
    "user": {
        "contributors_enabled": false,
        "created_at": "Tue Feb 01 09:44:06 +0000 2011",
        "default_profile": false,
        "default_profile_image": false,
        "description": "Authentic #travel experiences in #Greece for all you travel buffs out there! Historical walking tours & food tours with my licensed tour guides! \u2600 #Athens",
        "entities": {
            "description": {
                "urls": []
            },
            "url": {
                "urls": [
                    {
                        "display_url": "athenswalkingtours.gr",
                        "expanded_url": "http://www.athenswalkingtours.gr",
                        "indices": [
                            0,
                            22
                        ],
                        "url": "http://t.co/cxBd39UsGp"
                    }
                ]
            }
        },
        "favourites_count": 755,
        "follow_request_sent": false,
        "followers_count": 1979,
        "following": false,
        "friends_count": 1871,
        "geo_enabled": false,
        "has_extended_profile": false,
        "id": 245719526,
        "id_str": "245719526",
        "is_translation_enabled": false,
        "is_translator": false,
        "lang": null,
        "listed_count": 247,
        "location": "Athens, Greece",
        "name": "AthensWalkingTours",
        "notifications": false,
        "profile_background_color": "FFFDFC",
        "profile_background_image_url": "http://abs.twimg.com/images/themes/theme1/bg.png",
        "profile_background_image_url_https": "https://abs.twimg.com/images/themes/theme1/bg.png",
        "profile_background_tile": false,
        "profile_banner_url": "https://pbs.twimg.com/profile_banners/245719526/1492859551",
        "profile_image_url": "http://pbs.twimg.com/profile_images/855737534311223296/SivSxKjp_normal.jpg",
        "profile_image_url_https": "https://pbs.twimg.com/profile_images/855737534311223296/SivSxKjp_normal.jpg",
        "profile_link_color": "EC702F",
        "profile_sidebar_border_color": "C0DEED",
        "profile_sidebar_fill_color": "DDEEF6",
        "profile_text_color": "333333",
        "profile_use_background_image": true,
        "protected": false,
        "screen_name": "AthensWalking",
        "statuses_count": 7171,
        "time_zone": null,
        "translator_type": "none",
        "url": "http://t.co/cxBd39UsGp",
        "utc_offset": null,
        "verified": false
    }
}
