{
    "contributors": null,
    "coordinates": {
        "coordinates": [
            23.74111111,
            37.96833333
        ],
        "type": "Point"
    },
    "created_at": "Mon Jul 01 19:03:35 +0000 2019",
    "entities": {
        "hashtags": [
            {
                "indices": [
                    63,
                    79
                ],
                "text": "newneighborhood"
            },
            {
                "indices": [
                    81,
                    88
                ],
                "text": "athens"
            },
            {
                "indices": [
                    89,
                    99
                ],
                "text": "1stofjuly"
            }
        ],
        "symbols": [],
        "urls": [
            {
                "display_url": "twitter.com/i/web/status/1\u2026",
                "expanded_url": "https://twitter.com/i/web/status/1145769939044904962",
                "indices": [
                    101,
                    124
                ],
                "url": "https://t.co/yKbds6c8lX"
            }
        ],
        "user_mentions": []
    },
    "favorite_count": 0,
    "favorited": false,
    "geo": {
        "coordinates": [
            37.96833333,
            23.74111111
        ],
        "type": "Point"
    },
    "id": 1145769939044904962,
    "id_str": "1145769939044904962",
    "in_reply_to_screen_name": null,
    "in_reply_to_status_id": null,
    "in_reply_to_status_id_str": null,
    "in_reply_to_user_id": null,
    "in_reply_to_user_id_str": null,
    "is_quote_status": false,
    "lang": "en",
    "metadata": {
        "iso_language_code": "en",
        "result_type": "recent"
    },
    "place": {
        "attributes": {},
        "bounding_box": {
            "coordinates": [
                [
                    [
                        22.8905274,
                        35.8224754
                    ],
                    [
                        24.1165237,
                        35.8224754
                    ],
                    [
                        24.1165237,
                        38.3409863
                    ],
                    [
                        22.8905274,
                        38.3409863
                    ]
                ]
            ],
            "type": "Polygon"
        },
        "contained_within": [],
        "country": "Hellas",
        "country_code": "GR",
        "full_name": "Attiki, Greece",
        "id": "00279a5763b04e35",
        "name": "Attiki",
        "place_type": "admin",
        "url": "https://api.twitter.com/1.1/geo/id/00279a5763b04e35.json"
    },
    "possibly_sensitive": false,
    "retweet_count": 0,
    "retweeted": false,
    "source": "<a href=\"http://instagram.com\" rel=\"nofollow\">Instagram</a>",
    "text": "Panathenaic Stadium.\n\u2022\u2022\u2022\u2022\u2022\u2022\u2022\u2022\u2022\u2022\u2022\u2022\u2022\u2022\u2022\u2022\u2022\u2022\u2022\u2022\u2022\u2022\u2022\u2022\u2022\u2022\u2022\u2022\u2022\u2022\u2022\u2022\u2022\u2022\u2022\u2022\u2022\u2022\u2022\u2022\u2022\n#newneighborhood \n#athens\n#1stofjuly\u2026 https://t.co/yKbds6c8lX",
    "truncated": true,
    "user": {
        "contributors_enabled": false,
        "created_at": "Thu Mar 10 10:27:52 +0000 2011",
        "default_profile": false,
        "default_profile_image": false,
        "description": "\u0391\u03bd \u03bc\u03c0\u03bf\u03c1\u03bf\u03cd\u03bd \u03bd\u03b1 \u03c4\u03bf \u03ad\u03c7\u03bf\u03c5\u03bd \u03cc\u03bb\u03bf\u03b9,\u03b4\u03b5\u03bd \u03c4\u03bf \u03b8\u03ad\u03bb\u03c9. hair stylist/make up artist",
        "entities": {
            "description": {
                "urls": []
            }
        },
        "favourites_count": 1414,
        "follow_request_sent": false,
        "followers_count": 5206,
        "following": false,
        "friends_count": 407,
        "geo_enabled": true,
        "has_extended_profile": false,
        "id": 263593771,
        "id_str": "263593771",
        "is_translation_enabled": false,
        "is_translator": false,
        "lang": "en",
        "listed_count": 33,
        "location": "ATHENS",
        "name": "spiros samoilis",
        "notifications": false,
        "profile_background_color": "1A1B1F",
        "profile_background_image_url": "http://abs.twimg.com/images/themes/theme9/bg.gif",
        "profile_background_image_url_https": "https://abs.twimg.com/images/themes/theme9/bg.gif",
        "profile_background_tile": false,
        "profile_banner_url": "https://pbs.twimg.com/profile_banners/263593771/1427972249",
        "profile_image_url": "http://pbs.twimg.com/profile_images/634828899411722241/z6cc7km7_normal.jpg",
        "profile_image_url_https": "https://pbs.twimg.com/profile_images/634828899411722241/z6cc7km7_normal.jpg",
        "profile_link_color": "2FC2EF",
        "profile_sidebar_border_color": "181A1E",
        "profile_sidebar_fill_color": "252429",
        "profile_text_color": "666666",
        "profile_use_background_image": true,
        "protected": false,
        "screen_name": "AgiosSpiridwnas",
        "statuses_count": 6748,
        "time_zone": null,
        "translator_type": "none",
        "url": null,
        "utc_offset": null,
        "verified": false
    }
}
