{
    "contributors": null,
    "coordinates": null,
    "created_at": "Mon Jul 01 18:40:40 +0000 2019",
    "entities": {
        "hashtags": [],
        "symbols": [],
        "urls": [
            {
                "display_url": "twitter.com/i/web/status/1\u2026",
                "expanded_url": "https://twitter.com/i/web/status/1145764173420191745",
                "indices": [
                    117,
                    140
                ],
                "url": "https://t.co/I3LzA4FvvF"
            }
        ],
        "user_mentions": []
    },
    "favorite_count": 0,
    "favorited": false,
    "geo": null,
    "id": 1145764173420191745,
    "id_str": "1145764173420191745",
    "in_reply_to_screen_name": null,
    "in_reply_to_status_id": null,
    "in_reply_to_status_id_str": null,
    "in_reply_to_user_id": null,
    "in_reply_to_user_id_str": null,
    "is_quote_status": false,
    "lang": "en",
    "metadata": {
        "iso_language_code": "en",
        "result_type": "recent"
    },
    "place": null,
    "possibly_sensitive": false,
    "retweet_count": 0,
    "retweeted": false,
    "source": "<a href=\"http://hearsaysystems.com\" rel=\"nofollow\">Hearsay Social</a>",
    "text": "July is here! We\u2019re halfway into the year and excited for the rest. Give us a call if we can help with any insuranc\u2026 https://t.co/I3LzA4FvvF",
    "truncated": true,
    "user": {
        "contributors_enabled": false,
        "created_at": "Wed Jan 04 13:20:52 +0000 2012",
        "default_profile": true,
        "default_profile_image": false,
        "description": "Farmers Insurance",
        "entities": {
            "description": {
                "urls": []
            },
            "url": {
                "urls": [
                    {
                        "display_url": "agents.farmers.com/ga/athens/nori\u2026",
                        "expanded_url": "https://agents.farmers.com/ga/athens/noris-diaz",
                        "indices": [
                            0,
                            23
                        ],
                        "url": "https://t.co/KOjmUk4QIQ"
                    }
                ]
            }
        },
        "favourites_count": 105,
        "follow_request_sent": false,
        "followers_count": 39,
        "following": false,
        "friends_count": 79,
        "geo_enabled": false,
        "has_extended_profile": false,
        "id": 454856244,
        "id_str": "454856244",
        "is_translation_enabled": false,
        "is_translator": false,
        "lang": "en",
        "listed_count": 0,
        "location": "Athens, GA",
        "name": "Noris Diaz",
        "notifications": false,
        "profile_background_color": "C0DEED",
        "profile_background_image_url": "http://abs.twimg.com/images/themes/theme1/bg.png",
        "profile_background_image_url_https": "https://abs.twimg.com/images/themes/theme1/bg.png",
        "profile_background_tile": false,
        "profile_banner_url": "https://pbs.twimg.com/profile_banners/454856244/1452951829",
        "profile_image_url": "http://pbs.twimg.com/profile_images/1082497366564003842/DPzs4F14_normal.jpg",
        "profile_image_url_https": "https://pbs.twimg.com/profile_images/1082497366564003842/DPzs4F14_normal.jpg",
        "profile_link_color": "1DA1F2",
        "profile_sidebar_border_color": "C0DEED",
        "profile_sidebar_fill_color": "DDEEF6",
        "profile_text_color": "333333",
        "profile_use_background_image": true,
        "protected": false,
        "screen_name": "norisd_us",
        "statuses_count": 81,
        "time_zone": null,
        "translator_type": "none",
        "url": "https://t.co/KOjmUk4QIQ",
        "utc_offset": null,
        "verified": false
    }
}
