{
    "contributors": null,
    "coordinates": null,
    "created_at": "Tue Jul 02 07:18:09 +0000 2019",
    "entities": {
        "hashtags": [],
        "symbols": [],
        "urls": [],
        "user_mentions": [
            {
                "id": 402062567,
                "id_str": "402062567",
                "indices": [
                    3,
                    15
                ],
                "name": "Nail",
                "screen_name": "NeilMotwani"
            }
        ]
    },
    "favorite_count": 0,
    "favorited": false,
    "geo": null,
    "id": 1145954796886794240,
    "id_str": "1145954796886794240",
    "in_reply_to_screen_name": null,
    "in_reply_to_status_id": null,
    "in_reply_to_status_id_str": null,
    "in_reply_to_user_id": null,
    "in_reply_to_user_id_str": null,
    "is_quote_status": false,
    "lang": "en",
    "metadata": {
        "iso_language_code": "en",
        "result_type": "recent"
    },
    "place": null,
    "retweet_count": 14,
    "retweeted": false,
    "retweeted_status": {
        "contributors": null,
        "coordinates": null,
        "created_at": "Mon Jul 01 20:13:50 +0000 2019",
        "entities": {
            "hashtags": [],
            "symbols": [],
            "urls": [
                {
                    "display_url": "twitter.com/i/web/status/1\u2026",
                    "expanded_url": "https://twitter.com/i/web/status/1145787617662738432",
                    "indices": [
                        117,
                        140
                    ],
                    "url": "https://t.co/iEw5uTTHOJ"
                }
            ],
            "user_mentions": []
        },
        "favorite_count": 62,
        "favorited": false,
        "geo": null,
        "id": 1145787617662738432,
        "id_str": "1145787617662738432",
        "in_reply_to_screen_name": null,
        "in_reply_to_status_id": null,
        "in_reply_to_status_id_str": null,
        "in_reply_to_user_id": null,
        "in_reply_to_user_id_str": null,
        "is_quote_status": false,
        "lang": "en",
        "metadata": {
            "iso_language_code": "en",
            "result_type": "recent"
        },
        "place": null,
        "retweet_count": 14,
        "retweeted": false,
        "source": "<a href=\"https://mobile.twitter.com\" rel=\"nofollow\">Twitter Web App</a>",
        "text": "florence welch is closing her tour out at the ACROPOLIS where she will transform, live, into persephone and persona\u2026 https://t.co/iEw5uTTHOJ",
        "truncated": true,
        "user": {
            "contributors_enabled": false,
            "created_at": "Mon Oct 31 13:59:41 +0000 2011",
            "default_profile": false,
            "default_profile_image": false,
            "description": "just a goblin waiting for the earth to reclaim me",
            "entities": {
                "description": {
                    "urls": []
                }
            },
            "favourites_count": 2824,
            "follow_request_sent": false,
            "followers_count": 193,
            "following": false,
            "friends_count": 199,
            "geo_enabled": false,
            "has_extended_profile": false,
            "id": 402062567,
            "id_str": "402062567",
            "is_translation_enabled": false,
            "is_translator": false,
            "lang": "en",
            "listed_count": 1,
            "location": "",
            "name": "Nail",
            "notifications": false,
            "profile_background_color": "000000",
            "profile_background_image_url": "http://abs.twimg.com/images/themes/theme1/bg.png",
            "profile_background_image_url_https": "https://abs.twimg.com/images/themes/theme1/bg.png",
            "profile_background_tile": false,
            "profile_banner_url": "https://pbs.twimg.com/profile_banners/402062567/1538805163",
            "profile_image_url": "http://pbs.twimg.com/profile_images/1133132865779060736/5HthHsv8_normal.jpg",
            "profile_image_url_https": "https://pbs.twimg.com/profile_images/1133132865779060736/5HthHsv8_normal.jpg",
            "profile_link_color": "000000",
            "profile_sidebar_border_color": "000000",
            "profile_sidebar_fill_color": "636363",
            "profile_text_color": "000000",
            "profile_use_background_image": true,
            "protected": false,
            "screen_name": "NeilMotwani",
            "statuses_count": 10095,
            "time_zone": null,
            "translator_type": "regular",
            "url": null,
            "utc_offset": null,
            "verified": false
        }
    },
    "source": "<a href=\"http://twitter.com/download/android\" rel=\"nofollow\">Twitter for Android</a>",
    "text": "RT @NeilMotwani: florence welch is closing her tour out at the ACROPOLIS where she will transform, live, into persephone and personally dra\u2026",
    "truncated": false,
    "user": {
        "contributors_enabled": false,
        "created_at": "Mon Sep 13 16:18:11 +0000 2010",
        "default_profile": false,
        "default_profile_image": false,
        "description": "Non-Binary. writer & working in digital marketing. Italian Greyhound owner & garlic bread enthusiast. They/Them \ud83c\udf38\ud83c\udf43 rhysjharding@gmail.com",
        "entities": {
            "description": {
                "urls": []
            },
            "url": {
                "urls": [
                    {
                        "display_url": "rhysharding.com",
                        "expanded_url": "http://www.rhysharding.com",
                        "indices": [
                            0,
                            23
                        ],
                        "url": "https://t.co/wIqfgrOcg0"
                    }
                ]
            }
        },
        "favourites_count": 54301,
        "follow_request_sent": false,
        "followers_count": 1707,
        "following": false,
        "friends_count": 167,
        "geo_enabled": true,
        "has_extended_profile": true,
        "id": 190301899,
        "id_str": "190301899",
        "is_translation_enabled": false,
        "is_translator": false,
        "lang": "en",
        "listed_count": 11,
        "location": "London",
        "name": "garlic",
        "notifications": false,
        "profile_background_color": "8897CF",
        "profile_background_image_url": "http://abs.twimg.com/images/themes/theme1/bg.png",
        "profile_background_image_url_https": "https://abs.twimg.com/images/themes/theme1/bg.png",
        "profile_background_tile": true,
        "profile_banner_url": "https://pbs.twimg.com/profile_banners/190301899/1541530090",
        "profile_image_url": "http://pbs.twimg.com/profile_images/1126844952149995525/TprvpMxk_normal.jpg",
        "profile_image_url_https": "https://pbs.twimg.com/profile_images/1126844952149995525/TprvpMxk_normal.jpg",
        "profile_link_color": "7FDBB6",
        "profile_sidebar_border_color": "000000",
        "profile_sidebar_fill_color": "252429",
        "profile_text_color": "00A6FF",
        "profile_use_background_image": true,
        "protected": false,
        "screen_name": "rhysjharding",
        "statuses_count": 62322,
        "time_zone": null,
        "translator_type": "regular",
        "url": "https://t.co/wIqfgrOcg0",
        "utc_offset": null,
        "verified": false
    }
}
