{
    "contributors": null,
    "coordinates": null,
    "created_at": "Tue Jun 25 09:44:38 +0000 2019",
    "entities": {
        "hashtags": [
            {
                "indices": [
                    58,
                    70
                ],
                "text": "VisitGreece"
            },
            {
                "indices": [
                    71,
                    78
                ],
                "text": "travel"
            },
            {
                "indices": [
                    79,
                    84
                ],
                "text": "ttot"
            }
        ],
        "media": [
            {
                "display_url": "pic.twitter.com/0wvHpLIwaK",
                "expanded_url": "https://twitter.com/VisitGreecegr/status/1143383316235767808/photo/1",
                "id": 1141661460076093440,
                "id_str": "1141661460076093440",
                "indices": [
                    85,
                    108
                ],
                "media_url": "http://pbs.twimg.com/media/D9f_DJWW4AAhO_9.jpg",
                "media_url_https": "https://pbs.twimg.com/media/D9f_DJWW4AAhO_9.jpg",
                "sizes": {
                    "large": {
                        "h": 708,
                        "resize": "fit",
                        "w": 1064
                    },
                    "medium": {
                        "h": 708,
                        "resize": "fit",
                        "w": 1064
                    },
                    "small": {
                        "h": 452,
                        "resize": "fit",
                        "w": 680
                    },
                    "thumb": {
                        "h": 150,
                        "resize": "crop",
                        "w": 150
                    }
                },
                "source_status_id": 1143383316235767808,
                "source_status_id_str": "1143383316235767808",
                "source_user_id": 188656529,
                "source_user_id_str": "188656529",
                "type": "photo",
                "url": "https://t.co/0wvHpLIwaK"
            }
        ],
        "symbols": [],
        "urls": [],
        "user_mentions": [
            {
                "id": 188656529,
                "id_str": "188656529",
                "indices": [
                    3,
                    17
                ],
                "name": "Visit Greece",
                "screen_name": "VisitGreecegr"
            }
        ]
    },
    "extended_entities": {
        "media": [
            {
                "display_url": "pic.twitter.com/0wvHpLIwaK",
                "expanded_url": "https://twitter.com/VisitGreecegr/status/1143383316235767808/photo/1",
                "id": 1141661460076093440,
                "id_str": "1141661460076093440",
                "indices": [
                    85,
                    108
                ],
                "media_url": "http://pbs.twimg.com/media/D9f_DJWW4AAhO_9.jpg",
                "media_url_https": "https://pbs.twimg.com/media/D9f_DJWW4AAhO_9.jpg",
                "sizes": {
                    "large": {
                        "h": 708,
                        "resize": "fit",
                        "w": 1064
                    },
                    "medium": {
                        "h": 708,
                        "resize": "fit",
                        "w": 1064
                    },
                    "small": {
                        "h": 452,
                        "resize": "fit",
                        "w": 680
                    },
                    "thumb": {
                        "h": 150,
                        "resize": "crop",
                        "w": 150
                    }
                },
                "source_status_id": 1143383316235767808,
                "source_status_id_str": "1143383316235767808",
                "source_user_id": 188656529,
                "source_user_id_str": "188656529",
                "type": "photo",
                "url": "https://t.co/0wvHpLIwaK"
            }
        ]
    },
    "favorite_count": 0,
    "favorited": false,
    "geo": null,
    "id": 1143454949080272896,
    "id_str": "1143454949080272896",
    "in_reply_to_screen_name": null,
    "in_reply_to_status_id": null,
    "in_reply_to_status_id_str": null,
    "in_reply_to_user_id": null,
    "in_reply_to_user_id_str": null,
    "is_quote_status": false,
    "lang": "en",
    "metadata": {
        "iso_language_code": "en",
        "result_type": "recent"
    },
    "place": null,
    "possibly_sensitive": false,
    "retweet_count": 45,
    "retweeted": false,
    "retweeted_status": {
        "contributors": null,
        "coordinates": null,
        "created_at": "Tue Jun 25 05:00:00 +0000 2019",
        "entities": {
            "hashtags": [
                {
                    "indices": [
                        39,
                        51
                    ],
                    "text": "VisitGreece"
                },
                {
                    "indices": [
                        52,
                        59
                    ],
                    "text": "travel"
                },
                {
                    "indices": [
                        60,
                        65
                    ],
                    "text": "ttot"
                }
            ],
            "media": [
                {
                    "display_url": "pic.twitter.com/0wvHpLIwaK",
                    "expanded_url": "https://twitter.com/VisitGreecegr/status/1143383316235767808/photo/1",
                    "id": 1141661460076093440,
                    "id_str": "1141661460076093440",
                    "indices": [
                        66,
                        89
                    ],
                    "media_url": "http://pbs.twimg.com/media/D9f_DJWW4AAhO_9.jpg",
                    "media_url_https": "https://pbs.twimg.com/media/D9f_DJWW4AAhO_9.jpg",
                    "sizes": {
                        "large": {
                            "h": 708,
                            "resize": "fit",
                            "w": 1064
                        },
                        "medium": {
                            "h": 708,
                            "resize": "fit",
                            "w": 1064
                        },
                        "small": {
                            "h": 452,
                            "resize": "fit",
                            "w": 680
                        },
                        "thumb": {
                            "h": 150,
                            "resize": "crop",
                            "w": 150
                        }
                    },
                    "type": "photo",
                    "url": "https://t.co/0wvHpLIwaK"
                }
            ],
            "symbols": [],
            "urls": [],
            "user_mentions": []
        },
        "extended_entities": {
            "media": [
                {
                    "display_url": "pic.twitter.com/0wvHpLIwaK",
                    "expanded_url": "https://twitter.com/VisitGreecegr/status/1143383316235767808/photo/1",
                    "id": 1141661460076093440,
                    "id_str": "1141661460076093440",
                    "indices": [
                        66,
                        89
                    ],
                    "media_url": "http://pbs.twimg.com/media/D9f_DJWW4AAhO_9.jpg",
                    "media_url_https": "https://pbs.twimg.com/media/D9f_DJWW4AAhO_9.jpg",
                    "sizes": {
                        "large": {
                            "h": 708,
                            "resize": "fit",
                            "w": 1064
                        },
                        "medium": {
                            "h": 708,
                            "resize": "fit",
                            "w": 1064
                        },
                        "small": {
                            "h": 452,
                            "resize": "fit",
                            "w": 680
                        },
                        "thumb": {
                            "h": 150,
                            "resize": "crop",
                            "w": 150
                        }
                    },
                    "type": "photo",
                    "url": "https://t.co/0wvHpLIwaK"
                }
            ]
        },
        "favorite_count": 216,
        "favorited": false,
        "geo": null,
        "id": 1143383316235767808,
        "id_str": "1143383316235767808",
        "in_reply_to_screen_name": null,
        "in_reply_to_status_id": null,
        "in_reply_to_status_id_str": null,
        "in_reply_to_user_id": null,
        "in_reply_to_user_id_str": null,
        "is_quote_status": false,
        "lang": "en",
        "metadata": {
            "iso_language_code": "en",
            "result_type": "recent"
        },
        "place": null,
        "possibly_sensitive": false,
        "retweet_count": 45,
        "retweeted": false,
        "source": "<a href=\"https://about.twitter.com/products/tweetdeck\" rel=\"nofollow\">TweetDeck</a>",
        "text": "Good morning from Monastiraki, Athens. #VisitGreece #travel #ttot https://t.co/0wvHpLIwaK",
        "truncated": false,
        "user": {
            "contributors_enabled": false,
            "created_at": "Thu Sep 09 07:47:16 +0000 2010",
            "default_profile": false,
            "default_profile_image": false,
            "description": "Welcome to the official Visit Greece page, created by the G.N.T.O. web team. Our mission is to show & share what Greece is all about! #VisitGreece #travel #tips",
            "entities": {
                "description": {
                    "urls": []
                },
                "url": {
                    "urls": [
                        {
                            "display_url": "visitgreece.gr",
                            "expanded_url": "http://www.visitgreece.gr",
                            "indices": [
                                0,
                                22
                            ],
                            "url": "http://t.co/ykjcBuYs9k"
                        }
                    ]
                }
            },
            "favourites_count": 17318,
            "follow_request_sent": false,
            "followers_count": 105437,
            "following": false,
            "friends_count": 1668,
            "geo_enabled": true,
            "has_extended_profile": false,
            "id": 188656529,
            "id_str": "188656529",
            "is_translation_enabled": false,
            "is_translator": false,
            "lang": "en",
            "listed_count": 1450,
            "location": "Greece",
            "name": "Visit Greece",
            "notifications": false,
            "profile_background_color": "FFFFFF",
            "profile_background_image_url": "http://abs.twimg.com/images/themes/theme1/bg.png",
            "profile_background_image_url_https": "https://abs.twimg.com/images/themes/theme1/bg.png",
            "profile_background_tile": false,
            "profile_banner_url": "https://pbs.twimg.com/profile_banners/188656529/1558086640",
            "profile_image_url": "http://pbs.twimg.com/profile_images/1129299997034524672/bQkD4oWL_normal.png",
            "profile_image_url_https": "https://pbs.twimg.com/profile_images/1129299997034524672/bQkD4oWL_normal.png",
            "profile_link_color": "1B95E0",
            "profile_sidebar_border_color": "FFFFFF",
            "profile_sidebar_fill_color": "DDEEF6",
            "profile_text_color": "333333",
            "profile_use_background_image": true,
            "protected": false,
            "screen_name": "VisitGreecegr",
            "statuses_count": 30946,
            "time_zone": null,
            "translator_type": "none",
            "url": "http://t.co/ykjcBuYs9k",
            "utc_offset": null,
            "verified": false
        }
    },
    "source": "<a href=\"http://twitter.com/download/android\" rel=\"nofollow\">Twitter for Android</a>",
    "text": "RT @VisitGreecegr: Good morning from Monastiraki, Athens. #VisitGreece #travel #ttot https://t.co/0wvHpLIwaK",
    "truncated": false,
    "user": {
        "contributors_enabled": false,
        "created_at": "Thu Jun 16 21:19:34 +0000 2011",
        "default_profile": false,
        "default_profile_image": false,
        "description": "Greece, Environmental Science, Environmental Management, 4 daughters, The Netherlands",
        "entities": {
            "description": {
                "urls": []
            }
        },
        "favourites_count": 143,
        "follow_request_sent": false,
        "followers_count": 51,
        "following": false,
        "friends_count": 49,
        "geo_enabled": false,
        "has_extended_profile": false,
        "id": 318670796,
        "id_str": "318670796",
        "is_translation_enabled": false,
        "is_translator": false,
        "lang": "nl",
        "listed_count": 36,
        "location": "",
        "name": "NikosE6GR",
        "notifications": false,
        "profile_background_color": "709397",
        "profile_background_image_url": "http://abs.twimg.com/images/themes/theme6/bg.gif",
        "profile_background_image_url_https": "https://abs.twimg.com/images/themes/theme6/bg.gif",
        "profile_background_tile": false,
        "profile_image_url": "http://pbs.twimg.com/profile_images/1533412494/images_normal.jpg",
        "profile_image_url_https": "https://pbs.twimg.com/profile_images/1533412494/images_normal.jpg",
        "profile_link_color": "FF3300",
        "profile_sidebar_border_color": "86A4A6",
        "profile_sidebar_fill_color": "A0C5C7",
        "profile_text_color": "333333",
        "profile_use_background_image": true,
        "protected": false,
        "screen_name": "NikosE6GR",
        "statuses_count": 1558,
        "time_zone": null,
        "translator_type": "none",
        "url": null,
        "utc_offset": null,
        "verified": false
    }
}
