{
    "contributors": null,
    "coordinates": null,
    "created_at": "Sat Aug 17 05:34:26 +0000 2019",
    "entities": {
        "hashtags": [],
        "symbols": [],
        "urls": [
            {
                "display_url": "twitter.com/i/web/status/1\u2026",
                "expanded_url": "https://twitter.com/i/web/status/1162598539626602496",
                "indices": [
                    121,
                    144
                ],
                "url": "https://t.co/NxRS4pVzA9"
            }
        ],
        "user_mentions": [
            {
                "id": 774960210007830529,
                "id_str": "774960210007830529",
                "indices": [
                    0,
                    10
                ],
                "name": "Ogie Rosa",
                "screen_name": "ogie_rosa"
            }
        ]
    },
    "favorite_count": 2,
    "favorited": false,
    "geo": null,
    "id": 1162598539626602496,
    "id_str": "1162598539626602496",
    "in_reply_to_screen_name": "ogie_rosa",
    "in_reply_to_status_id": 1162261070754414594,
    "in_reply_to_status_id_str": "1162261070754414594",
    "in_reply_to_user_id": 774960210007830529,
    "in_reply_to_user_id_str": "774960210007830529",
    "is_quote_status": false,
    "lang": "en",
    "metadata": {
        "iso_language_code": "en",
        "result_type": "recent"
    },
    "place": null,
    "retweet_count": 0,
    "retweeted": false,
    "source": "<a href=\"https://mobile.twitter.com\" rel=\"nofollow\">Twitter Web App</a>",
    "text": "@ogie_rosa As soon as I be allowed to carry out my (and hopefully our) One Year 40 Pro-Poor, Pro-Truth &amp; Pro-Life N\u2026 https://t.co/NxRS4pVzA9",
    "truncated": true,
    "user": {
        "contributors_enabled": false,
        "created_at": "Sat Jun 03 15:13:13 +0000 2017",
        "default_profile": true,
        "default_profile_image": false,
        "description": "",
        "entities": {
            "description": {
                "urls": []
            }
        },
        "favourites_count": 1049,
        "follow_request_sent": false,
        "followers_count": 228,
        "following": false,
        "friends_count": 825,
        "geo_enabled": false,
        "has_extended_profile": true,
        "id": 871021963690496001,
        "id_str": "871021963690496001",
        "is_translation_enabled": false,
        "is_translator": false,
        "lang": null,
        "listed_count": 0,
        "location": "",
        "name": "Doc Jeff Ho",
        "notifications": false,
        "profile_background_color": "F5F8FA",
        "profile_background_image_url": null,
        "profile_background_image_url_https": null,
        "profile_background_tile": false,
        "profile_banner_url": "https://pbs.twimg.com/profile_banners/871021963690496001/1563781575",
        "profile_image_url": "http://pbs.twimg.com/profile_images/1153201217121636353/vsMvPoCY_normal.jpg",
        "profile_image_url_https": "https://pbs.twimg.com/profile_images/1153201217121636353/vsMvPoCY_normal.jpg",
        "profile_link_color": "1DA1F2",
        "profile_sidebar_border_color": "C0DEED",
        "profile_sidebar_fill_color": "DDEEF6",
        "profile_text_color": "333333",
        "profile_use_background_image": true,
        "protected": false,
        "screen_name": "DocJeffHo",
        "statuses_count": 1117,
        "time_zone": null,
        "translator_type": "none",
        "url": null,
        "utc_offset": null,
        "verified": false
    }
}
