{
    "contributors": null,
    "coordinates": null,
    "created_at": "Mon Jul 01 14:17:58 +0000 2019",
    "entities": {
        "hashtags": [],
        "symbols": [],
        "urls": [
            {
                "display_url": "twitter.com/i/web/status/1\u2026",
                "expanded_url": "https://twitter.com/i/web/status/1145698059386589184",
                "indices": [
                    117,
                    140
                ],
                "url": "https://t.co/LYAVq3yQL8"
            }
        ],
        "user_mentions": []
    },
    "favorite_count": 0,
    "favorited": false,
    "geo": null,
    "id": 1145698059386589184,
    "id_str": "1145698059386589184",
    "in_reply_to_screen_name": null,
    "in_reply_to_status_id": null,
    "in_reply_to_status_id_str": null,
    "in_reply_to_user_id": null,
    "in_reply_to_user_id_str": null,
    "is_quote_status": false,
    "lang": "en",
    "metadata": {
        "iso_language_code": "en",
        "result_type": "recent"
    },
    "place": null,
    "retweet_count": 0,
    "retweeted": false,
    "source": "<a href=\"http://twitter.com/download/android\" rel=\"nofollow\">Twitter for Android</a>",
    "text": "Puzzles me to this day how Christ the Redeemer statue beat Angkor Wat, Acropolis or Hagia Sophia to the new seven w\u2026 https://t.co/LYAVq3yQL8",
    "truncated": true,
    "user": {
        "contributors_enabled": false,
        "created_at": "Sun Feb 02 19:27:42 +0000 2014",
        "default_profile": false,
        "default_profile_image": false,
        "description": "",
        "entities": {
            "description": {
                "urls": []
            }
        },
        "favourites_count": 1410,
        "follow_request_sent": false,
        "followers_count": 307,
        "following": false,
        "friends_count": 902,
        "geo_enabled": false,
        "has_extended_profile": false,
        "id": 2324201106,
        "id_str": "2324201106",
        "is_translation_enabled": false,
        "is_translator": false,
        "lang": "en",
        "listed_count": 5,
        "location": "",
        "name": "Sameer",
        "notifications": false,
        "profile_background_color": "000000",
        "profile_background_image_url": "http://abs.twimg.com/images/themes/theme19/bg.gif",
        "profile_background_image_url_https": "https://abs.twimg.com/images/themes/theme19/bg.gif",
        "profile_background_tile": false,
        "profile_banner_url": "https://pbs.twimg.com/profile_banners/2324201106/1546543888",
        "profile_image_url": "http://pbs.twimg.com/profile_images/1051370917022986241/r7Je0uiz_normal.jpg",
        "profile_image_url_https": "https://pbs.twimg.com/profile_images/1051370917022986241/r7Je0uiz_normal.jpg",
        "profile_link_color": "FF8000",
        "profile_sidebar_border_color": "000000",
        "profile_sidebar_fill_color": "000000",
        "profile_text_color": "000000",
        "profile_use_background_image": false,
        "protected": false,
        "screen_name": "SameerN7",
        "statuses_count": 3526,
        "time_zone": null,
        "translator_type": "none",
        "url": null,
        "utc_offset": null,
        "verified": false
    }
}
