{
    "contributors": null,
    "coordinates": null,
    "created_at": "Sat Jul 06 09:13:53 +0000 2019",
    "entities": {
        "hashtags": [],
        "symbols": [],
        "urls": [],
        "user_mentions": [
            {
                "id": 1357072916,
                "id_str": "1357072916",
                "indices": [
                    3,
                    13
                ],
                "name": "Jim Mellas",
                "screen_name": "jimmellas"
            }
        ]
    },
    "favorite_count": 0,
    "favorited": false,
    "geo": null,
    "id": 1147433477278560256,
    "id_str": "1147433477278560256",
    "in_reply_to_screen_name": null,
    "in_reply_to_status_id": null,
    "in_reply_to_status_id_str": null,
    "in_reply_to_user_id": null,
    "in_reply_to_user_id_str": null,
    "is_quote_status": false,
    "lang": "en",
    "metadata": {
        "iso_language_code": "en",
        "result_type": "recent"
    },
    "place": null,
    "retweet_count": 8,
    "retweeted": false,
    "retweeted_status": {
        "contributors": null,
        "coordinates": null,
        "created_at": "Fri Jul 05 14:16:02 +0000 2019",
        "entities": {
            "hashtags": [],
            "symbols": [],
            "urls": [
                {
                    "display_url": "twitter.com/i/web/status/1\u2026",
                    "expanded_url": "https://twitter.com/i/web/status/1147147127086182400",
                    "indices": [
                        121,
                        144
                    ],
                    "url": "https://t.co/GsJIylTeEJ"
                }
            ],
            "user_mentions": []
        },
        "favorite_count": 40,
        "favorited": false,
        "geo": null,
        "id": 1147147127086182400,
        "id_str": "1147147127086182400",
        "in_reply_to_screen_name": null,
        "in_reply_to_status_id": null,
        "in_reply_to_status_id_str": null,
        "in_reply_to_user_id": null,
        "in_reply_to_user_id_str": null,
        "is_quote_status": false,
        "lang": "en",
        "metadata": {
            "iso_language_code": "en",
            "result_type": "recent"
        },
        "place": {
            "attributes": {},
            "bounding_box": {
                "coordinates": [
                    [
                        [
                            153.186551712,
                            -28.2003171475
                        ],
                        [
                            153.552171232,
                            -28.2003171475
                        ],
                        [
                            153.552171232,
                            -27.708126368
                        ],
                        [
                            153.186551712,
                            -27.708126368
                        ]
                    ]
                ],
                "type": "Polygon"
            },
            "contained_within": [],
            "country": "Australia",
            "country_code": "AU",
            "full_name": "Gold Coast, Queensland",
            "id": "017453ae077eafd3",
            "name": "Gold Coast",
            "place_type": "city",
            "url": "https://api.twitter.com/1.1/geo/id/017453ae077eafd3.json"
        },
        "possibly_sensitive": false,
        "retweet_count": 8,
        "retweeted": false,
        "source": "<a href=\"http://twitter.com/download/iphone\" rel=\"nofollow\">Twitter for iPhone</a>",
        "text": "Does it matter whether it was owned by Prince Wilhelm of Thurn &amp; Taxi or even that thief Lord Elgin aka Thomas Bruc\u2026 https://t.co/GsJIylTeEJ",
        "truncated": true,
        "user": {
            "contributors_enabled": false,
            "created_at": "Tue Apr 16 14:52:55 +0000 2013",
            "default_profile": true,
            "default_profile_image": false,
            "description": "Barrister, Commentator, Activist and Free Speech Campaigner",
            "entities": {
                "description": {
                    "urls": []
                },
                "url": {
                    "urls": [
                        {
                            "display_url": "vicbar.com.au/profile?4433",
                            "expanded_url": "http://www.vicbar.com.au/profile?4433",
                            "indices": [
                                0,
                                23
                            ],
                            "url": "https://t.co/ghgedwCrMX"
                        }
                    ]
                }
            },
            "favourites_count": 2890,
            "follow_request_sent": false,
            "followers_count": 1940,
            "following": false,
            "friends_count": 5000,
            "geo_enabled": true,
            "has_extended_profile": false,
            "id": 1357072916,
            "id_str": "1357072916",
            "is_translation_enabled": false,
            "is_translator": false,
            "lang": null,
            "listed_count": 22,
            "location": "Melbourne",
            "name": "Jim Mellas",
            "notifications": false,
            "profile_background_color": "C0DEED",
            "profile_background_image_url": "http://abs.twimg.com/images/themes/theme1/bg.png",
            "profile_background_image_url_https": "https://abs.twimg.com/images/themes/theme1/bg.png",
            "profile_background_tile": false,
            "profile_banner_url": "https://pbs.twimg.com/profile_banners/1357072916/1534866149",
            "profile_image_url": "http://pbs.twimg.com/profile_images/944696663108591616/_A77B789_normal.jpg",
            "profile_image_url_https": "https://pbs.twimg.com/profile_images/944696663108591616/_A77B789_normal.jpg",
            "profile_link_color": "1DA1F2",
            "profile_sidebar_border_color": "C0DEED",
            "profile_sidebar_fill_color": "DDEEF6",
            "profile_text_color": "333333",
            "profile_use_background_image": true,
            "protected": false,
            "screen_name": "jimmellas",
            "statuses_count": 1305,
            "time_zone": null,
            "translator_type": "none",
            "url": "https://t.co/ghgedwCrMX",
            "utc_offset": null,
            "verified": false
        }
    },
    "source": "<a href=\"http://twitter.com/download/iphone\" rel=\"nofollow\">Twitter for iPhone</a>",
    "text": "RT @jimmellas: Does it matter whether it was owned by Prince Wilhelm of Thurn &amp; Taxi or even that thief Lord Elgin aka Thomas Bruce himself\u2026",
    "truncated": false,
    "user": {
        "contributors_enabled": false,
        "created_at": "Tue Dec 14 23:02:06 +0000 2010",
        "default_profile": true,
        "default_profile_image": false,
        "description": "Gastroenterologist, foodie, star gazer",
        "entities": {
            "description": {
                "urls": []
            },
            "url": {
                "urls": [
                    {
                        "display_url": "bhgidoc.com",
                        "expanded_url": "http://www.bhgidoc.com",
                        "indices": [
                            0,
                            23
                        ],
                        "url": "https://t.co/fvldN3JLIo"
                    }
                ]
            }
        },
        "favourites_count": 6902,
        "follow_request_sent": false,
        "followers_count": 1013,
        "following": false,
        "friends_count": 1685,
        "geo_enabled": false,
        "has_extended_profile": false,
        "id": 226733028,
        "id_str": "226733028",
        "is_translation_enabled": false,
        "is_translator": false,
        "lang": null,
        "listed_count": 71,
        "location": "Los Angeles, CA",
        "name": "Nicholas Karyotakis",
        "notifications": false,
        "profile_background_color": "C0DEED",
        "profile_background_image_url": "http://abs.twimg.com/images/themes/theme1/bg.png",
        "profile_background_image_url_https": "https://abs.twimg.com/images/themes/theme1/bg.png",
        "profile_background_tile": false,
        "profile_banner_url": "https://pbs.twimg.com/profile_banners/226733028/1487643320",
        "profile_image_url": "http://pbs.twimg.com/profile_images/637683811317350400/Ve0wnvD2_normal.jpg",
        "profile_image_url_https": "https://pbs.twimg.com/profile_images/637683811317350400/Ve0wnvD2_normal.jpg",
        "profile_link_color": "1DA1F2",
        "profile_sidebar_border_color": "C0DEED",
        "profile_sidebar_fill_color": "DDEEF6",
        "profile_text_color": "333333",
        "profile_use_background_image": true,
        "protected": false,
        "screen_name": "NicKaryotakisMD",
        "statuses_count": 3587,
        "time_zone": null,
        "translator_type": "none",
        "url": "https://t.co/fvldN3JLIo",
        "utc_offset": null,
        "verified": false
    }
}
