{
    "contributors": null,
    "coordinates": null,
    "created_at": "Sun Jun 30 11:43:33 +0000 2019",
    "entities": {
        "hashtags": [],
        "symbols": [],
        "urls": [
            {
                "display_url": "twitter.com/i/web/status/1\u2026",
                "expanded_url": "https://twitter.com/i/web/status/1145296814771441666",
                "indices": [
                    117,
                    140
                ],
                "url": "https://t.co/rqzH3dxRZx"
            }
        ],
        "user_mentions": []
    },
    "favorite_count": 5,
    "favorited": false,
    "geo": null,
    "id": 1145296814771441666,
    "id_str": "1145296814771441666",
    "in_reply_to_screen_name": null,
    "in_reply_to_status_id": null,
    "in_reply_to_status_id_str": null,
    "in_reply_to_user_id": null,
    "in_reply_to_user_id_str": null,
    "is_quote_status": false,
    "lang": "en",
    "metadata": {
        "iso_language_code": "en",
        "result_type": "recent"
    },
    "place": null,
    "possibly_sensitive": false,
    "retweet_count": 1,
    "retweeted": false,
    "source": "<a href=\"https://mobile.twitter.com\" rel=\"nofollow\">Twitter Web App</a>",
    "text": "TODAY!World Press Photo 2019 exhibition at the ground floor of the National Library of Greece at Stavros Niarchos F\u2026 https://t.co/rqzH3dxRZx",
    "truncated": true,
    "user": {
        "contributors_enabled": false,
        "created_at": "Thu Apr 04 10:46:56 +0000 2019",
        "default_profile": true,
        "default_profile_image": false,
        "description": "Athens Photo World aims to showcase the work of photojournalists and their contribution to shaping the image of our world",
        "entities": {
            "description": {
                "urls": []
            }
        },
        "favourites_count": 1,
        "follow_request_sent": false,
        "followers_count": 69,
        "following": false,
        "friends_count": 48,
        "geo_enabled": false,
        "has_extended_profile": false,
        "id": 1113754818806464512,
        "id_str": "1113754818806464512",
        "is_translation_enabled": false,
        "is_translator": false,
        "lang": "en",
        "listed_count": 1,
        "location": "",
        "name": "ATHENS PHOTO WORLD",
        "notifications": false,
        "profile_background_color": "F5F8FA",
        "profile_background_image_url": null,
        "profile_background_image_url_https": null,
        "profile_background_tile": false,
        "profile_banner_url": "https://pbs.twimg.com/profile_banners/1113754818806464512/1554376525",
        "profile_image_url": "http://pbs.twimg.com/profile_images/1113755085895622657/RxVWQ-2E_normal.jpg",
        "profile_image_url_https": "https://pbs.twimg.com/profile_images/1113755085895622657/RxVWQ-2E_normal.jpg",
        "profile_link_color": "1DA1F2",
        "profile_sidebar_border_color": "C0DEED",
        "profile_sidebar_fill_color": "DDEEF6",
        "profile_text_color": "333333",
        "profile_use_background_image": true,
        "protected": false,
        "screen_name": "athens_world",
        "statuses_count": 70,
        "time_zone": null,
        "translator_type": "none",
        "url": null,
        "utc_offset": null,
        "verified": false
    }
}
