{
    "contributors": null,
    "coordinates": null,
    "created_at": "Tue Jul 02 08:13:49 +0000 2019",
    "entities": {
        "hashtags": [
            {
                "indices": [
                    0,
                    11
                ],
                "text": "Datacenter"
            },
            {
                "indices": [
                    12,
                    27
                ],
                "text": "infrastructure"
            },
            {
                "indices": [
                    28,
                    42
                ],
                "text": "DevNetExpress"
            },
            {
                "indices": [
                    64,
                    71
                ],
                "text": "Athens"
            }
        ],
        "symbols": [],
        "urls": [
            {
                "display_url": "twitter.com/i/web/status/1\u2026",
                "expanded_url": "https://twitter.com/i/web/status/1145968807065870337",
                "indices": [
                    121,
                    144
                ],
                "url": "https://t.co/E7maH0z3aB"
            }
        ],
        "user_mentions": []
    },
    "favorite_count": 0,
    "favorited": false,
    "geo": null,
    "id": 1145968807065870337,
    "id_str": "1145968807065870337",
    "in_reply_to_screen_name": null,
    "in_reply_to_status_id": null,
    "in_reply_to_status_id_str": null,
    "in_reply_to_user_id": null,
    "in_reply_to_user_id_str": null,
    "is_quote_status": false,
    "lang": "en",
    "metadata": {
        "iso_language_code": "en",
        "result_type": "recent"
    },
    "place": null,
    "possibly_sensitive": false,
    "retweet_count": 0,
    "retweeted": false,
    "source": "<a href=\"http://twitter.com/download/iphone\" rel=\"nofollow\">Twitter for iPhone</a>",
    "text": "#Datacenter #infrastructure #DevNetExpress is about to start in #Athens! Get your gear ready &amp; hope on \ud83d\ude09 it\u2019s gonna\u2026 https://t.co/E7maH0z3aB",
    "truncated": true,
    "user": {
        "contributors_enabled": false,
        "created_at": "Mon Aug 17 14:04:29 +0000 2015",
        "default_profile": false,
        "default_profile_image": false,
        "description": "Networking Professional, #CiscoSE #SEMaker #CCIE & passionate #WirelessMobility advocate. Proud mom of TWINS+1\ud83d\ude0e Love travelling & cooking! Tweets are my own \ud83d\ude09",
        "entities": {
            "description": {
                "urls": []
            },
            "url": {
                "urls": [
                    {
                        "display_url": "cisco.com",
                        "expanded_url": "http://cisco.com",
                        "indices": [
                            0,
                            23
                        ],
                        "url": "https://t.co/We7qsyaoTT"
                    }
                ]
            }
        },
        "favourites_count": 5517,
        "follow_request_sent": false,
        "followers_count": 660,
        "following": false,
        "friends_count": 506,
        "geo_enabled": false,
        "has_extended_profile": false,
        "id": 3428109441,
        "id_str": "3428109441",
        "is_translation_enabled": false,
        "is_translator": false,
        "lang": "el",
        "listed_count": 172,
        "location": "Athens, Greece",
        "name": "Chara Kontaxi",
        "notifications": false,
        "profile_background_color": "000000",
        "profile_background_image_url": "http://abs.twimg.com/images/themes/theme1/bg.png",
        "profile_background_image_url_https": "https://abs.twimg.com/images/themes/theme1/bg.png",
        "profile_background_tile": false,
        "profile_banner_url": "https://pbs.twimg.com/profile_banners/3428109441/1445606189",
        "profile_image_url": "http://pbs.twimg.com/profile_images/633279583551401984/p1Tof5Mv_normal.jpg",
        "profile_image_url_https": "https://pbs.twimg.com/profile_images/633279583551401984/p1Tof5Mv_normal.jpg",
        "profile_link_color": "9266CC",
        "profile_sidebar_border_color": "000000",
        "profile_sidebar_fill_color": "000000",
        "profile_text_color": "000000",
        "profile_use_background_image": false,
        "protected": false,
        "screen_name": "Chara_Kontaxi",
        "statuses_count": 2529,
        "time_zone": null,
        "translator_type": "none",
        "url": "https://t.co/We7qsyaoTT",
        "utc_offset": null,
        "verified": false
    }
}
