{
    "contributors": null,
    "coordinates": null,
    "created_at": "Thu Aug 01 14:22:31 +0000 2019",
    "entities": {
        "hashtags": [],
        "symbols": [],
        "urls": [],
        "user_mentions": [
            {
                "id": 2984679029,
                "id_str": "2984679029",
                "indices": [
                    3,
                    12
                ],
                "name": "Unicorn Riot",
                "screen_name": "UR_Ninja"
            }
        ]
    },
    "favorite_count": 0,
    "favorited": false,
    "geo": null,
    "id": 1156933230643183616,
    "id_str": "1156933230643183616",
    "in_reply_to_screen_name": null,
    "in_reply_to_status_id": null,
    "in_reply_to_status_id_str": null,
    "in_reply_to_user_id": null,
    "in_reply_to_user_id_str": null,
    "is_quote_status": false,
    "lang": "en",
    "metadata": {
        "iso_language_code": "en",
        "result_type": "recent"
    },
    "place": null,
    "retweet_count": 30,
    "retweeted": false,
    "retweeted_status": {
        "contributors": null,
        "coordinates": null,
        "created_at": "Tue Jul 30 17:41:07 +0000 2019",
        "entities": {
            "hashtags": [],
            "symbols": [],
            "urls": [
                {
                    "display_url": "twitter.com/i/web/status/1\u2026",
                    "expanded_url": "https://twitter.com/i/web/status/1156258434007871488",
                    "indices": [
                        117,
                        140
                    ],
                    "url": "https://t.co/iAYZhSJPbD"
                }
            ],
            "user_mentions": []
        },
        "favorite_count": 17,
        "favorited": false,
        "geo": null,
        "id": 1156258434007871488,
        "id_str": "1156258434007871488",
        "in_reply_to_screen_name": null,
        "in_reply_to_status_id": null,
        "in_reply_to_status_id_str": null,
        "in_reply_to_user_id": null,
        "in_reply_to_user_id_str": null,
        "is_quote_status": false,
        "lang": "en",
        "metadata": {
            "iso_language_code": "en",
            "result_type": "recent"
        },
        "place": null,
        "possibly_sensitive": false,
        "retweet_count": 30,
        "retweeted": false,
        "source": "<a href=\"https://mobile.twitter.com\" rel=\"nofollow\">Twitter Web App</a>",
        "text": "NEW: Life-Sentence Overturned for Greek Police Officer that Killed Teenager\n\nEpamidondas Korkoneas, an ex-special p\u2026 https://t.co/iAYZhSJPbD",
        "truncated": true,
        "user": {
            "contributors_enabled": false,
            "created_at": "Sun Jan 18 21:23:32 +0000 2015",
            "default_profile": false,
            "default_profile_image": false,
            "description": "Your source for commercial-free, viewer supported, independent media & live video streams. Redistributable under CC-BY-NC-SA. Support our work, tax-deductibly!",
            "entities": {
                "description": {
                    "urls": []
                },
                "url": {
                    "urls": [
                        {
                            "display_url": "unicornriot.ninja",
                            "expanded_url": "http://unicornriot.ninja",
                            "indices": [
                                0,
                                23
                            ],
                            "url": "https://t.co/awbwHq7jkn"
                        }
                    ]
                }
            },
            "favourites_count": 4874,
            "follow_request_sent": false,
            "followers_count": 70131,
            "following": false,
            "friends_count": 1367,
            "geo_enabled": true,
            "has_extended_profile": false,
            "id": 2984679029,
            "id_str": "2984679029",
            "is_translation_enabled": false,
            "is_translator": false,
            "lang": null,
            "listed_count": 1071,
            "location": "",
            "name": "Unicorn Riot",
            "notifications": false,
            "profile_background_color": "E81C4F",
            "profile_background_image_url": "http://abs.twimg.com/images/themes/theme1/bg.png",
            "profile_background_image_url_https": "https://abs.twimg.com/images/themes/theme1/bg.png",
            "profile_background_tile": false,
            "profile_banner_url": "https://pbs.twimg.com/profile_banners/2984679029/1529617521",
            "profile_image_url": "http://pbs.twimg.com/profile_images/907673545995513857/Cm2LaRi0_normal.jpg",
            "profile_image_url_https": "https://pbs.twimg.com/profile_images/907673545995513857/Cm2LaRi0_normal.jpg",
            "profile_link_color": "981CEB",
            "profile_sidebar_border_color": "000000",
            "profile_sidebar_fill_color": "000000",
            "profile_text_color": "000000",
            "profile_use_background_image": true,
            "protected": false,
            "screen_name": "UR_Ninja",
            "statuses_count": 15897,
            "time_zone": null,
            "translator_type": "none",
            "url": "https://t.co/awbwHq7jkn",
            "utc_offset": null,
            "verified": false
        }
    },
    "source": "<a href=\"https://mobile.twitter.com\" rel=\"nofollow\">Twitter Web App</a>",
    "text": "RT @UR_Ninja: NEW: Life-Sentence Overturned for Greek Police Officer that Killed Teenager\n\nEpamidondas Korkoneas, an ex-special police guar\u2026",
    "truncated": false,
    "user": {
        "contributors_enabled": false,
        "created_at": "Thu Apr 29 08:42:14 +0000 2010",
        "default_profile": true,
        "default_profile_image": false,
        "description": "Likes Disney. Cares about politics. #ProgressiveRevolution #NoDAPL",
        "entities": {
            "description": {
                "urls": []
            }
        },
        "favourites_count": 3873,
        "follow_request_sent": false,
        "followers_count": 216,
        "following": false,
        "friends_count": 159,
        "geo_enabled": false,
        "has_extended_profile": false,
        "id": 138345799,
        "id_str": "138345799",
        "is_translation_enabled": false,
        "is_translator": false,
        "lang": null,
        "listed_count": 3,
        "location": "Hong Kong",
        "name": "Halton Hui",
        "notifications": false,
        "profile_background_color": "C0DEED",
        "profile_background_image_url": "http://abs.twimg.com/images/themes/theme1/bg.png",
        "profile_background_image_url_https": "https://abs.twimg.com/images/themes/theme1/bg.png",
        "profile_background_tile": false,
        "profile_banner_url": "https://pbs.twimg.com/profile_banners/138345799/1485394705",
        "profile_image_url": "http://pbs.twimg.com/profile_images/824431409083416576/IKaPcLqS_normal.jpg",
        "profile_image_url_https": "https://pbs.twimg.com/profile_images/824431409083416576/IKaPcLqS_normal.jpg",
        "profile_link_color": "1DA1F2",
        "profile_sidebar_border_color": "C0DEED",
        "profile_sidebar_fill_color": "DDEEF6",
        "profile_text_color": "333333",
        "profile_use_background_image": true,
        "protected": false,
        "screen_name": "haltonhui",
        "statuses_count": 106724,
        "time_zone": null,
        "translator_type": "none",
        "url": null,
        "utc_offset": null,
        "verified": false
    }
}
