{
    "contributors": null,
    "coordinates": null,
    "created_at": "Mon Jul 01 15:51:12 +0000 2019",
    "entities": {
        "hashtags": [
            {
                "indices": [
                    46,
                    60
                ],
                "text": "enjoyyourlife"
            },
            {
                "indices": [
                    61,
                    80
                ],
                "text": "fightforyourdreams"
            },
            {
                "indices": [
                    81,
                    88
                ],
                "text": "greece"
            },
            {
                "indices": [
                    89,
                    100
                ],
                "text": "togtweeter"
            }
        ],
        "symbols": [],
        "urls": [
            {
                "display_url": "twitter.com/i/web/status/1\u2026",
                "expanded_url": "https://twitter.com/i/web/status/1145721524453818368",
                "indices": [
                    102,
                    125
                ],
                "url": "https://t.co/A8hgI3APrg"
            }
        ],
        "user_mentions": []
    },
    "favorite_count": 0,
    "favorited": false,
    "geo": null,
    "id": 1145721524453818368,
    "id_str": "1145721524453818368",
    "in_reply_to_screen_name": null,
    "in_reply_to_status_id": null,
    "in_reply_to_status_id_str": null,
    "in_reply_to_user_id": null,
    "in_reply_to_user_id_str": null,
    "is_quote_status": false,
    "lang": "en",
    "metadata": {
        "iso_language_code": "en",
        "result_type": "recent"
    },
    "place": {
        "attributes": {},
        "bounding_box": {
            "coordinates": [
                [
                    [
                        22.8905274,
                        35.8224754
                    ],
                    [
                        24.1165237,
                        35.8224754
                    ],
                    [
                        24.1165237,
                        38.3409863
                    ],
                    [
                        22.8905274,
                        38.3409863
                    ]
                ]
            ],
            "type": "Polygon"
        },
        "contained_within": [],
        "country": "Hellas",
        "country_code": "GR",
        "full_name": "Attiki, Greece",
        "id": "00279a5763b04e35",
        "name": "Attiki",
        "place_type": "admin",
        "url": "https://api.twitter.com/1.1/geo/id/00279a5763b04e35.json"
    },
    "possibly_sensitive": false,
    "retweet_count": 0,
    "retweeted": false,
    "source": "<a href=\"http://twitter.com\" rel=\"nofollow\">Twitter Web Client</a>",
    "text": "Athena statue - University of Athens, Greece\n\n#enjoyyourlife #fightforyourdreams #greece #togtweeter\u2026 https://t.co/A8hgI3APrg",
    "truncated": true,
    "user": {
        "contributors_enabled": false,
        "created_at": "Fri Mar 11 18:18:17 +0000 2016",
        "default_profile": false,
        "default_profile_image": false,
        "description": "i show you the world - travel & photography\n\nvisited: #Austria #Denmark #Greece #Iceland #Spain",
        "entities": {
            "description": {
                "urls": []
            },
            "url": {
                "urls": [
                    {
                        "display_url": "philip-esch.eu",
                        "expanded_url": "http://www.philip-esch.eu/",
                        "indices": [
                            0,
                            23
                        ],
                        "url": "https://t.co/47W0SOHjCm"
                    }
                ]
            }
        },
        "favourites_count": 2997,
        "follow_request_sent": false,
        "followers_count": 232,
        "following": false,
        "friends_count": 360,
        "geo_enabled": true,
        "has_extended_profile": true,
        "id": 708356382576263169,
        "id_str": "708356382576263169",
        "is_translation_enabled": false,
        "is_translator": false,
        "lang": "de",
        "listed_count": 53,
        "location": "Germany",
        "name": "Philip Esch",
        "notifications": false,
        "profile_background_color": "000000",
        "profile_background_image_url": "http://abs.twimg.com/images/themes/theme1/bg.png",
        "profile_background_image_url_https": "https://abs.twimg.com/images/themes/theme1/bg.png",
        "profile_background_tile": false,
        "profile_banner_url": "https://pbs.twimg.com/profile_banners/708356382576263169/1543058511",
        "profile_image_url": "http://pbs.twimg.com/profile_images/1139824888305397760/ceGC4DZK_normal.png",
        "profile_image_url_https": "https://pbs.twimg.com/profile_images/1139824888305397760/ceGC4DZK_normal.png",
        "profile_link_color": "ABB8C2",
        "profile_sidebar_border_color": "000000",
        "profile_sidebar_fill_color": "000000",
        "profile_text_color": "000000",
        "profile_use_background_image": false,
        "protected": false,
        "screen_name": "philip_esch",
        "statuses_count": 563,
        "time_zone": null,
        "translator_type": "none",
        "url": "https://t.co/47W0SOHjCm",
        "utc_offset": null,
        "verified": false
    }
}
