{
    "contributors": null,
    "coordinates": null,
    "created_at": "Tue Jun 25 11:16:36 +0000 2019",
    "entities": {
        "hashtags": [
            {
                "indices": [
                    8,
                    25
                ],
                "text": "CounterTerrorism"
            },
            {
                "indices": [
                    63,
                    73
                ],
                "text": "anarchist"
            },
            {
                "indices": [
                    75,
                    97
                ],
                "text": "RevolutionaryStruggle"
            },
            {
                "indices": [
                    108,
                    115
                ],
                "text": "Athens"
            }
        ],
        "symbols": [],
        "urls": [
            {
                "display_url": "twitter.com/i/web/status/1\u2026",
                "expanded_url": "https://twitter.com/i/web/status/1143478091798462464",
                "indices": [
                    117,
                    140
                ],
                "url": "https://t.co/JV4OCdVLM0"
            }
        ],
        "user_mentions": []
    },
    "favorite_count": 0,
    "favorited": false,
    "geo": null,
    "id": 1143478091798462464,
    "id_str": "1143478091798462464",
    "in_reply_to_screen_name": null,
    "in_reply_to_status_id": null,
    "in_reply_to_status_id_str": null,
    "in_reply_to_user_id": null,
    "in_reply_to_user_id_str": null,
    "is_quote_status": false,
    "lang": "en",
    "metadata": {
        "iso_language_code": "en",
        "result_type": "recent"
    },
    "place": null,
    "possibly_sensitive": false,
    "retweet_count": 0,
    "retweeted": false,
    "source": "<a href=\"https://www.hootsuite.com\" rel=\"nofollow\">Hootsuite Inc.</a>",
    "text": "Greece: #CounterTerrorism forces searching for a member of the #anarchist '#RevolutionaryStruggle' group in #Athens\u2026 https://t.co/JV4OCdVLM0",
    "truncated": true,
    "user": {
        "contributors_enabled": false,
        "created_at": "Mon Mar 12 11:34:26 +0000 2012",
        "default_profile": false,
        "default_profile_image": false,
        "description": "Strategic intelligence consulting\r\nContact-us for tailor-made services esisc@esisc.org",
        "entities": {
            "description": {
                "urls": []
            },
            "url": {
                "urls": [
                    {
                        "display_url": "esisc.org",
                        "expanded_url": "http://www.esisc.org",
                        "indices": [
                            0,
                            22
                        ],
                        "url": "http://t.co/D3YI7is2DR"
                    }
                ]
            }
        },
        "favourites_count": 217,
        "follow_request_sent": false,
        "followers_count": 4351,
        "following": false,
        "friends_count": 1533,
        "geo_enabled": true,
        "has_extended_profile": false,
        "id": 522175551,
        "id_str": "522175551",
        "is_translation_enabled": false,
        "is_translator": false,
        "lang": "fr",
        "listed_count": 205,
        "location": "",
        "name": "ESISC",
        "notifications": false,
        "profile_background_color": "2C4F7A",
        "profile_background_image_url": "http://abs.twimg.com/images/themes/theme1/bg.png",
        "profile_background_image_url_https": "https://abs.twimg.com/images/themes/theme1/bg.png",
        "profile_background_tile": true,
        "profile_banner_url": "https://pbs.twimg.com/profile_banners/522175551/1364568847",
        "profile_image_url": "http://pbs.twimg.com/profile_images/1891098465/ESISC_LOGO_HD_normal.PNG",
        "profile_image_url_https": "https://pbs.twimg.com/profile_images/1891098465/ESISC_LOGO_HD_normal.PNG",
        "profile_link_color": "0084B4",
        "profile_sidebar_border_color": "C0DEED",
        "profile_sidebar_fill_color": "DDEEF6",
        "profile_text_color": "333333",
        "profile_use_background_image": true,
        "protected": false,
        "screen_name": "EsiscTeam",
        "statuses_count": 53736,
        "time_zone": null,
        "translator_type": "none",
        "url": "http://t.co/D3YI7is2DR",
        "utc_offset": null,
        "verified": false
    }
}
