{
    "contributors": null,
    "coordinates": null,
    "created_at": "Mon Aug 26 16:30:11 +0000 2019",
    "entities": {
        "hashtags": [
            {
                "indices": [
                    50,
                    60
                ],
                "text": "Osterholz"
            },
            {
                "indices": [
                    71,
                    81
                ],
                "text": "Wuppertal"
            },
            {
                "indices": [
                    120,
                    130
                ],
                "text": "Exarcheia"
            }
        ],
        "symbols": [],
        "urls": [],
        "user_mentions": [
            {
                "id": 1162047161539923970,
                "id_str": "1162047161539923970",
                "indices": [
                    3,
                    19
                ],
                "name": "JederBaumZaehlt",
                "screen_name": "jederbaumzaehlt"
            }
        ]
    },
    "favorite_count": 0,
    "favorited": false,
    "geo": null,
    "id": 1166025054712467456,
    "id_str": "1166025054712467456",
    "in_reply_to_screen_name": null,
    "in_reply_to_status_id": null,
    "in_reply_to_status_id_str": null,
    "in_reply_to_user_id": null,
    "in_reply_to_user_id_str": null,
    "is_quote_status": false,
    "lang": "en",
    "metadata": {
        "iso_language_code": "en",
        "result_type": "recent"
    },
    "place": null,
    "retweet_count": 19,
    "retweeted": false,
    "retweeted_status": {
        "contributors": null,
        "coordinates": null,
        "created_at": "Mon Aug 26 16:07:51 +0000 2019",
        "entities": {
            "hashtags": [
                {
                    "indices": [
                        29,
                        39
                    ],
                    "text": "Osterholz"
                },
                {
                    "indices": [
                        50,
                        60
                    ],
                    "text": "Wuppertal"
                },
                {
                    "indices": [
                        99,
                        109
                    ],
                    "text": "Exarcheia"
                }
            ],
            "symbols": [],
            "urls": [
                {
                    "display_url": "twitter.com/i/web/status/1\u2026",
                    "expanded_url": "https://twitter.com/i/web/status/1166019433317502977",
                    "indices": [
                        117,
                        140
                    ],
                    "url": "https://t.co/2azaBL5X5e"
                }
            ],
            "user_mentions": []
        },
        "favorite_count": 24,
        "favorited": false,
        "geo": null,
        "id": 1166019433317502977,
        "id_str": "1166019433317502977",
        "in_reply_to_screen_name": null,
        "in_reply_to_status_id": null,
        "in_reply_to_status_id_str": null,
        "in_reply_to_user_id": null,
        "in_reply_to_user_id_str": null,
        "is_quote_status": false,
        "lang": "en",
        "metadata": {
            "iso_language_code": "en",
            "result_type": "recent"
        },
        "place": null,
        "possibly_sensitive": false,
        "retweet_count": 19,
        "retweeted": false,
        "source": "<a href=\"http://twitter.com/download/android\" rel=\"nofollow\">Twitter for Android</a>",
        "text": "Solidarity from the occupied #Osterholz forest in #Wuppertal (German territory) with the squats in #Exarcheia. They\u2026 https://t.co/2azaBL5X5e",
        "truncated": true,
        "user": {
            "contributors_enabled": false,
            "created_at": "Thu Aug 15 17:03:27 +0000 2019",
            "default_profile": true,
            "default_profile_image": false,
            "description": "Ob Hambacher Wald, Amazonas, oder  Osterholz Wald: Jeder Baum Z\u00e4hlt! Gerade im Osterholz Wald unterwegs...",
            "entities": {
                "description": {
                    "urls": []
                },
                "url": {
                    "urls": [
                        {
                            "display_url": "jederbaumzaehlt.noblogs.org",
                            "expanded_url": "https://jederbaumzaehlt.noblogs.org",
                            "indices": [
                                0,
                                23
                            ],
                            "url": "https://t.co/Q6JQbsTP9O"
                        }
                    ]
                }
            },
            "favourites_count": 65,
            "follow_request_sent": false,
            "followers_count": 323,
            "following": false,
            "friends_count": 45,
            "geo_enabled": false,
            "has_extended_profile": false,
            "id": 1162047161539923970,
            "id_str": "1162047161539923970",
            "is_translation_enabled": false,
            "is_translator": false,
            "lang": null,
            "listed_count": 1,
            "location": "Osterholz, Wuppertal",
            "name": "JederBaumZaehlt",
            "notifications": false,
            "profile_background_color": "F5F8FA",
            "profile_background_image_url": null,
            "profile_background_image_url_https": null,
            "profile_background_tile": false,
            "profile_banner_url": "https://pbs.twimg.com/profile_banners/1162047161539923970/1565888859",
            "profile_image_url": "http://pbs.twimg.com/profile_images/1162047340301172736/zf-oginp_normal.jpg",
            "profile_image_url_https": "https://pbs.twimg.com/profile_images/1162047340301172736/zf-oginp_normal.jpg",
            "profile_link_color": "1DA1F2",
            "profile_sidebar_border_color": "C0DEED",
            "profile_sidebar_fill_color": "DDEEF6",
            "profile_text_color": "333333",
            "profile_use_background_image": true,
            "protected": false,
            "screen_name": "jederbaumzaehlt",
            "statuses_count": 115,
            "time_zone": null,
            "translator_type": "none",
            "url": "https://t.co/Q6JQbsTP9O",
            "utc_offset": null,
            "verified": false
        }
    },
    "source": "<a href=\"http://twitter.com/download/android\" rel=\"nofollow\">Twitter for Android</a>",
    "text": "RT @jederbaumzaehlt: Solidarity from the occupied #Osterholz forest in #Wuppertal (German territory) with the squats in #Exarcheia. They ca\u2026",
    "truncated": false,
    "user": {
        "contributors_enabled": false,
        "created_at": "Sat Sep 15 09:07:41 +0000 2018",
        "default_profile": true,
        "default_profile_image": false,
        "description": "Ohne unsere wundervolle Erde geht es nicht. Lasst sie uns erhalten....",
        "entities": {
            "description": {
                "urls": []
            }
        },
        "favourites_count": 5585,
        "follow_request_sent": false,
        "followers_count": 43,
        "following": false,
        "friends_count": 99,
        "geo_enabled": false,
        "has_extended_profile": false,
        "id": 1040889883034832896,
        "id_str": "1040889883034832896",
        "is_translation_enabled": false,
        "is_translator": false,
        "lang": null,
        "listed_count": 1,
        "location": "",
        "name": "Manu Wegner",
        "notifications": false,
        "profile_background_color": "F5F8FA",
        "profile_background_image_url": null,
        "profile_background_image_url_https": null,
        "profile_background_tile": false,
        "profile_banner_url": "https://pbs.twimg.com/profile_banners/1040889883034832896/1537173301",
        "profile_image_url": "http://pbs.twimg.com/profile_images/1044961739228553216/UYaPV18z_normal.jpg",
        "profile_image_url_https": "https://pbs.twimg.com/profile_images/1044961739228553216/UYaPV18z_normal.jpg",
        "profile_link_color": "1DA1F2",
        "profile_sidebar_border_color": "C0DEED",
        "profile_sidebar_fill_color": "DDEEF6",
        "profile_text_color": "333333",
        "profile_use_background_image": true,
        "protected": false,
        "screen_name": "WegnerManuela",
        "statuses_count": 3194,
        "time_zone": null,
        "translator_type": "none",
        "url": null,
        "utc_offset": null,
        "verified": false
    }
}
