{
    "contributors": null,
    "coordinates": null,
    "created_at": "Thu Aug 22 19:16:09 +0000 2019",
    "entities": {
        "hashtags": [
            {
                "indices": [
                    20,
                    37
                ],
                "text": "changeoftheguard"
            },
            {
                "indices": [
                    38,
                    53
                ],
                "text": "parlimenthouse"
            },
            {
                "indices": [
                    54,
                    78
                ],
                "text": "tomboftheunknownsoldier"
            },
            {
                "indices": [
                    79,
                    98
                ],
                "text": "panathenaicstadium"
            },
            {
                "indices": [
                    99,
                    111
                ],
                "text": "kalimarmaro"
            }
        ],
        "symbols": [],
        "urls": [
            {
                "display_url": "twitter.com/i/web/status/1\u2026",
                "expanded_url": "https://twitter.com/i/web/status/1164617268967485440",
                "indices": [
                    113,
                    136
                ],
                "url": "https://t.co/NUyHRViHap"
            }
        ],
        "user_mentions": []
    },
    "favorite_count": 1,
    "favorited": false,
    "geo": null,
    "id": 1164617268967485440,
    "id_str": "1164617268967485440",
    "in_reply_to_screen_name": null,
    "in_reply_to_status_id": null,
    "in_reply_to_status_id_str": null,
    "in_reply_to_user_id": null,
    "in_reply_to_user_id_str": null,
    "is_quote_status": false,
    "lang": "en",
    "metadata": {
        "iso_language_code": "en",
        "result_type": "recent"
    },
    "place": null,
    "possibly_sensitive": false,
    "retweet_count": 0,
    "retweeted": false,
    "source": "<a href=\"http://instagram.com\" rel=\"nofollow\">Instagram</a>",
    "text": "Day 2 in Greece! \ud83c\uddec\ud83c\uddf7 #changeoftheguard #parlimenthouse #tomboftheunknownsoldier #panathenaicstadium #kalimarmaro\u2026 https://t.co/NUyHRViHap",
    "truncated": true,
    "user": {
        "contributors_enabled": false,
        "created_at": "Sun Dec 26 19:21:22 +0000 2010",
        "default_profile": false,
        "default_profile_image": false,
        "description": "Enjoy the little things in life, for one day you'll look back and realise they were the big things.",
        "entities": {
            "description": {
                "urls": []
            }
        },
        "favourites_count": 285,
        "follow_request_sent": false,
        "followers_count": 132,
        "following": false,
        "friends_count": 665,
        "geo_enabled": false,
        "has_extended_profile": false,
        "id": 230812794,
        "id_str": "230812794",
        "is_translation_enabled": false,
        "is_translator": false,
        "lang": null,
        "listed_count": 7,
        "location": "London ",
        "name": "Christina",
        "notifications": false,
        "profile_background_color": "642D8B",
        "profile_background_image_url": "http://abs.twimg.com/images/themes/theme10/bg.gif",
        "profile_background_image_url_https": "https://abs.twimg.com/images/themes/theme10/bg.gif",
        "profile_background_tile": true,
        "profile_banner_url": "https://pbs.twimg.com/profile_banners/230812794/1348135662",
        "profile_image_url": "http://pbs.twimg.com/profile_images/915526180689862657/SQw-clZB_normal.jpg",
        "profile_image_url_https": "https://pbs.twimg.com/profile_images/915526180689862657/SQw-clZB_normal.jpg",
        "profile_link_color": "4B038A",
        "profile_sidebar_border_color": "000000",
        "profile_sidebar_fill_color": "7AC3EE",
        "profile_text_color": "3D1957",
        "profile_use_background_image": true,
        "protected": false,
        "screen_name": "ChristinaPavlou",
        "statuses_count": 2339,
        "time_zone": null,
        "translator_type": "none",
        "url": null,
        "utc_offset": null,
        "verified": false
    }
}
