{
    "contributors": null,
    "coordinates": null,
    "created_at": "Sun Apr 28 13:18:32 +0000 2019",
    "entities": {
        "hashtags": [
            {
                "indices": [
                    15,
                    27
                ],
                "text": "graffitiart"
            },
            {
                "indices": [
                    28,
                    35
                ],
                "text": "athens"
            },
            {
                "indices": [
                    36,
                    46
                ],
                "text": "exarcheia"
            },
            {
                "indices": [
                    47,
                    56
                ],
                "text": "exarchia"
            },
            {
                "indices": [
                    57,
                    64
                ],
                "text": "greece"
            },
            {
                "indices": [
                    65,
                    83
                ],
                "text": "streetphotography"
            },
            {
                "indices": [
                    84,
                    100
                ],
                "text": "filmphotography"
            },
            {
                "indices": [
                    101,
                    115
                ],
                "text": "blackandwhite"
            }
        ],
        "symbols": [],
        "urls": [
            {
                "display_url": "twitter.com/i/web/status/1\u2026",
                "expanded_url": "https://twitter.com/i/web/status/1122490281130188800",
                "indices": [
                    117,
                    140
                ],
                "url": "https://t.co/9PVhlFEsqC"
            }
        ],
        "user_mentions": []
    },
    "favorite_count": 0,
    "favorited": false,
    "geo": null,
    "id": 1122490281130188800,
    "id_str": "1122490281130188800",
    "in_reply_to_screen_name": null,
    "in_reply_to_status_id": null,
    "in_reply_to_status_id_str": null,
    "in_reply_to_user_id": null,
    "in_reply_to_user_id_str": null,
    "is_quote_status": false,
    "lang": "en",
    "metadata": {
        "iso_language_code": "en",
        "result_type": "recent"
    },
    "place": null,
    "possibly_sensitive": false,
    "retweet_count": 0,
    "retweeted": false,
    "source": "<a href=\"http://instagram.com\" rel=\"nofollow\">Instagram</a>",
    "text": "Athens, 2017.\n\n#graffitiart #athens #exarcheia #exarchia #greece #streetphotography #filmphotography #blackandwhite\u2026 https://t.co/9PVhlFEsqC",
    "truncated": true,
    "user": {
        "contributors_enabled": false,
        "created_at": "Mon Jan 25 21:17:41 +0000 2016",
        "default_profile": false,
        "default_profile_image": false,
        "description": "Mattia Alunni Cardinali, freelance photographer and writer. Contact me for bookings, prints and collaborations.",
        "entities": {
            "description": {
                "urls": []
            },
            "url": {
                "urls": [
                    {
                        "display_url": "mattimages.com",
                        "expanded_url": "http://mattimages.com",
                        "indices": [
                            0,
                            23
                        ],
                        "url": "https://t.co/d6whVhhgVX"
                    }
                ]
            }
        },
        "favourites_count": 8,
        "follow_request_sent": false,
        "followers_count": 43,
        "following": false,
        "friends_count": 241,
        "geo_enabled": false,
        "has_extended_profile": false,
        "id": 4846908515,
        "id_str": "4846908515",
        "is_translation_enabled": false,
        "is_translator": false,
        "lang": "it",
        "listed_count": 2,
        "location": "London, England",
        "name": "mattimages_com",
        "notifications": false,
        "profile_background_color": "000000",
        "profile_background_image_url": "http://abs.twimg.com/images/themes/theme1/bg.png",
        "profile_background_image_url_https": "https://abs.twimg.com/images/themes/theme1/bg.png",
        "profile_background_tile": false,
        "profile_banner_url": "https://pbs.twimg.com/profile_banners/4846908515/1458445380",
        "profile_image_url": "http://pbs.twimg.com/profile_images/691732797074096129/frGaK8mo_normal.png",
        "profile_image_url_https": "https://pbs.twimg.com/profile_images/691732797074096129/frGaK8mo_normal.png",
        "profile_link_color": "1B95E0",
        "profile_sidebar_border_color": "000000",
        "profile_sidebar_fill_color": "000000",
        "profile_text_color": "000000",
        "profile_use_background_image": false,
        "protected": false,
        "screen_name": "mattimages_com",
        "statuses_count": 309,
        "time_zone": null,
        "translator_type": "none",
        "url": "https://t.co/d6whVhhgVX",
        "utc_offset": null,
        "verified": false
    }
}
