{
    "contributors": null,
    "coordinates": null,
    "created_at": "Fri Jul 05 11:24:50 +0000 2019",
    "entities": {
        "hashtags": [],
        "media": [
            {
                "display_url": "pic.twitter.com/mCyuDtf9Fd",
                "expanded_url": "https://twitter.com/tzoumio/status/1146678612092960769/photo/1",
                "id": 1146678346618724352,
                "id_str": "1146678346618724352",
                "indices": [
                    68,
                    91
                ],
                "media_url": "http://pbs.twimg.com/media/D-nR4YHXYAAcoEN.jpg",
                "media_url_https": "https://pbs.twimg.com/media/D-nR4YHXYAAcoEN.jpg",
                "sizes": {
                    "large": {
                        "h": 696,
                        "resize": "fit",
                        "w": 696
                    },
                    "medium": {
                        "h": 696,
                        "resize": "fit",
                        "w": 696
                    },
                    "small": {
                        "h": 680,
                        "resize": "fit",
                        "w": 680
                    },
                    "thumb": {
                        "h": 150,
                        "resize": "crop",
                        "w": 150
                    }
                },
                "source_status_id": 1146678612092960769,
                "source_status_id_str": "1146678612092960769",
                "source_user_id": 3058700361,
                "source_user_id_str": "3058700361",
                "type": "photo",
                "url": "https://t.co/mCyuDtf9Fd"
            }
        ],
        "symbols": [],
        "urls": [],
        "user_mentions": [
            {
                "id": 3058700361,
                "id_str": "3058700361",
                "indices": [
                    3,
                    11
                ],
                "name": "Ioannis Tz",
                "screen_name": "tzoumio"
            }
        ]
    },
    "extended_entities": {
        "media": [
            {
                "display_url": "pic.twitter.com/mCyuDtf9Fd",
                "expanded_url": "https://twitter.com/tzoumio/status/1146678612092960769/photo/1",
                "id": 1146678346618724352,
                "id_str": "1146678346618724352",
                "indices": [
                    68,
                    91
                ],
                "media_url": "http://pbs.twimg.com/media/D-nR4YHXYAAcoEN.jpg",
                "media_url_https": "https://pbs.twimg.com/media/D-nR4YHXYAAcoEN.jpg",
                "sizes": {
                    "large": {
                        "h": 696,
                        "resize": "fit",
                        "w": 696
                    },
                    "medium": {
                        "h": 696,
                        "resize": "fit",
                        "w": 696
                    },
                    "small": {
                        "h": 680,
                        "resize": "fit",
                        "w": 680
                    },
                    "thumb": {
                        "h": 150,
                        "resize": "crop",
                        "w": 150
                    }
                },
                "source_status_id": 1146678612092960769,
                "source_status_id_str": "1146678612092960769",
                "source_user_id": 3058700361,
                "source_user_id_str": "3058700361",
                "type": "photo",
                "url": "https://t.co/mCyuDtf9Fd"
            }
        ]
    },
    "favorite_count": 0,
    "favorited": false,
    "geo": null,
    "id": 1147104042549747713,
    "id_str": "1147104042549747713",
    "in_reply_to_screen_name": null,
    "in_reply_to_status_id": null,
    "in_reply_to_status_id_str": null,
    "in_reply_to_user_id": null,
    "in_reply_to_user_id_str": null,
    "is_quote_status": false,
    "lang": "en",
    "metadata": {
        "iso_language_code": "en",
        "result_type": "recent"
    },
    "place": null,
    "possibly_sensitive": false,
    "retweet_count": 104,
    "retweeted": false,
    "retweeted_status": {
        "contributors": null,
        "coordinates": null,
        "created_at": "Thu Jul 04 07:14:20 +0000 2019",
        "entities": {
            "hashtags": [],
            "media": [
                {
                    "display_url": "pic.twitter.com/mCyuDtf9Fd",
                    "expanded_url": "https://twitter.com/tzoumio/status/1146678612092960769/photo/1",
                    "id": 1146678346618724352,
                    "id_str": "1146678346618724352",
                    "indices": [
                        55,
                        78
                    ],
                    "media_url": "http://pbs.twimg.com/media/D-nR4YHXYAAcoEN.jpg",
                    "media_url_https": "https://pbs.twimg.com/media/D-nR4YHXYAAcoEN.jpg",
                    "sizes": {
                        "large": {
                            "h": 696,
                            "resize": "fit",
                            "w": 696
                        },
                        "medium": {
                            "h": 696,
                            "resize": "fit",
                            "w": 696
                        },
                        "small": {
                            "h": 680,
                            "resize": "fit",
                            "w": 680
                        },
                        "thumb": {
                            "h": 150,
                            "resize": "crop",
                            "w": 150
                        }
                    },
                    "type": "photo",
                    "url": "https://t.co/mCyuDtf9Fd"
                }
            ],
            "symbols": [],
            "urls": [],
            "user_mentions": []
        },
        "extended_entities": {
            "media": [
                {
                    "display_url": "pic.twitter.com/mCyuDtf9Fd",
                    "expanded_url": "https://twitter.com/tzoumio/status/1146678612092960769/photo/1",
                    "id": 1146678346618724352,
                    "id_str": "1146678346618724352",
                    "indices": [
                        55,
                        78
                    ],
                    "media_url": "http://pbs.twimg.com/media/D-nR4YHXYAAcoEN.jpg",
                    "media_url_https": "https://pbs.twimg.com/media/D-nR4YHXYAAcoEN.jpg",
                    "sizes": {
                        "large": {
                            "h": 696,
                            "resize": "fit",
                            "w": 696
                        },
                        "medium": {
                            "h": 696,
                            "resize": "fit",
                            "w": 696
                        },
                        "small": {
                            "h": 680,
                            "resize": "fit",
                            "w": 680
                        },
                        "thumb": {
                            "h": 150,
                            "resize": "crop",
                            "w": 150
                        }
                    },
                    "type": "photo",
                    "url": "https://t.co/mCyuDtf9Fd"
                }
            ]
        },
        "favorite_count": 449,
        "favorited": false,
        "geo": null,
        "id": 1146678612092960769,
        "id_str": "1146678612092960769",
        "in_reply_to_screen_name": null,
        "in_reply_to_status_id": null,
        "in_reply_to_status_id_str": null,
        "in_reply_to_user_id": null,
        "in_reply_to_user_id_str": null,
        "is_quote_status": false,
        "lang": "en",
        "metadata": {
            "iso_language_code": "en",
            "result_type": "recent"
        },
        "place": null,
        "possibly_sensitive": false,
        "retweet_count": 104,
        "retweeted": false,
        "source": "<a href=\"http://twitter.com\" rel=\"nofollow\">Twitter Web Client</a>",
        "text": "Temple of Hephaestus viewed from the Acropolis,Athens. https://t.co/mCyuDtf9Fd",
        "truncated": false,
        "user": {
            "contributors_enabled": false,
            "created_at": "Tue Feb 24 11:54:05 +0000 2015",
            "default_profile": true,
            "default_profile_image": false,
            "description": "",
            "entities": {
                "description": {
                    "urls": []
                }
            },
            "favourites_count": 2344,
            "follow_request_sent": false,
            "followers_count": 11697,
            "following": false,
            "friends_count": 91,
            "geo_enabled": false,
            "has_extended_profile": false,
            "id": 3058700361,
            "id_str": "3058700361",
            "is_translation_enabled": false,
            "is_translator": false,
            "lang": null,
            "listed_count": 436,
            "location": "",
            "name": "Ioannis Tz",
            "notifications": false,
            "profile_background_color": "C0DEED",
            "profile_background_image_url": "http://abs.twimg.com/images/themes/theme1/bg.png",
            "profile_background_image_url_https": "https://abs.twimg.com/images/themes/theme1/bg.png",
            "profile_background_tile": false,
            "profile_banner_url": "https://pbs.twimg.com/profile_banners/3058700361/1449311319",
            "profile_image_url": "http://pbs.twimg.com/profile_images/587317388963622914/fZ9wX3LX_normal.jpg",
            "profile_image_url_https": "https://pbs.twimg.com/profile_images/587317388963622914/fZ9wX3LX_normal.jpg",
            "profile_link_color": "1DA1F2",
            "profile_sidebar_border_color": "C0DEED",
            "profile_sidebar_fill_color": "DDEEF6",
            "profile_text_color": "333333",
            "profile_use_background_image": true,
            "protected": false,
            "screen_name": "tzoumio",
            "statuses_count": 33920,
            "time_zone": null,
            "translator_type": "none",
            "url": null,
            "utc_offset": null,
            "verified": false
        }
    },
    "source": "<a href=\"http://twitter.com/download/iphone\" rel=\"nofollow\">Twitter for iPhone</a>",
    "text": "RT @tzoumio: Temple of Hephaestus viewed from the Acropolis,Athens. https://t.co/mCyuDtf9Fd",
    "truncated": false,
    "user": {
        "contributors_enabled": false,
        "created_at": "Thu Aug 17 14:15:15 +0000 2017",
        "default_profile": true,
        "default_profile_image": false,
        "description": "",
        "entities": {
            "description": {
                "urls": []
            }
        },
        "favourites_count": 158,
        "follow_request_sent": false,
        "followers_count": 4,
        "following": false,
        "friends_count": 297,
        "geo_enabled": false,
        "has_extended_profile": true,
        "id": 898186465263271936,
        "id_str": "898186465263271936",
        "is_translation_enabled": false,
        "is_translator": false,
        "lang": null,
        "listed_count": 0,
        "location": "",
        "name": "SHABuPAPI",
        "notifications": false,
        "profile_background_color": "F5F8FA",
        "profile_background_image_url": null,
        "profile_background_image_url_https": null,
        "profile_background_tile": false,
        "profile_image_url": "http://pbs.twimg.com/profile_images/898197740194193408/c74VhpnD_normal.jpg",
        "profile_image_url_https": "https://pbs.twimg.com/profile_images/898197740194193408/c74VhpnD_normal.jpg",
        "profile_link_color": "1DA1F2",
        "profile_sidebar_border_color": "C0DEED",
        "profile_sidebar_fill_color": "DDEEF6",
        "profile_text_color": "333333",
        "profile_use_background_image": true,
        "protected": false,
        "screen_name": "mmarttsp",
        "statuses_count": 3666,
        "time_zone": null,
        "translator_type": "none",
        "url": null,
        "utc_offset": null,
        "verified": false
    }
}
