{
    "contributors": null,
    "coordinates": null,
    "created_at": "Mon Jul 01 09:20:47 +0000 2019",
    "entities": {
        "hashtags": [],
        "symbols": [],
        "urls": [
            {
                "display_url": "twitter.com/i/web/status/1\u2026",
                "expanded_url": "https://twitter.com/i/web/status/1145623272081547264",
                "indices": [
                    117,
                    140
                ],
                "url": "https://t.co/DqRXfU7F9Q"
            }
        ],
        "user_mentions": [
            {
                "id": 1011940817630650368,
                "id_str": "1011940817630650368",
                "indices": [
                    0,
                    15
                ],
                "name": "Matthias Kempe",
                "screen_name": "kempe_matthias"
            }
        ]
    },
    "favorite_count": 0,
    "favorited": false,
    "geo": null,
    "id": 1145623272081547264,
    "id_str": "1145623272081547264",
    "in_reply_to_screen_name": "kempe_matthias",
    "in_reply_to_status_id": null,
    "in_reply_to_status_id_str": null,
    "in_reply_to_user_id": 1011940817630650368,
    "in_reply_to_user_id_str": "1011940817630650368",
    "is_quote_status": false,
    "lang": "en",
    "metadata": {
        "iso_language_code": "en",
        "result_type": "recent"
    },
    "place": null,
    "possibly_sensitive": false,
    "retweet_count": 0,
    "retweeted": false,
    "source": "<a href=\"http://twitter.com/download/iphone\" rel=\"nofollow\">Twitter for iPhone</a>",
    "text": "@kempe_matthias presenting our latest work on the relationship between pass disruptiveness and match performance in\u2026 https://t.co/DqRXfU7F9Q",
    "truncated": true,
    "user": {
        "contributors_enabled": false,
        "created_at": "Mon Apr 26 16:45:17 +0000 2010",
        "default_profile": true,
        "default_profile_image": false,
        "description": "Sport & Data Scientist. PhD researcher in Football Science",
        "entities": {
            "description": {
                "urls": []
            }
        },
        "favourites_count": 11,
        "follow_request_sent": false,
        "followers_count": 154,
        "following": false,
        "friends_count": 135,
        "geo_enabled": true,
        "has_extended_profile": false,
        "id": 137397306,
        "id_str": "137397306",
        "is_translation_enabled": false,
        "is_translator": false,
        "lang": "en",
        "listed_count": 2,
        "location": "Utrecht",
        "name": "Floris Goes",
        "notifications": false,
        "profile_background_color": "C0DEED",
        "profile_background_image_url": "http://abs.twimg.com/images/themes/theme1/bg.png",
        "profile_background_image_url_https": "https://abs.twimg.com/images/themes/theme1/bg.png",
        "profile_background_tile": false,
        "profile_banner_url": "https://pbs.twimg.com/profile_banners/137397306/1559903472",
        "profile_image_url": "http://pbs.twimg.com/profile_images/984763113873518592/43jI8mo8_normal.jpg",
        "profile_image_url_https": "https://pbs.twimg.com/profile_images/984763113873518592/43jI8mo8_normal.jpg",
        "profile_link_color": "1DA1F2",
        "profile_sidebar_border_color": "C0DEED",
        "profile_sidebar_fill_color": "DDEEF6",
        "profile_text_color": "333333",
        "profile_use_background_image": true,
        "protected": false,
        "screen_name": "Florisgoes",
        "statuses_count": 252,
        "time_zone": null,
        "translator_type": "none",
        "url": null,
        "utc_offset": null,
        "verified": false
    }
}
