{
    "contributors": null,
    "coordinates": null,
    "created_at": "Mon Jul 01 09:01:02 +0000 2019",
    "entities": {
        "hashtags": [
            {
                "indices": [
                    11,
                    18
                ],
                "text": "Athens"
            }
        ],
        "symbols": [],
        "urls": [],
        "user_mentions": []
    },
    "favorite_count": 0,
    "favorited": false,
    "geo": null,
    "id": 1145618302896615424,
    "id_str": "1145618302896615424",
    "in_reply_to_screen_name": null,
    "in_reply_to_status_id": null,
    "in_reply_to_status_id_str": null,
    "in_reply_to_user_id": null,
    "in_reply_to_user_id_str": null,
    "is_quote_status": false,
    "lang": "en",
    "metadata": {
        "iso_language_code": "en",
        "result_type": "recent"
    },
    "place": null,
    "retweet_count": 0,
    "retweeted": false,
    "source": "<a href=\"https://google.gr/\" rel=\"nofollow\">xtremeW</a>",
    "text": "Weather in #Athens\nStatus: few clouds\nTemp: 27\u2103\nWind: 29.5 km/h N(\u21d3)\nHumidity: 33 %\nPressure: 1015 hPa\nTime: 12:01:01",
    "truncated": false,
    "user": {
        "contributors_enabled": false,
        "created_at": "Tue May 03 13:05:01 +0000 2016",
        "default_profile": false,
        "default_profile_image": false,
        "description": "Weather conditions in the Greek region with help from @OpenWeatherMap and \n@Mapbox. Thank you Freepik from https://t.co/6QKyv1Z7kl  for the profile icons.",
        "entities": {
            "description": {
                "urls": [
                    {
                        "display_url": "flaticon.com",
                        "expanded_url": "http://flaticon.com",
                        "indices": [
                            107,
                            130
                        ],
                        "url": "https://t.co/6QKyv1Z7kl"
                    }
                ]
            },
            "url": {
                "urls": [
                    {
                        "display_url": "openweathermap.org",
                        "expanded_url": "http://openweathermap.org/",
                        "indices": [
                            0,
                            23
                        ],
                        "url": "https://t.co/CpCrV6uxua"
                    }
                ]
            }
        },
        "favourites_count": 5,
        "follow_request_sent": false,
        "followers_count": 282,
        "following": false,
        "friends_count": 136,
        "geo_enabled": false,
        "has_extended_profile": true,
        "id": 727484105936523264,
        "id_str": "727484105936523264",
        "is_translation_enabled": false,
        "is_translator": false,
        "lang": "el",
        "listed_count": 9,
        "location": "Greece",
        "name": "Greek Weather Report",
        "notifications": false,
        "profile_background_color": "000000",
        "profile_background_image_url": "http://abs.twimg.com/images/themes/theme1/bg.png",
        "profile_background_image_url_https": "https://abs.twimg.com/images/themes/theme1/bg.png",
        "profile_background_tile": false,
        "profile_banner_url": "https://pbs.twimg.com/profile_banners/727484105936523264/1462409640",
        "profile_image_url": "http://pbs.twimg.com/profile_images/728027950050856961/PVUR6U28_normal.jpg",
        "profile_image_url_https": "https://pbs.twimg.com/profile_images/728027950050856961/PVUR6U28_normal.jpg",
        "profile_link_color": "993333",
        "profile_sidebar_border_color": "000000",
        "profile_sidebar_fill_color": "000000",
        "profile_text_color": "000000",
        "profile_use_background_image": false,
        "protected": false,
        "screen_name": "XWReport",
        "statuses_count": 90961,
        "time_zone": null,
        "translator_type": "none",
        "url": "https://t.co/CpCrV6uxua",
        "utc_offset": null,
        "verified": false
    }
}
