{
    "contributors": null,
    "coordinates": null,
    "created_at": "Sun Jun 30 13:00:08 +0000 2019",
    "entities": {
        "hashtags": [],
        "symbols": [],
        "urls": [
            {
                "display_url": "twitter.com/i/web/status/1\u2026",
                "expanded_url": "https://twitter.com/i/web/status/1145316085035614208",
                "indices": [
                    117,
                    140
                ],
                "url": "https://t.co/gaaX0wYQED"
            }
        ],
        "user_mentions": []
    },
    "favorite_count": 0,
    "favorited": false,
    "geo": null,
    "id": 1145316085035614208,
    "id_str": "1145316085035614208",
    "in_reply_to_screen_name": null,
    "in_reply_to_status_id": null,
    "in_reply_to_status_id_str": null,
    "in_reply_to_user_id": null,
    "in_reply_to_user_id_str": null,
    "is_quote_status": false,
    "lang": "en",
    "metadata": {
        "iso_language_code": "en",
        "result_type": "recent"
    },
    "place": null,
    "possibly_sensitive": false,
    "retweet_count": 0,
    "retweeted": false,
    "source": "<a href=\"https://www.later.com\" rel=\"nofollow\">LaterMedia</a>",
    "text": "Parthenon\nTemple, Athens, Greece\n\nParthenon was built in the mid-5th century and dedicated to the Greek goddess Ath\u2026 https://t.co/gaaX0wYQED",
    "truncated": true,
    "user": {
        "contributors_enabled": false,
        "created_at": "Tue May 01 13:50:16 +0000 2012",
        "default_profile": false,
        "default_profile_image": false,
        "description": "Art speaks where words are unable to explain",
        "entities": {
            "description": {
                "urls": []
            }
        },
        "favourites_count": 15,
        "follow_request_sent": false,
        "followers_count": 15,
        "following": false,
        "friends_count": 38,
        "geo_enabled": true,
        "has_extended_profile": false,
        "id": 568223287,
        "id_str": "568223287",
        "is_translation_enabled": false,
        "is_translator": false,
        "lang": "en",
        "listed_count": 0,
        "location": "Dublin City, Ireland",
        "name": "Arts Chaser",
        "notifications": false,
        "profile_background_color": "000000",
        "profile_background_image_url": "http://abs.twimg.com/images/themes/theme1/bg.png",
        "profile_background_image_url_https": "https://abs.twimg.com/images/themes/theme1/bg.png",
        "profile_background_tile": false,
        "profile_banner_url": "https://pbs.twimg.com/profile_banners/568223287/1550195418",
        "profile_image_url": "http://pbs.twimg.com/profile_images/1129459672778444801/-JKtDrB0_normal.png",
        "profile_image_url_https": "https://pbs.twimg.com/profile_images/1129459672778444801/-JKtDrB0_normal.png",
        "profile_link_color": "1B95E0",
        "profile_sidebar_border_color": "000000",
        "profile_sidebar_fill_color": "000000",
        "profile_text_color": "000000",
        "profile_use_background_image": false,
        "protected": false,
        "screen_name": "Arts_Chaser",
        "statuses_count": 145,
        "time_zone": null,
        "translator_type": "none",
        "url": null,
        "utc_offset": null,
        "verified": false
    }
}
