{
    "contributors": null,
    "coordinates": null,
    "created_at": "Thu Aug 01 13:55:07 +0000 2019",
    "entities": {
        "hashtags": [
            {
                "indices": [
                    13,
                    20
                ],
                "text": "Greece"
            },
            {
                "indices": [
                    38,
                    45
                ],
                "text": "Athens"
            }
        ],
        "symbols": [],
        "urls": [],
        "user_mentions": [
            {
                "id": 422153063,
                "id_str": "422153063",
                "indices": [
                    3,
                    11
                ],
                "name": "nonouzi",
                "screen_name": "Gerrrty"
            }
        ]
    },
    "favorite_count": 0,
    "favorited": false,
    "geo": null,
    "id": 1156926336696573952,
    "id_str": "1156926336696573952",
    "in_reply_to_screen_name": null,
    "in_reply_to_status_id": null,
    "in_reply_to_status_id_str": null,
    "in_reply_to_user_id": null,
    "in_reply_to_user_id_str": null,
    "is_quote_status": false,
    "lang": "en",
    "metadata": {
        "iso_language_code": "en",
        "result_type": "recent"
    },
    "place": null,
    "retweet_count": 4,
    "retweeted": false,
    "retweeted_status": {
        "contributors": null,
        "coordinates": null,
        "created_at": "Thu Aug 01 13:32:00 +0000 2019",
        "entities": {
            "hashtags": [
                {
                    "indices": [
                        0,
                        7
                    ],
                    "text": "Greece"
                },
                {
                    "indices": [
                        25,
                        32
                    ],
                    "text": "Athens"
                }
            ],
            "media": [
                {
                    "display_url": "pic.twitter.com/njRAi0lBH8",
                    "expanded_url": "https://twitter.com/Ruptly/status/1156737322123026433/video/1",
                    "id": 1156733070088609793,
                    "id_str": "1156733070088609793",
                    "indices": [
                        116,
                        139
                    ],
                    "media_url": "http://pbs.twimg.com/amplify_video_thumb/1156733070088609793/img/yMxnbJHIXPprJgQx.jpg",
                    "media_url_https": "https://pbs.twimg.com/amplify_video_thumb/1156733070088609793/img/yMxnbJHIXPprJgQx.jpg",
                    "sizes": {
                        "large": {
                            "h": 720,
                            "resize": "fit",
                            "w": 720
                        },
                        "medium": {
                            "h": 720,
                            "resize": "fit",
                            "w": 720
                        },
                        "small": {
                            "h": 680,
                            "resize": "fit",
                            "w": 680
                        },
                        "thumb": {
                            "h": 150,
                            "resize": "crop",
                            "w": 150
                        }
                    },
                    "source_status_id": 1156737322123026433,
                    "source_status_id_str": "1156737322123026433",
                    "source_user_id": 934399189,
                    "source_user_id_str": "934399189",
                    "type": "photo",
                    "url": "https://t.co/njRAi0lBH8"
                }
            ],
            "symbols": [],
            "urls": [],
            "user_mentions": []
        },
        "extended_entities": {
            "media": [
                {
                    "additional_media_info": {
                        "call_to_actions": {
                            "watch_now": {
                                "url": "https://www.youtube.com/watch?v=VIMMu9AbGX8"
                            }
                        },
                        "description": "",
                        "embeddable": true,
                        "monetizable": false,
                        "source_user": {
                            "contributors_enabled": false,
                            "created_at": "Thu Nov 08 12:31:00 +0000 2012",
                            "default_profile": false,
                            "default_profile_image": false,
                            "description": "International video news agency. https://t.co/Yp5ODY7dEk",
                            "entities": {
                                "description": {
                                    "urls": [
                                        {
                                            "display_url": "Ruptly.tv",
                                            "expanded_url": "http://www.Ruptly.tv",
                                            "indices": [
                                                33,
                                                56
                                            ],
                                            "url": "https://t.co/Yp5ODY7dEk"
                                        }
                                    ]
                                }
                            },
                            "favourites_count": 1447,
                            "follow_request_sent": false,
                            "followers_count": 88753,
                            "following": false,
                            "friends_count": 556,
                            "geo_enabled": true,
                            "has_extended_profile": false,
                            "id": 934399189,
                            "id_str": "934399189",
                            "is_translation_enabled": false,
                            "is_translator": false,
                            "lang": null,
                            "listed_count": 2075,
                            "location": "Berlin, Germany",
                            "name": "Ruptly",
                            "notifications": false,
                            "profile_background_color": "000000",
                            "profile_background_image_url": "http://abs.twimg.com/images/themes/theme14/bg.gif",
                            "profile_background_image_url_https": "https://abs.twimg.com/images/themes/theme14/bg.gif",
                            "profile_background_tile": false,
                            "profile_banner_url": "https://pbs.twimg.com/profile_banners/934399189/1557850134",
                            "profile_image_url": "http://pbs.twimg.com/profile_images/1096380175791607808/0OVjpWb8_normal.png",
                            "profile_image_url_https": "https://pbs.twimg.com/profile_images/1096380175791607808/0OVjpWb8_normal.png",
                            "profile_link_color": "78BB11",
                            "profile_sidebar_border_color": "000000",
                            "profile_sidebar_fill_color": "DDEEF6",
                            "profile_text_color": "333333",
                            "profile_use_background_image": true,
                            "protected": false,
                            "screen_name": "Ruptly",
                            "statuses_count": 94769,
                            "time_zone": null,
                            "translator_type": "none",
                            "url": null,
                            "utc_offset": null,
                            "verified": true
                        },
                        "title": ""
                    },
                    "display_url": "pic.twitter.com/njRAi0lBH8",
                    "expanded_url": "https://twitter.com/Ruptly/status/1156737322123026433/video/1",
                    "id": 1156733070088609793,
                    "id_str": "1156733070088609793",
                    "indices": [
                        116,
                        139
                    ],
                    "media_url": "http://pbs.twimg.com/amplify_video_thumb/1156733070088609793/img/yMxnbJHIXPprJgQx.jpg",
                    "media_url_https": "https://pbs.twimg.com/amplify_video_thumb/1156733070088609793/img/yMxnbJHIXPprJgQx.jpg",
                    "sizes": {
                        "large": {
                            "h": 720,
                            "resize": "fit",
                            "w": 720
                        },
                        "medium": {
                            "h": 720,
                            "resize": "fit",
                            "w": 720
                        },
                        "small": {
                            "h": 680,
                            "resize": "fit",
                            "w": 680
                        },
                        "thumb": {
                            "h": 150,
                            "resize": "crop",
                            "w": 150
                        }
                    },
                    "source_status_id": 1156737322123026433,
                    "source_status_id_str": "1156737322123026433",
                    "source_user_id": 934399189,
                    "source_user_id_str": "934399189",
                    "type": "video",
                    "url": "https://t.co/njRAi0lBH8",
                    "video_info": {
                        "aspect_ratio": [
                            1,
                            1
                        ],
                        "duration_millis": 69120,
                        "variants": [
                            {
                                "bitrate": 432000,
                                "content_type": "video/mp4",
                                "url": "https://video.twimg.com/amplify_video/1156733070088609793/vid/320x320/sV-3kpp1gkymozk1.mp4?tag=13"
                            },
                            {
                                "bitrate": 832000,
                                "content_type": "video/mp4",
                                "url": "https://video.twimg.com/amplify_video/1156733070088609793/vid/480x480/0--ISqsik2j3e4j4.mp4?tag=13"
                            },
                            {
                                "content_type": "application/x-mpegURL",
                                "url": "https://video.twimg.com/amplify_video/1156733070088609793/pl/KqRA06XyYlvdYtiP.m3u8?tag=13"
                            },
                            {
                                "bitrate": 1280000,
                                "content_type": "video/mp4",
                                "url": "https://video.twimg.com/amplify_video/1156733070088609793/vid/720x720/CQPzwL44JueTjWXS.mp4?tag=13"
                            }
                        ]
                    }
                }
            ]
        },
        "favorite_count": 3,
        "favorited": false,
        "geo": null,
        "id": 1156920519284994050,
        "id_str": "1156920519284994050",
        "in_reply_to_screen_name": null,
        "in_reply_to_status_id": null,
        "in_reply_to_status_id_str": null,
        "in_reply_to_user_id": null,
        "in_reply_to_user_id_str": null,
        "is_quote_status": false,
        "lang": "en",
        "metadata": {
            "iso_language_code": "en",
            "result_type": "recent"
        },
        "place": null,
        "possibly_sensitive": false,
        "retweet_count": 4,
        "retweeted": false,
        "source": "<a href=\"http://twitter.com/download/iphone\" rel=\"nofollow\">Twitter for iPhone</a>",
        "text": "#Greece Clashes erupt in #Athens after police officer who fatally shot Alexis Grigoropoulos is released from prison\nhttps://t.co/njRAi0lBH8",
        "truncated": false,
        "user": {
            "contributors_enabled": false,
            "created_at": "Sat Nov 26 21:54:42 +0000 2011",
            "default_profile": false,
            "default_profile_image": false,
            "description": "",
            "entities": {
                "description": {
                    "urls": []
                }
            },
            "favourites_count": 33514,
            "follow_request_sent": false,
            "followers_count": 5431,
            "following": false,
            "friends_count": 3293,
            "geo_enabled": false,
            "has_extended_profile": false,
            "id": 422153063,
            "id_str": "422153063",
            "is_translation_enabled": false,
            "is_translator": false,
            "lang": null,
            "listed_count": 143,
            "location": "Ireland",
            "name": "nonouzi",
            "notifications": false,
            "profile_background_color": "000000",
            "profile_background_image_url": "http://abs.twimg.com/images/themes/theme14/bg.gif",
            "profile_background_image_url_https": "https://abs.twimg.com/images/themes/theme14/bg.gif",
            "profile_background_tile": false,
            "profile_banner_url": "https://pbs.twimg.com/profile_banners/422153063/1468873364",
            "profile_image_url": "http://pbs.twimg.com/profile_images/2192560147/sue_photos_728_normal.JPG",
            "profile_image_url_https": "https://pbs.twimg.com/profile_images/2192560147/sue_photos_728_normal.JPG",
            "profile_link_color": "E81C4F",
            "profile_sidebar_border_color": "000000",
            "profile_sidebar_fill_color": "000000",
            "profile_text_color": "000000",
            "profile_use_background_image": false,
            "protected": false,
            "screen_name": "Gerrrty",
            "statuses_count": 113484,
            "time_zone": null,
            "translator_type": "none",
            "url": null,
            "utc_offset": null,
            "verified": false
        }
    },
    "source": "<a href=\"http://twitter.com/download/android\" rel=\"nofollow\">Twitter for Android</a>",
    "text": "RT @Gerrrty: #Greece Clashes erupt in #Athens after police officer who fatally shot Alexis Grigoropoulos is released from prison\nhttps://t.\u2026",
    "truncated": false,
    "user": {
        "contributors_enabled": false,
        "created_at": "Sun Sep 18 18:48:53 +0000 2016",
        "default_profile": true,
        "default_profile_image": false,
        "description": "One Big Union - #Unions the last defense line against the neo-liberal state ideology. #FreePalestine #IWW #1u",
        "entities": {
            "description": {
                "urls": []
            },
            "url": {
                "urls": [
                    {
                        "display_url": "libcom.org",
                        "expanded_url": "http://libcom.org",
                        "indices": [
                            0,
                            23
                        ],
                        "url": "https://t.co/NisDMEzbCY"
                    }
                ]
            }
        },
        "favourites_count": 61895,
        "follow_request_sent": false,
        "followers_count": 2461,
        "following": false,
        "friends_count": 2813,
        "geo_enabled": false,
        "has_extended_profile": true,
        "id": 777580165375336448,
        "id_str": "777580165375336448",
        "is_translation_enabled": false,
        "is_translator": false,
        "lang": null,
        "listed_count": 42,
        "location": "Peoria Heights, IL",
        "name": "Union Strong \u270a",
        "notifications": false,
        "profile_background_color": "F5F8FA",
        "profile_background_image_url": null,
        "profile_background_image_url_https": null,
        "profile_background_tile": false,
        "profile_banner_url": "https://pbs.twimg.com/profile_banners/777580165375336448/1525195973",
        "profile_image_url": "http://pbs.twimg.com/profile_images/1151796078385291264/tRl-f8Vt_normal.jpg",
        "profile_image_url_https": "https://pbs.twimg.com/profile_images/1151796078385291264/tRl-f8Vt_normal.jpg",
        "profile_link_color": "1DA1F2",
        "profile_sidebar_border_color": "C0DEED",
        "profile_sidebar_fill_color": "DDEEF6",
        "profile_text_color": "333333",
        "profile_use_background_image": true,
        "protected": false,
        "screen_name": "MelsensJohn",
        "statuses_count": 67859,
        "time_zone": null,
        "translator_type": "none",
        "url": "https://t.co/NisDMEzbCY",
        "utc_offset": null,
        "verified": false
    }
}
