{
    "contributors": null,
    "coordinates": null,
    "created_at": "Thu Jul 04 01:53:58 +0000 2019",
    "entities": {
        "hashtags": [
            {
                "indices": [
                    27,
                    39
                ],
                "text": "Monastiraki"
            }
        ],
        "media": [
            {
                "display_url": "pic.twitter.com/m6fFQUA6B5",
                "expanded_url": "https://twitter.com/ASCSAthens/status/1145346525922582529/photo/1",
                "id": 1145346523397578753,
                "id_str": "1145346523397578753",
                "indices": [
                    49,
                    72
                ],
                "media_url": "http://pbs.twimg.com/media/D-UWmD_XYAESs26.jpg",
                "media_url_https": "https://pbs.twimg.com/media/D-UWmD_XYAESs26.jpg",
                "sizes": {
                    "large": {
                        "h": 1198,
                        "resize": "fit",
                        "w": 952
                    },
                    "medium": {
                        "h": 1198,
                        "resize": "fit",
                        "w": 952
                    },
                    "small": {
                        "h": 680,
                        "resize": "fit",
                        "w": 540
                    },
                    "thumb": {
                        "h": 150,
                        "resize": "crop",
                        "w": 150
                    }
                },
                "source_status_id": 1145346525922582529,
                "source_status_id_str": "1145346525922582529",
                "source_user_id": 3170655755,
                "source_user_id_str": "3170655755",
                "type": "photo",
                "url": "https://t.co/m6fFQUA6B5"
            }
        ],
        "symbols": [],
        "urls": [],
        "user_mentions": [
            {
                "id": 3170655755,
                "id_str": "3170655755",
                "indices": [
                    3,
                    14
                ],
                "name": "ASCSA",
                "screen_name": "ASCSAthens"
            }
        ]
    },
    "extended_entities": {
        "media": [
            {
                "display_url": "pic.twitter.com/m6fFQUA6B5",
                "expanded_url": "https://twitter.com/ASCSAthens/status/1145346525922582529/photo/1",
                "id": 1145346523397578753,
                "id_str": "1145346523397578753",
                "indices": [
                    49,
                    72
                ],
                "media_url": "http://pbs.twimg.com/media/D-UWmD_XYAESs26.jpg",
                "media_url_https": "https://pbs.twimg.com/media/D-UWmD_XYAESs26.jpg",
                "sizes": {
                    "large": {
                        "h": 1198,
                        "resize": "fit",
                        "w": 952
                    },
                    "medium": {
                        "h": 1198,
                        "resize": "fit",
                        "w": 952
                    },
                    "small": {
                        "h": 680,
                        "resize": "fit",
                        "w": 540
                    },
                    "thumb": {
                        "h": 150,
                        "resize": "crop",
                        "w": 150
                    }
                },
                "source_status_id": 1145346525922582529,
                "source_status_id_str": "1145346525922582529",
                "source_user_id": 3170655755,
                "source_user_id_str": "3170655755",
                "type": "photo",
                "url": "https://t.co/m6fFQUA6B5"
            }
        ]
    },
    "favorite_count": 0,
    "favorited": false,
    "geo": null,
    "id": 1146597989403758592,
    "id_str": "1146597989403758592",
    "in_reply_to_screen_name": null,
    "in_reply_to_status_id": null,
    "in_reply_to_status_id_str": null,
    "in_reply_to_user_id": null,
    "in_reply_to_user_id_str": null,
    "is_quote_status": false,
    "lang": "en",
    "metadata": {
        "iso_language_code": "en",
        "result_type": "recent"
    },
    "place": null,
    "possibly_sensitive": false,
    "retweet_count": 3,
    "retweeted": false,
    "retweeted_status": {
        "contributors": null,
        "coordinates": null,
        "created_at": "Sun Jun 30 15:01:05 +0000 2019",
        "entities": {
            "hashtags": [
                {
                    "indices": [
                        11,
                        23
                    ],
                    "text": "Monastiraki"
                }
            ],
            "media": [
                {
                    "display_url": "pic.twitter.com/m6fFQUA6B5",
                    "expanded_url": "https://twitter.com/ASCSAthens/status/1145346525922582529/photo/1",
                    "id": 1145346523397578753,
                    "id_str": "1145346523397578753",
                    "indices": [
                        33,
                        56
                    ],
                    "media_url": "http://pbs.twimg.com/media/D-UWmD_XYAESs26.jpg",
                    "media_url_https": "https://pbs.twimg.com/media/D-UWmD_XYAESs26.jpg",
                    "sizes": {
                        "large": {
                            "h": 1198,
                            "resize": "fit",
                            "w": 952
                        },
                        "medium": {
                            "h": 1198,
                            "resize": "fit",
                            "w": 952
                        },
                        "small": {
                            "h": 680,
                            "resize": "fit",
                            "w": 540
                        },
                        "thumb": {
                            "h": 150,
                            "resize": "crop",
                            "w": 150
                        }
                    },
                    "type": "photo",
                    "url": "https://t.co/m6fFQUA6B5"
                }
            ],
            "symbols": [],
            "urls": [],
            "user_mentions": []
        },
        "extended_entities": {
            "media": [
                {
                    "display_url": "pic.twitter.com/m6fFQUA6B5",
                    "expanded_url": "https://twitter.com/ASCSAthens/status/1145346525922582529/photo/1",
                    "id": 1145346523397578753,
                    "id_str": "1145346523397578753",
                    "indices": [
                        33,
                        56
                    ],
                    "media_url": "http://pbs.twimg.com/media/D-UWmD_XYAESs26.jpg",
                    "media_url_https": "https://pbs.twimg.com/media/D-UWmD_XYAESs26.jpg",
                    "sizes": {
                        "large": {
                            "h": 1198,
                            "resize": "fit",
                            "w": 952
                        },
                        "medium": {
                            "h": 1198,
                            "resize": "fit",
                            "w": 952
                        },
                        "small": {
                            "h": 680,
                            "resize": "fit",
                            "w": 540
                        },
                        "thumb": {
                            "h": 150,
                            "resize": "crop",
                            "w": 150
                        }
                    },
                    "type": "photo",
                    "url": "https://t.co/m6fFQUA6B5"
                }
            ]
        },
        "favorite_count": 21,
        "favorited": false,
        "geo": null,
        "id": 1145346525922582529,
        "id_str": "1145346525922582529",
        "in_reply_to_screen_name": null,
        "in_reply_to_status_id": null,
        "in_reply_to_status_id_str": null,
        "in_reply_to_user_id": null,
        "in_reply_to_user_id_str": null,
        "is_quote_status": false,
        "lang": "en",
        "metadata": {
            "iso_language_code": "en",
            "result_type": "recent"
        },
        "place": null,
        "possibly_sensitive": false,
        "retweet_count": 3,
        "retweeted": false,
        "source": "<a href=\"https://www.hootsuite.com\" rel=\"nofollow\">Hootsuite Inc.</a>",
        "text": "Sundays in #Monastiraki Square \ud83d\udecd https://t.co/m6fFQUA6B5",
        "truncated": false,
        "user": {
            "contributors_enabled": false,
            "created_at": "Wed Apr 15 17:25:53 +0000 2015",
            "default_profile": false,
            "default_profile_image": false,
            "description": "The American School of Classical Studies in Athens. Your source for news of archaeology, history, Greece, and more.",
            "entities": {
                "description": {
                    "urls": []
                },
                "url": {
                    "urls": [
                        {
                            "display_url": "ascsa.edu.gr",
                            "expanded_url": "https://www.ascsa.edu.gr",
                            "indices": [
                                0,
                                23
                            ],
                            "url": "https://t.co/L9VNP07eyw"
                        }
                    ]
                }
            },
            "favourites_count": 1283,
            "follow_request_sent": false,
            "followers_count": 3393,
            "following": false,
            "friends_count": 214,
            "geo_enabled": true,
            "has_extended_profile": false,
            "id": 3170655755,
            "id_str": "3170655755",
            "is_translation_enabled": false,
            "is_translator": false,
            "lang": null,
            "listed_count": 84,
            "location": "Athens, Greece; Princeton, NJ",
            "name": "ASCSA",
            "notifications": false,
            "profile_background_color": "000000",
            "profile_background_image_url": "http://abs.twimg.com/images/themes/theme1/bg.png",
            "profile_background_image_url_https": "https://abs.twimg.com/images/themes/theme1/bg.png",
            "profile_background_tile": false,
            "profile_banner_url": "https://pbs.twimg.com/profile_banners/3170655755/1437592394",
            "profile_image_url": "http://pbs.twimg.com/profile_images/631886897560858625/jfMgFKa5_normal.jpg",
            "profile_image_url_https": "https://pbs.twimg.com/profile_images/631886897560858625/jfMgFKa5_normal.jpg",
            "profile_link_color": "1B95E0",
            "profile_sidebar_border_color": "000000",
            "profile_sidebar_fill_color": "000000",
            "profile_text_color": "000000",
            "profile_use_background_image": false,
            "protected": false,
            "screen_name": "ASCSAthens",
            "statuses_count": 4824,
            "time_zone": null,
            "translator_type": "none",
            "url": "https://t.co/L9VNP07eyw",
            "utc_offset": null,
            "verified": false
        }
    },
    "source": "<a href=\"http://twitter.com/download/iphone\" rel=\"nofollow\">Twitter for iPhone</a>",
    "text": "RT @ASCSAthens: Sundays in #Monastiraki Square \ud83d\udecd https://t.co/m6fFQUA6B5",
    "truncated": false,
    "user": {
        "contributors_enabled": false,
        "created_at": "Thu Sep 28 13:42:38 +0000 2017",
        "default_profile": false,
        "default_profile_image": false,
        "description": "Shaker High School Latin Club, Shaker High School\u2019s chapter of the NYS Junior Classical League,  and Shaker High School\u2019s Latin Program \ud83c\udffa\ud83d\udc02\ud83e\udd29",
        "entities": {
            "description": {
                "urls": []
            }
        },
        "favourites_count": 1357,
        "follow_request_sent": false,
        "followers_count": 130,
        "following": false,
        "friends_count": 221,
        "geo_enabled": true,
        "has_extended_profile": false,
        "id": 913398545369190400,
        "id_str": "913398545369190400",
        "is_translation_enabled": false,
        "is_translator": false,
        "lang": null,
        "listed_count": 0,
        "location": "Latham, NY",
        "name": "Shaker Latin",
        "notifications": false,
        "profile_background_color": "000000",
        "profile_background_image_url": "http://abs.twimg.com/images/themes/theme1/bg.png",
        "profile_background_image_url_https": "https://abs.twimg.com/images/themes/theme1/bg.png",
        "profile_background_tile": false,
        "profile_banner_url": "https://pbs.twimg.com/profile_banners/913398545369190400/1556377265",
        "profile_image_url": "http://pbs.twimg.com/profile_images/913400477349502976/48nRvKwS_normal.jpg",
        "profile_image_url_https": "https://pbs.twimg.com/profile_images/913400477349502976/48nRvKwS_normal.jpg",
        "profile_link_color": "1B95E0",
        "profile_sidebar_border_color": "000000",
        "profile_sidebar_fill_color": "000000",
        "profile_text_color": "000000",
        "profile_use_background_image": false,
        "protected": false,
        "screen_name": "Bison_Caeruleus",
        "statuses_count": 1404,
        "time_zone": null,
        "translator_type": "none",
        "url": null,
        "utc_offset": null,
        "verified": false
    }
}
