{
    "contributors": null,
    "coordinates": null,
    "created_at": "Tue Jun 25 17:15:38 +0000 2019",
    "entities": {
        "hashtags": [
            {
                "indices": [
                    36,
                    43
                ],
                "text": "Athens"
            },
            {
                "indices": [
                    70,
                    74
                ],
                "text": "MVP"
            },
            {
                "indices": [
                    75,
                    82
                ],
                "text": "Greece"
            }
        ],
        "symbols": [],
        "urls": [
            {
                "display_url": "twitter.com/Ballislife/sta\u2026",
                "expanded_url": "https://twitter.com/Ballislife/status/1143488570897944581",
                "indices": [
                    83,
                    106
                ],
                "url": "https://t.co/4CIy63aRaq"
            }
        ],
        "user_mentions": []
    },
    "favorite_count": 0,
    "favorited": false,
    "geo": null,
    "id": 1143568443406315521,
    "id_str": "1143568443406315521",
    "in_reply_to_screen_name": null,
    "in_reply_to_status_id": null,
    "in_reply_to_status_id_str": null,
    "in_reply_to_user_id": null,
    "in_reply_to_user_id_str": null,
    "is_quote_status": true,
    "lang": "en",
    "metadata": {
        "iso_language_code": "en",
        "result_type": "recent"
    },
    "place": null,
    "possibly_sensitive": false,
    "quoted_status": {
        "contributors": null,
        "coordinates": null,
        "created_at": "Tue Jun 25 11:58:14 +0000 2019",
        "entities": {
            "hashtags": [],
            "media": [
                {
                    "display_url": "pic.twitter.com/UoQHqczA8J",
                    "expanded_url": "https://twitter.com/Bucks/status/1143357349144465408/video/1",
                    "id": 1143305143355662337,
                    "id_str": "1143305143355662337",
                    "indices": [
                        55,
                        78
                    ],
                    "media_url": "http://pbs.twimg.com/amplify_video_thumb/1143305143355662337/img/0s2WCFa_UZPhdC_G.jpg",
                    "media_url_https": "https://pbs.twimg.com/amplify_video_thumb/1143305143355662337/img/0s2WCFa_UZPhdC_G.jpg",
                    "sizes": {
                        "large": {
                            "h": 720,
                            "resize": "fit",
                            "w": 720
                        },
                        "medium": {
                            "h": 720,
                            "resize": "fit",
                            "w": 720
                        },
                        "small": {
                            "h": 680,
                            "resize": "fit",
                            "w": 680
                        },
                        "thumb": {
                            "h": 150,
                            "resize": "crop",
                            "w": 150
                        }
                    },
                    "source_status_id": 1143357349144465408,
                    "source_status_id_str": "1143357349144465408",
                    "source_user_id": 15900167,
                    "source_user_id_str": "15900167",
                    "type": "photo",
                    "url": "https://t.co/UoQHqczA8J"
                }
            ],
            "symbols": [],
            "urls": [],
            "user_mentions": [
                {
                    "id": 15900167,
                    "id_str": "15900167",
                    "indices": [
                        45,
                        51
                    ],
                    "name": "Milwaukee Bucks",
                    "screen_name": "Bucks"
                }
            ]
        },
        "extended_entities": {
            "media": [
                {
                    "additional_media_info": {
                        "description": "",
                        "embeddable": true,
                        "monetizable": true,
                        "title": ""
                    },
                    "display_url": "pic.twitter.com/UoQHqczA8J",
                    "expanded_url": "https://twitter.com/Bucks/status/1143357349144465408/video/1",
                    "id": 1143305143355662337,
                    "id_str": "1143305143355662337",
                    "indices": [
                        55,
                        78
                    ],
                    "media_url": "http://pbs.twimg.com/amplify_video_thumb/1143305143355662337/img/0s2WCFa_UZPhdC_G.jpg",
                    "media_url_https": "https://pbs.twimg.com/amplify_video_thumb/1143305143355662337/img/0s2WCFa_UZPhdC_G.jpg",
                    "sizes": {
                        "large": {
                            "h": 720,
                            "resize": "fit",
                            "w": 720
                        },
                        "medium": {
                            "h": 720,
                            "resize": "fit",
                            "w": 720
                        },
                        "small": {
                            "h": 680,
                            "resize": "fit",
                            "w": 680
                        },
                        "thumb": {
                            "h": 150,
                            "resize": "crop",
                            "w": 150
                        }
                    },
                    "source_status_id": 1143357349144465408,
                    "source_status_id_str": "1143357349144465408",
                    "source_user_id": 15900167,
                    "source_user_id_str": "15900167",
                    "type": "video",
                    "url": "https://t.co/UoQHqczA8J",
                    "video_info": {
                        "aspect_ratio": [
                            1,
                            1
                        ],
                        "duration_millis": 211278,
                        "variants": [
                            {
                                "bitrate": 1280000,
                                "content_type": "video/mp4",
                                "url": "https://video.twimg.com/amplify_video/1143305143355662337/vid/720x720/B9Zs9wAw6e9Zd0Pp.mp4?tag=13"
                            },
                            {
                                "bitrate": 432000,
                                "content_type": "video/mp4",
                                "url": "https://video.twimg.com/amplify_video/1143305143355662337/vid/320x320/ngL-0HAt8fmvPd-i.mp4?tag=13"
                            },
                            {
                                "bitrate": 832000,
                                "content_type": "video/mp4",
                                "url": "https://video.twimg.com/amplify_video/1143305143355662337/vid/480x480/_dKQEVbuMpbFV3Mh.mp4?tag=13"
                            },
                            {
                                "content_type": "application/x-mpegURL",
                                "url": "https://video.twimg.com/amplify_video/1143305143355662337/pl/c-7zwP4eiYZ6wITI.m3u8?tag=13"
                            }
                        ]
                    }
                }
            ]
        },
        "favorite_count": 478,
        "favorited": false,
        "geo": null,
        "id": 1143488570897944581,
        "id_str": "1143488570897944581",
        "in_reply_to_screen_name": null,
        "in_reply_to_status_id": null,
        "in_reply_to_status_id_str": null,
        "in_reply_to_user_id": null,
        "in_reply_to_user_id_str": null,
        "is_quote_status": false,
        "lang": "en",
        "metadata": {
            "iso_language_code": "en",
            "result_type": "recent"
        },
        "place": null,
        "possibly_sensitive": false,
        "retweet_count": 133,
        "retweeted": false,
        "source": "<a href=\"http://twitter.com/download/iphone\" rel=\"nofollow\">Twitter for iPhone</a>",
        "text": "Just a kid from Sepolia, who became MVP! \n\n\ud83d\udcfc @Bucks \n\n https://t.co/UoQHqczA8J",
        "truncated": false,
        "user": {
            "contributors_enabled": false,
            "created_at": "Fri Dec 05 17:25:17 +0000 2008",
            "default_profile": false,
            "default_profile_image": false,
            "description": "BALLISLIFE - Follow the movement! Download the #ballislife app and upload your own highlights! \ud83d\udc47https://t.co/oHl5qhpaPQ",
            "entities": {
                "description": {
                    "urls": [
                        {
                            "display_url": "apple.co/2SKnMQ77",
                            "expanded_url": "https://apple.co/2SKnMQ77",
                            "indices": [
                                96,
                                119
                            ],
                            "url": "https://t.co/oHl5qhpaPQ"
                        }
                    ]
                },
                "url": {
                    "urls": [
                        {
                            "display_url": "ballislife.com",
                            "expanded_url": "http://ballislife.com",
                            "indices": [
                                0,
                                23
                            ],
                            "url": "https://t.co/jMBKbDcNyU"
                        }
                    ]
                }
            },
            "favourites_count": 14133,
            "follow_request_sent": false,
            "followers_count": 459793,
            "following": false,
            "friends_count": 4446,
            "geo_enabled": true,
            "has_extended_profile": false,
            "id": 17902401,
            "id_str": "17902401",
            "is_translation_enabled": false,
            "is_translator": false,
            "lang": "en",
            "listed_count": 1786,
            "location": "Los Angeles, Ca",
            "name": "Ballislife.com",
            "notifications": false,
            "profile_background_color": "1A1B1F",
            "profile_background_image_url": "http://abs.twimg.com/images/themes/theme9/bg.gif",
            "profile_background_image_url_https": "https://abs.twimg.com/images/themes/theme9/bg.gif",
            "profile_background_tile": false,
            "profile_banner_url": "https://pbs.twimg.com/profile_banners/17902401/1557873329",
            "profile_image_url": "http://pbs.twimg.com/profile_images/1053027014544842752/QHplPv0Y_normal.jpg",
            "profile_image_url_https": "https://pbs.twimg.com/profile_images/1053027014544842752/QHplPv0Y_normal.jpg",
            "profile_link_color": "081A69",
            "profile_sidebar_border_color": "000000",
            "profile_sidebar_fill_color": "9998A1",
            "profile_text_color": "000000",
            "profile_use_background_image": true,
            "protected": false,
            "screen_name": "Ballislife",
            "statuses_count": 125844,
            "time_zone": null,
            "translator_type": "none",
            "url": "https://t.co/jMBKbDcNyU",
            "utc_offset": null,
            "verified": true
        }
    },
    "quoted_status_id": 1143488570897944581,
    "quoted_status_id_str": "1143488570897944581",
    "retweet_count": 0,
    "retweeted": false,
    "source": "<a href=\"https://mobile.twitter.com\" rel=\"nofollow\">Twitter Web App</a>",
    "text": "Super proud of Yannis, representing #Athens in the best possible way. #MVP #Greece https://t.co/4CIy63aRaq",
    "truncated": false,
    "user": {
        "contributors_enabled": false,
        "created_at": "Sun Jul 21 19:20:34 +0000 2013",
        "default_profile": false,
        "default_profile_image": false,
        "description": "Co-founder, CTO @WeAreAgentRisk. Love to travel + cook. Curious learner. Greek in California. #LongLA",
        "entities": {
            "description": {
                "urls": []
            }
        },
        "favourites_count": 2362,
        "follow_request_sent": false,
        "followers_count": 308,
        "following": false,
        "friends_count": 513,
        "geo_enabled": true,
        "has_extended_profile": false,
        "id": 1611170316,
        "id_str": "1611170316",
        "is_translation_enabled": false,
        "is_translator": false,
        "lang": "en",
        "listed_count": 72,
        "location": "Los Angeles, CA",
        "name": "Alex Loukissas",
        "notifications": false,
        "profile_background_color": "000000",
        "profile_background_image_url": "http://abs.twimg.com/images/themes/theme5/bg.gif",
        "profile_background_image_url_https": "https://abs.twimg.com/images/themes/theme5/bg.gif",
        "profile_background_tile": false,
        "profile_banner_url": "https://pbs.twimg.com/profile_banners/1611170316/1514934853",
        "profile_image_url": "http://pbs.twimg.com/profile_images/1065712021813903360/-7ylgYGl_normal.jpg",
        "profile_image_url_https": "https://pbs.twimg.com/profile_images/1065712021813903360/-7ylgYGl_normal.jpg",
        "profile_link_color": "ABB8C2",
        "profile_sidebar_border_color": "000000",
        "profile_sidebar_fill_color": "000000",
        "profile_text_color": "000000",
        "profile_use_background_image": false,
        "protected": false,
        "screen_name": "aloukissas",
        "statuses_count": 4257,
        "time_zone": null,
        "translator_type": "none",
        "url": null,
        "utc_offset": null,
        "verified": false
    }
}
