{
    "contributors": null,
    "coordinates": null,
    "created_at": "Thu Jul 04 02:37:21 +0000 2019",
    "entities": {
        "hashtags": [],
        "symbols": [],
        "urls": [],
        "user_mentions": []
    },
    "favorite_count": 0,
    "favorited": false,
    "geo": null,
    "id": 1146608910851301376,
    "id_str": "1146608910851301376",
    "in_reply_to_screen_name": null,
    "in_reply_to_status_id": null,
    "in_reply_to_status_id_str": null,
    "in_reply_to_user_id": null,
    "in_reply_to_user_id_str": null,
    "is_quote_status": false,
    "lang": "en",
    "metadata": {
        "iso_language_code": "en",
        "result_type": "recent"
    },
    "place": null,
    "retweet_count": 0,
    "retweeted": false,
    "source": "<a href=\"http://twitter.com/#!/download/ipad\" rel=\"nofollow\">Twitter for iPad</a>",
    "text": "I used to get so lit in Plaka whew",
    "truncated": false,
    "user": {
        "contributors_enabled": false,
        "created_at": "Tue Mar 01 17:14:27 +0000 2011",
        "default_profile": false,
        "default_profile_image": false,
        "description": "Trust your Journey \ud83d\udcab\ud83c\udf3b",
        "entities": {
            "description": {
                "urls": []
            }
        },
        "favourites_count": 2318,
        "follow_request_sent": false,
        "followers_count": 407,
        "following": false,
        "friends_count": 355,
        "geo_enabled": true,
        "has_extended_profile": true,
        "id": 259335931,
        "id_str": "259335931",
        "is_translation_enabled": false,
        "is_translator": false,
        "lang": null,
        "listed_count": 4,
        "location": "Dallas, TX",
        "name": "Maniac",
        "notifications": false,
        "profile_background_color": "01040F",
        "profile_background_image_url": "http://abs.twimg.com/images/themes/theme9/bg.gif",
        "profile_background_image_url_https": "https://abs.twimg.com/images/themes/theme9/bg.gif",
        "profile_background_tile": true,
        "profile_banner_url": "https://pbs.twimg.com/profile_banners/259335931/1562240609",
        "profile_image_url": "http://pbs.twimg.com/profile_images/1122583710052880384/X74ZOhvf_normal.jpg",
        "profile_image_url_https": "https://pbs.twimg.com/profile_images/1122583710052880384/X74ZOhvf_normal.jpg",
        "profile_link_color": "E60C37",
        "profile_sidebar_border_color": "FFFFFF",
        "profile_sidebar_fill_color": "252429",
        "profile_text_color": "666666",
        "profile_use_background_image": true,
        "protected": false,
        "screen_name": "Maniac__Mitch",
        "statuses_count": 29321,
        "time_zone": null,
        "translator_type": "none",
        "url": null,
        "utc_offset": null,
        "verified": false
    }
}
