{
    "contributors": null,
    "coordinates": null,
    "created_at": "Mon Aug 26 16:48:23 +0000 2019",
    "entities": {
        "hashtags": [
            {
                "indices": [
                    86,
                    95
                ],
                "text": "Exarchia"
            }
        ],
        "symbols": [],
        "urls": [],
        "user_mentions": [
            {
                "id": 363136411,
                "id_str": "363136411",
                "indices": [
                    3,
                    18
                ],
                "name": "David Zorrakino",
                "screen_name": "DavidZorrakino"
            }
        ]
    },
    "favorite_count": 0,
    "favorited": false,
    "geo": null,
    "id": 1166029633374105607,
    "id_str": "1166029633374105607",
    "in_reply_to_screen_name": null,
    "in_reply_to_status_id": null,
    "in_reply_to_status_id_str": null,
    "in_reply_to_user_id": null,
    "in_reply_to_user_id_str": null,
    "is_quote_status": false,
    "lang": "en",
    "metadata": {
        "iso_language_code": "en",
        "result_type": "recent"
    },
    "place": null,
    "retweet_count": 8,
    "retweeted": false,
    "retweeted_status": {
        "contributors": null,
        "coordinates": null,
        "created_at": "Mon Aug 26 13:59:03 +0000 2019",
        "entities": {
            "hashtags": [
                {
                    "indices": [
                        66,
                        75
                    ],
                    "text": "Exarchia"
                }
            ],
            "symbols": [],
            "urls": [
                {
                    "display_url": "twitter.com/i/web/status/1\u2026",
                    "expanded_url": "https://twitter.com/i/web/status/1165987021908828161",
                    "indices": [
                        117,
                        140
                    ],
                    "url": "https://t.co/Xc71cafCde"
                }
            ],
            "user_mentions": []
        },
        "favorite_count": 0,
        "favorited": false,
        "geo": null,
        "id": 1165987021908828161,
        "id_str": "1165987021908828161",
        "in_reply_to_screen_name": null,
        "in_reply_to_status_id": null,
        "in_reply_to_status_id_str": null,
        "in_reply_to_user_id": null,
        "in_reply_to_user_id_str": null,
        "is_quote_status": false,
        "lang": "en",
        "metadata": {
            "iso_language_code": "en",
            "result_type": "recent"
        },
        "place": null,
        "possibly_sensitive": false,
        "retweet_count": 8,
        "retweeted": false,
        "source": "<a href=\"https://mobile.twitter.com\" rel=\"nofollow\">Twitter Web App</a>",
        "text": "The new Prime Minister Kyriakos Mitsotakis promised to \u201cclean up\" #Exarchia in less than a month. Early this mornin\u2026 https://t.co/Xc71cafCde",
        "truncated": true,
        "user": {
            "contributors_enabled": false,
            "created_at": "Sat Aug 27 15:52:36 +0000 2011",
            "default_profile": false,
            "default_profile_image": false,
            "description": "Periodista/Journalist. Migracions i DDHH. Multim\u00e8dia a @europapress. \u00abGraben todo. En alg\u00fan momento un bastardo se levantar\u00e1 y dir\u00e1 que esto nunca sucedi\u00f3.\u00bb",
            "entities": {
                "description": {
                    "urls": []
                },
                "url": {
                    "urls": [
                        {
                            "display_url": "theguardian.com/artanddesign/g\u2026",
                            "expanded_url": "https://www.theguardian.com/artanddesign/gallery/2018/dec/22/the-20-photographs-of-the-week",
                            "indices": [
                                0,
                                23
                            ],
                            "url": "https://t.co/Ipl7weDNQ2"
                        }
                    ]
                }
            },
            "favourites_count": 1500,
            "follow_request_sent": false,
            "followers_count": 3399,
            "following": false,
            "friends_count": 1337,
            "geo_enabled": true,
            "has_extended_profile": false,
            "id": 363136411,
            "id_str": "363136411",
            "is_translation_enabled": false,
            "is_translator": false,
            "lang": null,
            "listed_count": 107,
            "location": "Greece, El Tri\u00e1ngulo de Hielo",
            "name": "David Zorrakino",
            "notifications": false,
            "profile_background_color": "07752A",
            "profile_background_image_url": "http://abs.twimg.com/images/themes/theme1/bg.png",
            "profile_background_image_url_https": "https://abs.twimg.com/images/themes/theme1/bg.png",
            "profile_background_tile": true,
            "profile_banner_url": "https://pbs.twimg.com/profile_banners/363136411/1565476889",
            "profile_image_url": "http://pbs.twimg.com/profile_images/1161215546412687361/cqpeSCsr_normal.jpg",
            "profile_image_url_https": "https://pbs.twimg.com/profile_images/1161215546412687361/cqpeSCsr_normal.jpg",
            "profile_link_color": "A98D1E",
            "profile_sidebar_border_color": "FFFFFF",
            "profile_sidebar_fill_color": "DDEEF6",
            "profile_text_color": "020F01",
            "profile_use_background_image": true,
            "protected": false,
            "screen_name": "DavidZorrakino",
            "statuses_count": 4621,
            "time_zone": null,
            "translator_type": "none",
            "url": "https://t.co/Ipl7weDNQ2",
            "utc_offset": null,
            "verified": false
        }
    },
    "source": "<a href=\"https://mobile.twitter.com\" rel=\"nofollow\">Twitter Web App</a>",
    "text": "RT @DavidZorrakino: The new Prime Minister Kyriakos Mitsotakis promised to \u201cclean up\" #Exarchia in less than a month. Early this morning, 1\u2026",
    "truncated": false,
    "user": {
        "contributors_enabled": false,
        "created_at": "Sun May 13 15:05:38 +0000 2018",
        "default_profile": true,
        "default_profile_image": false,
        "description": "",
        "entities": {
            "description": {
                "urls": []
            },
            "url": {
                "urls": [
                    {
                        "display_url": "gskk.org",
                        "expanded_url": "http://gskk.org",
                        "indices": [
                            0,
                            23
                        ],
                        "url": "https://t.co/lpDtWUl3M2"
                    }
                ]
            }
        },
        "favourites_count": 1069,
        "follow_request_sent": false,
        "followers_count": 29,
        "following": false,
        "friends_count": 81,
        "geo_enabled": false,
        "has_extended_profile": false,
        "id": 995681481598144512,
        "id_str": "995681481598144512",
        "is_translation_enabled": false,
        "is_translator": false,
        "lang": null,
        "listed_count": 0,
        "location": "",
        "name": "Monika",
        "notifications": false,
        "profile_background_color": "F5F8FA",
        "profile_background_image_url": null,
        "profile_background_image_url_https": null,
        "profile_background_tile": false,
        "profile_image_url": "http://pbs.twimg.com/profile_images/1001830708783001600/nBuQspQw_normal.jpg",
        "profile_image_url_https": "https://pbs.twimg.com/profile_images/1001830708783001600/nBuQspQw_normal.jpg",
        "profile_link_color": "1DA1F2",
        "profile_sidebar_border_color": "C0DEED",
        "profile_sidebar_fill_color": "DDEEF6",
        "profile_text_color": "333333",
        "profile_use_background_image": true,
        "protected": false,
        "screen_name": "mozmue",
        "statuses_count": 1420,
        "time_zone": null,
        "translator_type": "none",
        "url": "https://t.co/lpDtWUl3M2",
        "utc_offset": null,
        "verified": false
    }
}
