{
    "contributors": null,
    "coordinates": null,
    "created_at": "Tue Jul 02 06:48:24 +0000 2019",
    "entities": {
        "hashtags": [
            {
                "indices": [
                    0,
                    7
                ],
                "text": "Athens"
            }
        ],
        "symbols": [],
        "urls": [
            {
                "display_url": "oddcrimes.com/static/2019/07\u2026",
                "expanded_url": "https://oddcrimes.com/static/2019/07/02/Athens-County-man-gets-9-years-for-multiple-rapes.php",
                "indices": [
                    72,
                    95
                ],
                "url": "https://t.co/l4rMtvFdwd"
            }
        ],
        "user_mentions": []
    },
    "favorite_count": 0,
    "favorited": false,
    "geo": null,
    "id": 1145947310997823489,
    "id_str": "1145947310997823489",
    "in_reply_to_screen_name": null,
    "in_reply_to_status_id": null,
    "in_reply_to_status_id_str": null,
    "in_reply_to_user_id": null,
    "in_reply_to_user_id_str": null,
    "is_quote_status": false,
    "lang": "en",
    "metadata": {
        "iso_language_code": "en",
        "result_type": "recent"
    },
    "place": null,
    "possibly_sensitive": false,
    "retweet_count": 0,
    "retweeted": false,
    "source": "<a href=\"http://pulpnews.com\" rel=\"nofollow\">PulpNews</a>",
    "text": "#Athens County man gets 9 years for multiple rapes - Jul 2 @ 2:47 AM ET https://t.co/l4rMtvFdwd",
    "truncated": false,
    "user": {
        "contributors_enabled": false,
        "created_at": "Fri Jan 01 14:32:20 +0000 2010",
        "default_profile": false,
        "default_profile_image": false,
        "description": "The Fastest Crime News Updates on the Planet! Are you a news-a-holic? We have your fix right here.",
        "entities": {
            "description": {
                "urls": []
            },
            "url": {
                "urls": [
                    {
                        "display_url": "PulpNews.com",
                        "expanded_url": "http://www.PulpNews.com",
                        "indices": [
                            0,
                            23
                        ],
                        "url": "https://t.co/zZU6RYUAUw"
                    }
                ]
            }
        },
        "favourites_count": 62,
        "follow_request_sent": false,
        "followers_count": 4521,
        "following": false,
        "friends_count": 951,
        "geo_enabled": false,
        "has_extended_profile": false,
        "id": 100986964,
        "id_str": "100986964",
        "is_translation_enabled": false,
        "is_translator": false,
        "lang": "en",
        "listed_count": 1146,
        "location": "USA",
        "name": "PulpNews Crime",
        "notifications": false,
        "profile_background_color": "000000",
        "profile_background_image_url": "http://abs.twimg.com/images/themes/theme9/bg.gif",
        "profile_background_image_url_https": "https://abs.twimg.com/images/themes/theme9/bg.gif",
        "profile_background_tile": true,
        "profile_banner_url": "https://pbs.twimg.com/profile_banners/100986964/1402968635",
        "profile_image_url": "http://pbs.twimg.com/profile_images/478705015041712128/BpM9m5yT_normal.jpeg",
        "profile_image_url_https": "https://pbs.twimg.com/profile_images/478705015041712128/BpM9m5yT_normal.jpeg",
        "profile_link_color": "CE0000",
        "profile_sidebar_border_color": "000000",
        "profile_sidebar_fill_color": "FFFFFF",
        "profile_text_color": "0066CC",
        "profile_use_background_image": true,
        "protected": false,
        "screen_name": "PulpNews",
        "statuses_count": 3141601,
        "time_zone": null,
        "translator_type": "none",
        "url": "https://t.co/zZU6RYUAUw",
        "utc_offset": null,
        "verified": false
    }
}
