{
    "contributors": null,
    "coordinates": null,
    "created_at": "Fri Jul 05 11:11:00 +0000 2019",
    "entities": {
        "hashtags": [
            {
                "indices": [
                    9,
                    19
                ],
                "text": "Norwegian"
            },
            {
                "indices": [
                    44,
                    52
                ],
                "text": "NewYork"
            },
            {
                "indices": [
                    56,
                    63
                ],
                "text": "Athens"
            }
        ],
        "media": [
            {
                "display_url": "pic.twitter.com/6Ow2nIUFlw",
                "expanded_url": "https://twitter.com/eprotothema/status/1147100562925731840/photo/1",
                "id": 1147100545880088577,
                "id_str": "1147100545880088577",
                "indices": [
                    102,
                    125
                ],
                "media_url": "http://pbs.twimg.com/media/D-tR3m7W4AEAYPh.jpg",
                "media_url_https": "https://pbs.twimg.com/media/D-tR3m7W4AEAYPh.jpg",
                "sizes": {
                    "large": {
                        "h": 360,
                        "resize": "fit",
                        "w": 550
                    },
                    "medium": {
                        "h": 360,
                        "resize": "fit",
                        "w": 550
                    },
                    "small": {
                        "h": 360,
                        "resize": "fit",
                        "w": 550
                    },
                    "thumb": {
                        "h": 150,
                        "resize": "crop",
                        "w": 150
                    }
                },
                "type": "photo",
                "url": "https://t.co/6Ow2nIUFlw"
            }
        ],
        "symbols": [],
        "urls": [
            {
                "display_url": "en.protothema.gr/low-cost-norwe\u2026",
                "expanded_url": "http://en.protothema.gr/low-cost-norwegian-launches-its-first-ever-new-york-to-athens-nonstop-route",
                "indices": [
                    78,
                    101
                ],
                "url": "https://t.co/fzdH2Qij1e"
            }
        ],
        "user_mentions": []
    },
    "extended_entities": {
        "media": [
            {
                "display_url": "pic.twitter.com/6Ow2nIUFlw",
                "expanded_url": "https://twitter.com/eprotothema/status/1147100562925731840/photo/1",
                "id": 1147100545880088577,
                "id_str": "1147100545880088577",
                "indices": [
                    102,
                    125
                ],
                "media_url": "http://pbs.twimg.com/media/D-tR3m7W4AEAYPh.jpg",
                "media_url_https": "https://pbs.twimg.com/media/D-tR3m7W4AEAYPh.jpg",
                "sizes": {
                    "large": {
                        "h": 360,
                        "resize": "fit",
                        "w": 550
                    },
                    "medium": {
                        "h": 360,
                        "resize": "fit",
                        "w": 550
                    },
                    "small": {
                        "h": 360,
                        "resize": "fit",
                        "w": 550
                    },
                    "thumb": {
                        "h": 150,
                        "resize": "crop",
                        "w": 150
                    }
                },
                "type": "photo",
                "url": "https://t.co/6Ow2nIUFlw"
            }
        ]
    },
    "favorite_count": 0,
    "favorited": false,
    "geo": null,
    "id": 1147100562925731840,
    "id_str": "1147100562925731840",
    "in_reply_to_screen_name": null,
    "in_reply_to_status_id": null,
    "in_reply_to_status_id_str": null,
    "in_reply_to_user_id": null,
    "in_reply_to_user_id_str": null,
    "is_quote_status": false,
    "lang": "en",
    "metadata": {
        "iso_language_code": "en",
        "result_type": "recent"
    },
    "place": null,
    "possibly_sensitive": false,
    "retweet_count": 0,
    "retweeted": false,
    "source": "<a href=\"http://twitter.com\" rel=\"nofollow\">Twitter Web Client</a>",
    "text": "Low-cost #Norwegian launches its first-ever #NewYork to #Athens nonstop route\nhttps://t.co/fzdH2Qij1e https://t.co/6Ow2nIUFlw",
    "truncated": false,
    "user": {
        "contributors_enabled": false,
        "created_at": "Thu May 08 16:13:52 +0000 2014",
        "default_profile": false,
        "default_profile_image": false,
        "description": "English Edition of Greece\u2019s No.1 news site & best-selling/most influential Sunday newspaper. Follow for breaking news, special reports and more from @protothema",
        "entities": {
            "description": {
                "urls": []
            },
            "url": {
                "urls": [
                    {
                        "display_url": "en.protothema.gr",
                        "expanded_url": "http://en.protothema.gr/",
                        "indices": [
                            0,
                            22
                        ],
                        "url": "http://t.co/uGmF0l8CVf"
                    }
                ]
            }
        },
        "favourites_count": 37,
        "follow_request_sent": false,
        "followers_count": 3335,
        "following": false,
        "friends_count": 1657,
        "geo_enabled": true,
        "has_extended_profile": false,
        "id": 2484021120,
        "id_str": "2484021120",
        "is_translation_enabled": false,
        "is_translator": false,
        "lang": null,
        "listed_count": 371,
        "location": "",
        "name": "Proto Thema English",
        "notifications": false,
        "profile_background_color": "000000",
        "profile_background_image_url": "http://abs.twimg.com/images/themes/theme1/bg.png",
        "profile_background_image_url_https": "https://abs.twimg.com/images/themes/theme1/bg.png",
        "profile_background_tile": false,
        "profile_banner_url": "https://pbs.twimg.com/profile_banners/2484021120/1448963839",
        "profile_image_url": "http://pbs.twimg.com/profile_images/666602511520935936/andlcUlt_normal.png",
        "profile_image_url_https": "https://pbs.twimg.com/profile_images/666602511520935936/andlcUlt_normal.png",
        "profile_link_color": "F47021",
        "profile_sidebar_border_color": "000000",
        "profile_sidebar_fill_color": "000000",
        "profile_text_color": "000000",
        "profile_use_background_image": false,
        "protected": false,
        "screen_name": "eprotothema",
        "statuses_count": 33052,
        "time_zone": null,
        "translator_type": "regular",
        "url": "http://t.co/uGmF0l8CVf",
        "utc_offset": null,
        "verified": false
    }
}
