{
    "contributors": null,
    "coordinates": null,
    "created_at": "Mon Aug 26 16:27:15 +0000 2019",
    "entities": {
        "hashtags": [
            {
                "indices": [
                    53,
                    63
                ],
                "text": "Exarcheia"
            }
        ],
        "symbols": [],
        "urls": [
            {
                "display_url": "anarchistsworldwide.noblogs.org/post/2019/08/1\u2026",
                "expanded_url": "https://anarchistsworldwide.noblogs.org/post/2019/08/13/athens-greece-anti-sexist-patrols-in-exarcheia",
                "indices": [
                    64,
                    87
                ],
                "url": "https://t.co/znvXXC0wvD"
            }
        ],
        "user_mentions": [
            {
                "id": 1269215209,
                "id_str": "1269215209",
                "indices": [
                    3,
                    12
                ],
                "name": "-_- \ud83c\udff4\u200d\u2620\ufe0f\u24b6\u2605",
                "screen_name": "seamymsg"
            }
        ]
    },
    "favorite_count": 0,
    "favorited": false,
    "geo": null,
    "id": 1166024317295124481,
    "id_str": "1166024317295124481",
    "in_reply_to_screen_name": null,
    "in_reply_to_status_id": null,
    "in_reply_to_status_id_str": null,
    "in_reply_to_user_id": null,
    "in_reply_to_user_id_str": null,
    "is_quote_status": false,
    "lang": "en",
    "metadata": {
        "iso_language_code": "en",
        "result_type": "recent"
    },
    "place": null,
    "possibly_sensitive": false,
    "retweet_count": 2,
    "retweeted": false,
    "retweeted_status": {
        "contributors": null,
        "coordinates": null,
        "created_at": "Wed Aug 14 10:35:16 +0000 2019",
        "entities": {
            "hashtags": [
                {
                    "indices": [
                        39,
                        49
                    ],
                    "text": "Exarcheia"
                }
            ],
            "symbols": [],
            "urls": [
                {
                    "display_url": "anarchistsworldwide.noblogs.org/post/2019/08/1\u2026",
                    "expanded_url": "https://anarchistsworldwide.noblogs.org/post/2019/08/13/athens-greece-anti-sexist-patrols-in-exarcheia",
                    "indices": [
                        50,
                        73
                    ],
                    "url": "https://t.co/znvXXC0wvD"
                },
                {
                    "display_url": "twitter.com/i/web/status/1\u2026",
                    "expanded_url": "https://twitter.com/i/web/status/1161587081073831936",
                    "indices": [
                        117,
                        140
                    ],
                    "url": "https://t.co/c1IezU2Mvn"
                }
            ],
            "user_mentions": []
        },
        "favorite_count": 5,
        "favorited": false,
        "geo": null,
        "id": 1161587081073831936,
        "id_str": "1161587081073831936",
        "in_reply_to_screen_name": null,
        "in_reply_to_status_id": null,
        "in_reply_to_status_id_str": null,
        "in_reply_to_user_id": null,
        "in_reply_to_user_id_str": null,
        "is_quote_status": false,
        "lang": "en",
        "metadata": {
            "iso_language_code": "en",
            "result_type": "recent"
        },
        "place": null,
        "possibly_sensitive": false,
        "retweet_count": 2,
        "retweeted": false,
        "source": "<a href=\"https://mobile.twitter.com\" rel=\"nofollow\">Twitter Web App</a>",
        "text": "Athens, Greece: Anti-Sexist Patrols in #Exarcheia https://t.co/znvXXC0wvD In response to the misogynistic culture o\u2026 https://t.co/c1IezU2Mvn",
        "truncated": true,
        "user": {
            "contributors_enabled": false,
            "created_at": "Fri Mar 15 08:37:53 +0000 2013",
            "default_profile": false,
            "default_profile_image": false,
            "description": "for \u24b6 different & just world \u2605) defy authority \u2605) dismantle capitalism \u2605) subvert fascism & governments #AntiRep #ZAD #CgAn \u24b6BC F\u24b6I root@localhost~:HelloWorld \u2665",
            "entities": {
                "description": {
                    "urls": []
                },
                "url": {
                    "urls": [
                        {
                            "display_url": "seamymsg.noblogs.org",
                            "expanded_url": "http://seamymsg.noblogs.org",
                            "indices": [
                                0,
                                22
                            ],
                            "url": "http://t.co/408gqFtSer"
                        }
                    ]
                }
            },
            "favourites_count": 1228,
            "follow_request_sent": false,
            "followers_count": 1444,
            "following": false,
            "friends_count": 1616,
            "geo_enabled": false,
            "has_extended_profile": false,
            "id": 1269215209,
            "id_str": "1269215209",
            "is_translation_enabled": false,
            "is_translator": false,
            "lang": null,
            "listed_count": 93,
            "location": "\u2665 Subjecting 2 #Change for Total Liberation \u2665",
            "name": "-_- \ud83c\udff4\u200d\u2620\ufe0f\u24b6\u2605",
            "notifications": false,
            "profile_background_color": "000000",
            "profile_background_image_url": "http://abs.twimg.com/images/themes/theme1/bg.png",
            "profile_background_image_url_https": "https://abs.twimg.com/images/themes/theme1/bg.png",
            "profile_background_tile": false,
            "profile_banner_url": "https://pbs.twimg.com/profile_banners/1269215209/1463450164",
            "profile_image_url": "http://pbs.twimg.com/profile_images/1106253334049185793/xefAT1Wc_normal.png",
            "profile_image_url_https": "https://pbs.twimg.com/profile_images/1106253334049185793/xefAT1Wc_normal.png",
            "profile_link_color": "FF0404",
            "profile_sidebar_border_color": "000000",
            "profile_sidebar_fill_color": "DDEEF6",
            "profile_text_color": "333333",
            "profile_use_background_image": true,
            "protected": false,
            "screen_name": "seamymsg",
            "statuses_count": 15682,
            "time_zone": null,
            "translator_type": "regular",
            "url": "http://t.co/408gqFtSer",
            "utc_offset": null,
            "verified": false
        }
    },
    "source": "<a href=\"http://twitter.com/download/android\" rel=\"nofollow\">Twitter for Android</a>",
    "text": "RT @seamymsg: Athens, Greece: Anti-Sexist Patrols in #Exarcheia https://t.co/znvXXC0wvD In response to the misogynistic culture of Exarchei\u2026",
    "truncated": false,
    "user": {
        "contributors_enabled": false,
        "created_at": "Wed Jul 18 17:06:54 +0000 2018",
        "default_profile": true,
        "default_profile_image": false,
        "description": "antifa Liebe Sport und Bass Spielen",
        "entities": {
            "description": {
                "urls": []
            }
        },
        "favourites_count": 9371,
        "follow_request_sent": false,
        "followers_count": 152,
        "following": false,
        "friends_count": 362,
        "geo_enabled": false,
        "has_extended_profile": true,
        "id": 1019629595534987264,
        "id_str": "1019629595534987264",
        "is_translation_enabled": false,
        "is_translator": false,
        "lang": null,
        "listed_count": 0,
        "location": "",
        "name": "Max Suspekt",
        "notifications": false,
        "profile_background_color": "F5F8FA",
        "profile_background_image_url": null,
        "profile_background_image_url_https": null,
        "profile_background_tile": false,
        "profile_image_url": "http://pbs.twimg.com/profile_images/1019632946205089792/gtZkH4Ov_normal.jpg",
        "profile_image_url_https": "https://pbs.twimg.com/profile_images/1019632946205089792/gtZkH4Ov_normal.jpg",
        "profile_link_color": "1DA1F2",
        "profile_sidebar_border_color": "C0DEED",
        "profile_sidebar_fill_color": "DDEEF6",
        "profile_text_color": "333333",
        "profile_use_background_image": true,
        "protected": false,
        "screen_name": "MaxSuspekt",
        "statuses_count": 11466,
        "time_zone": null,
        "translator_type": "none",
        "url": null,
        "utc_offset": null,
        "verified": false
    }
}
