{
    "contributors": null,
    "coordinates": null,
    "created_at": "Sun Apr 28 04:30:53 +0000 2019",
    "entities": {
        "hashtags": [
            {
                "indices": [
                    43,
                    57
                ],
                "text": "socratesmemes"
            },
            {
                "indices": [
                    58,
                    67
                ],
                "text": "socrates"
            },
            {
                "indices": [
                    68,
                    84
                ],
                "text": "philosophyjokes"
            },
            {
                "indices": [
                    85,
                    104
                ],
                "text": "philosophicalmemes"
            },
            {
                "indices": [
                    105,
                    111
                ],
                "text": "youth"
            }
        ],
        "symbols": [],
        "urls": [
            {
                "display_url": "twitter.com/i/web/status/1\u2026",
                "expanded_url": "https://twitter.com/i/web/status/1122357494276399104",
                "indices": [
                    113,
                    136
                ],
                "url": "https://t.co/4sGSyYiJsU"
            }
        ],
        "user_mentions": []
    },
    "favorite_count": 0,
    "favorited": false,
    "geo": null,
    "id": 1122357494276399104,
    "id_str": "1122357494276399104",
    "in_reply_to_screen_name": null,
    "in_reply_to_status_id": null,
    "in_reply_to_status_id_str": null,
    "in_reply_to_user_id": null,
    "in_reply_to_user_id_str": null,
    "is_quote_status": false,
    "lang": "en",
    "metadata": {
        "iso_language_code": "en",
        "result_type": "recent"
    },
    "place": null,
    "possibly_sensitive": false,
    "retweet_count": 0,
    "retweeted": false,
    "source": "<a href=\"https://ifttt.com\" rel=\"nofollow\">IFTTT</a>",
    "text": "// Reposted from @learnlogictheeasyway_ // #socratesmemes #socrates #philosophyjokes #philosophicalmemes #youth\u2026 https://t.co/4sGSyYiJsU",
    "truncated": true,
    "user": {
        "contributors_enabled": false,
        "created_at": "Wed May 27 23:40:42 +0000 2009",
        "default_profile": false,
        "default_profile_image": false,
        "description": "Posting items from https://t.co/4IogjrwrRL and anything else that tickles my fancy.",
        "entities": {
            "description": {
                "urls": [
                    {
                        "display_url": "Muchneededmerch.net",
                        "expanded_url": "http://Muchneededmerch.net",
                        "indices": [
                            19,
                            42
                        ],
                        "url": "https://t.co/4IogjrwrRL"
                    }
                ]
            },
            "url": {
                "urls": [
                    {
                        "display_url": "muchneededmerch.net",
                        "expanded_url": "http://www.muchneededmerch.net",
                        "indices": [
                            0,
                            23
                        ],
                        "url": "https://t.co/PM15F5zguY"
                    }
                ]
            }
        },
        "favourites_count": 1070,
        "follow_request_sent": false,
        "followers_count": 1877,
        "following": false,
        "friends_count": 1019,
        "geo_enabled": true,
        "has_extended_profile": false,
        "id": 42996514,
        "id_str": "42996514",
        "is_translation_enabled": false,
        "is_translator": false,
        "lang": "en",
        "listed_count": 40,
        "location": "Stuck In The Interwebs",
        "name": "Shop",
        "notifications": false,
        "profile_background_color": "352624",
        "profile_background_image_url": "http://abs.twimg.com/images/themes/theme4/bg.gif",
        "profile_background_image_url_https": "https://abs.twimg.com/images/themes/theme4/bg.gif",
        "profile_background_tile": false,
        "profile_banner_url": "https://pbs.twimg.com/profile_banners/42996514/1469238975",
        "profile_image_url": "http://pbs.twimg.com/profile_images/889657431772454912/PK-MRb75_normal.jpg",
        "profile_image_url_https": "https://pbs.twimg.com/profile_images/889657431772454912/PK-MRb75_normal.jpg",
        "profile_link_color": "000000",
        "profile_sidebar_border_color": "FFFFFF",
        "profile_sidebar_fill_color": "BFDDDE",
        "profile_text_color": "63F0D8",
        "profile_use_background_image": true,
        "protected": false,
        "screen_name": "MuchNeededMerch",
        "statuses_count": 18822,
        "time_zone": null,
        "translator_type": "none",
        "url": "https://t.co/PM15F5zguY",
        "utc_offset": null,
        "verified": false
    }
}
