{
    "contributors": null,
    "coordinates": null,
    "created_at": "Fri Jul 05 11:51:35 +0000 2019",
    "entities": {
        "hashtags": [],
        "symbols": [],
        "urls": [
            {
                "display_url": "twitter.com/i/web/status/1\u2026",
                "expanded_url": "https://twitter.com/i/web/status/1147110774122471426",
                "indices": [
                    117,
                    140
                ],
                "url": "https://t.co/ritZOrAVfm"
            }
        ],
        "user_mentions": []
    },
    "favorite_count": 1,
    "favorited": false,
    "geo": null,
    "id": 1147110774122471426,
    "id_str": "1147110774122471426",
    "in_reply_to_screen_name": null,
    "in_reply_to_status_id": null,
    "in_reply_to_status_id_str": null,
    "in_reply_to_user_id": null,
    "in_reply_to_user_id_str": null,
    "is_quote_status": false,
    "lang": "en",
    "metadata": {
        "iso_language_code": "en",
        "result_type": "recent"
    },
    "place": null,
    "possibly_sensitive": false,
    "retweet_count": 0,
    "retweeted": false,
    "source": "<a href=\"http://twitter.com/download/iphone\" rel=\"nofollow\">Twitter for iPhone</a>",
    "text": "Had lunch with the guys in the Plaka district and then \u201cmade\u201d them try on hats. We have some future models in the g\u2026 https://t.co/ritZOrAVfm",
    "truncated": true,
    "user": {
        "contributors_enabled": false,
        "created_at": "Sun Apr 26 21:15:12 +0000 2009",
        "default_profile": true,
        "default_profile_image": false,
        "description": "Proud mother of 2 \ud83d\udc6b, Language Arts Teacher \ud83d\udc69\u200d\ud83c\udfeb, Leadership Summit Travel Coordinator \ud83c\udf0e, Disney Lover \u2764\ufe0f\ud83d\udc2d\ud83c\udff0",
        "entities": {
            "description": {
                "urls": []
            }
        },
        "favourites_count": 8108,
        "follow_request_sent": false,
        "followers_count": 273,
        "following": false,
        "friends_count": 483,
        "geo_enabled": true,
        "has_extended_profile": true,
        "id": 35567058,
        "id_str": "35567058",
        "is_translation_enabled": false,
        "is_translator": false,
        "lang": null,
        "listed_count": 1,
        "location": "Galena, OH",
        "name": "Jennifer Bickley",
        "notifications": false,
        "profile_background_color": "C0DEED",
        "profile_background_image_url": "http://abs.twimg.com/images/themes/theme1/bg.png",
        "profile_background_image_url_https": "https://abs.twimg.com/images/themes/theme1/bg.png",
        "profile_background_tile": false,
        "profile_banner_url": "https://pbs.twimg.com/profile_banners/35567058/1544224968",
        "profile_image_url": "http://pbs.twimg.com/profile_images/774696321315897344/8Grp4zEH_normal.jpg",
        "profile_image_url_https": "https://pbs.twimg.com/profile_images/774696321315897344/8Grp4zEH_normal.jpg",
        "profile_link_color": "1DA1F2",
        "profile_sidebar_border_color": "C0DEED",
        "profile_sidebar_fill_color": "DDEEF6",
        "profile_text_color": "333333",
        "profile_use_background_image": true,
        "protected": false,
        "screen_name": "JENNIFERBICKLEY",
        "statuses_count": 1123,
        "time_zone": null,
        "translator_type": "none",
        "url": null,
        "utc_offset": null,
        "verified": false
    }
}
