{
    "contributors": null,
    "coordinates": null,
    "created_at": "Mon Jul 01 18:40:08 +0000 2019",
    "entities": {
        "hashtags": [],
        "symbols": [],
        "urls": [
            {
                "display_url": "twitter.com/i/web/status/1\u2026",
                "expanded_url": "https://twitter.com/i/web/status/1145764036153401344",
                "indices": [
                    116,
                    139
                ],
                "url": "https://t.co/f5aII1LZtS"
            }
        ],
        "user_mentions": []
    },
    "favorite_count": 0,
    "favorited": false,
    "geo": null,
    "id": 1145764036153401344,
    "id_str": "1145764036153401344",
    "in_reply_to_screen_name": null,
    "in_reply_to_status_id": null,
    "in_reply_to_status_id_str": null,
    "in_reply_to_user_id": null,
    "in_reply_to_user_id_str": null,
    "is_quote_status": false,
    "lang": "en",
    "metadata": {
        "iso_language_code": "en",
        "result_type": "recent"
    },
    "place": null,
    "possibly_sensitive": false,
    "retweet_count": 0,
    "retweeted": false,
    "source": "<a href=\"http://twitter.com/download/iphone\" rel=\"nofollow\">Twitter for iPhone</a>",
    "text": "BREAKING: A truck backs up into a power line  pole on W Washington while knocking it over and damaging the vehicle\u2026 https://t.co/f5aII1LZtS",
    "truncated": true,
    "user": {
        "contributors_enabled": false,
        "created_at": "Wed Jan 18 04:05:17 +0000 2017",
        "default_profile": true,
        "default_profile_image": false,
        "description": "Alumna of tOSU\u201919\u2764\ufe0f| MMJ/Reporter @woub Prev: @wosuallsides intern producer | YouTuber: Kai Rose TV \ud83d\udcf8 | Demo Reel below \u2b07\ufe0f",
        "entities": {
            "description": {
                "urls": []
            },
            "url": {
                "urls": [
                    {
                        "display_url": "m.youtube.com/watch?v=mYpg2f\u2026",
                        "expanded_url": "https://m.youtube.com/watch?v=mYpg2flZevM&t=26s",
                        "indices": [
                            0,
                            23
                        ],
                        "url": "https://t.co/wjPWJkjTSx"
                    }
                ]
            }
        },
        "favourites_count": 227,
        "follow_request_sent": false,
        "followers_count": 47,
        "following": false,
        "friends_count": 97,
        "geo_enabled": false,
        "has_extended_profile": true,
        "id": 821569120059719681,
        "id_str": "821569120059719681",
        "is_translation_enabled": false,
        "is_translator": false,
        "lang": "en",
        "listed_count": 0,
        "location": "Columbus, OH",
        "name": "Kailan Rose",
        "notifications": false,
        "profile_background_color": "F5F8FA",
        "profile_background_image_url": null,
        "profile_background_image_url_https": null,
        "profile_background_tile": false,
        "profile_banner_url": "https://pbs.twimg.com/profile_banners/821569120059719681/1486621419",
        "profile_image_url": "http://pbs.twimg.com/profile_images/1127999558699618304/dymxp_NG_normal.jpg",
        "profile_image_url_https": "https://pbs.twimg.com/profile_images/1127999558699618304/dymxp_NG_normal.jpg",
        "profile_link_color": "1DA1F2",
        "profile_sidebar_border_color": "C0DEED",
        "profile_sidebar_fill_color": "DDEEF6",
        "profile_text_color": "333333",
        "profile_use_background_image": true,
        "protected": false,
        "screen_name": "kailanmartin",
        "statuses_count": 159,
        "time_zone": null,
        "translator_type": "none",
        "url": "https://t.co/wjPWJkjTSx",
        "utc_offset": null,
        "verified": false
    }
}
