{
    "contributors": null,
    "coordinates": null,
    "created_at": "Sat Jul 06 07:24:39 +0000 2019",
    "entities": {
        "hashtags": [],
        "symbols": [],
        "urls": [
            {
                "display_url": "lnkd.in/fHGyzaU",
                "expanded_url": "https://lnkd.in/fHGyzaU",
                "indices": [
                    36,
                    59
                ],
                "url": "https://t.co/FWqoE1f7hx"
            }
        ],
        "user_mentions": []
    },
    "favorite_count": 0,
    "favorited": false,
    "geo": null,
    "id": 1147405987957133312,
    "id_str": "1147405987957133312",
    "in_reply_to_screen_name": null,
    "in_reply_to_status_id": null,
    "in_reply_to_status_id_str": null,
    "in_reply_to_user_id": null,
    "in_reply_to_user_id_str": null,
    "is_quote_status": false,
    "lang": "en",
    "metadata": {
        "iso_language_code": "en",
        "result_type": "recent"
    },
    "place": null,
    "possibly_sensitive": true,
    "retweet_count": 0,
    "retweeted": false,
    "source": "<a href=\"http://www.linkedin.com/\" rel=\"nofollow\">LinkedIn</a>",
    "text": "Acropolis of Lindos, Rhodes, Greece https://t.co/FWqoE1f7hx",
    "truncated": false,
    "user": {
        "contributors_enabled": false,
        "created_at": "Sat Jun 04 17:18:10 +0000 2011",
        "default_profile": false,
        "default_profile_image": false,
        "description": "Software Professional | Public Activist | Change Maker | Young Turk | Human Dynamo | Helping To Job Seekers | Posting Job Updates Frequently",
        "entities": {
            "description": {
                "urls": []
            },
            "url": {
                "urls": [
                    {
                        "display_url": "facebook.com/jobsecretsss",
                        "expanded_url": "https://www.facebook.com/jobsecretsss",
                        "indices": [
                            0,
                            23
                        ],
                        "url": "https://t.co/dK10BTvZbn"
                    }
                ]
            }
        },
        "favourites_count": 65,
        "follow_request_sent": false,
        "followers_count": 939,
        "following": false,
        "friends_count": 105,
        "geo_enabled": true,
        "has_extended_profile": true,
        "id": 310965241,
        "id_str": "310965241",
        "is_translation_enabled": false,
        "is_translator": false,
        "lang": null,
        "listed_count": 15,
        "location": "Chennai",
        "name": "Sivakumar Babuji",
        "notifications": false,
        "profile_background_color": "DBE9ED",
        "profile_background_image_url": "http://abs.twimg.com/images/themes/theme18/bg.gif",
        "profile_background_image_url_https": "https://abs.twimg.com/images/themes/theme18/bg.gif",
        "profile_background_tile": true,
        "profile_banner_url": "https://pbs.twimg.com/profile_banners/310965241/1466698320",
        "profile_image_url": "http://pbs.twimg.com/profile_images/1060425320002506752/4ZlMwfM4_normal.jpg",
        "profile_image_url_https": "https://pbs.twimg.com/profile_images/1060425320002506752/4ZlMwfM4_normal.jpg",
        "profile_link_color": "DEE8F7",
        "profile_sidebar_border_color": "FFFFFF",
        "profile_sidebar_fill_color": "F6F6F6",
        "profile_text_color": "333333",
        "profile_use_background_image": false,
        "protected": false,
        "screen_name": "sivakumarbabuji",
        "statuses_count": 63329,
        "time_zone": null,
        "translator_type": "none",
        "url": "https://t.co/dK10BTvZbn",
        "utc_offset": null,
        "verified": false
    }
}
