{
    "contributors": null,
    "coordinates": null,
    "created_at": "Mon Aug 26 18:41:18 +0000 2019",
    "entities": {
        "hashtags": [
            {
                "indices": [
                    76,
                    83
                ],
                "text": "Greece"
            }
        ],
        "symbols": [],
        "urls": [],
        "user_mentions": [
            {
                "id": 255938834,
                "id_str": "255938834",
                "indices": [
                    3,
                    13
                ],
                "name": "LeoLa",
                "screen_name": "Rom_LeoLa"
            }
        ]
    },
    "favorite_count": 0,
    "favorited": false,
    "geo": null,
    "id": 1166058053751451648,
    "id_str": "1166058053751451648",
    "in_reply_to_screen_name": null,
    "in_reply_to_status_id": null,
    "in_reply_to_status_id_str": null,
    "in_reply_to_user_id": null,
    "in_reply_to_user_id_str": null,
    "is_quote_status": false,
    "lang": "en",
    "metadata": {
        "iso_language_code": "en",
        "result_type": "recent"
    },
    "place": null,
    "retweet_count": 48,
    "retweeted": false,
    "retweeted_status": {
        "contributors": null,
        "coordinates": null,
        "created_at": "Mon Aug 26 08:27:11 +0000 2019",
        "entities": {
            "hashtags": [
                {
                    "indices": [
                        61,
                        68
                    ],
                    "text": "Greece"
                }
            ],
            "symbols": [],
            "urls": [
                {
                    "display_url": "twitter.com/i/web/status/1\u2026",
                    "expanded_url": "https://twitter.com/i/web/status/1165903503186976768",
                    "indices": [
                        116,
                        139
                    ],
                    "url": "https://t.co/qEewyJMiko"
                }
            ],
            "user_mentions": []
        },
        "favorite_count": 36,
        "favorited": false,
        "geo": null,
        "id": 1165903503186976768,
        "id_str": "1165903503186976768",
        "in_reply_to_screen_name": null,
        "in_reply_to_status_id": null,
        "in_reply_to_status_id_str": null,
        "in_reply_to_user_id": null,
        "in_reply_to_user_id_str": null,
        "is_quote_status": false,
        "lang": "en",
        "metadata": {
            "iso_language_code": "en",
            "result_type": "recent"
        },
        "place": null,
        "possibly_sensitive": false,
        "retweet_count": 48,
        "retweeted": false,
        "source": "<a href=\"https://mobile.twitter.com\" rel=\"nofollow\">Twitter Web App</a>",
        "text": "There is no difference between Mitsotakis (Prime Minister of #Greece) and Orban (Hungary) Salvini (Italy) etc. The\u2026 https://t.co/qEewyJMiko",
        "truncated": true,
        "user": {
            "contributors_enabled": false,
            "created_at": "Tue Feb 22 10:00:18 +0000 2011",
            "default_profile": false,
            "default_profile_image": false,
            "description": "\u039c\u03b1\u03b6\u03af \u03bc\u03b5 \u03b1\u03c5\u03c4\u03bf\u03cd\u03c2 \u03c0\u03bf\u03c5...\r\n\u03b4\u03b5\u03bd \u03b3\u03bf\u03bd\u03b1\u03c4\u03af\u03b6\u03bf\u03c5\u03bd \u03c3\u03c4\u03b7\u03bd \u03b1\u03b9\u03c7\u03bc\u03b1\u03bb\u03c9\u03c3\u03af\u03b1, \u03b4\u03b5\u03bd \u03b1\u03bd\u03c4\u03b1\u03bb\u03bb\u03ac\u03c3\u03bf\u03c5\u03bd \u03c4\u03b7\u03bd \u03b1\u03be\u03b9\u03bf\u03c0\u03c1\u03ad\u03c0\u03b5\u03b9\u03b1, \u03b4\u03b5\u03bd \u03b1\u03c6\u03ae\u03bd\u03bf\u03c5\u03bd \u03c4\u03b7 \u03c6\u03c5\u03bb\u03b1\u03ba\u03ae \u03bd\u03b1 \u03c7\u03c4\u03b9\u03c3\u03c4\u03b5\u03af \u03bc\u03ad\u03c3\u03b1 \u03c4\u03bf\u03c5\u03c2.",
            "entities": {
                "description": {
                    "urls": []
                }
            },
            "favourites_count": 118539,
            "follow_request_sent": false,
            "followers_count": 3300,
            "following": false,
            "friends_count": 1849,
            "geo_enabled": false,
            "has_extended_profile": false,
            "id": 255938834,
            "id_str": "255938834",
            "is_translation_enabled": false,
            "is_translator": false,
            "lang": null,
            "listed_count": 84,
            "location": "",
            "name": "LeoLa",
            "notifications": false,
            "profile_background_color": "1A1B1F",
            "profile_background_image_url": "http://abs.twimg.com/images/themes/theme9/bg.gif",
            "profile_background_image_url_https": "https://abs.twimg.com/images/themes/theme9/bg.gif",
            "profile_background_tile": false,
            "profile_banner_url": "https://pbs.twimg.com/profile_banners/255938834/1431479958",
            "profile_image_url": "http://pbs.twimg.com/profile_images/477989990266200064/ZofavIpd_normal.jpeg",
            "profile_image_url_https": "https://pbs.twimg.com/profile_images/477989990266200064/ZofavIpd_normal.jpeg",
            "profile_link_color": "DD2E44",
            "profile_sidebar_border_color": "000000",
            "profile_sidebar_fill_color": "000000",
            "profile_text_color": "000000",
            "profile_use_background_image": true,
            "protected": false,
            "screen_name": "Rom_LeoLa",
            "statuses_count": 50142,
            "time_zone": null,
            "translator_type": "regular",
            "url": null,
            "utc_offset": null,
            "verified": false
        }
    },
    "source": "<a href=\"http://twitter.com/download/android\" rel=\"nofollow\">Twitter for Android</a>",
    "text": "RT @Rom_LeoLa: There is no difference between Mitsotakis (Prime Minister of #Greece) and Orban (Hungary) Salvini (Italy) etc. The extreme r\u2026",
    "truncated": false,
    "user": {
        "contributors_enabled": false,
        "created_at": "Mon Feb 13 10:42:54 +0000 2012",
        "default_profile": false,
        "default_profile_image": false,
        "description": "",
        "entities": {
            "description": {
                "urls": []
            }
        },
        "favourites_count": 13803,
        "follow_request_sent": false,
        "followers_count": 809,
        "following": false,
        "friends_count": 2035,
        "geo_enabled": true,
        "has_extended_profile": false,
        "id": 491185660,
        "id_str": "491185660",
        "is_translation_enabled": false,
        "is_translator": false,
        "lang": null,
        "listed_count": 15,
        "location": "",
        "name": "Flora",
        "notifications": false,
        "profile_background_color": "C0DEED",
        "profile_background_image_url": "http://abs.twimg.com/images/themes/theme1/bg.png",
        "profile_background_image_url_https": "https://abs.twimg.com/images/themes/theme1/bg.png",
        "profile_background_tile": true,
        "profile_image_url": "http://pbs.twimg.com/profile_images/982680749206843393/J-r2pex0_normal.jpg",
        "profile_image_url_https": "https://pbs.twimg.com/profile_images/982680749206843393/J-r2pex0_normal.jpg",
        "profile_link_color": "0084B4",
        "profile_sidebar_border_color": "FFFFFF",
        "profile_sidebar_fill_color": "DDEEF6",
        "profile_text_color": "333333",
        "profile_use_background_image": true,
        "protected": false,
        "screen_name": "FforFlora",
        "statuses_count": 46061,
        "time_zone": null,
        "translator_type": "none",
        "url": null,
        "utc_offset": null,
        "verified": false
    }
}
