{
    "contributors": null,
    "coordinates": null,
    "created_at": "Thu Jul 04 05:22:31 +0000 2019",
    "entities": {
        "hashtags": [],
        "symbols": [],
        "urls": [],
        "user_mentions": [
            {
                "id": 251823593,
                "id_str": "251823593",
                "indices": [
                    0,
                    11
                ],
                "name": "Ula\u015f TEPE",
                "screen_name": "UlasBaskan"
            }
        ]
    },
    "favorite_count": 0,
    "favorited": false,
    "geo": null,
    "id": 1146650475581906945,
    "id_str": "1146650475581906945",
    "in_reply_to_screen_name": "UlasBaskan",
    "in_reply_to_status_id": 1146348224447438849,
    "in_reply_to_status_id_str": "1146348224447438849",
    "in_reply_to_user_id": 251823593,
    "in_reply_to_user_id_str": "251823593",
    "is_quote_status": false,
    "lang": "en",
    "metadata": {
        "iso_language_code": "en",
        "result_type": "recent"
    },
    "place": null,
    "retweet_count": 0,
    "retweeted": false,
    "source": "<a href=\"http://twitter.com/download/iphone\" rel=\"nofollow\">Twitter for iPhone</a>",
    "text": "@UlasBaskan Plaka \ud83d\ude0d",
    "truncated": false,
    "user": {
        "contributors_enabled": false,
        "created_at": "Sun Feb 10 22:07:18 +0000 2019",
        "default_profile": true,
        "default_profile_image": false,
        "description": "normal de\u011filiz GALATASARAY\u2019l\u0131y\u0131z ORDU\u2019lu SOSYAL\u0130ST",
        "entities": {
            "description": {
                "urls": []
            }
        },
        "favourites_count": 1514,
        "follow_request_sent": false,
        "followers_count": 72,
        "following": false,
        "friends_count": 244,
        "geo_enabled": false,
        "has_extended_profile": true,
        "id": 1094719483128803328,
        "id_str": "1094719483128803328",
        "is_translation_enabled": false,
        "is_translator": false,
        "lang": null,
        "listed_count": 0,
        "location": "\u0130stanbul, T\u00fcrkiye",
        "name": "chemist",
        "notifications": false,
        "profile_background_color": "F5F8FA",
        "profile_background_image_url": null,
        "profile_background_image_url_https": null,
        "profile_background_tile": false,
        "profile_banner_url": "https://pbs.twimg.com/profile_banners/1094719483128803328/1561002621",
        "profile_image_url": "http://pbs.twimg.com/profile_images/1145358169465675777/yuhyYPvp_normal.jpg",
        "profile_image_url_https": "https://pbs.twimg.com/profile_images/1145358169465675777/yuhyYPvp_normal.jpg",
        "profile_link_color": "1DA1F2",
        "profile_sidebar_border_color": "C0DEED",
        "profile_sidebar_fill_color": "DDEEF6",
        "profile_text_color": "333333",
        "profile_use_background_image": true,
        "protected": false,
        "screen_name": "chemistkvnc",
        "statuses_count": 444,
        "time_zone": null,
        "translator_type": "none",
        "url": null,
        "utc_offset": null,
        "verified": false
    }
}
