{
    "contributors": null,
    "coordinates": null,
    "created_at": "Mon Jul 01 20:19:19 +0000 2019",
    "entities": {
        "hashtags": [],
        "symbols": [],
        "urls": [
            {
                "display_url": "twitter.com/i/web/status/1\u2026",
                "expanded_url": "https://twitter.com/i/web/status/1145788996951433216",
                "indices": [
                    117,
                    140
                ],
                "url": "https://t.co/0lGSA9yYBU"
            }
        ],
        "user_mentions": [
            {
                "id": 579420339,
                "id_str": "579420339",
                "indices": [
                    0,
                    11
                ],
                "name": "Svik inte, kompis \ud83d\udc0a",
                "screen_name": "massatjafs"
            },
            {
                "id": 2355131861,
                "id_str": "2355131861",
                "indices": [
                    12,
                    27
                ],
                "name": "Unknown",
                "screen_name": "anvandarnamn07"
            }
        ]
    },
    "favorite_count": 0,
    "favorited": false,
    "geo": null,
    "id": 1145788996951433216,
    "id_str": "1145788996951433216",
    "in_reply_to_screen_name": "massatjafs",
    "in_reply_to_status_id": 1145788074334531585,
    "in_reply_to_status_id_str": "1145788074334531585",
    "in_reply_to_user_id": 579420339,
    "in_reply_to_user_id_str": "579420339",
    "is_quote_status": false,
    "lang": "en",
    "metadata": {
        "iso_language_code": "en",
        "result_type": "recent"
    },
    "place": null,
    "retweet_count": 0,
    "retweeted": false,
    "source": "<a href=\"http://twitter.com/download/android\" rel=\"nofollow\">Twitter for Android</a>",
    "text": "@massatjafs @anvandarnamn07 We have in Greece to do many things, look rouvikonas. Look exarchia. In Sweden, you are\u2026 https://t.co/0lGSA9yYBU",
    "truncated": true,
    "user": {
        "contributors_enabled": false,
        "created_at": "Thu Jun 20 18:45:38 +0000 2019",
        "default_profile": true,
        "default_profile_image": false,
        "description": "If I should fall in battle\nMy brothers who fight by my side\nGather my horse and weapons\nTell my family how I died.",
        "entities": {
            "description": {
                "urls": []
            }
        },
        "favourites_count": 408,
        "follow_request_sent": false,
        "followers_count": 83,
        "following": false,
        "friends_count": 198,
        "geo_enabled": false,
        "has_extended_profile": false,
        "id": 1141779155257909249,
        "id_str": "1141779155257909249",
        "is_translation_enabled": false,
        "is_translator": false,
        "lang": "el",
        "listed_count": 0,
        "location": "Belfast, Northern Ireland",
        "name": "IRA \ud83c\udff4\ud83c\udff4",
        "notifications": false,
        "profile_background_color": "F5F8FA",
        "profile_background_image_url": null,
        "profile_background_image_url_https": null,
        "profile_background_tile": false,
        "profile_banner_url": "https://pbs.twimg.com/profile_banners/1141779155257909249/1561577329",
        "profile_image_url": "http://pbs.twimg.com/profile_images/1143889395642249217/6pkZfOy2_normal.jpg",
        "profile_image_url_https": "https://pbs.twimg.com/profile_images/1143889395642249217/6pkZfOy2_normal.jpg",
        "profile_link_color": "1DA1F2",
        "profile_sidebar_border_color": "C0DEED",
        "profile_sidebar_fill_color": "DDEEF6",
        "profile_text_color": "333333",
        "profile_use_background_image": true,
        "protected": false,
        "screen_name": "iraagain90",
        "statuses_count": 974,
        "time_zone": null,
        "translator_type": "none",
        "url": null,
        "utc_offset": null,
        "verified": false
    }
}
