{
    "contributors": null,
    "coordinates": null,
    "created_at": "Mon Aug 26 18:34:11 +0000 2019",
    "entities": {
        "hashtags": [
            {
                "indices": [
                    66,
                    85
                ],
                "text": "TempleofAthenaNike"
            }
        ],
        "symbols": [],
        "urls": [
            {
                "display_url": "twitter.com/i/web/status/1\u2026",
                "expanded_url": "https://twitter.com/i/web/status/1166056259461832704",
                "indices": [
                    117,
                    140
                ],
                "url": "https://t.co/cYbKqOXgRJ"
            }
        ],
        "user_mentions": [
            {
                "id": 47357737,
                "id_str": "47357737",
                "indices": [
                    38,
                    45
                ],
                "name": "deborah lord",
                "screen_name": "djlord"
            }
        ]
    },
    "favorite_count": 10,
    "favorited": false,
    "geo": null,
    "id": 1166056259461832704,
    "id_str": "1166056259461832704",
    "in_reply_to_screen_name": null,
    "in_reply_to_status_id": null,
    "in_reply_to_status_id_str": null,
    "in_reply_to_user_id": null,
    "in_reply_to_user_id_str": null,
    "is_quote_status": false,
    "lang": "en",
    "metadata": {
        "iso_language_code": "en",
        "result_type": "popular"
    },
    "place": {
        "attributes": {},
        "bounding_box": {
            "coordinates": [
                [
                    [
                        22.8905274,
                        35.8224754
                    ],
                    [
                        24.1165237,
                        35.8224754
                    ],
                    [
                        24.1165237,
                        38.3409863
                    ],
                    [
                        22.8905274,
                        38.3409863
                    ]
                ]
            ],
            "type": "Polygon"
        },
        "contained_within": [],
        "country": "Hellas",
        "country_code": "GR",
        "full_name": "Attiki, Greece",
        "id": "00279a5763b04e35",
        "name": "Attiki",
        "place_type": "admin",
        "url": "https://api.twitter.com/1.1/geo/id/00279a5763b04e35.json"
    },
    "possibly_sensitive": false,
    "retweet_count": 6,
    "retweeted": false,
    "source": "<a href=\"http://twitter.com/download/iphone\" rel=\"nofollow\">Twitter for iPhone</a>",
    "text": "\u201cYou may be cool...but you\u2019ll neva be @djlord skratchin\u2019 atop The #TempleofAthenaNike at 98 degrees rockin\u2019 a Kango\u2026 https://t.co/cYbKqOXgRJ",
    "truncated": true,
    "user": {
        "contributors_enabled": false,
        "created_at": "Tue Nov 24 03:08:41 +0000 2009",
        "default_profile": false,
        "default_profile_image": false,
        "description": "https://t.co/dkB0StgvFC",
        "entities": {
            "description": {
                "urls": [
                    {
                        "display_url": "djlord.bandcamp.com/album/afterburn",
                        "expanded_url": "https://djlord.bandcamp.com/album/afterburn",
                        "indices": [
                            0,
                            23
                        ],
                        "url": "https://t.co/dkB0StgvFC"
                    }
                ]
            },
            "url": {
                "urls": [
                    {
                        "display_url": "djlord.CO",
                        "expanded_url": "http://www.djlord.CO",
                        "indices": [
                            0,
                            23
                        ],
                        "url": "https://t.co/JuF48tJUYM"
                    }
                ]
            }
        },
        "favourites_count": 6853,
        "follow_request_sent": false,
        "followers_count": 13755,
        "following": false,
        "friends_count": 6144,
        "geo_enabled": true,
        "has_extended_profile": true,
        "id": 92186516,
        "id_str": "92186516",
        "is_translation_enabled": false,
        "is_translator": false,
        "lang": null,
        "listed_count": 315,
        "location": "ATL. World CitiZen",
        "name": "WARLORD",
        "notifications": false,
        "profile_background_color": "131516",
        "profile_background_image_url": "http://abs.twimg.com/images/themes/theme14/bg.gif",
        "profile_background_image_url_https": "https://abs.twimg.com/images/themes/theme14/bg.gif",
        "profile_background_tile": false,
        "profile_banner_url": "https://pbs.twimg.com/profile_banners/92186516/1521847984",
        "profile_image_url": "http://pbs.twimg.com/profile_images/1047936166476046336/YToHxRiv_normal.jpg",
        "profile_image_url_https": "https://pbs.twimg.com/profile_images/1047936166476046336/YToHxRiv_normal.jpg",
        "profile_link_color": "3B94D9",
        "profile_sidebar_border_color": "000000",
        "profile_sidebar_fill_color": "EDEDED",
        "profile_text_color": "333333",
        "profile_use_background_image": true,
        "protected": false,
        "screen_name": "DjLORDofficial",
        "statuses_count": 41190,
        "time_zone": null,
        "translator_type": "none",
        "url": "https://t.co/JuF48tJUYM",
        "utc_offset": null,
        "verified": true
    }
}
