{
    "contributors": null,
    "coordinates": null,
    "created_at": "Fri Aug 16 14:33:25 +0000 2019",
    "entities": {
        "hashtags": [
            {
                "indices": [
                    92,
                    99
                ],
                "text": "FIBAWC"
            }
        ],
        "symbols": [],
        "urls": [
            {
                "display_url": "YouTube.com/FIBA",
                "expanded_url": "http://YouTube.com/FIBA",
                "indices": [
                    17,
                    40
                ],
                "url": "https://t.co/0N9SPtfvlJ"
            },
            {
                "display_url": "twitter.com/i/web/status/1\u2026",
                "expanded_url": "https://twitter.com/i/web/status/1162371791198834689",
                "indices": [
                    111,
                    134
                ],
                "url": "https://t.co/KfDIlCJn6c"
            }
        ],
        "user_mentions": []
    },
    "favorite_count": 87,
    "favorited": false,
    "geo": null,
    "id": 1162371791198834689,
    "id_str": "1162371791198834689",
    "in_reply_to_screen_name": null,
    "in_reply_to_status_id": null,
    "in_reply_to_status_id_str": null,
    "in_reply_to_user_id": null,
    "in_reply_to_user_id_str": null,
    "is_quote_status": false,
    "lang": "en",
    "metadata": {
        "iso_language_code": "en",
        "result_type": "popular"
    },
    "place": null,
    "possibly_sensitive": false,
    "retweet_count": 32,
    "retweeted": false,
    "source": "<a href=\"https://mobile.twitter.com\" rel=\"nofollow\">Twitter Web App</a>",
    "text": "\ud83d\udcfaLive tonight on https://t.co/0N9SPtfvlJ* - the Acropolis Tournament from Greece as part of #FIBAWC prep:\n\n\u25b6\ufe0f\u2026 https://t.co/KfDIlCJn6c",
    "truncated": true,
    "user": {
        "contributors_enabled": false,
        "created_at": "Wed Mar 08 14:36:59 +0000 2017",
        "default_profile": true,
        "default_profile_image": false,
        "description": "Follow us for the latest info on the FIBA #Basketball World Cup (31 August - 15 September 2019) \ud83c\udfc0\ud83c\udfc6 #FIBAWC #WorldGotGame",
        "entities": {
            "description": {
                "urls": []
            },
            "url": {
                "urls": [
                    {
                        "display_url": "WorldCup.Basketball",
                        "expanded_url": "http://WorldCup.Basketball",
                        "indices": [
                            0,
                            23
                        ],
                        "url": "https://t.co/S9DbYGqlQB"
                    }
                ]
            }
        },
        "favourites_count": 2870,
        "follow_request_sent": false,
        "followers_count": 56190,
        "following": false,
        "friends_count": 547,
        "geo_enabled": true,
        "has_extended_profile": true,
        "id": 839485098328264706,
        "id_str": "839485098328264706",
        "is_translation_enabled": false,
        "is_translator": false,
        "lang": null,
        "listed_count": 325,
        "location": "People's Republic of China",
        "name": "Basketball World Cup",
        "notifications": false,
        "profile_background_color": "F5F8FA",
        "profile_background_image_url": null,
        "profile_background_image_url_https": null,
        "profile_background_tile": false,
        "profile_banner_url": "https://pbs.twimg.com/profile_banners/839485098328264706/1552915503",
        "profile_image_url": "http://pbs.twimg.com/profile_images/1133758341384155136/_fwiYfbb_normal.png",
        "profile_image_url_https": "https://pbs.twimg.com/profile_images/1133758341384155136/_fwiYfbb_normal.png",
        "profile_link_color": "1DA1F2",
        "profile_sidebar_border_color": "C0DEED",
        "profile_sidebar_fill_color": "DDEEF6",
        "profile_text_color": "333333",
        "profile_use_background_image": true,
        "protected": false,
        "screen_name": "FIBAWC",
        "statuses_count": 6831,
        "time_zone": null,
        "translator_type": "none",
        "url": "https://t.co/S9DbYGqlQB",
        "utc_offset": null,
        "verified": true
    }
}
