{
    "contributors": null,
    "coordinates": null,
    "created_at": "Tue Jul 02 07:10:36 +0000 2019",
    "entities": {
        "hashtags": [
            {
                "indices": [
                    37,
                    49
                ],
                "text": "photography"
            },
            {
                "indices": [
                    50,
                    75
                ],
                "text": "blackandwhitephotography"
            },
            {
                "indices": [
                    76,
                    83
                ],
                "text": "Athens"
            },
            {
                "indices": [
                    84,
                    92
                ],
                "text": "OLYMPUS"
            },
            {
                "indices": [
                    93,
                    100
                ],
                "text": "travel"
            }
        ],
        "media": [
            {
                "display_url": "pic.twitter.com/VGbisDGcJn",
                "expanded_url": "https://twitter.com/Marcus_KS13/status/1144494076420427777/photo/1",
                "id": 1144494054245199872,
                "id_str": "1144494054245199872",
                "indices": [
                    101,
                    124
                ],
                "media_url": "http://pbs.twimg.com/media/D-IPR07U8AA2X_g.jpg",
                "media_url_https": "https://pbs.twimg.com/media/D-IPR07U8AA2X_g.jpg",
                "sizes": {
                    "large": {
                        "h": 2048,
                        "resize": "fit",
                        "w": 1639
                    },
                    "medium": {
                        "h": 1200,
                        "resize": "fit",
                        "w": 960
                    },
                    "small": {
                        "h": 680,
                        "resize": "fit",
                        "w": 544
                    },
                    "thumb": {
                        "h": 150,
                        "resize": "crop",
                        "w": 150
                    }
                },
                "source_status_id": 1144494076420427777,
                "source_status_id_str": "1144494076420427777",
                "source_user_id": 887663203,
                "source_user_id_str": "887663203",
                "type": "photo",
                "url": "https://t.co/VGbisDGcJn"
            }
        ],
        "symbols": [],
        "urls": [],
        "user_mentions": [
            {
                "id": 887663203,
                "id_str": "887663203",
                "indices": [
                    3,
                    15
                ],
                "name": "Marcus KS",
                "screen_name": "Marcus_KS13"
            }
        ]
    },
    "extended_entities": {
        "media": [
            {
                "display_url": "pic.twitter.com/VGbisDGcJn",
                "expanded_url": "https://twitter.com/Marcus_KS13/status/1144494076420427777/photo/1",
                "id": 1144494054245199872,
                "id_str": "1144494054245199872",
                "indices": [
                    101,
                    124
                ],
                "media_url": "http://pbs.twimg.com/media/D-IPR07U8AA2X_g.jpg",
                "media_url_https": "https://pbs.twimg.com/media/D-IPR07U8AA2X_g.jpg",
                "sizes": {
                    "large": {
                        "h": 2048,
                        "resize": "fit",
                        "w": 1639
                    },
                    "medium": {
                        "h": 1200,
                        "resize": "fit",
                        "w": 960
                    },
                    "small": {
                        "h": 680,
                        "resize": "fit",
                        "w": 544
                    },
                    "thumb": {
                        "h": 150,
                        "resize": "crop",
                        "w": 150
                    }
                },
                "source_status_id": 1144494076420427777,
                "source_status_id_str": "1144494076420427777",
                "source_user_id": 887663203,
                "source_user_id_str": "887663203",
                "type": "photo",
                "url": "https://t.co/VGbisDGcJn"
            }
        ]
    },
    "favorite_count": 0,
    "favorited": false,
    "geo": null,
    "id": 1145952899127762944,
    "id_str": "1145952899127762944",
    "in_reply_to_screen_name": null,
    "in_reply_to_status_id": null,
    "in_reply_to_status_id_str": null,
    "in_reply_to_user_id": null,
    "in_reply_to_user_id_str": null,
    "is_quote_status": false,
    "lang": "en",
    "metadata": {
        "iso_language_code": "en",
        "result_type": "recent"
    },
    "place": null,
    "possibly_sensitive": false,
    "retweet_count": 40,
    "retweeted": false,
    "retweeted_status": {
        "contributors": null,
        "coordinates": null,
        "created_at": "Fri Jun 28 06:33:46 +0000 2019",
        "entities": {
            "hashtags": [
                {
                    "indices": [
                        20,
                        32
                    ],
                    "text": "photography"
                },
                {
                    "indices": [
                        33,
                        58
                    ],
                    "text": "blackandwhitephotography"
                },
                {
                    "indices": [
                        59,
                        66
                    ],
                    "text": "Athens"
                },
                {
                    "indices": [
                        67,
                        75
                    ],
                    "text": "OLYMPUS"
                },
                {
                    "indices": [
                        76,
                        83
                    ],
                    "text": "travel"
                }
            ],
            "media": [
                {
                    "display_url": "pic.twitter.com/VGbisDGcJn",
                    "expanded_url": "https://twitter.com/Marcus_KS13/status/1144494076420427777/photo/1",
                    "id": 1144494054245199872,
                    "id_str": "1144494054245199872",
                    "indices": [
                        84,
                        107
                    ],
                    "media_url": "http://pbs.twimg.com/media/D-IPR07U8AA2X_g.jpg",
                    "media_url_https": "https://pbs.twimg.com/media/D-IPR07U8AA2X_g.jpg",
                    "sizes": {
                        "large": {
                            "h": 2048,
                            "resize": "fit",
                            "w": 1639
                        },
                        "medium": {
                            "h": 1200,
                            "resize": "fit",
                            "w": 960
                        },
                        "small": {
                            "h": 680,
                            "resize": "fit",
                            "w": 544
                        },
                        "thumb": {
                            "h": 150,
                            "resize": "crop",
                            "w": 150
                        }
                    },
                    "type": "photo",
                    "url": "https://t.co/VGbisDGcJn"
                }
            ],
            "symbols": [],
            "urls": [],
            "user_mentions": []
        },
        "extended_entities": {
            "media": [
                {
                    "display_url": "pic.twitter.com/VGbisDGcJn",
                    "expanded_url": "https://twitter.com/Marcus_KS13/status/1144494076420427777/photo/1",
                    "id": 1144494054245199872,
                    "id_str": "1144494054245199872",
                    "indices": [
                        84,
                        107
                    ],
                    "media_url": "http://pbs.twimg.com/media/D-IPR07U8AA2X_g.jpg",
                    "media_url_https": "https://pbs.twimg.com/media/D-IPR07U8AA2X_g.jpg",
                    "sizes": {
                        "large": {
                            "h": 2048,
                            "resize": "fit",
                            "w": 1639
                        },
                        "medium": {
                            "h": 1200,
                            "resize": "fit",
                            "w": 960
                        },
                        "small": {
                            "h": 680,
                            "resize": "fit",
                            "w": 544
                        },
                        "thumb": {
                            "h": 150,
                            "resize": "crop",
                            "w": 150
                        }
                    },
                    "type": "photo",
                    "url": "https://t.co/VGbisDGcJn"
                }
            ]
        },
        "favorite_count": 203,
        "favorited": false,
        "geo": null,
        "id": 1144494076420427777,
        "id_str": "1144494076420427777",
        "in_reply_to_screen_name": null,
        "in_reply_to_status_id": null,
        "in_reply_to_status_id_str": null,
        "in_reply_to_user_id": null,
        "in_reply_to_user_id_str": null,
        "is_quote_status": false,
        "lang": "en",
        "metadata": {
            "iso_language_code": "en",
            "result_type": "recent"
        },
        "place": {
            "attributes": {},
            "bounding_box": {
                "coordinates": [
                    [
                        [
                            12.7178537,
                            55.4799811
                        ],
                        [
                            13.1519338,
                            55.4799811
                        ],
                        [
                            13.1519338,
                            55.6797338
                        ],
                        [
                            12.7178537,
                            55.6797338
                        ]
                    ]
                ],
                "type": "Polygon"
            },
            "contained_within": [],
            "country": "Sweden",
            "country_code": "SE",
            "full_name": "Malmo, Sweden",
            "id": "6b9fbf597adbeafd",
            "name": "Malmo",
            "place_type": "city",
            "url": "https://api.twitter.com/1.1/geo/id/6b9fbf597adbeafd.json"
        },
        "possibly_sensitive": false,
        "retweet_count": 40,
        "retweeted": false,
        "source": "<a href=\"http://twitter.com/download/android\" rel=\"nofollow\">Twitter for Android</a>",
        "text": "The lady in black.\n\n#photography #blackandwhitephotography #Athens #OLYMPUS #travel https://t.co/VGbisDGcJn",
        "truncated": false,
        "user": {
            "contributors_enabled": false,
            "created_at": "Wed Oct 17 22:22:20 +0000 2012",
            "default_profile": true,
            "default_profile_image": false,
            "description": "Friendly architecture photographer from Sweden. I still need more photo gear.\n\nhttps://t.co/nkTJTACX1N & https://t.co/vDkxmC7RVK",
            "entities": {
                "description": {
                    "urls": [
                        {
                            "display_url": "instagram.com/marcus_ks",
                            "expanded_url": "http://instagram.com/marcus_ks",
                            "indices": [
                                79,
                                102
                            ],
                            "url": "https://t.co/nkTJTACX1N"
                        },
                        {
                            "display_url": "marcusks.com",
                            "expanded_url": "http://marcusks.com",
                            "indices": [
                                105,
                                128
                            ],
                            "url": "https://t.co/vDkxmC7RVK"
                        }
                    ]
                },
                "url": {
                    "urls": [
                        {
                            "display_url": "marcusks.com",
                            "expanded_url": "http://marcusks.com",
                            "indices": [
                                0,
                                23
                            ],
                            "url": "https://t.co/vDkxmC7RVK"
                        }
                    ]
                }
            },
            "favourites_count": 248620,
            "follow_request_sent": false,
            "followers_count": 16114,
            "following": false,
            "friends_count": 14767,
            "geo_enabled": true,
            "has_extended_profile": false,
            "id": 887663203,
            "id_str": "887663203",
            "is_translation_enabled": false,
            "is_translator": false,
            "lang": "sv",
            "listed_count": 247,
            "location": "Sweden",
            "name": "Marcus KS",
            "notifications": false,
            "profile_background_color": "C0DEED",
            "profile_background_image_url": "http://abs.twimg.com/images/themes/theme1/bg.png",
            "profile_background_image_url_https": "https://abs.twimg.com/images/themes/theme1/bg.png",
            "profile_background_tile": false,
            "profile_banner_url": "https://pbs.twimg.com/profile_banners/887663203/1459864622",
            "profile_image_url": "http://pbs.twimg.com/profile_images/1009566947221168128/45REvNPa_normal.jpg",
            "profile_image_url_https": "https://pbs.twimg.com/profile_images/1009566947221168128/45REvNPa_normal.jpg",
            "profile_link_color": "1DA1F2",
            "profile_sidebar_border_color": "C0DEED",
            "profile_sidebar_fill_color": "DDEEF6",
            "profile_text_color": "333333",
            "profile_use_background_image": true,
            "protected": false,
            "screen_name": "Marcus_KS13",
            "statuses_count": 6945,
            "time_zone": null,
            "translator_type": "none",
            "url": "https://t.co/vDkxmC7RVK",
            "utc_offset": null,
            "verified": false
        }
    },
    "source": "<a href=\"http://twitter.com/download/android\" rel=\"nofollow\">Twitter for Android</a>",
    "text": "RT @Marcus_KS13: The lady in black.\n\n#photography #blackandwhitephotography #Athens #OLYMPUS #travel https://t.co/VGbisDGcJn",
    "truncated": false,
    "user": {
        "contributors_enabled": false,
        "created_at": "Sun Mar 08 00:46:48 +0000 2015",
        "default_profile": true,
        "default_profile_image": false,
        "description": "Barbara Johanna Billeiter -   Artist / Painter, Surrealism | DM for purchase \u2661\nhttps://t.co/46yD5bUxTj",
        "entities": {
            "description": {
                "urls": [
                    {
                        "display_url": "instagram.com/duckylemon",
                        "expanded_url": "http://instagram.com/duckylemon",
                        "indices": [
                            79,
                            102
                        ],
                        "url": "https://t.co/46yD5bUxTj"
                    }
                ]
            }
        },
        "favourites_count": 159395,
        "follow_request_sent": false,
        "followers_count": 18512,
        "following": false,
        "friends_count": 8172,
        "geo_enabled": false,
        "has_extended_profile": true,
        "id": 3078470825,
        "id_str": "3078470825",
        "is_translation_enabled": false,
        "is_translator": false,
        "lang": "de",
        "listed_count": 1723,
        "location": "Franconia, Germany",
        "name": "Barb",
        "notifications": false,
        "profile_background_color": "C0DEED",
        "profile_background_image_url": "http://abs.twimg.com/images/themes/theme1/bg.png",
        "profile_background_image_url_https": "https://abs.twimg.com/images/themes/theme1/bg.png",
        "profile_background_tile": false,
        "profile_banner_url": "https://pbs.twimg.com/profile_banners/3078470825/1504632690",
        "profile_image_url": "http://pbs.twimg.com/profile_images/905128653092249600/C-asT1tk_normal.jpg",
        "profile_image_url_https": "https://pbs.twimg.com/profile_images/905128653092249600/C-asT1tk_normal.jpg",
        "profile_link_color": "1DA1F2",
        "profile_sidebar_border_color": "C0DEED",
        "profile_sidebar_fill_color": "DDEEF6",
        "profile_text_color": "333333",
        "profile_use_background_image": true,
        "protected": false,
        "screen_name": "duckylemon",
        "statuses_count": 183315,
        "time_zone": null,
        "translator_type": "none",
        "url": null,
        "utc_offset": null,
        "verified": false
    }
}
