{
    "contributors": null,
    "coordinates": null,
    "created_at": "Wed Aug 21 10:32:52 +0000 2019",
    "entities": {
        "hashtags": [],
        "symbols": [],
        "urls": [],
        "user_mentions": [
            {
                "id": 2169133040,
                "id_str": "2169133040",
                "indices": [
                    0,
                    15
                ],
                "name": "George Szamuely",
                "screen_name": "GeorgeSzamuely"
            }
        ]
    },
    "favorite_count": 0,
    "favorited": false,
    "geo": null,
    "id": 1164123192325283840,
    "id_str": "1164123192325283840",
    "in_reply_to_screen_name": "GeorgeSzamuely",
    "in_reply_to_status_id": 1163595327968022528,
    "in_reply_to_status_id_str": "1163595327968022528",
    "in_reply_to_user_id": 2169133040,
    "in_reply_to_user_id_str": "2169133040",
    "is_quote_status": false,
    "lang": "en",
    "metadata": {
        "iso_language_code": "en",
        "result_type": "recent"
    },
    "place": null,
    "retweet_count": 0,
    "retweeted": false,
    "source": "<a href=\"http://twitter.com/download/iphone\" rel=\"nofollow\">Twitter for iPhone</a>",
    "text": "@GeorgeSzamuely Maybe he want to buy Acropolis !",
    "truncated": false,
    "user": {
        "contributors_enabled": false,
        "created_at": "Fri Mar 05 14:09:31 +0000 2010",
        "default_profile": true,
        "default_profile_image": false,
        "description": "",
        "entities": {
            "description": {
                "urls": []
            }
        },
        "favourites_count": 645,
        "follow_request_sent": false,
        "followers_count": 18,
        "following": false,
        "friends_count": 172,
        "geo_enabled": true,
        "has_extended_profile": false,
        "id": 120112878,
        "id_str": "120112878",
        "is_translation_enabled": false,
        "is_translator": false,
        "lang": null,
        "listed_count": 0,
        "location": "",
        "name": "knossos",
        "notifications": false,
        "profile_background_color": "C0DEED",
        "profile_background_image_url": "http://abs.twimg.com/images/themes/theme1/bg.png",
        "profile_background_image_url_https": "https://abs.twimg.com/images/themes/theme1/bg.png",
        "profile_background_tile": false,
        "profile_banner_url": "https://pbs.twimg.com/profile_banners/120112878/1397562100",
        "profile_image_url": "http://pbs.twimg.com/profile_images/456032519582785536/iXD0BNEj_normal.jpeg",
        "profile_image_url_https": "https://pbs.twimg.com/profile_images/456032519582785536/iXD0BNEj_normal.jpeg",
        "profile_link_color": "1DA1F2",
        "profile_sidebar_border_color": "C0DEED",
        "profile_sidebar_fill_color": "DDEEF6",
        "profile_text_color": "333333",
        "profile_use_background_image": true,
        "protected": false,
        "screen_name": "knossos95",
        "statuses_count": 3695,
        "time_zone": null,
        "translator_type": "none",
        "url": null,
        "utc_offset": null,
        "verified": false
    }
}
