{
    "contributors": null,
    "coordinates": null,
    "created_at": "Sun Apr 28 04:24:31 +0000 2019",
    "entities": {
        "hashtags": [],
        "symbols": [],
        "urls": [],
        "user_mentions": [
            {
                "id": 717335588085567488,
                "id_str": "717335588085567488",
                "indices": [
                    0,
                    16
                ],
                "name": "GreekHistory Podcast",
                "screen_name": "greekhistorypod"
            },
            {
                "id": 166266459,
                "id_str": "166266459",
                "indices": [
                    21,
                    33
                ],
                "name": "elena \u263c",
                "screen_name": "elenaaabeee"
            },
            {
                "id": 717335588085567488,
                "id_str": "717335588085567488",
                "indices": [
                    35,
                    51
                ],
                "name": "GreekHistory Podcast",
                "screen_name": "greekhistorypod"
            }
        ]
    },
    "favorite_count": 0,
    "favorited": false,
    "geo": null,
    "id": 1122355890458251264,
    "id_str": "1122355890458251264",
    "in_reply_to_screen_name": "greekhistorypod",
    "in_reply_to_status_id": null,
    "in_reply_to_status_id_str": null,
    "in_reply_to_user_id": 717335588085567488,
    "in_reply_to_user_id_str": "717335588085567488",
    "is_quote_status": false,
    "lang": "en",
    "metadata": {
        "iso_language_code": "en",
        "result_type": "recent"
    },
    "place": null,
    "retweet_count": 0,
    "retweeted": false,
    "source": "<a href=\"http://www.cloudhopper.com/\" rel=\"nofollow\">Cloudhopper</a>",
    "text": "@greekhistorypod: RT @elenaaabeee: @greekhistorypod Hey Ryan! Used episodes 65 &amp;66 as my \"tour guide\" through the Acropolis and the Agora...",
    "truncated": false,
    "user": {
        "contributors_enabled": false,
        "created_at": "Wed Jul 25 04:21:45 +0000 2018",
        "default_profile": true,
        "default_profile_image": false,
        "description": "Benita Marvena Suber-bey\nBorn Mt. Sinai Cleveland, Ahia",
        "entities": {
            "description": {
                "urls": []
            }
        },
        "favourites_count": 1624,
        "follow_request_sent": false,
        "followers_count": 54,
        "following": false,
        "friends_count": 1106,
        "geo_enabled": false,
        "has_extended_profile": false,
        "id": 1021973757433401345,
        "id_str": "1021973757433401345",
        "is_translation_enabled": false,
        "is_translator": false,
        "lang": "en",
        "listed_count": 10,
        "location": "United States of America",
        "name": "neighyshuaz@gmail.com",
        "notifications": false,
        "profile_background_color": "F5F8FA",
        "profile_background_image_url": null,
        "profile_background_image_url_https": null,
        "profile_background_tile": false,
        "profile_banner_url": "https://pbs.twimg.com/profile_banners/1021973757433401345/1548986206",
        "profile_image_url": "http://pbs.twimg.com/profile_images/1106417546268418049/J5zJuQ8D_normal.jpg",
        "profile_image_url_https": "https://pbs.twimg.com/profile_images/1106417546268418049/J5zJuQ8D_normal.jpg",
        "profile_link_color": "1DA1F2",
        "profile_sidebar_border_color": "C0DEED",
        "profile_sidebar_fill_color": "DDEEF6",
        "profile_text_color": "333333",
        "profile_use_background_image": true,
        "protected": false,
        "screen_name": "neighyshuaz",
        "statuses_count": 9701,
        "time_zone": null,
        "translator_type": "none",
        "url": null,
        "utc_offset": null,
        "verified": false
    }
}
