{
    "contributors": null,
    "coordinates": null,
    "created_at": "Tue Jul 02 08:50:54 +0000 2019",
    "entities": {
        "hashtags": [
            {
                "indices": [
                    95,
                    102
                ],
                "text": "London"
            },
            {
                "indices": [
                    105,
                    112
                ],
                "text": "Zagreb"
            },
            {
                "indices": [
                    115,
                    125
                ],
                "text": "Barcelona"
            },
            {
                "indices": [
                    128,
                    137
                ],
                "text": "Brussels"
            }
        ],
        "symbols": [],
        "urls": [],
        "user_mentions": [
            {
                "id": 3084094763,
                "id_str": "3084094763",
                "indices": [
                    3,
                    19
                ],
                "name": "BETA Tech Center",
                "screen_name": "BETA_TechCenter"
            },
            {
                "id": 3084094763,
                "id_str": "3084094763",
                "indices": [
                    63,
                    79
                ],
                "name": "BETA Tech Center",
                "screen_name": "BETA_TechCenter"
            }
        ]
    },
    "favorite_count": 0,
    "favorited": false,
    "geo": null,
    "id": 1145978138289221632,
    "id_str": "1145978138289221632",
    "in_reply_to_screen_name": null,
    "in_reply_to_status_id": null,
    "in_reply_to_status_id_str": null,
    "in_reply_to_user_id": null,
    "in_reply_to_user_id_str": null,
    "is_quote_status": false,
    "lang": "en",
    "metadata": {
        "iso_language_code": "en",
        "result_type": "recent"
    },
    "place": null,
    "retweet_count": 8,
    "retweeted": false,
    "retweeted_status": {
        "contributors": null,
        "coordinates": null,
        "created_at": "Tue Jul 02 08:44:06 +0000 2019",
        "entities": {
            "hashtags": [
                {
                    "indices": [
                        74,
                        81
                    ],
                    "text": "London"
                },
                {
                    "indices": [
                        84,
                        91
                    ],
                    "text": "Zagreb"
                },
                {
                    "indices": [
                        94,
                        104
                    ],
                    "text": "Barcelona"
                }
            ],
            "symbols": [],
            "urls": [
                {
                    "display_url": "twitter.com/i/web/status/1\u2026",
                    "expanded_url": "https://twitter.com/i/web/status/1145976428304982017",
                    "indices": [
                        109,
                        132
                    ],
                    "url": "https://t.co/n8xa3EEOPt"
                }
            ],
            "user_mentions": [
                {
                    "id": 3084094763,
                    "id_str": "3084094763",
                    "indices": [
                        42,
                        58
                    ],
                    "name": "BETA Tech Center",
                    "screen_name": "BETA_TechCenter"
                }
            ]
        },
        "favorite_count": 6,
        "favorited": false,
        "geo": null,
        "id": 1145976428304982017,
        "id_str": "1145976428304982017",
        "in_reply_to_screen_name": null,
        "in_reply_to_status_id": null,
        "in_reply_to_status_id_str": null,
        "in_reply_to_user_id": null,
        "in_reply_to_user_id_str": null,
        "is_quote_status": false,
        "lang": "en",
        "metadata": {
            "iso_language_code": "en",
            "result_type": "recent"
        },
        "place": null,
        "possibly_sensitive": false,
        "retweet_count": 8,
        "retweeted": false,
        "source": "<a href=\"http://twitter.com/download/android\" rel=\"nofollow\">Twitter for Android</a>",
        "text": "\ud83c\udf0d\ud83c\udf0e \u25b6\ufe0f Next days you will find people from @BETA_TechCenter working at:\n\n\u2714\ufe0f#London\n\u2714\ufe0f#Zagreb\n\u2714\ufe0f#Barcelona\n\u2714\ufe0f\u2026 https://t.co/n8xa3EEOPt",
        "truncated": true,
        "user": {
            "contributors_enabled": false,
            "created_at": "Tue Mar 10 14:25:50 +0000 2015",
            "default_profile": true,
            "default_profile_image": false,
            "description": "Technological Center for Biodiversity, Ecology, Environmental Technology and Food Management. At @UVic_UCC. Member of #TECNIO, @CatalanWaterP and @biconsortium",
            "entities": {
                "description": {
                    "urls": []
                },
                "url": {
                    "urls": [
                        {
                            "display_url": "betatechcenter.com",
                            "expanded_url": "http://betatechcenter.com",
                            "indices": [
                                0,
                                23
                            ],
                            "url": "https://t.co/XxVaR6apyy"
                        }
                    ]
                }
            },
            "favourites_count": 1253,
            "follow_request_sent": false,
            "followers_count": 697,
            "following": false,
            "friends_count": 902,
            "geo_enabled": false,
            "has_extended_profile": false,
            "id": 3084094763,
            "id_str": "3084094763",
            "is_translation_enabled": false,
            "is_translator": false,
            "lang": "ca",
            "listed_count": 17,
            "location": "",
            "name": "BETA Tech Center",
            "notifications": false,
            "profile_background_color": "C0DEED",
            "profile_background_image_url": "http://abs.twimg.com/images/themes/theme1/bg.png",
            "profile_background_image_url_https": "https://abs.twimg.com/images/themes/theme1/bg.png",
            "profile_background_tile": false,
            "profile_banner_url": "https://pbs.twimg.com/profile_banners/3084094763/1517417302",
            "profile_image_url": "http://pbs.twimg.com/profile_images/981163948421468161/BzZBt2LT_normal.jpg",
            "profile_image_url_https": "https://pbs.twimg.com/profile_images/981163948421468161/BzZBt2LT_normal.jpg",
            "profile_link_color": "1DA1F2",
            "profile_sidebar_border_color": "C0DEED",
            "profile_sidebar_fill_color": "DDEEF6",
            "profile_text_color": "333333",
            "profile_use_background_image": true,
            "protected": false,
            "screen_name": "BETA_TechCenter",
            "statuses_count": 1068,
            "time_zone": null,
            "translator_type": "none",
            "url": "https://t.co/XxVaR6apyy",
            "utc_offset": null,
            "verified": false
        }
    },
    "source": "<a href=\"http://twitter.com/download/iphone\" rel=\"nofollow\">Twitter for iPhone</a>",
    "text": "RT @BETA_TechCenter: \ud83c\udf0d\ud83c\udf0e \u25b6\ufe0f Next days you will find people from @BETA_TechCenter working at:\n\n\u2714\ufe0f#London\n\u2714\ufe0f#Zagreb\n\u2714\ufe0f#Barcelona\n\u2714\ufe0f#Brussels\u2026",
    "truncated": false,
    "user": {
        "contributors_enabled": false,
        "created_at": "Fri Jul 08 06:58:51 +0000 2011",
        "default_profile": true,
        "default_profile_image": false,
        "description": "",
        "entities": {
            "description": {
                "urls": []
            }
        },
        "favourites_count": 666,
        "follow_request_sent": false,
        "followers_count": 348,
        "following": false,
        "friends_count": 323,
        "geo_enabled": false,
        "has_extended_profile": false,
        "id": 331473319,
        "id_str": "331473319",
        "is_translation_enabled": false,
        "is_translator": false,
        "lang": "es",
        "listed_count": 9,
        "location": "",
        "name": "Sergio Pons\u00e1 Salas",
        "notifications": false,
        "profile_background_color": "C0DEED",
        "profile_background_image_url": "http://abs.twimg.com/images/themes/theme1/bg.png",
        "profile_background_image_url_https": "https://abs.twimg.com/images/themes/theme1/bg.png",
        "profile_background_tile": false,
        "profile_image_url": "http://pbs.twimg.com/profile_images/816718475548889088/F4gCD4Ti_normal.jpg",
        "profile_image_url_https": "https://pbs.twimg.com/profile_images/816718475548889088/F4gCD4Ti_normal.jpg",
        "profile_link_color": "1DA1F2",
        "profile_sidebar_border_color": "C0DEED",
        "profile_sidebar_fill_color": "DDEEF6",
        "profile_text_color": "333333",
        "profile_use_background_image": true,
        "protected": false,
        "screen_name": "SergioPonsa",
        "statuses_count": 481,
        "time_zone": null,
        "translator_type": "none",
        "url": null,
        "utc_offset": null,
        "verified": false
    }
}
