{
    "contributors": null,
    "coordinates": null,
    "created_at": "Mon Aug 26 16:48:03 +0000 2019",
    "entities": {
        "hashtags": [],
        "symbols": [],
        "urls": [],
        "user_mentions": [
            {
                "id": 1091892227830398976,
                "id_str": "1091892227830398976",
                "indices": [
                    3,
                    19
                ],
                "name": "Internationale des F\u00e9d\u00e9rations Anarchistes",
                "screen_name": "IntFedAnarchist"
            }
        ]
    },
    "favorite_count": 0,
    "favorited": false,
    "geo": null,
    "id": 1166029551429922817,
    "id_str": "1166029551429922817",
    "in_reply_to_screen_name": null,
    "in_reply_to_status_id": null,
    "in_reply_to_status_id_str": null,
    "in_reply_to_user_id": null,
    "in_reply_to_user_id_str": null,
    "is_quote_status": false,
    "lang": "en",
    "metadata": {
        "iso_language_code": "en",
        "result_type": "recent"
    },
    "place": null,
    "retweet_count": 32,
    "retweeted": false,
    "retweeted_status": {
        "contributors": null,
        "coordinates": null,
        "created_at": "Mon Aug 26 09:50:43 +0000 2019",
        "entities": {
            "hashtags": [],
            "symbols": [],
            "urls": [
                {
                    "display_url": "twitter.com/i/web/status/1\u2026",
                    "expanded_url": "https://twitter.com/i/web/status/1165924524363325441",
                    "indices": [
                        117,
                        140
                    ],
                    "url": "https://t.co/dpPtywdWlV"
                }
            ],
            "user_mentions": []
        },
        "favorite_count": 38,
        "favorited": false,
        "geo": null,
        "id": 1165924524363325441,
        "id_str": "1165924524363325441",
        "in_reply_to_screen_name": null,
        "in_reply_to_status_id": null,
        "in_reply_to_status_id_str": null,
        "in_reply_to_user_id": null,
        "in_reply_to_user_id_str": null,
        "is_quote_status": false,
        "lang": "en",
        "metadata": {
            "iso_language_code": "en",
            "result_type": "recent"
        },
        "place": null,
        "possibly_sensitive": false,
        "retweet_count": 32,
        "retweeted": false,
        "source": "<a href=\"https://mobile.twitter.com\" rel=\"nofollow\">Twitter Web App</a>",
        "text": "The fascist state evicted 4 squats in Exarchia today. 100's have been made homeless and take to camps.\n\n\"They are t\u2026 https://t.co/dpPtywdWlV",
        "truncated": true,
        "user": {
            "contributors_enabled": false,
            "created_at": "Sun Feb 03 02:52:48 +0000 2019",
            "default_profile": false,
            "default_profile_image": false,
            "description": "\ud83c\udf0e\ud83c\udff4\nInternational of Anarchist Federations / Internationale des F\u00e9d\u00e9rations Anarchistes\n\ud83c\udf0e\ud83c\udff4",
            "entities": {
                "description": {
                    "urls": []
                },
                "url": {
                    "urls": [
                        {
                            "display_url": "i-f-a.org",
                            "expanded_url": "http://www.i-f-a.org/",
                            "indices": [
                                0,
                                23
                            ],
                            "url": "https://t.co/Etm6Pn1KYZ"
                        }
                    ]
                }
            },
            "favourites_count": 38,
            "follow_request_sent": false,
            "followers_count": 643,
            "following": false,
            "friends_count": 143,
            "geo_enabled": false,
            "has_extended_profile": true,
            "id": 1091892227830398976,
            "id_str": "1091892227830398976",
            "is_translation_enabled": false,
            "is_translator": false,
            "lang": null,
            "listed_count": 7,
            "location": "Worldwide",
            "name": "Internationale des F\u00e9d\u00e9rations Anarchistes",
            "notifications": false,
            "profile_background_color": "000000",
            "profile_background_image_url": "http://abs.twimg.com/images/themes/theme1/bg.png",
            "profile_background_image_url_https": "https://abs.twimg.com/images/themes/theme1/bg.png",
            "profile_background_tile": false,
            "profile_banner_url": "https://pbs.twimg.com/profile_banners/1091892227830398976/1549456129",
            "profile_image_url": "http://pbs.twimg.com/profile_images/1091922181699878912/-y_-WhQg_normal.jpg",
            "profile_image_url_https": "https://pbs.twimg.com/profile_images/1091922181699878912/-y_-WhQg_normal.jpg",
            "profile_link_color": "000000",
            "profile_sidebar_border_color": "000000",
            "profile_sidebar_fill_color": "000000",
            "profile_text_color": "000000",
            "profile_use_background_image": false,
            "protected": false,
            "screen_name": "IntFedAnarchist",
            "statuses_count": 174,
            "time_zone": null,
            "translator_type": "none",
            "url": "https://t.co/Etm6Pn1KYZ",
            "utc_offset": null,
            "verified": false
        }
    },
    "source": "<a href=\"https://mobile.twitter.com\" rel=\"nofollow\">Twitter Web App</a>",
    "text": "RT @IntFedAnarchist: The fascist state evicted 4 squats in Exarchia today. 100's have been made homeless and take to camps.\n\n\"They are tryi\u2026",
    "truncated": false,
    "user": {
        "contributors_enabled": false,
        "created_at": "Sat Apr 13 02:46:22 +0000 2013",
        "default_profile": true,
        "default_profile_image": false,
        "description": "Writer of things, including https://t.co/mswCwX5Lg2, Guillotine Press, New Europe et al. he/him",
        "entities": {
            "description": {
                "urls": [
                    {
                        "display_url": "Nihilist.li",
                        "expanded_url": "http://Nihilist.li",
                        "indices": [
                            28,
                            51
                        ],
                        "url": "https://t.co/mswCwX5Lg2"
                    }
                ]
            }
        },
        "favourites_count": 3766,
        "follow_request_sent": false,
        "followers_count": 118,
        "following": false,
        "friends_count": 382,
        "geo_enabled": true,
        "has_extended_profile": false,
        "id": 1348215463,
        "id_str": "1348215463",
        "is_translation_enabled": false,
        "is_translator": false,
        "lang": null,
        "listed_count": 0,
        "location": "Ukraine",
        "name": "Definitely A Real Person",
        "notifications": false,
        "profile_background_color": "C0DEED",
        "profile_background_image_url": "http://abs.twimg.com/images/themes/theme1/bg.png",
        "profile_background_image_url_https": "https://abs.twimg.com/images/themes/theme1/bg.png",
        "profile_background_tile": false,
        "profile_image_url": "http://pbs.twimg.com/profile_images/1101074181633073152/5oh8bcYL_normal.png",
        "profile_image_url_https": "https://pbs.twimg.com/profile_images/1101074181633073152/5oh8bcYL_normal.png",
        "profile_link_color": "1DA1F2",
        "profile_sidebar_border_color": "C0DEED",
        "profile_sidebar_fill_color": "DDEEF6",
        "profile_text_color": "333333",
        "profile_use_background_image": true,
        "protected": false,
        "screen_name": "mvagrant",
        "statuses_count": 2050,
        "time_zone": null,
        "translator_type": "none",
        "url": null,
        "utc_offset": null,
        "verified": false
    }
}
