{
    "contributors": null,
    "coordinates": null,
    "created_at": "Mon Apr 29 15:40:14 +0000 2019",
    "entities": {
        "hashtags": [
            {
                "indices": [
                    86,
                    93
                ],
                "text": "Athens"
            }
        ],
        "symbols": [],
        "urls": [
            {
                "display_url": "search.jobcast.net/Share/Job39689\u2026",
                "expanded_url": "http://search.jobcast.net/Share/Job3968919?source=Twitter%20(%40jobs_language",
                "indices": [
                    60,
                    83
                ],
                "url": "https://t.co/iIFEZvQnAc"
            }
        ],
        "user_mentions": []
    },
    "favorite_count": 0,
    "favorited": false,
    "geo": null,
    "id": 1122888329232441346,
    "id_str": "1122888329232441346",
    "in_reply_to_screen_name": null,
    "in_reply_to_status_id": null,
    "in_reply_to_status_id_str": null,
    "in_reply_to_user_id": null,
    "in_reply_to_user_id_str": null,
    "is_quote_status": false,
    "lang": "en",
    "metadata": {
        "iso_language_code": "en",
        "result_type": "recent"
    },
    "place": null,
    "possibly_sensitive": false,
    "retweet_count": 0,
    "retweeted": false,
    "source": "<a href=\"http://www.jobcast.net/\" rel=\"nofollow\">Jobcast.net</a>",
    "text": "German Speaking Tech Support - Athens - up to \u20ac18-20k per y https://t.co/iIFEZvQnAc)  #Athens",
    "truncated": false,
    "user": {
        "contributors_enabled": false,
        "created_at": "Thu May 12 07:58:39 +0000 2016",
        "default_profile": true,
        "default_profile_image": false,
        "description": "#Europe #job #vacancy #jobs #career  #jobsearch #language #offer  #jobhunting | job offers are automatically posted | Contact us at @europelangjobs",
        "entities": {
            "description": {
                "urls": []
            }
        },
        "favourites_count": 2,
        "follow_request_sent": false,
        "followers_count": 550,
        "following": false,
        "friends_count": 28,
        "geo_enabled": false,
        "has_extended_profile": false,
        "id": 730668497701875712,
        "id_str": "730668497701875712",
        "is_translation_enabled": false,
        "is_translator": false,
        "lang": "en",
        "listed_count": 35,
        "location": "",
        "name": "Jobs in Europe",
        "notifications": false,
        "profile_background_color": "F5F8FA",
        "profile_background_image_url": null,
        "profile_background_image_url_https": null,
        "profile_background_tile": false,
        "profile_banner_url": "https://pbs.twimg.com/profile_banners/730668497701875712/1472461335",
        "profile_image_url": "http://pbs.twimg.com/profile_images/770184705178206208/aDAMaxb-_normal.jpg",
        "profile_image_url_https": "https://pbs.twimg.com/profile_images/770184705178206208/aDAMaxb-_normal.jpg",
        "profile_link_color": "1DA1F2",
        "profile_sidebar_border_color": "C0DEED",
        "profile_sidebar_fill_color": "DDEEF6",
        "profile_text_color": "333333",
        "profile_use_background_image": true,
        "protected": false,
        "screen_name": "jobs_language",
        "statuses_count": 8152,
        "time_zone": null,
        "translator_type": "none",
        "url": null,
        "utc_offset": null,
        "verified": false
    }
}
