{
    "contributors": null,
    "coordinates": null,
    "created_at": "Sun Aug 18 10:16:15 +0000 2019",
    "entities": {
        "hashtags": [
            {
                "indices": [
                    0,
                    9
                ],
                "text": "Salamina"
            },
            {
                "indices": [
                    10,
                    17
                ],
                "text": "island"
            },
            {
                "indices": [
                    28,
                    35
                ],
                "text": "escape"
            },
            {
                "indices": [
                    39,
                    46
                ],
                "text": "Athens"
            },
            {
                "indices": [
                    47,
                    52
                ],
                "text": "area"
            },
            {
                "indices": [
                    58,
                    63
                ],
                "text": "love"
            },
            {
                "indices": [
                    71,
                    78
                ],
                "text": "Greece"
            },
            {
                "indices": [
                    80,
                    84
                ],
                "text": "luv"
            },
            {
                "indices": [
                    91,
                    97
                ],
                "text": "Greek"
            },
            {
                "indices": [
                    98,
                    102
                ],
                "text": "guy"
            }
        ],
        "symbols": [],
        "urls": [
            {
                "display_url": "twitter.com/i/web/status/1\u2026",
                "expanded_url": "https://twitter.com/i/web/status/1163031850773671937",
                "indices": [
                    115,
                    138
                ],
                "url": "https://t.co/o5UZpUjR1R"
            }
        ],
        "user_mentions": []
    },
    "favorite_count": 1,
    "favorited": false,
    "geo": null,
    "id": 1163031850773671937,
    "id_str": "1163031850773671937",
    "in_reply_to_screen_name": null,
    "in_reply_to_status_id": null,
    "in_reply_to_status_id_str": null,
    "in_reply_to_user_id": null,
    "in_reply_to_user_id_str": null,
    "is_quote_status": false,
    "lang": "en",
    "metadata": {
        "iso_language_code": "en",
        "result_type": "recent"
    },
    "place": null,
    "possibly_sensitive": false,
    "retweet_count": 0,
    "retweeted": false,
    "source": "<a href=\"http://instagram.com\" rel=\"nofollow\">Instagram</a>",
    "text": "#Salamina #island  the best #escape in #Athens #area... I #love 2 B in #Greece, #luv to be #Greek #guy !!! At the\u2026 https://t.co/o5UZpUjR1R",
    "truncated": true,
    "user": {
        "contributors_enabled": false,
        "created_at": "Fri Sep 04 06:28:32 +0000 2009",
        "default_profile": false,
        "default_profile_image": false,
        "description": "Singer - Songwriter, Writer, TVpresenter & Graphic Designer https://t.co/dA5jUIVrmV\nhttps://t.co/7eeQZfpvv7\nhttps://t.co/FYNSAqecQ2",
        "entities": {
            "description": {
                "urls": [
                    {
                        "display_url": "facebook.com/DerekLiontisOf\u2026",
                        "expanded_url": "http://www.facebook.com/DerekLiontisOfficial",
                        "indices": [
                            60,
                            83
                        ],
                        "url": "https://t.co/dA5jUIVrmV"
                    },
                    {
                        "display_url": "youtube.com/DerekLiontis",
                        "expanded_url": "http://www.youtube.com/DerekLiontis",
                        "indices": [
                            84,
                            107
                        ],
                        "url": "https://t.co/7eeQZfpvv7"
                    },
                    {
                        "display_url": "soundcloud.com/DerekLiontis",
                        "expanded_url": "http://www.soundcloud.com/DerekLiontis",
                        "indices": [
                            108,
                            131
                        ],
                        "url": "https://t.co/FYNSAqecQ2"
                    }
                ]
            },
            "url": {
                "urls": [
                    {
                        "display_url": "DerekLiontis.com",
                        "expanded_url": "http://www.DerekLiontis.com",
                        "indices": [
                            0,
                            22
                        ],
                        "url": "http://t.co/q6YNLFhwkL"
                    }
                ]
            }
        },
        "favourites_count": 750,
        "follow_request_sent": false,
        "followers_count": 457,
        "following": false,
        "friends_count": 296,
        "geo_enabled": true,
        "has_extended_profile": false,
        "id": 71472052,
        "id_str": "71472052",
        "is_translation_enabled": false,
        "is_translator": false,
        "lang": null,
        "listed_count": 13,
        "location": "Greece",
        "name": "Derek Liontis",
        "notifications": false,
        "profile_background_color": "131516",
        "profile_background_image_url": "http://abs.twimg.com/images/themes/theme14/bg.gif",
        "profile_background_image_url_https": "https://abs.twimg.com/images/themes/theme14/bg.gif",
        "profile_background_tile": true,
        "profile_banner_url": "https://pbs.twimg.com/profile_banners/71472052/1503446145",
        "profile_image_url": "http://pbs.twimg.com/profile_images/890951942134005760/HHm7Cwkj_normal.jpg",
        "profile_image_url_https": "https://pbs.twimg.com/profile_images/890951942134005760/HHm7Cwkj_normal.jpg",
        "profile_link_color": "5C007B",
        "profile_sidebar_border_color": "000000",
        "profile_sidebar_fill_color": "EFEFEF",
        "profile_text_color": "333333",
        "profile_use_background_image": true,
        "protected": false,
        "screen_name": "DerekLiontis",
        "statuses_count": 2412,
        "time_zone": null,
        "translator_type": "none",
        "url": "http://t.co/q6YNLFhwkL",
        "utc_offset": null,
        "verified": false
    }
}
