{
    "contributors": null,
    "coordinates": null,
    "created_at": "Mon Jul 01 15:11:15 +0000 2019",
    "entities": {
        "hashtags": [],
        "symbols": [],
        "urls": [],
        "user_mentions": [
            {
                "id": 263038694,
                "id_str": "263038694",
                "indices": [
                    3,
                    9
                ],
                "name": "Walks",
                "screen_name": "Walks"
            }
        ]
    },
    "favorite_count": 0,
    "favorited": false,
    "geo": null,
    "id": 1145711470048677889,
    "id_str": "1145711470048677889",
    "in_reply_to_screen_name": null,
    "in_reply_to_status_id": null,
    "in_reply_to_status_id_str": null,
    "in_reply_to_user_id": null,
    "in_reply_to_user_id_str": null,
    "is_quote_status": false,
    "lang": "en",
    "metadata": {
        "iso_language_code": "en",
        "result_type": "recent"
    },
    "place": null,
    "retweet_count": 1,
    "retweeted": false,
    "retweeted_status": {
        "contributors": null,
        "coordinates": null,
        "created_at": "Mon Jul 01 14:11:04 +0000 2019",
        "entities": {
            "hashtags": [],
            "symbols": [],
            "urls": [
                {
                    "display_url": "twitter.com/i/web/status/1\u2026",
                    "expanded_url": "https://twitter.com/i/web/status/1145696325058617344",
                    "indices": [
                        117,
                        140
                    ],
                    "url": "https://t.co/TMYJ30SE34"
                }
            ],
            "user_mentions": []
        },
        "favorite_count": 2,
        "favorited": false,
        "geo": null,
        "id": 1145696325058617344,
        "id_str": "1145696325058617344",
        "in_reply_to_screen_name": null,
        "in_reply_to_status_id": null,
        "in_reply_to_status_id_str": null,
        "in_reply_to_user_id": null,
        "in_reply_to_user_id_str": null,
        "is_quote_status": false,
        "lang": "en",
        "metadata": {
            "iso_language_code": "en",
            "result_type": "recent"
        },
        "place": null,
        "possibly_sensitive": false,
        "retweet_count": 1,
        "retweeted": false,
        "source": "<a href=\"https://buffer.com\" rel=\"nofollow\">Buffer</a>",
        "text": "See the Parthenon before the crowds arrive by using skip the line, first-entry tickets and following our special it\u2026 https://t.co/TMYJ30SE34",
        "truncated": true,
        "user": {
            "contributors_enabled": false,
            "created_at": "Wed Mar 09 07:26:16 +0000 2011",
            "default_profile": false,
            "default_profile_image": false,
            "description": "The world\u2019s best travel experiences, tours & day trips, led by fascinating storytellers. #Takewalks of Italy, France, Spain, Greece, UK, & the USA.",
            "entities": {
                "description": {
                    "urls": []
                },
                "url": {
                    "urls": [
                        {
                            "display_url": "takewalks.com",
                            "expanded_url": "https://www.takewalks.com",
                            "indices": [
                                0,
                                23
                            ],
                            "url": "https://t.co/cazI3QOR5r"
                        }
                    ]
                }
            },
            "favourites_count": 18703,
            "follow_request_sent": false,
            "followers_count": 52163,
            "following": false,
            "friends_count": 7632,
            "geo_enabled": true,
            "has_extended_profile": false,
            "id": 263038694,
            "id_str": "263038694",
            "is_translation_enabled": false,
            "is_translator": false,
            "lang": "en",
            "listed_count": 1215,
            "location": "Rome, Paris, Barcelona, San Francisco, New York, London",
            "name": "Walks",
            "notifications": false,
            "profile_background_color": "1C426E",
            "profile_background_image_url": "http://abs.twimg.com/images/themes/theme13/bg.gif",
            "profile_background_image_url_https": "https://abs.twimg.com/images/themes/theme13/bg.gif",
            "profile_background_tile": true,
            "profile_banner_url": "https://pbs.twimg.com/profile_banners/263038694/1533902322",
            "profile_image_url": "http://pbs.twimg.com/profile_images/1027872383091310592/qa6MtUhu_normal.jpg",
            "profile_image_url_https": "https://pbs.twimg.com/profile_images/1027872383091310592/qa6MtUhu_normal.jpg",
            "profile_link_color": "700814",
            "profile_sidebar_border_color": "FFFFFF",
            "profile_sidebar_fill_color": "FFFFFF",
            "profile_text_color": "333333",
            "profile_use_background_image": true,
            "protected": false,
            "screen_name": "Walks",
            "statuses_count": 44481,
            "time_zone": null,
            "translator_type": "none",
            "url": "https://t.co/cazI3QOR5r",
            "utc_offset": null,
            "verified": true
        }
    },
    "source": "<a href=\"https://mobile.twitter.com\" rel=\"nofollow\">Twitter Web App</a>",
    "text": "RT @Walks: See the Parthenon before the crowds arrive by using skip the line, first-entry tickets and following our special itinerary that\u2026",
    "truncated": false,
    "user": {
        "contributors_enabled": false,
        "created_at": "Mon Oct 07 08:45:44 +0000 2013",
        "default_profile": false,
        "default_profile_image": false,
        "description": "International Association for the Reunification of the Parthenon Sculptures comprises 20 organisations campaigning for the sculptures and the Acropolis Museum",
        "entities": {
            "description": {
                "urls": []
            },
            "url": {
                "urls": [
                    {
                        "display_url": "parthenoninternational.org",
                        "expanded_url": "http://www.parthenoninternational.org/",
                        "indices": [
                            0,
                            22
                        ],
                        "url": "http://t.co/h6DK9m2dAP"
                    }
                ]
            }
        },
        "favourites_count": 230,
        "follow_request_sent": false,
        "followers_count": 158,
        "following": false,
        "friends_count": 84,
        "geo_enabled": false,
        "has_extended_profile": false,
        "id": 1943447124,
        "id_str": "1943447124",
        "is_translation_enabled": false,
        "is_translator": false,
        "lang": "en",
        "listed_count": 1,
        "location": "",
        "name": "IARPS",
        "notifications": false,
        "profile_background_color": "142EA3",
        "profile_background_image_url": "http://abs.twimg.com/images/themes/theme16/bg.gif",
        "profile_background_image_url_https": "https://abs.twimg.com/images/themes/theme16/bg.gif",
        "profile_background_tile": false,
        "profile_banner_url": "https://pbs.twimg.com/profile_banners/1943447124/1561389609",
        "profile_image_url": "http://pbs.twimg.com/profile_images/378800000561532331/f13c3833bc8616d6bcdad6ac1eff7524_normal.jpeg",
        "profile_image_url_https": "https://pbs.twimg.com/profile_images/378800000561532331/f13c3833bc8616d6bcdad6ac1eff7524_normal.jpeg",
        "profile_link_color": "1895C2",
        "profile_sidebar_border_color": "FFFFFF",
        "profile_sidebar_fill_color": "DDEEF6",
        "profile_text_color": "333333",
        "profile_use_background_image": false,
        "protected": false,
        "screen_name": "ParthenonInt",
        "statuses_count": 140,
        "time_zone": null,
        "translator_type": "none",
        "url": "http://t.co/h6DK9m2dAP",
        "utc_offset": null,
        "verified": false
    }
}
