{
    "contributors": null,
    "coordinates": null,
    "created_at": "Mon Jul 01 17:03:00 +0000 2019",
    "entities": {
        "hashtags": [],
        "media": [
            {
                "display_url": "pic.twitter.com/Anin4OBn86",
                "expanded_url": "https://twitter.com/tsoupras/status/1145728327606558722/photo/1",
                "id": 1145728307524186113,
                "id_str": "1145728307524186113",
                "indices": [
                    80,
                    103
                ],
                "media_url": "http://pbs.twimg.com/media/D-Zx00sWsAEwaku.jpg",
                "media_url_https": "https://pbs.twimg.com/media/D-Zx00sWsAEwaku.jpg",
                "sizes": {
                    "large": {
                        "h": 960,
                        "resize": "fit",
                        "w": 960
                    },
                    "medium": {
                        "h": 960,
                        "resize": "fit",
                        "w": 960
                    },
                    "small": {
                        "h": 680,
                        "resize": "fit",
                        "w": 680
                    },
                    "thumb": {
                        "h": 150,
                        "resize": "crop",
                        "w": 150
                    }
                },
                "source_status_id": 1145728327606558722,
                "source_status_id_str": "1145728327606558722",
                "source_user_id": 624636519,
                "source_user_id_str": "624636519",
                "type": "photo",
                "url": "https://t.co/Anin4OBn86"
            }
        ],
        "symbols": [],
        "urls": [],
        "user_mentions": [
            {
                "id": 624636519,
                "id_str": "624636519",
                "indices": [
                    3,
                    12
                ],
                "name": "\u0398\u03c9\u03bc\u03b1\u03c2 \u03a4\u03c3\u03bf\u03c5\u03c0\u03c1\u03b1\u03c2",
                "screen_name": "tsoupras"
            }
        ]
    },
    "extended_entities": {
        "media": [
            {
                "display_url": "pic.twitter.com/Anin4OBn86",
                "expanded_url": "https://twitter.com/tsoupras/status/1145728327606558722/photo/1",
                "id": 1145728307524186113,
                "id_str": "1145728307524186113",
                "indices": [
                    80,
                    103
                ],
                "media_url": "http://pbs.twimg.com/media/D-Zx00sWsAEwaku.jpg",
                "media_url_https": "https://pbs.twimg.com/media/D-Zx00sWsAEwaku.jpg",
                "sizes": {
                    "large": {
                        "h": 960,
                        "resize": "fit",
                        "w": 960
                    },
                    "medium": {
                        "h": 960,
                        "resize": "fit",
                        "w": 960
                    },
                    "small": {
                        "h": 680,
                        "resize": "fit",
                        "w": 680
                    },
                    "thumb": {
                        "h": 150,
                        "resize": "crop",
                        "w": 150
                    }
                },
                "source_status_id": 1145728327606558722,
                "source_status_id_str": "1145728327606558722",
                "source_user_id": 624636519,
                "source_user_id_str": "624636519",
                "type": "photo",
                "url": "https://t.co/Anin4OBn86"
            }
        ]
    },
    "favorite_count": 0,
    "favorited": false,
    "geo": null,
    "id": 1145739595167891456,
    "id_str": "1145739595167891456",
    "in_reply_to_screen_name": null,
    "in_reply_to_status_id": null,
    "in_reply_to_status_id_str": null,
    "in_reply_to_user_id": null,
    "in_reply_to_user_id_str": null,
    "is_quote_status": false,
    "lang": "en",
    "metadata": {
        "iso_language_code": "en",
        "result_type": "recent"
    },
    "place": null,
    "possibly_sensitive": false,
    "retweet_count": 10,
    "retweeted": false,
    "retweeted_status": {
        "contributors": null,
        "coordinates": null,
        "created_at": "Mon Jul 01 16:18:14 +0000 2019",
        "entities": {
            "hashtags": [],
            "media": [
                {
                    "display_url": "pic.twitter.com/Anin4OBn86",
                    "expanded_url": "https://twitter.com/tsoupras/status/1145728327606558722/photo/1",
                    "id": 1145728307524186113,
                    "id_str": "1145728307524186113",
                    "indices": [
                        66,
                        89
                    ],
                    "media_url": "http://pbs.twimg.com/media/D-Zx00sWsAEwaku.jpg",
                    "media_url_https": "https://pbs.twimg.com/media/D-Zx00sWsAEwaku.jpg",
                    "sizes": {
                        "large": {
                            "h": 960,
                            "resize": "fit",
                            "w": 960
                        },
                        "medium": {
                            "h": 960,
                            "resize": "fit",
                            "w": 960
                        },
                        "small": {
                            "h": 680,
                            "resize": "fit",
                            "w": 680
                        },
                        "thumb": {
                            "h": 150,
                            "resize": "crop",
                            "w": 150
                        }
                    },
                    "type": "photo",
                    "url": "https://t.co/Anin4OBn86"
                }
            ],
            "symbols": [],
            "urls": [],
            "user_mentions": []
        },
        "extended_entities": {
            "media": [
                {
                    "display_url": "pic.twitter.com/Anin4OBn86",
                    "expanded_url": "https://twitter.com/tsoupras/status/1145728327606558722/photo/1",
                    "id": 1145728307524186113,
                    "id_str": "1145728307524186113",
                    "indices": [
                        66,
                        89
                    ],
                    "media_url": "http://pbs.twimg.com/media/D-Zx00sWsAEwaku.jpg",
                    "media_url_https": "https://pbs.twimg.com/media/D-Zx00sWsAEwaku.jpg",
                    "sizes": {
                        "large": {
                            "h": 960,
                            "resize": "fit",
                            "w": 960
                        },
                        "medium": {
                            "h": 960,
                            "resize": "fit",
                            "w": 960
                        },
                        "small": {
                            "h": 680,
                            "resize": "fit",
                            "w": 680
                        },
                        "thumb": {
                            "h": 150,
                            "resize": "crop",
                            "w": 150
                        }
                    },
                    "type": "photo",
                    "url": "https://t.co/Anin4OBn86"
                }
            ]
        },
        "favorite_count": 23,
        "favorited": false,
        "geo": null,
        "id": 1145728327606558722,
        "id_str": "1145728327606558722",
        "in_reply_to_screen_name": null,
        "in_reply_to_status_id": null,
        "in_reply_to_status_id_str": null,
        "in_reply_to_user_id": null,
        "in_reply_to_user_id_str": null,
        "is_quote_status": false,
        "lang": "en",
        "metadata": {
            "iso_language_code": "en",
            "result_type": "recent"
        },
        "place": {
            "attributes": {},
            "bounding_box": {
                "coordinates": [
                    [
                        [
                            23.6235475,
                            40.3921626
                        ],
                        [
                            26.6352372,
                            40.3921626
                        ],
                        [
                            26.6352372,
                            41.7485356
                        ],
                        [
                            23.6235475,
                            41.7485356
                        ]
                    ]
                ],
                "type": "Polygon"
            },
            "contained_within": [],
            "country": "Hellas",
            "country_code": "GR",
            "full_name": "Anatoliki Makedonia Thraki, Greece",
            "id": "0068ba487cfba37a",
            "name": "Anatoliki Makedonia Thraki",
            "place_type": "admin",
            "url": "https://api.twitter.com/1.1/geo/id/0068ba487cfba37a.json"
        },
        "possibly_sensitive": false,
        "retweet_count": 10,
        "retweeted": false,
        "source": "<a href=\"http://twitter.com/download/android\" rel=\"nofollow\">Twitter for Android</a>",
        "text": "A miracle of the world!!!\nAcropolis of Athens!\n         Greece \ud83c\uddec\ud83c\uddf7 https://t.co/Anin4OBn86",
        "truncated": false,
        "user": {
            "contributors_enabled": false,
            "created_at": "Mon Jul 02 10:33:55 +0000 2012",
            "default_profile": true,
            "default_profile_image": false,
            "description": "\u03a3\u039a\u0395\u03a6\u03a4\u039f\u039c\u0391\u0399.....\u03b1\u03c1\u03b1 \u03c5\u03c0\u03b1\u03c1\u03c7\u03c9!!!",
            "entities": {
                "description": {
                    "urls": []
                },
                "url": {
                    "urls": [
                        {
                            "display_url": "twitter.com/search?q=from%\u2026",
                            "expanded_url": "https://twitter.com/search?q=from%3A%40tsoupras&src=tYpd",
                            "indices": [
                                0,
                                23
                            ],
                            "url": "https://t.co/o5salnZJD1"
                        }
                    ]
                }
            },
            "favourites_count": 175303,
            "follow_request_sent": false,
            "followers_count": 13618,
            "following": false,
            "friends_count": 14982,
            "geo_enabled": true,
            "has_extended_profile": false,
            "id": 624636519,
            "id_str": "624636519",
            "is_translation_enabled": false,
            "is_translator": false,
            "lang": "el",
            "listed_count": 95,
            "location": "\u0398\u03b1\u03c3\u03bf\u03c2-\u039e\u03b1\u03bd\u03b8\u03b7-\u0395\u03bb\u03bb\u03b1\u03b4\u03b1",
            "name": "\u0398\u03c9\u03bc\u03b1\u03c2 \u03a4\u03c3\u03bf\u03c5\u03c0\u03c1\u03b1\u03c2",
            "notifications": false,
            "profile_background_color": "C0DEED",
            "profile_background_image_url": "http://abs.twimg.com/images/themes/theme1/bg.png",
            "profile_background_image_url_https": "https://abs.twimg.com/images/themes/theme1/bg.png",
            "profile_background_tile": false,
            "profile_banner_url": "https://pbs.twimg.com/profile_banners/624636519/1514757343",
            "profile_image_url": "http://pbs.twimg.com/profile_images/1126226311733813249/K0g8Z1Dq_normal.jpg",
            "profile_image_url_https": "https://pbs.twimg.com/profile_images/1126226311733813249/K0g8Z1Dq_normal.jpg",
            "profile_link_color": "1DA1F2",
            "profile_sidebar_border_color": "C0DEED",
            "profile_sidebar_fill_color": "DDEEF6",
            "profile_text_color": "333333",
            "profile_use_background_image": true,
            "protected": false,
            "screen_name": "tsoupras",
            "statuses_count": 117424,
            "time_zone": null,
            "translator_type": "none",
            "url": "https://t.co/o5salnZJD1",
            "utc_offset": null,
            "verified": false
        }
    },
    "source": "<a href=\"http://twitter.com/download/android\" rel=\"nofollow\">Twitter for Android</a>",
    "text": "RT @tsoupras: A miracle of the world!!!\nAcropolis of Athens!\n         Greece \ud83c\uddec\ud83c\uddf7 https://t.co/Anin4OBn86",
    "truncated": false,
    "user": {
        "contributors_enabled": false,
        "created_at": "Fri Dec 15 09:18:38 +0000 2017",
        "default_profile": false,
        "default_profile_image": false,
        "description": "\ud83c\udf39 \u026d\u03bf\u0475\u04bd to \u0251ll \u092a\u094d\u0930\u0947\u092e \u0928\u092e\u0928\u269b\n\n                           \u0906\u0926\u092e\u0940 \u0935\u0939\u0940 \u0906\u0926\u092e\u0940 \u0939\u0948 \u097c\u093f\u0938\u0928\u0947 \u092f\u0939 \u0930\u093e\u095b \u091c\u093e\u0928\u093e \u0915\u093e\u092e \u0906\u0926\u092e\u0940 \u0915\u093e \u0939\u0948 \u0906\u0926\u092e\u0940 \u0915\u0947 \u0915\u093e\u092e \u0906\u0928\u093e\u1734",
        "entities": {
            "description": {
                "urls": []
            },
            "url": {
                "urls": [
                    {
                        "display_url": "love-naman-79.webself.net",
                        "expanded_url": "http://love-naman-79.webself.net",
                        "indices": [
                            0,
                            23
                        ],
                        "url": "https://t.co/Sci3DQPmog"
                    }
                ]
            }
        },
        "favourites_count": 102332,
        "follow_request_sent": false,
        "followers_count": 1939,
        "following": false,
        "friends_count": 4991,
        "geo_enabled": true,
        "has_extended_profile": false,
        "id": 941598363627089920,
        "id_str": "941598363627089920",
        "is_translation_enabled": false,
        "is_translator": false,
        "lang": "en",
        "listed_count": 16,
        "location": "Global",
        "name": ".",
        "notifications": false,
        "profile_background_color": "000000",
        "profile_background_image_url": "http://abs.twimg.com/images/themes/theme1/bg.png",
        "profile_background_image_url_https": "https://abs.twimg.com/images/themes/theme1/bg.png",
        "profile_background_tile": false,
        "profile_banner_url": "https://pbs.twimg.com/profile_banners/941598363627089920/1519155142",
        "profile_image_url": "http://pbs.twimg.com/profile_images/1003581950504792065/a3yXvzDB_normal.jpg",
        "profile_image_url_https": "https://pbs.twimg.com/profile_images/1003581950504792065/a3yXvzDB_normal.jpg",
        "profile_link_color": "AABBAA",
        "profile_sidebar_border_color": "000000",
        "profile_sidebar_fill_color": "000000",
        "profile_text_color": "000000",
        "profile_use_background_image": false,
        "protected": false,
        "screen_name": "JyotiKr66393068",
        "statuses_count": 122832,
        "time_zone": null,
        "translator_type": "none",
        "url": "https://t.co/Sci3DQPmog",
        "utc_offset": null,
        "verified": false
    }
}
