{
    "contributors": null,
    "coordinates": null,
    "created_at": "Wed Aug 21 12:36:06 +0000 2019",
    "entities": {
        "hashtags": [],
        "symbols": [],
        "urls": [
            {
                "display_url": "iaata.info/Exarchia-it-s-\u2026",
                "expanded_url": "https://iaata.info/Exarchia-it-s-all-fucked-up-3539.html",
                "indices": [
                    32,
                    55
                ],
                "url": "https://t.co/iJPnf8JFDf"
            }
        ],
        "user_mentions": []
    },
    "favorite_count": 0,
    "favorited": false,
    "geo": null,
    "id": 1164154205562638336,
    "id_str": "1164154205562638336",
    "in_reply_to_screen_name": null,
    "in_reply_to_status_id": null,
    "in_reply_to_status_id_str": null,
    "in_reply_to_user_id": null,
    "in_reply_to_user_id_str": null,
    "is_quote_status": false,
    "lang": "en",
    "metadata": {
        "iso_language_code": "en",
        "result_type": "recent"
    },
    "place": null,
    "possibly_sensitive": false,
    "retweet_count": 0,
    "retweeted": false,
    "source": "<a href=\"https://ifttt.com\" rel=\"nofollow\">IFTTT</a>",
    "text": "Exarchia - it's all fucked up ! https://t.co/iJPnf8JFDf",
    "truncated": false,
    "user": {
        "contributors_enabled": false,
        "created_at": "Thu Sep 09 13:43:56 +0000 2010",
        "default_profile": false,
        "default_profile_image": false,
        "description": "Agr\u00e9gateur des (glorieux) m\u00e9dias alternatifs francophones : http://t.co/eBYWuX2GOe. Pr\u00e9sentation ici : http://t.co/6UmTANgxs0.",
        "entities": {
            "description": {
                "urls": [
                    {
                        "display_url": "mediaslibres.org",
                        "expanded_url": "http://mediaslibres.org",
                        "indices": [
                            60,
                            82
                        ],
                        "url": "http://t.co/eBYWuX2GOe"
                    },
                    {
                        "display_url": "bit.ly/NwAbkm",
                        "expanded_url": "http://bit.ly/NwAbkm",
                        "indices": [
                            103,
                            125
                        ],
                        "url": "http://t.co/6UmTANgxs0"
                    }
                ]
            },
            "url": {
                "urls": [
                    {
                        "expanded_url": null,
                        "indices": [
                            0,
                            23
                        ],
                        "url": "http://mediaslibres.org"
                    }
                ]
            }
        },
        "favourites_count": 1,
        "follow_request_sent": false,
        "followers_count": 5555,
        "following": false,
        "friends_count": 22,
        "geo_enabled": false,
        "has_extended_profile": false,
        "id": 188739286,
        "id_str": "188739286",
        "is_translation_enabled": false,
        "is_translator": false,
        "lang": null,
        "listed_count": 196,
        "location": "",
        "name": "M\u00e9dias Libres",
        "notifications": false,
        "profile_background_color": "191A1A",
        "profile_background_image_url": "http://abs.twimg.com/images/themes/theme1/bg.png",
        "profile_background_image_url_https": "https://abs.twimg.com/images/themes/theme1/bg.png",
        "profile_background_tile": false,
        "profile_image_url": "http://pbs.twimg.com/profile_images/2351913227/afp36ttiwj747gx3brt4_normal.jpeg",
        "profile_image_url_https": "https://pbs.twimg.com/profile_images/2351913227/afp36ttiwj747gx3brt4_normal.jpeg",
        "profile_link_color": "0084B4",
        "profile_sidebar_border_color": "C0DEED",
        "profile_sidebar_fill_color": "A8AAAB",
        "profile_text_color": "333333",
        "profile_use_background_image": true,
        "protected": false,
        "screen_name": "mediaslibres",
        "statuses_count": 111985,
        "time_zone": null,
        "translator_type": "none",
        "url": "http://mediaslibres.org",
        "utc_offset": null,
        "verified": false
    }
}
