{
    "contributors": null,
    "coordinates": null,
    "created_at": "Mon Jul 01 05:52:49 +0000 2019",
    "entities": {
        "hashtags": [],
        "symbols": [],
        "urls": [
            {
                "display_url": "twitter.com/i/web/status/1\u2026",
                "expanded_url": "https://twitter.com/i/web/status/1145570936420126720",
                "indices": [
                    117,
                    140
                ],
                "url": "https://t.co/Nrs8A8onFD"
            }
        ],
        "user_mentions": []
    },
    "favorite_count": 0,
    "favorited": false,
    "geo": null,
    "id": 1145570936420126720,
    "id_str": "1145570936420126720",
    "in_reply_to_screen_name": null,
    "in_reply_to_status_id": null,
    "in_reply_to_status_id_str": null,
    "in_reply_to_user_id": null,
    "in_reply_to_user_id_str": null,
    "is_quote_status": false,
    "lang": "en",
    "metadata": {
        "iso_language_code": "en",
        "result_type": "recent"
    },
    "place": null,
    "possibly_sensitive": false,
    "retweet_count": 0,
    "retweeted": false,
    "source": "<a href=\"http://twitter.com/#!/download/ipad\" rel=\"nofollow\">Twitter for iPad</a>",
    "text": "~ Plaka Estiatorio - our home away from home - closed tonight due to exhaustion. The  mayor declared it Plaka Day a\u2026 https://t.co/Nrs8A8onFD",
    "truncated": true,
    "user": {
        "contributors_enabled": false,
        "created_at": "Sun Jul 07 20:05:54 +0000 2013",
        "default_profile": true,
        "default_profile_image": false,
        "description": "",
        "entities": {
            "description": {
                "urls": []
            }
        },
        "favourites_count": 1156,
        "follow_request_sent": false,
        "followers_count": 21,
        "following": false,
        "friends_count": 36,
        "geo_enabled": false,
        "has_extended_profile": true,
        "id": 1575947918,
        "id_str": "1575947918",
        "is_translation_enabled": false,
        "is_translator": false,
        "lang": "en",
        "listed_count": 0,
        "location": "",
        "name": "Jaye D.",
        "notifications": false,
        "profile_background_color": "C0DEED",
        "profile_background_image_url": "http://abs.twimg.com/images/themes/theme1/bg.png",
        "profile_background_image_url_https": "https://abs.twimg.com/images/themes/theme1/bg.png",
        "profile_background_tile": false,
        "profile_image_url": "http://pbs.twimg.com/profile_images/527882010581155840/fcZhIXv5_normal.jpeg",
        "profile_image_url_https": "https://pbs.twimg.com/profile_images/527882010581155840/fcZhIXv5_normal.jpeg",
        "profile_link_color": "1DA1F2",
        "profile_sidebar_border_color": "C0DEED",
        "profile_sidebar_fill_color": "DDEEF6",
        "profile_text_color": "333333",
        "profile_use_background_image": true,
        "protected": false,
        "screen_name": "CestMoiJ",
        "statuses_count": 291,
        "time_zone": null,
        "translator_type": "none",
        "url": null,
        "utc_offset": null,
        "verified": false
    }
}
