{
    "contributors": null,
    "coordinates": {
        "coordinates": [
            23.52,
            38.13
        ],
        "type": "Point"
    },
    "created_at": "Thu Aug 01 13:49:03 +0000 2019",
    "entities": {
        "hashtags": [
            {
                "indices": [
                    5,
                    16
                ],
                "text": "earthquake"
            },
            {
                "indices": [
                    18,
                    26
                ],
                "text": "\u03c3\u03b5\u03b9\u03c3\u03bc\u03cc\u03c2"
            },
            {
                "indices": [
                    48,
                    55
                ],
                "text": "Athens"
            },
            {
                "indices": [
                    57,
                    64
                ],
                "text": "Greece"
            }
        ],
        "symbols": [],
        "urls": [
            {
                "display_url": "twitter.com/i/web/status/1\u2026",
                "expanded_url": "https://twitter.com/i/web/status/1156924806983536642",
                "indices": [
                    120,
                    143
                ],
                "url": "https://t.co/JiDtVTDO4v"
            }
        ],
        "user_mentions": []
    },
    "favorite_count": 1,
    "favorited": false,
    "geo": {
        "coordinates": [
            38.13,
            23.52
        ],
        "type": "Point"
    },
    "id": 1156924806983536642,
    "id_str": "1156924806983536642",
    "in_reply_to_screen_name": null,
    "in_reply_to_status_id": null,
    "in_reply_to_status_id_str": null,
    "in_reply_to_user_id": null,
    "in_reply_to_user_id_str": null,
    "is_quote_status": false,
    "lang": "en",
    "metadata": {
        "iso_language_code": "en",
        "result_type": "recent"
    },
    "place": {
        "attributes": {},
        "bounding_box": {
            "coordinates": [
                [
                    [
                        23.502309,
                        38.0666378
                    ],
                    [
                        23.547882,
                        38.0666378
                    ],
                    [
                        23.547882,
                        38.1364769
                    ],
                    [
                        23.502309,
                        38.1364769
                    ]
                ]
            ],
            "type": "Polygon"
        },
        "contained_within": [],
        "country": "Hellas",
        "country_code": "GR",
        "full_name": "Magoula, Greece",
        "id": "002133b841c5ccc6",
        "name": "Magoula",
        "place_type": "city",
        "url": "https://api.twitter.com/1.1/geo/id/002133b841c5ccc6.json"
    },
    "possibly_sensitive": false,
    "retweet_count": 0,
    "retweeted": false,
    "source": "<a href=\"http://www.emsc-csem.org/\" rel=\"nofollow\">EMSC Felt earthquakes</a>",
    "text": "M3.4 #earthquake (#\u03c3\u03b5\u03b9\u03c3\u03bc\u03cc\u03c2) strikes 24 km NW of #Athens (#Greece) 18 min ago. Read eyewitnesses' stories &amp; provide\u2026 https://t.co/JiDtVTDO4v",
    "truncated": true,
    "user": {
        "contributors_enabled": false,
        "created_at": "Fri Oct 15 20:25:28 +0000 2010",
        "default_profile": false,
        "default_profile_image": false,
        "description": "Independent Scientific Organization and provider of real-time earthquake info. Share information with us through our app :  https://t.co/AxO8bJddn5",
        "entities": {
            "description": {
                "urls": [
                    {
                        "display_url": "emsc-csem.org/service/applic\u2026",
                        "expanded_url": "http://www.emsc-csem.org/service/application/",
                        "indices": [
                            124,
                            147
                        ],
                        "url": "https://t.co/AxO8bJddn5"
                    }
                ]
            },
            "url": {
                "urls": [
                    {
                        "display_url": "emsc-csem.org",
                        "expanded_url": "http://www.emsc-csem.org",
                        "indices": [
                            0,
                            22
                        ],
                        "url": "http://t.co/14PnLw0TGr"
                    }
                ]
            }
        },
        "favourites_count": 5116,
        "follow_request_sent": false,
        "followers_count": 103501,
        "following": false,
        "friends_count": 400,
        "geo_enabled": true,
        "has_extended_profile": false,
        "id": 203226820,
        "id_str": "203226820",
        "is_translation_enabled": false,
        "is_translator": false,
        "lang": null,
        "listed_count": 1669,
        "location": "based in Paris, works globally",
        "name": "EMSC",
        "notifications": false,
        "profile_background_color": "050505",
        "profile_background_image_url": "http://abs.twimg.com/images/themes/theme1/bg.png",
        "profile_background_image_url_https": "https://abs.twimg.com/images/themes/theme1/bg.png",
        "profile_background_tile": false,
        "profile_banner_url": "https://pbs.twimg.com/profile_banners/203226820/1458131762",
        "profile_image_url": "http://pbs.twimg.com/profile_images/669532787897147392/hQM844QV_normal.png",
        "profile_image_url_https": "https://pbs.twimg.com/profile_images/669532787897147392/hQM844QV_normal.png",
        "profile_link_color": "0084B4",
        "profile_sidebar_border_color": "000000",
        "profile_sidebar_fill_color": "DDEEF6",
        "profile_text_color": "030303",
        "profile_use_background_image": true,
        "protected": false,
        "screen_name": "LastQuake",
        "statuses_count": 56930,
        "time_zone": null,
        "translator_type": "none",
        "url": "http://t.co/14PnLw0TGr",
        "utc_offset": null,
        "verified": true
    }
}
