{
    "contributors": null,
    "coordinates": null,
    "created_at": "Tue Jul 02 08:22:39 +0000 2019",
    "entities": {
        "hashtags": [
            {
                "indices": [
                    25,
                    32
                ],
                "text": "Athens"
            },
            {
                "indices": [
                    33,
                    51
                ],
                "text": "thesamerivertwice"
            },
            {
                "indices": [
                    52,
                    68
                ],
                "text": "rememberfashion"
            }
        ],
        "media": [
            {
                "display_url": "pic.twitter.com/SBJUlg3F5d",
                "expanded_url": "https://twitter.com/Remember_Shop/status/1145971029828939776/video/1",
                "id": 1145970786102124544,
                "id_str": "1145970786102124544",
                "indices": [
                    69,
                    92
                ],
                "media_url": "http://pbs.twimg.com/ext_tw_video_thumb/1145970786102124544/pu/img/PR97X3YWegulZRte.jpg",
                "media_url_https": "https://pbs.twimg.com/ext_tw_video_thumb/1145970786102124544/pu/img/PR97X3YWegulZRte.jpg",
                "sizes": {
                    "large": {
                        "h": 720,
                        "resize": "fit",
                        "w": 1280
                    },
                    "medium": {
                        "h": 675,
                        "resize": "fit",
                        "w": 1200
                    },
                    "small": {
                        "h": 383,
                        "resize": "fit",
                        "w": 680
                    },
                    "thumb": {
                        "h": 150,
                        "resize": "crop",
                        "w": 150
                    }
                },
                "type": "photo",
                "url": "https://t.co/SBJUlg3F5d"
            }
        ],
        "symbols": [],
        "urls": [],
        "user_mentions": [
            {
                "id": 75838070,
                "id_str": "75838070",
                "indices": [
                    8,
                    24
                ],
                "name": "The Benaki Museum",
                "screen_name": "TheBenakiMuseum"
            }
        ]
    },
    "extended_entities": {
        "media": [
            {
                "additional_media_info": {
                    "monetizable": false
                },
                "display_url": "pic.twitter.com/SBJUlg3F5d",
                "expanded_url": "https://twitter.com/Remember_Shop/status/1145971029828939776/video/1",
                "id": 1145970786102124544,
                "id_str": "1145970786102124544",
                "indices": [
                    69,
                    92
                ],
                "media_url": "http://pbs.twimg.com/ext_tw_video_thumb/1145970786102124544/pu/img/PR97X3YWegulZRte.jpg",
                "media_url_https": "https://pbs.twimg.com/ext_tw_video_thumb/1145970786102124544/pu/img/PR97X3YWegulZRte.jpg",
                "sizes": {
                    "large": {
                        "h": 720,
                        "resize": "fit",
                        "w": 1280
                    },
                    "medium": {
                        "h": 675,
                        "resize": "fit",
                        "w": 1200
                    },
                    "small": {
                        "h": 383,
                        "resize": "fit",
                        "w": 680
                    },
                    "thumb": {
                        "h": 150,
                        "resize": "crop",
                        "w": 150
                    }
                },
                "type": "video",
                "url": "https://t.co/SBJUlg3F5d",
                "video_info": {
                    "aspect_ratio": [
                        16,
                        9
                    ],
                    "duration_millis": 15000,
                    "variants": [
                        {
                            "content_type": "application/x-mpegURL",
                            "url": "https://video.twimg.com/ext_tw_video/1145970786102124544/pu/pl/cjupR69MSv7pg0Jx.m3u8?tag=10"
                        },
                        {
                            "bitrate": 832000,
                            "content_type": "video/mp4",
                            "url": "https://video.twimg.com/ext_tw_video/1145970786102124544/pu/vid/640x360/bfI8UGQupmuqojcv.mp4?tag=10"
                        },
                        {
                            "bitrate": 256000,
                            "content_type": "video/mp4",
                            "url": "https://video.twimg.com/ext_tw_video/1145970786102124544/pu/vid/480x270/I0tNJttbhHFChQG5.mp4?tag=10"
                        },
                        {
                            "bitrate": 2176000,
                            "content_type": "video/mp4",
                            "url": "https://video.twimg.com/ext_tw_video/1145970786102124544/pu/vid/1280x720/PyE088cjS19i7Pf3.mp4?tag=10"
                        }
                    ]
                }
            }
        ]
    },
    "favorite_count": 0,
    "favorited": false,
    "geo": null,
    "id": 1145971029828939776,
    "id_str": "1145971029828939776",
    "in_reply_to_screen_name": null,
    "in_reply_to_status_id": null,
    "in_reply_to_status_id_str": null,
    "in_reply_to_user_id": null,
    "in_reply_to_user_id_str": null,
    "is_quote_status": false,
    "lang": "en",
    "metadata": {
        "iso_language_code": "en",
        "result_type": "recent"
    },
    "place": null,
    "possibly_sensitive": false,
    "retweet_count": 0,
    "retweeted": false,
    "source": "<a href=\"http://twitter.com\" rel=\"nofollow\">Twitter Web Client</a>",
    "text": "Opening @TheBenakiMuseum #Athens #thesamerivertwice\n#rememberfashion https://t.co/SBJUlg3F5d",
    "truncated": false,
    "user": {
        "contributors_enabled": false,
        "created_at": "Thu Jan 09 13:48:38 +0000 2014",
        "default_profile": false,
        "default_profile_image": false,
        "description": "Minded 'dummies' from REMEMBER\r\nthe most unique fashion boutique in Athens.",
        "entities": {
            "description": {
                "urls": []
            },
            "url": {
                "urls": [
                    {
                        "display_url": "rememberfashion.gr",
                        "expanded_url": "http://www.rememberfashion.gr",
                        "indices": [
                            0,
                            22
                        ],
                        "url": "http://t.co/ciORzEAO0a"
                    }
                ]
            }
        },
        "favourites_count": 11,
        "follow_request_sent": false,
        "followers_count": 38,
        "following": false,
        "friends_count": 52,
        "geo_enabled": true,
        "has_extended_profile": false,
        "id": 2283606378,
        "id_str": "2283606378",
        "is_translation_enabled": false,
        "is_translator": false,
        "lang": "el",
        "listed_count": 1,
        "location": "Athens, Greece",
        "name": "Remember Fashion",
        "notifications": false,
        "profile_background_color": "C0DEED",
        "profile_background_image_url": "http://abs.twimg.com/images/themes/theme1/bg.png",
        "profile_background_image_url_https": "https://abs.twimg.com/images/themes/theme1/bg.png",
        "profile_background_tile": true,
        "profile_image_url": "http://pbs.twimg.com/profile_images/421341235425472512/DWKAJx64_normal.jpeg",
        "profile_image_url_https": "https://pbs.twimg.com/profile_images/421341235425472512/DWKAJx64_normal.jpeg",
        "profile_link_color": "422EC7",
        "profile_sidebar_border_color": "FFFFFF",
        "profile_sidebar_fill_color": "DDEEF6",
        "profile_text_color": "0084B4",
        "profile_use_background_image": false,
        "protected": false,
        "screen_name": "Remember_Shop",
        "statuses_count": 1091,
        "time_zone": null,
        "translator_type": "none",
        "url": "http://t.co/ciORzEAO0a",
        "utc_offset": null,
        "verified": false
    }
}
