{
    "contributors": null,
    "coordinates": null,
    "created_at": "Fri Apr 26 18:55:20 +0000 2019",
    "entities": {
        "hashtags": [],
        "media": [
            {
                "display_url": "pic.twitter.com/bDk7WWRCyA",
                "expanded_url": "https://twitter.com/timothy_stanley/status/1121850263818645504/video/1",
                "id": 1121850123682709506,
                "id_str": "1121850123682709506",
                "indices": [
                    51,
                    74
                ],
                "media_url": "http://pbs.twimg.com/ext_tw_video_thumb/1121850123682709506/pu/img/uoOaMGZr4-zEdaA-.jpg",
                "media_url_https": "https://pbs.twimg.com/ext_tw_video_thumb/1121850123682709506/pu/img/uoOaMGZr4-zEdaA-.jpg",
                "sizes": {
                    "large": {
                        "h": 1280,
                        "resize": "fit",
                        "w": 720
                    },
                    "medium": {
                        "h": 1200,
                        "resize": "fit",
                        "w": 675
                    },
                    "small": {
                        "h": 680,
                        "resize": "fit",
                        "w": 383
                    },
                    "thumb": {
                        "h": 150,
                        "resize": "crop",
                        "w": 150
                    }
                },
                "type": "photo",
                "url": "https://t.co/bDk7WWRCyA"
            }
        ],
        "symbols": [],
        "urls": [],
        "user_mentions": []
    },
    "extended_entities": {
        "media": [
            {
                "additional_media_info": {
                    "monetizable": false
                },
                "display_url": "pic.twitter.com/bDk7WWRCyA",
                "expanded_url": "https://twitter.com/timothy_stanley/status/1121850263818645504/video/1",
                "id": 1121850123682709506,
                "id_str": "1121850123682709506",
                "indices": [
                    51,
                    74
                ],
                "media_url": "http://pbs.twimg.com/ext_tw_video_thumb/1121850123682709506/pu/img/uoOaMGZr4-zEdaA-.jpg",
                "media_url_https": "https://pbs.twimg.com/ext_tw_video_thumb/1121850123682709506/pu/img/uoOaMGZr4-zEdaA-.jpg",
                "sizes": {
                    "large": {
                        "h": 1280,
                        "resize": "fit",
                        "w": 720
                    },
                    "medium": {
                        "h": 1200,
                        "resize": "fit",
                        "w": 675
                    },
                    "small": {
                        "h": 680,
                        "resize": "fit",
                        "w": 383
                    },
                    "thumb": {
                        "h": 150,
                        "resize": "crop",
                        "w": 150
                    }
                },
                "type": "video",
                "url": "https://t.co/bDk7WWRCyA",
                "video_info": {
                    "aspect_ratio": [
                        9,
                        16
                    ],
                    "duration_millis": 37862,
                    "variants": [
                        {
                            "content_type": "application/x-mpegURL",
                            "url": "https://video.twimg.com/ext_tw_video/1121850123682709506/pu/pl/swTSdxD5Z8kRW2nq.m3u8?tag=8"
                        },
                        {
                            "bitrate": 832000,
                            "content_type": "video/mp4",
                            "url": "https://video.twimg.com/ext_tw_video/1121850123682709506/pu/vid/360x640/nedZ20otAjwdp-09.mp4?tag=8"
                        },
                        {
                            "bitrate": 2176000,
                            "content_type": "video/mp4",
                            "url": "https://video.twimg.com/ext_tw_video/1121850123682709506/pu/vid/720x1280/4Xa3Tkeq6T39saoa.mp4?tag=8"
                        },
                        {
                            "bitrate": 632000,
                            "content_type": "video/mp4",
                            "url": "https://video.twimg.com/ext_tw_video/1121850123682709506/pu/vid/320x568/8GB2Yegp5jtO0FHO.mp4?tag=8"
                        }
                    ]
                }
            }
        ]
    },
    "favorite_count": 92,
    "favorited": false,
    "geo": null,
    "id": 1121850263818645504,
    "id_str": "1121850263818645504",
    "in_reply_to_screen_name": null,
    "in_reply_to_status_id": null,
    "in_reply_to_status_id_str": null,
    "in_reply_to_user_id": null,
    "in_reply_to_user_id_str": null,
    "is_quote_status": false,
    "lang": "en",
    "metadata": {
        "iso_language_code": "en",
        "result_type": "popular"
    },
    "place": null,
    "possibly_sensitive": false,
    "retweet_count": 17,
    "retweeted": false,
    "source": "<a href=\"http://twitter.com/download/iphone\" rel=\"nofollow\">Twitter for iPhone</a>",
    "text": "Orthodox Good Friday from Syntagma Square, Athens. https://t.co/bDk7WWRCyA",
    "truncated": false,
    "user": {
        "contributors_enabled": false,
        "created_at": "Sun Apr 17 18:14:14 +0000 2011",
        "default_profile": false,
        "default_profile_image": false,
        "description": "Historian, leader writer for Daily Telegraph, CNN opinion, contributing editor for Catholic Herald, Moral Maze, Thought for the Day. Views my own.",
        "entities": {
            "description": {
                "urls": []
            },
            "url": {
                "urls": [
                    {
                        "display_url": "telegraph.co.uk/authors/tim-st\u2026",
                        "expanded_url": "http://www.telegraph.co.uk/authors/tim-stanley/",
                        "indices": [
                            0,
                            23
                        ],
                        "url": "https://t.co/O42pJoDt5b"
                    }
                ]
            }
        },
        "favourites_count": 10796,
        "follow_request_sent": false,
        "followers_count": 46641,
        "following": false,
        "friends_count": 720,
        "geo_enabled": false,
        "has_extended_profile": false,
        "id": 283640557,
        "id_str": "283640557",
        "is_translation_enabled": false,
        "is_translator": false,
        "lang": "en",
        "listed_count": 1016,
        "location": "London/Washington DC",
        "name": "Tim Stanley",
        "notifications": false,
        "profile_background_color": "C0DEED",
        "profile_background_image_url": "http://abs.twimg.com/images/themes/theme1/bg.png",
        "profile_background_image_url_https": "https://abs.twimg.com/images/themes/theme1/bg.png",
        "profile_background_tile": true,
        "profile_banner_url": "https://pbs.twimg.com/profile_banners/283640557/1478006056",
        "profile_image_url": "http://pbs.twimg.com/profile_images/733059085613060096/rkyu7oCY_normal.jpg",
        "profile_image_url_https": "https://pbs.twimg.com/profile_images/733059085613060096/rkyu7oCY_normal.jpg",
        "profile_link_color": "0084B4",
        "profile_sidebar_border_color": "FFFFFF",
        "profile_sidebar_fill_color": "DDEEF6",
        "profile_text_color": "333333",
        "profile_use_background_image": true,
        "protected": false,
        "screen_name": "timothy_stanley",
        "statuses_count": 2085,
        "time_zone": null,
        "translator_type": "none",
        "url": "https://t.co/O42pJoDt5b",
        "utc_offset": null,
        "verified": true
    }
}
