{
    "contributors": null,
    "coordinates": null,
    "created_at": "Tue Jun 25 10:49:34 +0000 2019",
    "entities": {
        "hashtags": [],
        "symbols": [],
        "urls": [
            {
                "display_url": "twitter.com/i/web/status/1\u2026",
                "expanded_url": "https://twitter.com/i/web/status/1143471290327752705",
                "indices": [
                    117,
                    140
                ],
                "url": "https://t.co/rqXkAKPEJq"
            }
        ],
        "user_mentions": []
    },
    "favorite_count": 1,
    "favorited": false,
    "geo": null,
    "id": 1143471290327752705,
    "id_str": "1143471290327752705",
    "in_reply_to_screen_name": null,
    "in_reply_to_status_id": null,
    "in_reply_to_status_id_str": null,
    "in_reply_to_user_id": null,
    "in_reply_to_user_id_str": null,
    "is_quote_status": false,
    "lang": "en",
    "metadata": {
        "iso_language_code": "en",
        "result_type": "recent"
    },
    "place": null,
    "possibly_sensitive": false,
    "retweet_count": 1,
    "retweeted": false,
    "source": "<a href=\"http://twitter.com\" rel=\"nofollow\">Twitter Web Client</a>",
    "text": "\"Through narrow streets of cobbled stone\" ~ The Sound of Silence by Paul Simon\n(one of the songs we sang at the gar\u2026 https://t.co/rqXkAKPEJq",
    "truncated": true,
    "user": {
        "contributors_enabled": false,
        "created_at": "Mon Mar 12 14:38:53 +0000 2012",
        "default_profile": false,
        "default_profile_image": false,
        "description": "Photograph wild flowers in and around Athens, Greece. Sing in choirs. Interested in botany, astronomy and geology. Sci-Fi fan. Half Greek, half Welsh! Taken!",
        "entities": {
            "description": {
                "urls": []
            }
        },
        "favourites_count": 4850,
        "follow_request_sent": false,
        "followers_count": 1005,
        "following": false,
        "friends_count": 1220,
        "geo_enabled": false,
        "has_extended_profile": true,
        "id": 522303405,
        "id_str": "522303405",
        "is_translation_enabled": false,
        "is_translator": false,
        "lang": "en",
        "listed_count": 9,
        "location": "Athens, Greece",
        "name": "Nike Margaret Morgan",
        "notifications": false,
        "profile_background_color": "000000",
        "profile_background_image_url": "http://abs.twimg.com/images/themes/theme1/bg.png",
        "profile_background_image_url_https": "https://abs.twimg.com/images/themes/theme1/bg.png",
        "profile_background_tile": false,
        "profile_banner_url": "https://pbs.twimg.com/profile_banners/522303405/1491910587",
        "profile_image_url": "http://pbs.twimg.com/profile_images/851761049737064448/riUIszxU_normal.jpg",
        "profile_image_url_https": "https://pbs.twimg.com/profile_images/851761049737064448/riUIszxU_normal.jpg",
        "profile_link_color": "91D2FA",
        "profile_sidebar_border_color": "000000",
        "profile_sidebar_fill_color": "000000",
        "profile_text_color": "000000",
        "profile_use_background_image": false,
        "protected": false,
        "screen_name": "NikeMorgan",
        "statuses_count": 30352,
        "time_zone": null,
        "translator_type": "none",
        "url": null,
        "utc_offset": null,
        "verified": false
    }
}
