{
    "contributors": null,
    "coordinates": null,
    "created_at": "Sun Apr 28 15:44:34 +0000 2019",
    "entities": {
        "hashtags": [],
        "media": [
            {
                "display_url": "pic.twitter.com/mvmMrsrLWQ",
                "expanded_url": "https://twitter.com/MistressTissa/status/1122527030753542144/photo/1",
                "id": 1122526230597783552,
                "id_str": "1122526230597783552",
                "indices": [
                    68,
                    91
                ],
                "media_url": "http://pbs.twimg.com/media/D5QDqMnW0AAsDlT.jpg",
                "media_url_https": "https://pbs.twimg.com/media/D5QDqMnW0AAsDlT.jpg",
                "sizes": {
                    "large": {
                        "h": 1586,
                        "resize": "fit",
                        "w": 2048
                    },
                    "medium": {
                        "h": 929,
                        "resize": "fit",
                        "w": 1200
                    },
                    "small": {
                        "h": 527,
                        "resize": "fit",
                        "w": 680
                    },
                    "thumb": {
                        "h": 150,
                        "resize": "crop",
                        "w": 150
                    }
                },
                "type": "photo",
                "url": "https://t.co/mvmMrsrLWQ"
            }
        ],
        "symbols": [],
        "urls": [],
        "user_mentions": []
    },
    "extended_entities": {
        "media": [
            {
                "display_url": "pic.twitter.com/mvmMrsrLWQ",
                "expanded_url": "https://twitter.com/MistressTissa/status/1122527030753542144/photo/1",
                "id": 1122526230597783552,
                "id_str": "1122526230597783552",
                "indices": [
                    68,
                    91
                ],
                "media_url": "http://pbs.twimg.com/media/D5QDqMnW0AAsDlT.jpg",
                "media_url_https": "https://pbs.twimg.com/media/D5QDqMnW0AAsDlT.jpg",
                "sizes": {
                    "large": {
                        "h": 1586,
                        "resize": "fit",
                        "w": 2048
                    },
                    "medium": {
                        "h": 929,
                        "resize": "fit",
                        "w": 1200
                    },
                    "small": {
                        "h": 527,
                        "resize": "fit",
                        "w": 680
                    },
                    "thumb": {
                        "h": 150,
                        "resize": "crop",
                        "w": 150
                    }
                },
                "type": "photo",
                "url": "https://t.co/mvmMrsrLWQ"
            },
            {
                "display_url": "pic.twitter.com/mvmMrsrLWQ",
                "expanded_url": "https://twitter.com/MistressTissa/status/1122527030753542144/photo/1",
                "id": 1122526230602035202,
                "id_str": "1122526230602035202",
                "indices": [
                    68,
                    91
                ],
                "media_url": "http://pbs.twimg.com/media/D5QDqMoXsAIU-WC.jpg",
                "media_url_https": "https://pbs.twimg.com/media/D5QDqMoXsAIU-WC.jpg",
                "sizes": {
                    "large": {
                        "h": 1153,
                        "resize": "fit",
                        "w": 2048
                    },
                    "medium": {
                        "h": 676,
                        "resize": "fit",
                        "w": 1200
                    },
                    "small": {
                        "h": 383,
                        "resize": "fit",
                        "w": 680
                    },
                    "thumb": {
                        "h": 150,
                        "resize": "crop",
                        "w": 150
                    }
                },
                "type": "photo",
                "url": "https://t.co/mvmMrsrLWQ"
            },
            {
                "display_url": "pic.twitter.com/mvmMrsrLWQ",
                "expanded_url": "https://twitter.com/MistressTissa/status/1122527030753542144/photo/1",
                "id": 1122526230593642496,
                "id_str": "1122526230593642496",
                "indices": [
                    68,
                    91
                ],
                "media_url": "http://pbs.twimg.com/media/D5QDqMmXoAA3on2.jpg",
                "media_url_https": "https://pbs.twimg.com/media/D5QDqMmXoAA3on2.jpg",
                "sizes": {
                    "large": {
                        "h": 1209,
                        "resize": "fit",
                        "w": 2048
                    },
                    "medium": {
                        "h": 708,
                        "resize": "fit",
                        "w": 1200
                    },
                    "small": {
                        "h": 401,
                        "resize": "fit",
                        "w": 680
                    },
                    "thumb": {
                        "h": 150,
                        "resize": "crop",
                        "w": 150
                    }
                },
                "type": "photo",
                "url": "https://t.co/mvmMrsrLWQ"
            },
            {
                "display_url": "pic.twitter.com/mvmMrsrLWQ",
                "expanded_url": "https://twitter.com/MistressTissa/status/1122527030753542144/photo/1",
                "id": 1122526230589394946,
                "id_str": "1122526230589394946",
                "indices": [
                    68,
                    91
                ],
                "media_url": "http://pbs.twimg.com/media/D5QDqMlW0AIsvEy.jpg",
                "media_url_https": "https://pbs.twimg.com/media/D5QDqMlW0AIsvEy.jpg",
                "sizes": {
                    "large": {
                        "h": 1496,
                        "resize": "fit",
                        "w": 2048
                    },
                    "medium": {
                        "h": 877,
                        "resize": "fit",
                        "w": 1200
                    },
                    "small": {
                        "h": 497,
                        "resize": "fit",
                        "w": 680
                    },
                    "thumb": {
                        "h": 150,
                        "resize": "crop",
                        "w": 150
                    }
                },
                "type": "photo",
                "url": "https://t.co/mvmMrsrLWQ"
            }
        ]
    },
    "favorite_count": 15,
    "favorited": false,
    "geo": null,
    "id": 1122527030753542144,
    "id_str": "1122527030753542144",
    "in_reply_to_screen_name": null,
    "in_reply_to_status_id": null,
    "in_reply_to_status_id_str": null,
    "in_reply_to_user_id": null,
    "in_reply_to_user_id_str": null,
    "is_quote_status": false,
    "lang": "en",
    "metadata": {
        "iso_language_code": "en",
        "result_type": "recent"
    },
    "place": null,
    "possibly_sensitive": false,
    "retweet_count": 0,
    "retweeted": false,
    "source": "<a href=\"https://mobile.twitter.com\" rel=\"nofollow\">Twitter Web App</a>",
    "text": "Went shopping around Monastiraki Square. Here are some of my finds: https://t.co/mvmMrsrLWQ",
    "truncated": false,
    "user": {
        "contributors_enabled": false,
        "created_at": "Tue Jan 13 02:04:27 +0000 2015",
        "default_profile": false,
        "default_profile_image": false,
        "description": "Top-rated #Alpha #Dominatrix. BDSM #HighPriestess. Educator. Psycheanalyst. Gen-X Warrior. \ud83d\udeabLOCKED ACCTS=BLOCKEDhttps://wp.me/p5Qr7K-3by2 \ud83d\udeabBook thru site \u2b07\ufe0f",
        "entities": {
            "description": {
                "urls": []
            },
            "url": {
                "urls": [
                    {
                        "display_url": "mistresstissa.com",
                        "expanded_url": "http://www.mistresstissa.com",
                        "indices": [
                            0,
                            22
                        ],
                        "url": "http://t.co/zqiYTjSBpW"
                    }
                ]
            }
        },
        "favourites_count": 15085,
        "follow_request_sent": false,
        "followers_count": 5795,
        "following": false,
        "friends_count": 643,
        "geo_enabled": false,
        "has_extended_profile": true,
        "id": 2975733562,
        "id_str": "2975733562",
        "is_translation_enabled": false,
        "is_translator": false,
        "lang": "en",
        "listed_count": 47,
        "location": "Philadelphia, PA, USA",
        "name": "MISTRESS TISSA",
        "notifications": false,
        "profile_background_color": "000000",
        "profile_background_image_url": "http://abs.twimg.com/images/themes/theme1/bg.png",
        "profile_background_image_url_https": "https://abs.twimg.com/images/themes/theme1/bg.png",
        "profile_background_tile": false,
        "profile_banner_url": "https://pbs.twimg.com/profile_banners/2975733562/1546597062",
        "profile_image_url": "http://pbs.twimg.com/profile_images/1081134127313813505/yx95Dk2e_normal.jpg",
        "profile_image_url_https": "https://pbs.twimg.com/profile_images/1081134127313813505/yx95Dk2e_normal.jpg",
        "profile_link_color": "000000",
        "profile_sidebar_border_color": "000000",
        "profile_sidebar_fill_color": "000000",
        "profile_text_color": "000000",
        "profile_use_background_image": false,
        "protected": false,
        "screen_name": "MistressTissa",
        "statuses_count": 14948,
        "time_zone": null,
        "translator_type": "none",
        "url": "http://t.co/zqiYTjSBpW",
        "utc_offset": null,
        "verified": false
    }
}
