{
    "contributors": null,
    "coordinates": null,
    "created_at": "Tue Jun 25 13:12:16 +0000 2019",
    "entities": {
        "hashtags": [],
        "symbols": [],
        "urls": [],
        "user_mentions": [
            {
                "id": 2742411921,
                "id_str": "2742411921",
                "indices": [
                    3,
                    15
                ],
                "name": "Spartiatis\u03a3\u03c0\u03b1\u03c1\u03c4\u03b9\u03b1\u03c4\u03b7\u03c2",
                "screen_name": "KSpartiatis"
            }
        ]
    },
    "favorite_count": 0,
    "favorited": false,
    "geo": null,
    "id": 1143507201597857792,
    "id_str": "1143507201597857792",
    "in_reply_to_screen_name": null,
    "in_reply_to_status_id": null,
    "in_reply_to_status_id_str": null,
    "in_reply_to_user_id": null,
    "in_reply_to_user_id_str": null,
    "is_quote_status": false,
    "lang": "en",
    "metadata": {
        "iso_language_code": "en",
        "result_type": "recent"
    },
    "place": null,
    "retweet_count": 9,
    "retweeted": false,
    "retweeted_status": {
        "contributors": null,
        "coordinates": null,
        "created_at": "Mon Jun 24 16:50:40 +0000 2019",
        "entities": {
            "hashtags": [],
            "symbols": [],
            "urls": [
                {
                    "display_url": "twitter.com/i/web/status/1\u2026",
                    "expanded_url": "https://twitter.com/i/web/status/1143199775233323008",
                    "indices": [
                        117,
                        140
                    ],
                    "url": "https://t.co/JdR5Uj1npF"
                }
            ],
            "user_mentions": []
        },
        "favorite_count": 26,
        "favorited": false,
        "geo": null,
        "id": 1143199775233323008,
        "id_str": "1143199775233323008",
        "in_reply_to_screen_name": null,
        "in_reply_to_status_id": null,
        "in_reply_to_status_id_str": null,
        "in_reply_to_user_id": null,
        "in_reply_to_user_id_str": null,
        "is_quote_status": false,
        "lang": "en",
        "metadata": {
            "iso_language_code": "en",
            "result_type": "recent"
        },
        "place": null,
        "possibly_sensitive": false,
        "retweet_count": 9,
        "retweeted": false,
        "source": "<a href=\"http://twitter.com/download/android\" rel=\"nofollow\">Twitter for Android</a>",
        "text": "Greek inscription on marble tablet (from Mount Pentelikon, near Athens), 136 CE.\nLetter from Emperor Hadrian to the\u2026 https://t.co/JdR5Uj1npF",
        "truncated": true,
        "user": {
            "contributors_enabled": false,
            "created_at": "Thu Aug 14 06:54:38 +0000 2014",
            "default_profile": false,
            "default_profile_image": false,
            "description": "\u0395\u039a \u03a4\u0397\u03a3 \u039a\u039f\u039d\u0395\u03a9\u03a3 \u039c\u039f\u03a5 \u0391\u039d\u0391\u0393\u0395\u039d\u039d\u03a9\u039c\u0391\u0399,\n\u271d ICXC NIKA \u271d\n\u039c\u039f\u039b\u03a9\u039d \u039b\u0391\u0392\u0395, \n\u0391\u039c\u03a5\u039d\u0395\u03a3\u0398\u0391\u0399 \u03a0\u0395\u03a1\u0399 \u03a0\u0391\u03a4\u03a1\u0399\u03a3, \u03a0\u0391\u039d\u03a4\u039f\u03a4\u0395 \u0396\u0397\u03a4\u0395\u0399\u039d \u03a4\u0397\u039d \u0391\u039b\u0397\u0398\u0395\u0399\u0391\u039d,\nMacedonia is GREEK.....\u0397 \u039c\u03b1\u03ba\u03b5\u03b4\u03bf\u03bd\u03af\u03b1 \u03b5\u03af\u03bd\u03b1\u03b9 \u0395\u03bb\u03bb\u03b7\u03bd\u03b9\u03ba\u03ae.",
            "entities": {
                "description": {
                    "urls": []
                }
            },
            "favourites_count": 4867,
            "follow_request_sent": false,
            "followers_count": 803,
            "following": false,
            "friends_count": 91,
            "geo_enabled": false,
            "has_extended_profile": false,
            "id": 2742411921,
            "id_str": "2742411921",
            "is_translation_enabled": false,
            "is_translator": false,
            "lang": "en",
            "listed_count": 11,
            "location": "",
            "name": "Spartiatis\u03a3\u03c0\u03b1\u03c1\u03c4\u03b9\u03b1\u03c4\u03b7\u03c2",
            "notifications": false,
            "profile_background_color": "000000",
            "profile_background_image_url": "http://abs.twimg.com/images/themes/theme1/bg.png",
            "profile_background_image_url_https": "https://abs.twimg.com/images/themes/theme1/bg.png",
            "profile_background_tile": false,
            "profile_banner_url": "https://pbs.twimg.com/profile_banners/2742411921/1408079365",
            "profile_image_url": "http://pbs.twimg.com/profile_images/716793616270815233/sWsMBfh__normal.jpg",
            "profile_image_url_https": "https://pbs.twimg.com/profile_images/716793616270815233/sWsMBfh__normal.jpg",
            "profile_link_color": "0024B3",
            "profile_sidebar_border_color": "000000",
            "profile_sidebar_fill_color": "000000",
            "profile_text_color": "000000",
            "profile_use_background_image": false,
            "protected": false,
            "screen_name": "KSpartiatis",
            "statuses_count": 10732,
            "time_zone": null,
            "translator_type": "none",
            "url": null,
            "utc_offset": null,
            "verified": false
        }
    },
    "source": "<a href=\"https://www.civyla.io\" rel=\"nofollow\">Civyla</a>",
    "text": "RT @KSpartiatis: Greek inscription on marble tablet (from Mount Pentelikon, near Athens), 136 CE.\nLetter from Emperor Hadrian to the Common\u2026",
    "truncated": false,
    "user": {
        "contributors_enabled": false,
        "created_at": "Tue May 14 16:14:22 +0000 2019",
        "default_profile": true,
        "default_profile_image": false,
        "description": "more coming soon..",
        "entities": {
            "description": {
                "urls": []
            }
        },
        "favourites_count": 23,
        "follow_request_sent": false,
        "followers_count": 10,
        "following": false,
        "friends_count": 45,
        "geo_enabled": false,
        "has_extended_profile": true,
        "id": 1128332737071460352,
        "id_str": "1128332737071460352",
        "is_translation_enabled": false,
        "is_translator": false,
        "lang": "en",
        "listed_count": 1,
        "location": "International",
        "name": "civyla",
        "notifications": false,
        "profile_background_color": "F5F8FA",
        "profile_background_image_url": null,
        "profile_background_image_url_https": null,
        "profile_background_tile": false,
        "profile_banner_url": "https://pbs.twimg.com/profile_banners/1128332737071460352/1557852440",
        "profile_image_url": "http://pbs.twimg.com/profile_images/1142026731857035267/hPBPHus2_normal.jpg",
        "profile_image_url_https": "https://pbs.twimg.com/profile_images/1142026731857035267/hPBPHus2_normal.jpg",
        "profile_link_color": "1DA1F2",
        "profile_sidebar_border_color": "C0DEED",
        "profile_sidebar_fill_color": "DDEEF6",
        "profile_text_color": "333333",
        "profile_use_background_image": true,
        "protected": false,
        "screen_name": "civyla",
        "statuses_count": 287,
        "time_zone": null,
        "translator_type": "none",
        "url": null,
        "utc_offset": null,
        "verified": false
    }
}
