{
    "contributors": null,
    "coordinates": null,
    "created_at": "Thu Aug 01 14:11:09 +0000 2019",
    "entities": {
        "hashtags": [
            {
                "indices": [
                    42,
                    49
                ],
                "text": "Athens"
            },
            {
                "indices": [
                    71,
                    78
                ],
                "text": "Alexis"
            },
            {
                "indices": [
                    120,
                    131
                ],
                "text": "antireport"
            }
        ],
        "symbols": [],
        "urls": [],
        "user_mentions": [
            {
                "id": 298652581,
                "id_str": "298652581",
                "indices": [
                    3,
                    12
                ],
                "name": "Enough 14",
                "screen_name": "enough14"
            }
        ]
    },
    "favorite_count": 0,
    "favorited": false,
    "geo": null,
    "id": 1156930369427406848,
    "id_str": "1156930369427406848",
    "in_reply_to_screen_name": null,
    "in_reply_to_status_id": null,
    "in_reply_to_status_id_str": null,
    "in_reply_to_user_id": null,
    "in_reply_to_user_id_str": null,
    "is_quote_status": false,
    "lang": "en",
    "metadata": {
        "iso_language_code": "en",
        "result_type": "recent"
    },
    "place": null,
    "retweet_count": 111,
    "retweeted": false,
    "retweeted_status": {
        "contributors": null,
        "coordinates": null,
        "created_at": "Wed Jul 31 20:12:44 +0000 2019",
        "entities": {
            "hashtags": [
                {
                    "indices": [
                        28,
                        35
                    ],
                    "text": "Athens"
                },
                {
                    "indices": [
                        57,
                        64
                    ],
                    "text": "Alexis"
                }
            ],
            "symbols": [],
            "urls": [
                {
                    "display_url": "twitter.com/i/web/status/1\u2026",
                    "expanded_url": "https://twitter.com/i/web/status/1156658976139960327",
                    "indices": [
                        108,
                        131
                    ],
                    "url": "https://t.co/Oy00wVDHY0"
                }
            ],
            "user_mentions": []
        },
        "favorite_count": 88,
        "favorited": false,
        "geo": null,
        "id": 1156658976139960327,
        "id_str": "1156658976139960327",
        "in_reply_to_screen_name": null,
        "in_reply_to_status_id": null,
        "in_reply_to_status_id_str": null,
        "in_reply_to_user_id": null,
        "in_reply_to_user_id_str": null,
        "is_quote_status": false,
        "lang": "en",
        "metadata": {
            "iso_language_code": "en",
            "result_type": "recent"
        },
        "place": null,
        "possibly_sensitive": false,
        "retweet_count": 111,
        "retweeted": false,
        "source": "<a href=\"http://twitter.com/download/android\" rel=\"nofollow\">Twitter for Android</a>",
        "text": "Heavy clashes reported from #Athens. The cop that killed #Alexis was released from prison earlier today. #\u2026 https://t.co/Oy00wVDHY0",
        "truncated": true,
        "user": {
            "contributors_enabled": false,
            "created_at": "Sat May 14 17:57:25 +0000 2011",
            "default_profile": false,
            "default_profile_image": false,
            "description": "Its time to revolt!",
            "entities": {
                "description": {
                    "urls": []
                },
                "url": {
                    "urls": [
                        {
                            "display_url": "enoughisenough14.org",
                            "expanded_url": "https://enoughisenough14.org",
                            "indices": [
                                0,
                                23
                            ],
                            "url": "https://t.co/xV3QvhQ3R1"
                        }
                    ]
                }
            },
            "favourites_count": 7696,
            "follow_request_sent": false,
            "followers_count": 18169,
            "following": false,
            "friends_count": 1000,
            "geo_enabled": true,
            "has_extended_profile": false,
            "id": 298652581,
            "id_str": "298652581",
            "is_translation_enabled": false,
            "is_translator": false,
            "lang": null,
            "listed_count": 419,
            "location": "Planet Earth",
            "name": "Enough 14",
            "notifications": false,
            "profile_background_color": "000000",
            "profile_background_image_url": "http://abs.twimg.com/images/themes/theme1/bg.png",
            "profile_background_image_url_https": "https://abs.twimg.com/images/themes/theme1/bg.png",
            "profile_background_tile": true,
            "profile_banner_url": "https://pbs.twimg.com/profile_banners/298652581/1538545773",
            "profile_image_url": "http://pbs.twimg.com/profile_images/1047361937850421248/yWCml7l4_normal.jpg",
            "profile_image_url_https": "https://pbs.twimg.com/profile_images/1047361937850421248/yWCml7l4_normal.jpg",
            "profile_link_color": "FA0000",
            "profile_sidebar_border_color": "FFFFFF",
            "profile_sidebar_fill_color": "E0DCF5",
            "profile_text_color": "050505",
            "profile_use_background_image": true,
            "protected": false,
            "screen_name": "enough14",
            "statuses_count": 56970,
            "time_zone": null,
            "translator_type": "none",
            "url": "https://t.co/xV3QvhQ3R1",
            "utc_offset": null,
            "verified": false
        }
    },
    "source": "<a href=\"http://twitter.com/download/android\" rel=\"nofollow\">Twitter for Android</a>",
    "text": "RT @enough14: Heavy clashes reported from #Athens. The cop that killed #Alexis was released from prison earlier today. ##antireport https:/\u2026",
    "truncated": false,
    "user": {
        "contributors_enabled": false,
        "created_at": "Sat May 06 08:32:40 +0000 2017",
        "default_profile": false,
        "default_profile_image": false,
        "description": "Young and Useless",
        "entities": {
            "description": {
                "urls": []
            }
        },
        "favourites_count": 2681,
        "follow_request_sent": false,
        "followers_count": 1627,
        "following": false,
        "friends_count": 1688,
        "geo_enabled": true,
        "has_extended_profile": true,
        "id": 860774299589791744,
        "id_str": "860774299589791744",
        "is_translation_enabled": false,
        "is_translator": false,
        "lang": null,
        "listed_count": 0,
        "location": "Palembang, South Sumatera ID",
        "name": "Insubordination",
        "notifications": false,
        "profile_background_color": "000000",
        "profile_background_image_url": "http://abs.twimg.com/images/themes/theme1/bg.png",
        "profile_background_image_url_https": "https://abs.twimg.com/images/themes/theme1/bg.png",
        "profile_background_tile": false,
        "profile_banner_url": "https://pbs.twimg.com/profile_banners/860774299589791744/1560759825",
        "profile_image_url": "http://pbs.twimg.com/profile_images/1149789053920788480/q1zD1m2O_normal.jpg",
        "profile_image_url_https": "https://pbs.twimg.com/profile_images/1149789053920788480/q1zD1m2O_normal.jpg",
        "profile_link_color": "E81C4F",
        "profile_sidebar_border_color": "000000",
        "profile_sidebar_fill_color": "000000",
        "profile_text_color": "000000",
        "profile_use_background_image": false,
        "protected": false,
        "screen_name": "takeyourbelief",
        "statuses_count": 2239,
        "time_zone": null,
        "translator_type": "none",
        "url": null,
        "utc_offset": null,
        "verified": false
    }
}
