{
    "contributors": null,
    "coordinates": null,
    "created_at": "Sat Aug 17 06:30:25 +0000 2019",
    "entities": {
        "hashtags": [
            {
                "indices": [
                    97,
                    107
                ],
                "text": "paparazzi"
            },
            {
                "indices": [
                    108,
                    115
                ],
                "text": "psyrri"
            },
            {
                "indices": [
                    116,
                    123
                ],
                "text": "athens"
            },
            {
                "indices": [
                    124,
                    131
                ],
                "text": "greece"
            }
        ],
        "symbols": [],
        "urls": [],
        "user_mentions": [
            {
                "id": 834900403556925440,
                "id_str": "834900403556925440",
                "indices": [
                    3,
                    19
                ],
                "name": "La Molina Street Art",
                "screen_name": "MolinaStreetArt"
            }
        ]
    },
    "favorite_count": 0,
    "favorited": false,
    "geo": null,
    "id": 1162612627975147520,
    "id_str": "1162612627975147520",
    "in_reply_to_screen_name": null,
    "in_reply_to_status_id": null,
    "in_reply_to_status_id_str": null,
    "in_reply_to_user_id": null,
    "in_reply_to_user_id_str": null,
    "is_quote_status": false,
    "lang": "en",
    "metadata": {
        "iso_language_code": "en",
        "result_type": "recent"
    },
    "place": null,
    "retweet_count": 15,
    "retweeted": false,
    "retweeted_status": {
        "contributors": null,
        "coordinates": null,
        "created_at": "Thu Aug 15 05:08:59 +0000 2019",
        "entities": {
            "hashtags": [
                {
                    "indices": [
                        76,
                        86
                    ],
                    "text": "paparazzi"
                },
                {
                    "indices": [
                        87,
                        94
                    ],
                    "text": "psyrri"
                },
                {
                    "indices": [
                        95,
                        102
                    ],
                    "text": "athens"
                },
                {
                    "indices": [
                        103,
                        110
                    ],
                    "text": "greece"
                }
            ],
            "symbols": [],
            "urls": [
                {
                    "display_url": "twitter.com/i/web/status/1\u2026",
                    "expanded_url": "https://twitter.com/i/web/status/1161867360799793152",
                    "indices": [
                        112,
                        135
                    ],
                    "url": "https://t.co/5oMS1DaToS"
                }
            ],
            "user_mentions": []
        },
        "favorite_count": 56,
        "favorited": false,
        "geo": null,
        "id": 1161867360799793152,
        "id_str": "1161867360799793152",
        "in_reply_to_screen_name": null,
        "in_reply_to_status_id": null,
        "in_reply_to_status_id_str": null,
        "in_reply_to_user_id": null,
        "in_reply_to_user_id_str": null,
        "is_quote_status": false,
        "lang": "en",
        "metadata": {
            "iso_language_code": "en",
            "result_type": "recent"
        },
        "place": null,
        "possibly_sensitive": false,
        "retweet_count": 15,
        "retweeted": false,
        "source": "<a href=\"http://twitter.com/download/android\" rel=\"nofollow\">Twitter for Android</a>",
        "text": "'Musicians in Athens' by Cypriot artist Paparazzi in Athens, Greece (2017)\n\n#paparazzi #psyrri #athens #greece\u2026 https://t.co/5oMS1DaToS",
        "truncated": true,
        "user": {
            "contributors_enabled": false,
            "created_at": "Thu Feb 23 22:59:02 +0000 2017",
            "default_profile": false,
            "default_profile_image": false,
            "description": "#graffiti #urbanart #muralart #streetart #contemporaryart #mural #art #wallpainting #muralpainting #ajax\n\nCheck my Instagram!!\u261f",
            "entities": {
                "description": {
                    "urls": []
                },
                "url": {
                    "urls": [
                        {
                            "display_url": "instagram.com/lamolinastreet\u2026",
                            "expanded_url": "https://www.instagram.com/lamolinastreetart",
                            "indices": [
                                0,
                                23
                            ],
                            "url": "https://t.co/EkfJeFUaxF"
                        }
                    ]
                }
            },
            "favourites_count": 70699,
            "follow_request_sent": false,
            "followers_count": 5962,
            "following": false,
            "friends_count": 4496,
            "geo_enabled": false,
            "has_extended_profile": false,
            "id": 834900403556925440,
            "id_str": "834900403556925440",
            "is_translation_enabled": false,
            "is_translator": false,
            "lang": null,
            "listed_count": 80,
            "location": "Utrecht, Netherlands",
            "name": "La Molina Street Art",
            "notifications": false,
            "profile_background_color": "000000",
            "profile_background_image_url": "http://abs.twimg.com/images/themes/theme1/bg.png",
            "profile_background_image_url_https": "https://abs.twimg.com/images/themes/theme1/bg.png",
            "profile_background_tile": false,
            "profile_banner_url": "https://pbs.twimg.com/profile_banners/834900403556925440/1565825979",
            "profile_image_url": "http://pbs.twimg.com/profile_images/1053803866389729280/LoEVEHXT_normal.jpg",
            "profile_image_url_https": "https://pbs.twimg.com/profile_images/1053803866389729280/LoEVEHXT_normal.jpg",
            "profile_link_color": "91D2FA",
            "profile_sidebar_border_color": "000000",
            "profile_sidebar_fill_color": "000000",
            "profile_text_color": "000000",
            "profile_use_background_image": false,
            "protected": false,
            "screen_name": "MolinaStreetArt",
            "statuses_count": 50687,
            "time_zone": null,
            "translator_type": "none",
            "url": "https://t.co/EkfJeFUaxF",
            "utc_offset": null,
            "verified": false
        }
    },
    "source": "<a href=\"http://twitter.com/download/android\" rel=\"nofollow\">Twitter for Android</a>",
    "text": "RT @MolinaStreetArt: 'Musicians in Athens' by Cypriot artist Paparazzi in Athens, Greece (2017)\n\n#paparazzi #psyrri #athens #greece #athens\u2026",
    "truncated": false,
    "user": {
        "contributors_enabled": false,
        "created_at": "Thu Apr 09 14:55:51 +0000 2015",
        "default_profile": false,
        "default_profile_image": false,
        "description": "TravelPics \u00b7 RT's \u00b7 Tourism \u00b7 Vacation rentals",
        "entities": {
            "description": {
                "urls": []
            },
            "url": {
                "urls": [
                    {
                        "display_url": "flachshof-nettetal.de",
                        "expanded_url": "http://flachshof-nettetal.de/",
                        "indices": [
                            0,
                            23
                        ],
                        "url": "https://t.co/su2FzGi5Hy"
                    }
                ]
            }
        },
        "favourites_count": 20988,
        "follow_request_sent": false,
        "followers_count": 1226,
        "following": false,
        "friends_count": 4259,
        "geo_enabled": true,
        "has_extended_profile": true,
        "id": 3151926184,
        "id_str": "3151926184",
        "is_translation_enabled": false,
        "is_translator": false,
        "lang": null,
        "listed_count": 158,
        "location": "Nettetal, Germany",
        "name": "Take a Break \u00b7 Flachshof",
        "notifications": false,
        "profile_background_color": "000000",
        "profile_background_image_url": "http://abs.twimg.com/images/themes/theme1/bg.png",
        "profile_background_image_url_https": "https://abs.twimg.com/images/themes/theme1/bg.png",
        "profile_background_tile": false,
        "profile_banner_url": "https://pbs.twimg.com/profile_banners/3151926184/1542719485",
        "profile_image_url": "http://pbs.twimg.com/profile_images/1142841434120343557/K4p4SmgX_normal.png",
        "profile_image_url_https": "https://pbs.twimg.com/profile_images/1142841434120343557/K4p4SmgX_normal.png",
        "profile_link_color": "1B95E0",
        "profile_sidebar_border_color": "000000",
        "profile_sidebar_fill_color": "000000",
        "profile_text_color": "000000",
        "profile_use_background_image": false,
        "protected": false,
        "screen_name": "flachshof",
        "statuses_count": 13597,
        "time_zone": null,
        "translator_type": "none",
        "url": "https://t.co/su2FzGi5Hy",
        "utc_offset": null,
        "verified": false
    }
}
