{
    "contributors": null,
    "coordinates": null,
    "created_at": "Tue Jun 25 11:31:17 +0000 2019",
    "entities": {
        "hashtags": [],
        "symbols": [],
        "urls": [],
        "user_mentions": [
            {
                "id": 3267402523,
                "id_str": "3267402523",
                "indices": [
                    3,
                    13
                ],
                "name": "Niovi Santama",
                "screen_name": "n_santama"
            }
        ]
    },
    "favorite_count": 0,
    "favorited": false,
    "geo": null,
    "id": 1143481787856969728,
    "id_str": "1143481787856969728",
    "in_reply_to_screen_name": null,
    "in_reply_to_status_id": null,
    "in_reply_to_status_id_str": null,
    "in_reply_to_user_id": null,
    "in_reply_to_user_id_str": null,
    "is_quote_status": true,
    "lang": "en",
    "metadata": {
        "iso_language_code": "en",
        "result_type": "recent"
    },
    "place": null,
    "quoted_status_id": 1143441718009835520,
    "quoted_status_id_str": "1143441718009835520",
    "retweet_count": 3,
    "retweeted": false,
    "retweeted_status": {
        "contributors": null,
        "coordinates": null,
        "created_at": "Tue Jun 25 11:06:25 +0000 2019",
        "entities": {
            "hashtags": [],
            "symbols": [],
            "urls": [
                {
                    "display_url": "twitter.com/i/web/status/1\u2026",
                    "expanded_url": "https://twitter.com/i/web/status/1143475530597044224",
                    "indices": [
                        117,
                        140
                    ],
                    "url": "https://t.co/v8EwARM6Yx"
                }
            ],
            "user_mentions": []
        },
        "favorite_count": 9,
        "favorited": false,
        "geo": null,
        "id": 1143475530597044224,
        "id_str": "1143475530597044224",
        "in_reply_to_screen_name": null,
        "in_reply_to_status_id": null,
        "in_reply_to_status_id_str": null,
        "in_reply_to_user_id": null,
        "in_reply_to_user_id_str": null,
        "is_quote_status": true,
        "lang": "en",
        "metadata": {
            "iso_language_code": "en",
            "result_type": "recent"
        },
        "place": null,
        "possibly_sensitive": false,
        "quoted_status": {
            "contributors": null,
            "coordinates": null,
            "created_at": "Tue Jun 25 08:52:04 +0000 2019",
            "entities": {
                "hashtags": [],
                "media": [
                    {
                        "display_url": "pic.twitter.com/2uZstLU4v8",
                        "expanded_url": "https://twitter.com/tzoumio/status/1143441718009835520/photo/1",
                        "id": 1143441265666772992,
                        "id_str": "1143441265666772992",
                        "indices": [
                            43,
                            66
                        ],
                        "media_url": "http://pbs.twimg.com/media/D95Rxd2XUAAwVGm.jpg",
                        "media_url_https": "https://pbs.twimg.com/media/D95Rxd2XUAAwVGm.jpg",
                        "sizes": {
                            "large": {
                                "h": 960,
                                "resize": "fit",
                                "w": 960
                            },
                            "medium": {
                                "h": 960,
                                "resize": "fit",
                                "w": 960
                            },
                            "small": {
                                "h": 680,
                                "resize": "fit",
                                "w": 680
                            },
                            "thumb": {
                                "h": 150,
                                "resize": "crop",
                                "w": 150
                            }
                        },
                        "type": "photo",
                        "url": "https://t.co/2uZstLU4v8"
                    }
                ],
                "symbols": [],
                "urls": [],
                "user_mentions": []
            },
            "extended_entities": {
                "media": [
                    {
                        "display_url": "pic.twitter.com/2uZstLU4v8",
                        "expanded_url": "https://twitter.com/tzoumio/status/1143441718009835520/photo/1",
                        "id": 1143441265666772992,
                        "id_str": "1143441265666772992",
                        "indices": [
                            43,
                            66
                        ],
                        "media_url": "http://pbs.twimg.com/media/D95Rxd2XUAAwVGm.jpg",
                        "media_url_https": "https://pbs.twimg.com/media/D95Rxd2XUAAwVGm.jpg",
                        "sizes": {
                            "large": {
                                "h": 960,
                                "resize": "fit",
                                "w": 960
                            },
                            "medium": {
                                "h": 960,
                                "resize": "fit",
                                "w": 960
                            },
                            "small": {
                                "h": 680,
                                "resize": "fit",
                                "w": 680
                            },
                            "thumb": {
                                "h": 150,
                                "resize": "crop",
                                "w": 150
                            }
                        },
                        "type": "photo",
                        "url": "https://t.co/2uZstLU4v8"
                    }
                ]
            },
            "favorite_count": 74,
            "favorited": false,
            "geo": null,
            "id": 1143441718009835520,
            "id_str": "1143441718009835520",
            "in_reply_to_screen_name": null,
            "in_reply_to_status_id": null,
            "in_reply_to_status_id_str": null,
            "in_reply_to_user_id": null,
            "in_reply_to_user_id_str": null,
            "is_quote_status": false,
            "lang": "en",
            "metadata": {
                "iso_language_code": "en",
                "result_type": "recent"
            },
            "place": null,
            "possibly_sensitive": false,
            "retweet_count": 15,
            "retweeted": false,
            "source": "<a href=\"http://twitter.com\" rel=\"nofollow\">Twitter Web Client</a>",
            "text": "The temple of Apollo.Aegina island,Greece. https://t.co/2uZstLU4v8",
            "truncated": false,
            "user": {
                "contributors_enabled": false,
                "created_at": "Tue Feb 24 11:54:05 +0000 2015",
                "default_profile": true,
                "default_profile_image": false,
                "description": "",
                "entities": {
                    "description": {
                        "urls": []
                    }
                },
                "favourites_count": 2344,
                "follow_request_sent": false,
                "followers_count": 11560,
                "following": false,
                "friends_count": 91,
                "geo_enabled": false,
                "has_extended_profile": false,
                "id": 3058700361,
                "id_str": "3058700361",
                "is_translation_enabled": false,
                "is_translator": false,
                "lang": "el",
                "listed_count": 434,
                "location": "",
                "name": "Ioannis Tz",
                "notifications": false,
                "profile_background_color": "C0DEED",
                "profile_background_image_url": "http://abs.twimg.com/images/themes/theme1/bg.png",
                "profile_background_image_url_https": "https://abs.twimg.com/images/themes/theme1/bg.png",
                "profile_background_tile": false,
                "profile_banner_url": "https://pbs.twimg.com/profile_banners/3058700361/1449311319",
                "profile_image_url": "http://pbs.twimg.com/profile_images/587317388963622914/fZ9wX3LX_normal.jpg",
                "profile_image_url_https": "https://pbs.twimg.com/profile_images/587317388963622914/fZ9wX3LX_normal.jpg",
                "profile_link_color": "1DA1F2",
                "profile_sidebar_border_color": "C0DEED",
                "profile_sidebar_fill_color": "DDEEF6",
                "profile_text_color": "333333",
                "profile_use_background_image": true,
                "protected": false,
                "screen_name": "tzoumio",
                "statuses_count": 33864,
                "time_zone": null,
                "translator_type": "none",
                "url": null,
                "utc_offset": null,
                "verified": false
            }
        },
        "quoted_status_id": 1143441718009835520,
        "quoted_status_id_str": "1143441718009835520",
        "retweet_count": 3,
        "retweeted": false,
        "source": "<a href=\"http://twitter.com\" rel=\"nofollow\">Twitter Web Client</a>",
        "text": "Remnants of the Doric Temple of Apollo, torn down as pagan in the 4th cent. AD. Built in 520BC of porous Aegina san\u2026 https://t.co/v8EwARM6Yx",
        "truncated": true,
        "user": {
            "contributors_enabled": false,
            "created_at": "Fri Jul 03 19:06:43 +0000 2015",
            "default_profile": false,
            "default_profile_image": false,
            "description": "Molecular Biologist",
            "entities": {
                "description": {
                    "urls": []
                }
            },
            "favourites_count": 100370,
            "follow_request_sent": false,
            "followers_count": 4308,
            "following": false,
            "friends_count": 2601,
            "geo_enabled": true,
            "has_extended_profile": false,
            "id": 3267402523,
            "id_str": "3267402523",
            "is_translation_enabled": false,
            "is_translator": false,
            "lang": "en",
            "listed_count": 128,
            "location": "",
            "name": "Niovi Santama",
            "notifications": false,
            "profile_background_color": "C0DEED",
            "profile_background_image_url": "http://abs.twimg.com/images/themes/theme1/bg.png",
            "profile_background_image_url_https": "https://abs.twimg.com/images/themes/theme1/bg.png",
            "profile_background_tile": false,
            "profile_banner_url": "https://pbs.twimg.com/profile_banners/3267402523/1450017154",
            "profile_image_url": "http://pbs.twimg.com/profile_images/856915590316949505/lL6XKyzD_normal.jpg",
            "profile_image_url_https": "https://pbs.twimg.com/profile_images/856915590316949505/lL6XKyzD_normal.jpg",
            "profile_link_color": "0084B4",
            "profile_sidebar_border_color": "000000",
            "profile_sidebar_fill_color": "000000",
            "profile_text_color": "000000",
            "profile_use_background_image": true,
            "protected": false,
            "screen_name": "n_santama",
            "statuses_count": 54139,
            "time_zone": null,
            "translator_type": "none",
            "url": null,
            "utc_offset": null,
            "verified": false
        }
    },
    "source": "<a href=\"http://twitter.com\" rel=\"nofollow\">Twitter Web Client</a>",
    "text": "RT @n_santama: Remnants of the Doric Temple of Apollo, torn down as pagan in the 4th cent. AD. Built in 520BC of porous Aegina sandstone, i\u2026",
    "truncated": false,
    "user": {
        "contributors_enabled": false,
        "created_at": "Wed May 06 17:52:23 +0000 2015",
        "default_profile": false,
        "default_profile_image": false,
        "description": "\u03a0\u0391\u039a\u03a4\u03a9\u039c\u0395\u039d\u039f\u03a3 \u0395\u0398\u0395\u039b\u039f\u039d\u03a4\u0399\u039a\u039f\u03a3 \u03a0\u03a1\u039f\u0395\u039a\u039b\u039f\u0393\u0399\u039a\u039f\u03a3 \u0392\u039f\u0398\u03a1\u039f\u03a3 - \u0394\u0399\u0394\u0391\u039a\u03a4\u039f\u03a1\u0399\u039a\u039f \u03a3\u03a4\u039f\u039d \u0393\u039b\u03a5\u039a\u039f \u0395\u03a1\u03a9\u03a4\u0391 \u0394\u0399\u03a7\u03a9\u03a3 \u0391\u03a5\u03a1\u0399\u039f - \u039c\u0395 \u03a4\u039f\u03a5\u03a3 \u039b\u0391\u039d\u0399\u03a3\u03a4\u0395\u03a1",
        "entities": {
            "description": {
                "urls": []
            }
        },
        "favourites_count": 25206,
        "follow_request_sent": false,
        "followers_count": 3743,
        "following": false,
        "friends_count": 3690,
        "geo_enabled": false,
        "has_extended_profile": false,
        "id": 3239192129,
        "id_str": "3239192129",
        "is_translation_enabled": true,
        "is_translator": false,
        "lang": "el",
        "listed_count": 39,
        "location": "Hamura",
        "name": "\u2665\ufe0f\u03a7\u039f\u03a1\u03a3\u03a4 \u03a6\u039f\u03a5\u03a7\u03a3\u2665\ufe0f",
        "notifications": false,
        "profile_background_color": "000000",
        "profile_background_image_url": "http://abs.twimg.com/images/themes/theme10/bg.gif",
        "profile_background_image_url_https": "https://abs.twimg.com/images/themes/theme10/bg.gif",
        "profile_background_tile": false,
        "profile_banner_url": "https://pbs.twimg.com/profile_banners/3239192129/1450529691",
        "profile_image_url": "http://pbs.twimg.com/profile_images/1137710316949778434/mu5J1YhC_normal.png",
        "profile_image_url_https": "https://pbs.twimg.com/profile_images/1137710316949778434/mu5J1YhC_normal.png",
        "profile_link_color": "ABB8C2",
        "profile_sidebar_border_color": "000000",
        "profile_sidebar_fill_color": "000000",
        "profile_text_color": "000000",
        "profile_use_background_image": false,
        "protected": false,
        "screen_name": "KaRaFLoXaiTaS",
        "statuses_count": 47386,
        "time_zone": null,
        "translator_type": "none",
        "url": null,
        "utc_offset": null,
        "verified": false
    }
}
