{
    "contributors": null,
    "coordinates": null,
    "created_at": "Sun Jun 30 18:41:35 +0000 2019",
    "entities": {
        "hashtags": [],
        "symbols": [],
        "urls": [],
        "user_mentions": []
    },
    "favorite_count": 0,
    "favorited": false,
    "geo": null,
    "id": 1145402016744792064,
    "id_str": "1145402016744792064",
    "in_reply_to_screen_name": null,
    "in_reply_to_status_id": null,
    "in_reply_to_status_id_str": null,
    "in_reply_to_user_id": null,
    "in_reply_to_user_id_str": null,
    "is_quote_status": false,
    "lang": "en",
    "metadata": {
        "iso_language_code": "en",
        "result_type": "recent"
    },
    "place": null,
    "retweet_count": 0,
    "retweeted": false,
    "source": "<a href=\"http://twitter.com/download/android\" rel=\"nofollow\">Twitter for Android</a>",
    "text": "I will attend the historic Syntagma Syriza rally in spirit.",
    "truncated": false,
    "user": {
        "contributors_enabled": false,
        "created_at": "Tue Sep 25 02:27:24 +0000 2012",
        "default_profile": true,
        "default_profile_image": false,
        "description": "Live reports from Athens during events. Anarchist, post left. Greece is my home far away from home.",
        "entities": {
            "description": {
                "urls": []
            }
        },
        "favourites_count": 2428,
        "follow_request_sent": false,
        "followers_count": 784,
        "following": false,
        "friends_count": 81,
        "geo_enabled": true,
        "has_extended_profile": false,
        "id": 844717483,
        "id_str": "844717483",
        "is_translation_enabled": false,
        "is_translator": false,
        "lang": "en",
        "listed_count": 11,
        "location": "Exarcheia, Athens ",
        "name": "Exiled Arizona",
        "notifications": false,
        "profile_background_color": "C0DEED",
        "profile_background_image_url": "http://abs.twimg.com/images/themes/theme1/bg.png",
        "profile_background_image_url_https": "https://abs.twimg.com/images/themes/theme1/bg.png",
        "profile_background_tile": false,
        "profile_banner_url": "https://pbs.twimg.com/profile_banners/844717483/1554902466",
        "profile_image_url": "http://pbs.twimg.com/profile_images/553109308108308480/ps3Ckh06_normal.jpeg",
        "profile_image_url_https": "https://pbs.twimg.com/profile_images/553109308108308480/ps3Ckh06_normal.jpeg",
        "profile_link_color": "1DA1F2",
        "profile_sidebar_border_color": "C0DEED",
        "profile_sidebar_fill_color": "DDEEF6",
        "profile_text_color": "333333",
        "profile_use_background_image": true,
        "protected": false,
        "screen_name": "exiledarizona",
        "statuses_count": 5327,
        "time_zone": null,
        "translator_type": "none",
        "url": null,
        "utc_offset": null,
        "verified": false
    }
}
