{
    "contributors": null,
    "coordinates": null,
    "created_at": "Sat Aug 17 21:48:57 +0000 2019",
    "entities": {
        "hashtags": [
            {
                "indices": [
                    79,
                    96
                ],
                "text": "Exarcheia_Resist"
            }
        ],
        "symbols": [],
        "urls": [],
        "user_mentions": [
            {
                "id": 3186561623,
                "id_str": "3186561623",
                "indices": [
                    3,
                    15
                ],
                "name": "NoBorders",
                "screen_name": "Refugees_Gr"
            }
        ]
    },
    "favorite_count": 0,
    "favorited": false,
    "geo": null,
    "id": 1162843784352280577,
    "id_str": "1162843784352280577",
    "in_reply_to_screen_name": null,
    "in_reply_to_status_id": null,
    "in_reply_to_status_id_str": null,
    "in_reply_to_user_id": null,
    "in_reply_to_user_id_str": null,
    "is_quote_status": false,
    "lang": "en",
    "metadata": {
        "iso_language_code": "en",
        "result_type": "recent"
    },
    "place": null,
    "retweet_count": 34,
    "retweeted": false,
    "retweeted_status": {
        "contributors": null,
        "coordinates": null,
        "created_at": "Wed Aug 14 14:33:28 +0000 2019",
        "entities": {
            "hashtags": [
                {
                    "indices": [
                        62,
                        79
                    ],
                    "text": "Exarcheia_Resist"
                }
            ],
            "symbols": [],
            "urls": [
                {
                    "display_url": "twitter.com/i/web/status/1\u2026",
                    "expanded_url": "https://twitter.com/i/web/status/1161647026167324674",
                    "indices": [
                        117,
                        140
                    ],
                    "url": "https://t.co/XLObpvKdpl"
                }
            ],
            "user_mentions": []
        },
        "favorite_count": 40,
        "favorited": false,
        "geo": null,
        "id": 1161647026167324674,
        "id_str": "1161647026167324674",
        "in_reply_to_screen_name": null,
        "in_reply_to_status_id": null,
        "in_reply_to_status_id_str": null,
        "in_reply_to_user_id": null,
        "in_reply_to_user_id_str": null,
        "is_quote_status": false,
        "lang": "en",
        "metadata": {
            "iso_language_code": "en",
            "result_type": "recent"
        },
        "place": null,
        "possibly_sensitive": false,
        "retweet_count": 34,
        "retweeted": false,
        "source": "<a href=\"https://mobile.twitter.com\" rel=\"nofollow\">Twitter Web App</a>",
        "text": "Against state opression and gov eviction threats\n\nUse hashtag #Exarcheia_Resist , post updates and express solidari\u2026 https://t.co/XLObpvKdpl",
        "truncated": true,
        "user": {
            "contributors_enabled": false,
            "created_at": "Mon Apr 20 09:35:20 +0000 2015",
            "default_profile": false,
            "default_profile_image": false,
            "description": "Updates and Breaking news on human rights and refugees in Greece Hashtag : #RefugeesGr",
            "entities": {
                "description": {
                    "urls": []
                },
                "url": {
                    "urls": [
                        {
                            "display_url": "facebook.com/nobordersnetwo\u2026",
                            "expanded_url": "https://www.facebook.com/nobordersnetwork",
                            "indices": [
                                0,
                                23
                            ],
                            "url": "https://t.co/vBBapVbkld"
                        }
                    ]
                }
            },
            "favourites_count": 3410,
            "follow_request_sent": false,
            "followers_count": 12255,
            "following": false,
            "friends_count": 2856,
            "geo_enabled": true,
            "has_extended_profile": false,
            "id": 3186561623,
            "id_str": "3186561623",
            "is_translation_enabled": false,
            "is_translator": false,
            "lang": null,
            "listed_count": 295,
            "location": "Greece",
            "name": "NoBorders",
            "notifications": false,
            "profile_background_color": "000000",
            "profile_background_image_url": "http://abs.twimg.com/images/themes/theme1/bg.png",
            "profile_background_image_url_https": "https://abs.twimg.com/images/themes/theme1/bg.png",
            "profile_background_tile": false,
            "profile_banner_url": "https://pbs.twimg.com/profile_banners/3186561623/1482051962",
            "profile_image_url": "http://pbs.twimg.com/profile_images/1109096052857163777/NtCyAEP2_normal.jpg",
            "profile_image_url_https": "https://pbs.twimg.com/profile_images/1109096052857163777/NtCyAEP2_normal.jpg",
            "profile_link_color": "3B94D9",
            "profile_sidebar_border_color": "000000",
            "profile_sidebar_fill_color": "000000",
            "profile_text_color": "000000",
            "profile_use_background_image": false,
            "protected": false,
            "screen_name": "Refugees_Gr",
            "statuses_count": 16805,
            "time_zone": null,
            "translator_type": "none",
            "url": "https://t.co/vBBapVbkld",
            "utc_offset": null,
            "verified": false
        }
    },
    "source": "<a href=\"http://twitter.com/download/android\" rel=\"nofollow\">Twitter for Android</a>",
    "text": "RT @Refugees_Gr: Against state opression and gov eviction threats\n\nUse hashtag #Exarcheia_Resist , post updates and express solidarity with\u2026",
    "truncated": false,
    "user": {
        "contributors_enabled": false,
        "created_at": "Tue May 05 01:27:55 +0000 2009",
        "default_profile": true,
        "default_profile_image": false,
        "description": "Human being! I don't tolerate injustice,specially by myself.I try 2 not 4get that each coin has 2 sides!My personal myth is Mother Nature, freedom, justice!",
        "entities": {
            "description": {
                "urls": []
            }
        },
        "favourites_count": 17875,
        "follow_request_sent": false,
        "followers_count": 4546,
        "following": false,
        "friends_count": 4620,
        "geo_enabled": false,
        "has_extended_profile": false,
        "id": 37820726,
        "id_str": "37820726",
        "is_translation_enabled": false,
        "is_translator": false,
        "lang": null,
        "listed_count": 184,
        "location": "\u039c\u03b5\u03c4\u03b1\u03be\u03c5 3 \u03b7\u03c0\u03b5\u03b9\u03c1\u03c9\u03bd",
        "name": "Dyths Gr",
        "notifications": false,
        "profile_background_color": "C0DEED",
        "profile_background_image_url": "http://abs.twimg.com/images/themes/theme1/bg.png",
        "profile_background_image_url_https": "https://abs.twimg.com/images/themes/theme1/bg.png",
        "profile_background_tile": false,
        "profile_image_url": "http://pbs.twimg.com/profile_images/620166403514044416/3I77kRI8_normal.jpg",
        "profile_image_url_https": "https://pbs.twimg.com/profile_images/620166403514044416/3I77kRI8_normal.jpg",
        "profile_link_color": "1DA1F2",
        "profile_sidebar_border_color": "C0DEED",
        "profile_sidebar_fill_color": "DDEEF6",
        "profile_text_color": "333333",
        "profile_use_background_image": true,
        "protected": false,
        "screen_name": "Dyths",
        "statuses_count": 71813,
        "time_zone": null,
        "translator_type": "none",
        "url": null,
        "utc_offset": null,
        "verified": false
    }
}
