{
    "contributors": null,
    "coordinates": null,
    "created_at": "Mon Jul 01 16:29:38 +0000 2019",
    "entities": {
        "hashtags": [
            {
                "indices": [
                    101,
                    108
                ],
                "text": "Athens"
            }
        ],
        "symbols": [],
        "urls": [
            {
                "display_url": "twitter.com/i/web/status/1\u2026",
                "expanded_url": "https://twitter.com/i/web/status/1145731196204277761",
                "indices": [
                    110,
                    133
                ],
                "url": "https://t.co/l4TTX5Ms8k"
            }
        ],
        "user_mentions": []
    },
    "favorite_count": 3,
    "favorited": false,
    "geo": null,
    "id": 1145731196204277761,
    "id_str": "1145731196204277761",
    "in_reply_to_screen_name": null,
    "in_reply_to_status_id": null,
    "in_reply_to_status_id_str": null,
    "in_reply_to_user_id": null,
    "in_reply_to_user_id_str": null,
    "is_quote_status": false,
    "lang": "en",
    "metadata": {
        "iso_language_code": "en",
        "result_type": "recent"
    },
    "place": null,
    "possibly_sensitive": false,
    "retweet_count": 3,
    "retweeted": false,
    "source": "<a href=\"https://smarterqueue.com\" rel=\"nofollow\">SmarterQueue</a>",
    "text": "Visit the Ancient Theatre of Epidaurus each weekend in July for a world-class Greek tragedy or drama #Athens\u2026 https://t.co/l4TTX5Ms8k",
    "truncated": true,
    "user": {
        "contributors_enabled": false,
        "created_at": "Mon Jun 08 17:19:17 +0000 2015",
        "default_profile": false,
        "default_profile_image": false,
        "description": "Old World. New Beginnings. The ancient & modern worlds of Athens collide. We guide you through and tell the story",
        "entities": {
            "description": {
                "urls": []
            },
            "url": {
                "urls": [
                    {
                        "display_url": "whyathens.com",
                        "expanded_url": "http://whyathens.com",
                        "indices": [
                            0,
                            22
                        ],
                        "url": "http://t.co/PvrEz9lshY"
                    }
                ]
            }
        },
        "favourites_count": 35528,
        "follow_request_sent": false,
        "followers_count": 38207,
        "following": false,
        "friends_count": 27858,
        "geo_enabled": true,
        "has_extended_profile": false,
        "id": 3313561073,
        "id_str": "3313561073",
        "is_translation_enabled": false,
        "is_translator": false,
        "lang": "en",
        "listed_count": 552,
        "location": "Attiki, Greece",
        "name": "Why Athens",
        "notifications": false,
        "profile_background_color": "000000",
        "profile_background_image_url": "http://abs.twimg.com/images/themes/theme1/bg.png",
        "profile_background_image_url_https": "https://abs.twimg.com/images/themes/theme1/bg.png",
        "profile_background_tile": false,
        "profile_banner_url": "https://pbs.twimg.com/profile_banners/3313561073/1554759495",
        "profile_image_url": "http://pbs.twimg.com/profile_images/1115309178405494784/hcMEfdvI_normal.png",
        "profile_image_url_https": "https://pbs.twimg.com/profile_images/1115309178405494784/hcMEfdvI_normal.png",
        "profile_link_color": "3B94D9",
        "profile_sidebar_border_color": "000000",
        "profile_sidebar_fill_color": "000000",
        "profile_text_color": "000000",
        "profile_use_background_image": false,
        "protected": false,
        "screen_name": "WhyAthens",
        "statuses_count": 2812,
        "time_zone": null,
        "translator_type": "none",
        "url": "http://t.co/PvrEz9lshY",
        "utc_offset": null,
        "verified": false
    }
}
