{
    "contributors": null,
    "coordinates": null,
    "created_at": "Tue Jun 25 06:24:25 +0000 2019",
    "entities": {
        "hashtags": [
            {
                "indices": [
                    91,
                    100
                ],
                "text": "SethDrea"
            },
            {
                "indices": [
                    101,
                    128
                ],
                "text": "SETHDREAsaTubigFest2gether"
            }
        ],
        "symbols": [],
        "urls": [],
        "user_mentions": [
            {
                "id": 1133929300623626245,
                "id_str": "1133929300623626245",
                "indices": [
                    3,
                    16
                ],
                "name": "Yancy X Blythe",
                "screen_name": "SethDrea_OFC"
            },
            {
                "id": 598229632,
                "id_str": "598229632",
                "indices": [
                    62,
                    74
                ],
                "name": "\ud83c\udf3b Andrea Brillantes \ud83c\udf3b",
                "screen_name": "iamandrea_b"
            },
            {
                "id": 1061825552879837185,
                "id_str": "1061825552879837185",
                "indices": [
                    75,
                    89
                ],
                "name": "Seth Fedelin",
                "screen_name": "imsethfedelin"
            }
        ]
    },
    "favorite_count": 0,
    "favorited": false,
    "geo": null,
    "id": 1143404561236779008,
    "id_str": "1143404561236779008",
    "in_reply_to_screen_name": null,
    "in_reply_to_status_id": null,
    "in_reply_to_status_id_str": null,
    "in_reply_to_user_id": null,
    "in_reply_to_user_id_str": null,
    "is_quote_status": false,
    "lang": "en",
    "metadata": {
        "iso_language_code": "en",
        "result_type": "recent"
    },
    "place": null,
    "retweet_count": 9,
    "retweeted": false,
    "retweeted_status": {
        "contributors": null,
        "coordinates": null,
        "created_at": "Tue Jun 25 06:22:48 +0000 2019",
        "entities": {
            "hashtags": [
                {
                    "indices": [
                        73,
                        82
                    ],
                    "text": "SethDrea"
                },
                {
                    "indices": [
                        83,
                        110
                    ],
                    "text": "SETHDREAsaTubigFest2gether"
                }
            ],
            "symbols": [],
            "urls": [
                {
                    "display_url": "twitter.com/i/web/status/1\u2026",
                    "expanded_url": "https://twitter.com/i/web/status/1143404155546980352",
                    "indices": [
                        112,
                        135
                    ],
                    "url": "https://t.co/dCFV2vSg0j"
                }
            ],
            "user_mentions": [
                {
                    "id": 598229632,
                    "id_str": "598229632",
                    "indices": [
                        44,
                        56
                    ],
                    "name": "\ud83c\udf3b Andrea Brillantes \ud83c\udf3b",
                    "screen_name": "iamandrea_b"
                },
                {
                    "id": 1061825552879837185,
                    "id_str": "1061825552879837185",
                    "indices": [
                        57,
                        71
                    ],
                    "name": "Seth Fedelin",
                    "screen_name": "imsethfedelin"
                }
            ]
        },
        "favorite_count": 21,
        "favorited": false,
        "geo": null,
        "id": 1143404155546980352,
        "id_str": "1143404155546980352",
        "in_reply_to_screen_name": null,
        "in_reply_to_status_id": null,
        "in_reply_to_status_id_str": null,
        "in_reply_to_user_id": null,
        "in_reply_to_user_id_str": null,
        "is_quote_status": false,
        "lang": "en",
        "metadata": {
            "iso_language_code": "en",
            "result_type": "recent"
        },
        "place": null,
        "possibly_sensitive": false,
        "retweet_count": 9,
        "retweeted": false,
        "source": "<a href=\"http://twitter.com/download/iphone\" rel=\"nofollow\">Twitter for iPhone</a>",
        "text": "Our QUEEN and KING everyone. They slayed it @iamandrea_b @imsethfedelin  #SethDrea #SETHDREAsaTubigFest2gether\u2026 https://t.co/dCFV2vSg0j",
        "truncated": true,
        "user": {
            "contributors_enabled": false,
            "created_at": "Thu May 30 02:53:07 +0000 2019",
            "default_profile": true,
            "default_profile_image": false,
            "description": "For more Mikoy x Marga Updates just FOLLOW me We are here to support Seth Fedelin and Andrea Brillantes from KG (Noticed by Kyo Quijano: June 19,2019)",
            "entities": {
                "description": {
                    "urls": []
                }
            },
            "favourites_count": 340,
            "follow_request_sent": false,
            "followers_count": 48,
            "following": false,
            "friends_count": 26,
            "geo_enabled": false,
            "has_extended_profile": false,
            "id": 1133929300623626245,
            "id_str": "1133929300623626245",
            "is_translation_enabled": false,
            "is_translator": false,
            "lang": "en",
            "listed_count": 0,
            "location": "Chubby X Potchi",
            "name": "Yancy X Blythe",
            "notifications": false,
            "profile_background_color": "F5F8FA",
            "profile_background_image_url": null,
            "profile_background_image_url_https": null,
            "profile_background_tile": false,
            "profile_banner_url": "https://pbs.twimg.com/profile_banners/1133929300623626245/1560955213",
            "profile_image_url": "http://pbs.twimg.com/profile_images/1143130939746217984/3pcr1uy6_normal.jpg",
            "profile_image_url_https": "https://pbs.twimg.com/profile_images/1143130939746217984/3pcr1uy6_normal.jpg",
            "profile_link_color": "1DA1F2",
            "profile_sidebar_border_color": "C0DEED",
            "profile_sidebar_fill_color": "DDEEF6",
            "profile_text_color": "333333",
            "profile_use_background_image": true,
            "protected": false,
            "screen_name": "SethDrea_OFC",
            "statuses_count": 141,
            "time_zone": null,
            "translator_type": "none",
            "url": null,
            "utc_offset": null,
            "verified": false
        }
    },
    "source": "<a href=\"http://twitter.com/download/iphone\" rel=\"nofollow\">Twitter for iPhone</a>",
    "text": "RT @SethDrea_OFC: Our QUEEN and KING everyone. They slayed it @iamandrea_b @imsethfedelin  #SethDrea #SETHDREAsaTubigFest2gether #SETHDREAH\u2026",
    "truncated": false,
    "user": {
        "contributors_enabled": false,
        "created_at": "Thu Mar 21 11:41:40 +0000 2019",
        "default_profile": true,
        "default_profile_image": false,
        "description": "Seth Fedelin X Andrea B.",
        "entities": {
            "description": {
                "urls": []
            },
            "url": {
                "urls": [
                    {
                        "display_url": "m.youtube.com/channel/UCs6wE\u2026",
                        "expanded_url": "https://m.youtube.com/channel/UCs6wEUlXTK6dOw9L1N5xirA",
                        "indices": [
                            0,
                            23
                        ],
                        "url": "https://t.co/lp6q4Ov7xX"
                    }
                ]
            }
        },
        "favourites_count": 385,
        "follow_request_sent": false,
        "followers_count": 53,
        "following": false,
        "friends_count": 48,
        "geo_enabled": true,
        "has_extended_profile": false,
        "id": 1108695163059105792,
        "id_str": "1108695163059105792",
        "is_translation_enabled": false,
        "is_translator": false,
        "lang": "en",
        "listed_count": 0,
        "location": "SethDrea",
        "name": "\u24c1 \u24b6 \u24be \u24c3",
        "notifications": false,
        "profile_background_color": "F5F8FA",
        "profile_background_image_url": null,
        "profile_background_image_url_https": null,
        "profile_background_tile": false,
        "profile_banner_url": "https://pbs.twimg.com/profile_banners/1108695163059105792/1560711953",
        "profile_image_url": "http://pbs.twimg.com/profile_images/1140334808972722176/HkMXkGMS_normal.jpg",
        "profile_image_url_https": "https://pbs.twimg.com/profile_images/1140334808972722176/HkMXkGMS_normal.jpg",
        "profile_link_color": "1DA1F2",
        "profile_sidebar_border_color": "C0DEED",
        "profile_sidebar_fill_color": "DDEEF6",
        "profile_text_color": "333333",
        "profile_use_background_image": true,
        "protected": false,
        "screen_name": "_PLaKa_",
        "statuses_count": 227,
        "time_zone": null,
        "translator_type": "none",
        "url": "https://t.co/lp6q4Ov7xX",
        "utc_offset": null,
        "verified": false
    }
}
