{
    "contributors": null,
    "coordinates": null,
    "created_at": "Thu Aug 01 13:57:22 +0000 2019",
    "entities": {
        "hashtags": [
            {
                "indices": [
                    20,
                    31
                ],
                "text": "earthquake"
            },
            {
                "indices": [
                    33,
                    41
                ],
                "text": "\u03c3\u03b5\u03b9\u03c3\u03bc\u03cc\u03c2"
            },
            {
                "indices": [
                    63,
                    70
                ],
                "text": "Athens"
            },
            {
                "indices": [
                    72,
                    79
                ],
                "text": "Greece"
            }
        ],
        "symbols": [],
        "urls": [],
        "user_mentions": [
            {
                "id": 203226820,
                "id_str": "203226820",
                "indices": [
                    3,
                    13
                ],
                "name": "EMSC",
                "screen_name": "LastQuake"
            }
        ]
    },
    "favorite_count": 0,
    "favorited": false,
    "geo": null,
    "id": 1156926901774143488,
    "id_str": "1156926901774143488",
    "in_reply_to_screen_name": null,
    "in_reply_to_status_id": null,
    "in_reply_to_status_id_str": null,
    "in_reply_to_user_id": null,
    "in_reply_to_user_id_str": null,
    "is_quote_status": false,
    "lang": "en",
    "metadata": {
        "iso_language_code": "en",
        "result_type": "recent"
    },
    "place": null,
    "retweet_count": 4,
    "retweeted": false,
    "retweeted_status": {
        "contributors": null,
        "coordinates": {
            "coordinates": [
                23.52,
                38.13
            ],
            "type": "Point"
        },
        "created_at": "Thu Aug 01 13:51:03 +0000 2019",
        "entities": {
            "hashtags": [
                {
                    "indices": [
                        5,
                        16
                    ],
                    "text": "earthquake"
                },
                {
                    "indices": [
                        18,
                        26
                    ],
                    "text": "\u03c3\u03b5\u03b9\u03c3\u03bc\u03cc\u03c2"
                },
                {
                    "indices": [
                        48,
                        55
                    ],
                    "text": "Athens"
                },
                {
                    "indices": [
                        57,
                        64
                    ],
                    "text": "Greece"
                }
            ],
            "media": [
                {
                    "display_url": "pic.twitter.com/hpb76gkDfq",
                    "expanded_url": "https://twitter.com/LastQuake/status/1156925313269547009/photo/1",
                    "id": 1156925311604461568,
                    "id_str": "1156925311604461568",
                    "indices": [
                        106,
                        129
                    ],
                    "media_url": "http://pbs.twimg.com/media/EA45cPXXkAAKFqO.png",
                    "media_url_https": "https://pbs.twimg.com/media/EA45cPXXkAAKFqO.png",
                    "sizes": {
                        "large": {
                            "h": 631,
                            "resize": "fit",
                            "w": 602
                        },
                        "medium": {
                            "h": 631,
                            "resize": "fit",
                            "w": 602
                        },
                        "small": {
                            "h": 631,
                            "resize": "fit",
                            "w": 602
                        },
                        "thumb": {
                            "h": 150,
                            "resize": "crop",
                            "w": 150
                        }
                    },
                    "type": "photo",
                    "url": "https://t.co/hpb76gkDfq"
                }
            ],
            "symbols": [],
            "urls": [],
            "user_mentions": []
        },
        "extended_entities": {
            "media": [
                {
                    "display_url": "pic.twitter.com/hpb76gkDfq",
                    "expanded_url": "https://twitter.com/LastQuake/status/1156925313269547009/photo/1",
                    "id": 1156925311604461568,
                    "id_str": "1156925311604461568",
                    "indices": [
                        106,
                        129
                    ],
                    "media_url": "http://pbs.twimg.com/media/EA45cPXXkAAKFqO.png",
                    "media_url_https": "https://pbs.twimg.com/media/EA45cPXXkAAKFqO.png",
                    "sizes": {
                        "large": {
                            "h": 631,
                            "resize": "fit",
                            "w": 602
                        },
                        "medium": {
                            "h": 631,
                            "resize": "fit",
                            "w": 602
                        },
                        "small": {
                            "h": 631,
                            "resize": "fit",
                            "w": 602
                        },
                        "thumb": {
                            "h": 150,
                            "resize": "crop",
                            "w": 150
                        }
                    },
                    "type": "photo",
                    "url": "https://t.co/hpb76gkDfq"
                }
            ]
        },
        "favorite_count": 3,
        "favorited": false,
        "geo": {
            "coordinates": [
                38.13,
                23.52
            ],
            "type": "Point"
        },
        "id": 1156925313269547009,
        "id_str": "1156925313269547009",
        "in_reply_to_screen_name": null,
        "in_reply_to_status_id": null,
        "in_reply_to_status_id_str": null,
        "in_reply_to_user_id": null,
        "in_reply_to_user_id_str": null,
        "is_quote_status": false,
        "lang": "en",
        "metadata": {
            "iso_language_code": "en",
            "result_type": "recent"
        },
        "place": {
            "attributes": {},
            "bounding_box": {
                "coordinates": [
                    [
                        [
                            23.502309,
                            38.0666378
                        ],
                        [
                            23.547882,
                            38.0666378
                        ],
                        [
                            23.547882,
                            38.1364769
                        ],
                        [
                            23.502309,
                            38.1364769
                        ]
                    ]
                ],
                "type": "Polygon"
            },
            "contained_within": [],
            "country": "Hellas",
            "country_code": "GR",
            "full_name": "Magoula, Greece",
            "id": "002133b841c5ccc6",
            "name": "Magoula",
            "place_type": "city",
            "url": "https://api.twitter.com/1.1/geo/id/002133b841c5ccc6.json"
        },
        "possibly_sensitive": false,
        "retweet_count": 4,
        "retweeted": false,
        "source": "<a href=\"http://www.emsc-csem.org/\" rel=\"nofollow\">EMSC Felt earthquakes</a>",
        "text": "M3.4 #earthquake (#\u03c3\u03b5\u03b9\u03c3\u03bc\u03cc\u03c2) strikes 24 km NW of #Athens (#Greece) 20 min ago. Updated map of its effects: https://t.co/hpb76gkDfq",
        "truncated": false,
        "user": {
            "contributors_enabled": false,
            "created_at": "Fri Oct 15 20:25:28 +0000 2010",
            "default_profile": false,
            "default_profile_image": false,
            "description": "Independent Scientific Organization and provider of real-time earthquake info. Share information with us through our app :  https://t.co/AxO8bJddn5",
            "entities": {
                "description": {
                    "urls": [
                        {
                            "display_url": "emsc-csem.org/service/applic\u2026",
                            "expanded_url": "http://www.emsc-csem.org/service/application/",
                            "indices": [
                                124,
                                147
                            ],
                            "url": "https://t.co/AxO8bJddn5"
                        }
                    ]
                },
                "url": {
                    "urls": [
                        {
                            "display_url": "emsc-csem.org",
                            "expanded_url": "http://www.emsc-csem.org",
                            "indices": [
                                0,
                                22
                            ],
                            "url": "http://t.co/14PnLw0TGr"
                        }
                    ]
                }
            },
            "favourites_count": 5117,
            "follow_request_sent": false,
            "followers_count": 103501,
            "following": false,
            "friends_count": 400,
            "geo_enabled": true,
            "has_extended_profile": false,
            "id": 203226820,
            "id_str": "203226820",
            "is_translation_enabled": false,
            "is_translator": false,
            "lang": null,
            "listed_count": 1669,
            "location": "based in Paris, works globally",
            "name": "EMSC",
            "notifications": false,
            "profile_background_color": "050505",
            "profile_background_image_url": "http://abs.twimg.com/images/themes/theme1/bg.png",
            "profile_background_image_url_https": "https://abs.twimg.com/images/themes/theme1/bg.png",
            "profile_background_tile": false,
            "profile_banner_url": "https://pbs.twimg.com/profile_banners/203226820/1458131762",
            "profile_image_url": "http://pbs.twimg.com/profile_images/669532787897147392/hQM844QV_normal.png",
            "profile_image_url_https": "https://pbs.twimg.com/profile_images/669532787897147392/hQM844QV_normal.png",
            "profile_link_color": "0084B4",
            "profile_sidebar_border_color": "000000",
            "profile_sidebar_fill_color": "DDEEF6",
            "profile_text_color": "030303",
            "profile_use_background_image": true,
            "protected": false,
            "screen_name": "LastQuake",
            "statuses_count": 56933,
            "time_zone": null,
            "translator_type": "none",
            "url": "http://t.co/14PnLw0TGr",
            "utc_offset": null,
            "verified": true
        }
    },
    "source": "<a href=\"http://twitter.com/download/android\" rel=\"nofollow\">Twitter for Android</a>",
    "text": "RT @LastQuake: M3.4 #earthquake (#\u03c3\u03b5\u03b9\u03c3\u03bc\u03cc\u03c2) strikes 24 km NW of #Athens (#Greece) 20 min ago. Updated map of its effects: https://t.co/hpb76\u2026",
    "truncated": false,
    "user": {
        "contributors_enabled": false,
        "created_at": "Fri Nov 11 22:46:48 +0000 2011",
        "default_profile": false,
        "default_profile_image": false,
        "description": "\u0394\u03ae\u03bc\u03b7\u03c4\u03c1\u03b1.\n\n\u0391\u03bd \u03ba\u03ac\u03c4\u03b9 \u03bc\u03b5 \u03b1\u03c0\u03c9\u03b8\u03b5\u03af \u03b1\u03c0 \u03c4\u03bf\u03c5\u03c2 \u03b1\u03bd\u03b8\u03c1\u03ce\u03c0\u03bf\u03c5\u03c2 \u03b4\u03b5\u03bd \u03b5\u03af\u03bd\u03b1\u03b9 \u03ac\u03bb\u03bb\u03bf \u03b1\u03c0 \u03c4\u03b7\u03bd \u03b1\u03c3\u03ad\u03b2\u03b5\u03b9\u03b1 \u03c0\u03c1\u03bf\u03c2 \u03c4\u03b7\u03bd \u039f\u03c1\u03b8\u03bf\u03b4\u03bf\u03be\u03af\u03b1 \u03bc\u03b1\u03c2.(\u039c\u03c0\u03bb\u03bf\u03ba \u03c3\u03b5 \u03b1\u03b9\u03c1\u03b5\u03c4\u03b9\u03ba\u03bf\u03cd\u03c2, \u03b2\u03bb\u03b1\u03c3\u03c6\u03b7\u03bc\u03bf\u03c5\u03c2 & \u03bf\u03c3\u03bf\u03c5\u03c2 \u03c4\u03bf\u03c5\u03c2 \u03b1\u03c1\u03c4\u03b1\u03c1\u03bf\u03c5\u03bd).",
        "entities": {
            "description": {
                "urls": []
            },
            "url": {
                "urls": [
                    {
                        "display_url": "twitter.com/search?f=tweet\u2026",
                        "expanded_url": "https://twitter.com/search?f=tweets&q=from%3A%40tziritzatzoules%20exclude%3Areplies&src=typd",
                        "indices": [
                            0,
                            23
                        ],
                        "url": "https://t.co/v69pxUACDI"
                    }
                ]
            }
        },
        "favourites_count": 202820,
        "follow_request_sent": false,
        "followers_count": 5852,
        "following": false,
        "friends_count": 4311,
        "geo_enabled": false,
        "has_extended_profile": true,
        "id": 410304556,
        "id_str": "410304556",
        "is_translation_enabled": false,
        "is_translator": false,
        "lang": null,
        "listed_count": 50,
        "location": "Athens Greece \ud83c\uddec\ud83c\uddf7",
        "name": "Tziritzatzoules",
        "notifications": false,
        "profile_background_color": "F587AB",
        "profile_background_image_url": "http://abs.twimg.com/images/themes/theme11/bg.gif",
        "profile_background_image_url_https": "https://abs.twimg.com/images/themes/theme11/bg.gif",
        "profile_background_tile": true,
        "profile_banner_url": "https://pbs.twimg.com/profile_banners/410304556/1563202616",
        "profile_image_url": "http://pbs.twimg.com/profile_images/1134466765969350657/zwA-fl7v_normal.jpg",
        "profile_image_url_https": "https://pbs.twimg.com/profile_images/1134466765969350657/zwA-fl7v_normal.jpg",
        "profile_link_color": "1B95E0",
        "profile_sidebar_border_color": "CC3366",
        "profile_sidebar_fill_color": "E5507E",
        "profile_text_color": "362720",
        "profile_use_background_image": true,
        "protected": false,
        "screen_name": "tziritzatzoules",
        "statuses_count": 127146,
        "time_zone": null,
        "translator_type": "none",
        "url": "https://t.co/v69pxUACDI",
        "utc_offset": null,
        "verified": false
    }
}
