{
    "contributors": null,
    "coordinates": null,
    "created_at": "Wed Aug 21 12:28:00 +0000 2019",
    "entities": {
        "hashtags": [],
        "symbols": [],
        "urls": [],
        "user_mentions": [
            {
                "id": 984181354425397248,
                "id_str": "984181354425397248",
                "indices": [
                    3,
                    14
                ],
                "name": "ancient history \ud83c\udfdb\ufe0f",
                "screen_name": "ancientpix"
            }
        ]
    },
    "favorite_count": 0,
    "favorited": false,
    "geo": null,
    "id": 1164152166841561088,
    "id_str": "1164152166841561088",
    "in_reply_to_screen_name": null,
    "in_reply_to_status_id": null,
    "in_reply_to_status_id_str": null,
    "in_reply_to_user_id": null,
    "in_reply_to_user_id_str": null,
    "is_quote_status": false,
    "lang": "en",
    "metadata": {
        "iso_language_code": "en",
        "result_type": "recent"
    },
    "place": null,
    "retweet_count": 5,
    "retweeted": false,
    "retweeted_status": {
        "contributors": null,
        "coordinates": null,
        "created_at": "Wed Aug 21 09:47:08 +0000 2019",
        "entities": {
            "hashtags": [],
            "symbols": [],
            "urls": [
                {
                    "display_url": "twitter.com/i/web/status/1\u2026",
                    "expanded_url": "https://twitter.com/i/web/status/1164111684170067970",
                    "indices": [
                        117,
                        140
                    ],
                    "url": "https://t.co/K9jz2X1lyq"
                }
            ],
            "user_mentions": []
        },
        "favorite_count": 12,
        "favorited": false,
        "geo": null,
        "id": 1164111684170067970,
        "id_str": "1164111684170067970",
        "in_reply_to_screen_name": "ancientpix",
        "in_reply_to_status_id": 1084414653445361664,
        "in_reply_to_status_id_str": "1084414653445361664",
        "in_reply_to_user_id": 984181354425397248,
        "in_reply_to_user_id_str": "984181354425397248",
        "is_quote_status": false,
        "lang": "en",
        "metadata": {
            "iso_language_code": "en",
            "result_type": "recent"
        },
        "place": null,
        "possibly_sensitive": false,
        "retweet_count": 5,
        "retweeted": false,
        "source": "<a href=\"http://twitter.com/download/android\" rel=\"nofollow\">Twitter for Android</a>",
        "text": "Walking in the Pergamon Acropolis, is very tiring, because the city is found on a very steep hill. I think, ancient\u2026 https://t.co/K9jz2X1lyq",
        "truncated": true,
        "user": {
            "contributors_enabled": false,
            "created_at": "Wed Apr 11 21:28:14 +0000 2018",
            "default_profile": true,
            "default_profile_image": false,
            "description": "I take photos&videos in the ancient cities&museums on #history, archaeology, anthropology, paleontology. Admin: @cosmicdatabase (RT/Follow/Like\u2260agree)",
            "entities": {
                "description": {
                    "urls": []
                },
                "url": {
                    "urls": [
                        {
                            "display_url": "youtube.com/ancientpix",
                            "expanded_url": "https://youtube.com/ancientpix",
                            "indices": [
                                0,
                                23
                            ],
                            "url": "https://t.co/wmSVezyj3h"
                        }
                    ]
                }
            },
            "favourites_count": 733,
            "follow_request_sent": false,
            "followers_count": 15416,
            "following": false,
            "friends_count": 14447,
            "geo_enabled": true,
            "has_extended_profile": true,
            "id": 984181354425397248,
            "id_str": "984181354425397248",
            "is_translation_enabled": false,
            "is_translator": false,
            "lang": null,
            "listed_count": 206,
            "location": "",
            "name": "ancient history \ud83c\udfdb\ufe0f",
            "notifications": false,
            "profile_background_color": "F5F8FA",
            "profile_background_image_url": null,
            "profile_background_image_url_https": null,
            "profile_background_tile": false,
            "profile_banner_url": "https://pbs.twimg.com/profile_banners/984181354425397248/1523482334",
            "profile_image_url": "http://pbs.twimg.com/profile_images/1065877470715543552/-Nmm_7jE_normal.jpg",
            "profile_image_url_https": "https://pbs.twimg.com/profile_images/1065877470715543552/-Nmm_7jE_normal.jpg",
            "profile_link_color": "1DA1F2",
            "profile_sidebar_border_color": "C0DEED",
            "profile_sidebar_fill_color": "DDEEF6",
            "profile_text_color": "333333",
            "profile_use_background_image": true,
            "protected": false,
            "screen_name": "ancientpix",
            "statuses_count": 1362,
            "time_zone": null,
            "translator_type": "none",
            "url": "https://t.co/wmSVezyj3h",
            "utc_offset": null,
            "verified": false
        }
    },
    "source": "<a href=\"https://mobile.twitter.com\" rel=\"nofollow\">Twitter Web App</a>",
    "text": "RT @ancientpix: Walking in the Pergamon Acropolis, is very tiring, because the city is found on a very steep hill. I think, ancient pergamo\u2026",
    "truncated": false,
    "user": {
        "contributors_enabled": false,
        "created_at": "Wed Apr 15 12:44:06 +0000 2015",
        "default_profile": false,
        "default_profile_image": false,
        "description": "He is married with kids. His beard alone has experienced more that most men's entire bodies. He is allowed to talk about Fight Club. ADHD wrestler.",
        "entities": {
            "description": {
                "urls": []
            }
        },
        "favourites_count": 26757,
        "follow_request_sent": false,
        "followers_count": 453,
        "following": false,
        "friends_count": 427,
        "geo_enabled": false,
        "has_extended_profile": false,
        "id": 3169905249,
        "id_str": "3169905249",
        "is_translation_enabled": false,
        "is_translator": false,
        "lang": null,
        "listed_count": 14,
        "location": "Southeast, United States of America",
        "name": "Rick Spartan \u2668\ufe0f",
        "notifications": false,
        "profile_background_color": "000000",
        "profile_background_image_url": "http://abs.twimg.com/images/themes/theme1/bg.png",
        "profile_background_image_url_https": "https://abs.twimg.com/images/themes/theme1/bg.png",
        "profile_background_tile": false,
        "profile_banner_url": "https://pbs.twimg.com/profile_banners/3169905249/1553826781",
        "profile_image_url": "http://pbs.twimg.com/profile_images/1058946158142328833/Nr2F56Cm_normal.jpg",
        "profile_image_url_https": "https://pbs.twimg.com/profile_images/1058946158142328833/Nr2F56Cm_normal.jpg",
        "profile_link_color": "19CF86",
        "profile_sidebar_border_color": "000000",
        "profile_sidebar_fill_color": "000000",
        "profile_text_color": "000000",
        "profile_use_background_image": false,
        "protected": false,
        "screen_name": "trapmasterrick",
        "statuses_count": 25770,
        "time_zone": null,
        "translator_type": "none",
        "url": null,
        "utc_offset": null,
        "verified": false
    }
}
