{
    "contributors": null,
    "coordinates": null,
    "created_at": "Thu Jul 04 13:18:37 +0000 2019",
    "entities": {
        "hashtags": [
            {
                "indices": [
                    46,
                    53
                ],
                "text": "pirate"
            },
            {
                "indices": [
                    54,
                    61
                ],
                "text": "athens"
            },
            {
                "indices": [
                    62,
                    67
                ],
                "text": "wine"
            }
        ],
        "media": [
            {
                "display_url": "pic.twitter.com/7smvtuSF28",
                "expanded_url": "https://twitter.com/HappyRunner33/status/1146654392722087937/photo/1",
                "id": 1146654143815323653,
                "id_str": "1146654143815323653",
                "indices": [
                    68,
                    91
                ],
                "media_url": "http://pbs.twimg.com/media/D-m73lpXkAU9JyK.jpg",
                "media_url_https": "https://pbs.twimg.com/media/D-m73lpXkAU9JyK.jpg",
                "sizes": {
                    "large": {
                        "h": 1569,
                        "resize": "fit",
                        "w": 1569
                    },
                    "medium": {
                        "h": 1200,
                        "resize": "fit",
                        "w": 1200
                    },
                    "small": {
                        "h": 680,
                        "resize": "fit",
                        "w": 680
                    },
                    "thumb": {
                        "h": 150,
                        "resize": "crop",
                        "w": 150
                    }
                },
                "source_status_id": 1146654392722087937,
                "source_status_id_str": "1146654392722087937",
                "source_user_id": 694875011585146881,
                "source_user_id_str": "694875011585146881",
                "type": "photo",
                "url": "https://t.co/7smvtuSF28"
            }
        ],
        "symbols": [],
        "urls": [],
        "user_mentions": [
            {
                "id": 694875011585146881,
                "id_str": "694875011585146881",
                "indices": [
                    3,
                    17
                ],
                "name": "Angela Minnefield\ud83c\uddfa\ud83c\uddf8\ud83c\uddee\ud83c\uddf1",
                "screen_name": "HappyRunner33"
            }
        ]
    },
    "extended_entities": {
        "media": [
            {
                "display_url": "pic.twitter.com/7smvtuSF28",
                "expanded_url": "https://twitter.com/HappyRunner33/status/1146654392722087937/photo/1",
                "id": 1146654143815323653,
                "id_str": "1146654143815323653",
                "indices": [
                    68,
                    91
                ],
                "media_url": "http://pbs.twimg.com/media/D-m73lpXkAU9JyK.jpg",
                "media_url_https": "https://pbs.twimg.com/media/D-m73lpXkAU9JyK.jpg",
                "sizes": {
                    "large": {
                        "h": 1569,
                        "resize": "fit",
                        "w": 1569
                    },
                    "medium": {
                        "h": 1200,
                        "resize": "fit",
                        "w": 1200
                    },
                    "small": {
                        "h": 680,
                        "resize": "fit",
                        "w": 680
                    },
                    "thumb": {
                        "h": 150,
                        "resize": "crop",
                        "w": 150
                    }
                },
                "source_status_id": 1146654392722087937,
                "source_status_id_str": "1146654392722087937",
                "source_user_id": 694875011585146881,
                "source_user_id_str": "694875011585146881",
                "type": "photo",
                "url": "https://t.co/7smvtuSF28"
            }
        ]
    },
    "favorite_count": 0,
    "favorited": false,
    "geo": null,
    "id": 1146770290925551617,
    "id_str": "1146770290925551617",
    "in_reply_to_screen_name": null,
    "in_reply_to_status_id": null,
    "in_reply_to_status_id_str": null,
    "in_reply_to_user_id": null,
    "in_reply_to_user_id_str": null,
    "is_quote_status": false,
    "lang": "en",
    "metadata": {
        "iso_language_code": "en",
        "result_type": "recent"
    },
    "place": null,
    "possibly_sensitive": false,
    "retweet_count": 2,
    "retweeted": false,
    "retweeted_status": {
        "contributors": null,
        "coordinates": null,
        "created_at": "Thu Jul 04 05:38:05 +0000 2019",
        "entities": {
            "hashtags": [
                {
                    "indices": [
                        27,
                        34
                    ],
                    "text": "pirate"
                },
                {
                    "indices": [
                        35,
                        42
                    ],
                    "text": "athens"
                },
                {
                    "indices": [
                        43,
                        48
                    ],
                    "text": "wine"
                }
            ],
            "media": [
                {
                    "display_url": "pic.twitter.com/7smvtuSF28",
                    "expanded_url": "https://twitter.com/HappyRunner33/status/1146654392722087937/photo/1",
                    "id": 1146654143815323653,
                    "id_str": "1146654143815323653",
                    "indices": [
                        49,
                        72
                    ],
                    "media_url": "http://pbs.twimg.com/media/D-m73lpXkAU9JyK.jpg",
                    "media_url_https": "https://pbs.twimg.com/media/D-m73lpXkAU9JyK.jpg",
                    "sizes": {
                        "large": {
                            "h": 1569,
                            "resize": "fit",
                            "w": 1569
                        },
                        "medium": {
                            "h": 1200,
                            "resize": "fit",
                            "w": 1200
                        },
                        "small": {
                            "h": 680,
                            "resize": "fit",
                            "w": 680
                        },
                        "thumb": {
                            "h": 150,
                            "resize": "crop",
                            "w": 150
                        }
                    },
                    "type": "photo",
                    "url": "https://t.co/7smvtuSF28"
                }
            ],
            "symbols": [],
            "urls": [],
            "user_mentions": []
        },
        "extended_entities": {
            "media": [
                {
                    "display_url": "pic.twitter.com/7smvtuSF28",
                    "expanded_url": "https://twitter.com/HappyRunner33/status/1146654392722087937/photo/1",
                    "id": 1146654143815323653,
                    "id_str": "1146654143815323653",
                    "indices": [
                        49,
                        72
                    ],
                    "media_url": "http://pbs.twimg.com/media/D-m73lpXkAU9JyK.jpg",
                    "media_url_https": "https://pbs.twimg.com/media/D-m73lpXkAU9JyK.jpg",
                    "sizes": {
                        "large": {
                            "h": 1569,
                            "resize": "fit",
                            "w": 1569
                        },
                        "medium": {
                            "h": 1200,
                            "resize": "fit",
                            "w": 1200
                        },
                        "small": {
                            "h": 680,
                            "resize": "fit",
                            "w": 680
                        },
                        "thumb": {
                            "h": 150,
                            "resize": "crop",
                            "w": 150
                        }
                    },
                    "type": "photo",
                    "url": "https://t.co/7smvtuSF28"
                }
            ]
        },
        "favorite_count": 9,
        "favorited": false,
        "geo": null,
        "id": 1146654392722087937,
        "id_str": "1146654392722087937",
        "in_reply_to_screen_name": null,
        "in_reply_to_status_id": null,
        "in_reply_to_status_id_str": null,
        "in_reply_to_user_id": null,
        "in_reply_to_user_id_str": null,
        "is_quote_status": false,
        "lang": "en",
        "metadata": {
            "iso_language_code": "en",
            "result_type": "recent"
        },
        "place": null,
        "possibly_sensitive": false,
        "retweet_count": 2,
        "retweeted": false,
        "source": "<a href=\"http://twitter.com/download/android\" rel=\"nofollow\">Twitter for Android</a>",
        "text": "Had a great time with this #pirate #athens #wine https://t.co/7smvtuSF28",
        "truncated": false,
        "user": {
            "contributors_enabled": false,
            "created_at": "Wed Feb 03 13:28:07 +0000 2016",
            "default_profile": false,
            "default_profile_image": false,
            "description": "I \u2764\ufe0f #Jesus, #runner, #INEOS159, #chooselove,  #TravelBuff, #kindnessmatters #RememberingGeorgeMichael",
            "entities": {
                "description": {
                    "urls": []
                }
            },
            "favourites_count": 117353,
            "follow_request_sent": false,
            "followers_count": 792,
            "following": false,
            "friends_count": 108,
            "geo_enabled": true,
            "has_extended_profile": false,
            "id": 694875011585146881,
            "id_str": "694875011585146881",
            "is_translation_enabled": false,
            "is_translator": false,
            "lang": null,
            "listed_count": 19,
            "location": "Where I Hope You Are",
            "name": "Angela Minnefield\ud83c\uddfa\ud83c\uddf8\ud83c\uddee\ud83c\uddf1",
            "notifications": false,
            "profile_background_color": "000000",
            "profile_background_image_url": "http://abs.twimg.com/images/themes/theme1/bg.png",
            "profile_background_image_url_https": "https://abs.twimg.com/images/themes/theme1/bg.png",
            "profile_background_tile": false,
            "profile_banner_url": "https://pbs.twimg.com/profile_banners/694875011585146881/1487103621",
            "profile_image_url": "http://pbs.twimg.com/profile_images/844385719548350464/46tbw0uE_normal.jpg",
            "profile_image_url_https": "https://pbs.twimg.com/profile_images/844385719548350464/46tbw0uE_normal.jpg",
            "profile_link_color": "981CEB",
            "profile_sidebar_border_color": "000000",
            "profile_sidebar_fill_color": "000000",
            "profile_text_color": "000000",
            "profile_use_background_image": false,
            "protected": false,
            "screen_name": "HappyRunner33",
            "statuses_count": 37550,
            "time_zone": null,
            "translator_type": "none",
            "url": null,
            "utc_offset": null,
            "verified": false
        }
    },
    "source": "<a href=\"http://twitter.com/download/android\" rel=\"nofollow\">Twitter for Android</a>",
    "text": "RT @HappyRunner33: Had a great time with this #pirate #athens #wine https://t.co/7smvtuSF28",
    "truncated": false,
    "user": {
        "contributors_enabled": false,
        "created_at": "Sat Jan 14 04:55:42 +0000 2017",
        "default_profile": true,
        "default_profile_image": false,
        "description": "George Michael for ever.\ud83c\udf08\ud83d\udc9c\ud83c\udf1e\ud83c\udff3\ufe0f\u200d\ud83c\udf08/Paco de Lucia\ud83c\udf34Stevie Wonder, Elton John/flowers, animals \ud83d\udc08\ud83d\udc15/ Monet, \ud83c\udfa8 .  Born in Paris.",
        "entities": {
            "description": {
                "urls": []
            }
        },
        "favourites_count": 236764,
        "follow_request_sent": false,
        "followers_count": 2122,
        "following": false,
        "friends_count": 4979,
        "geo_enabled": true,
        "has_extended_profile": true,
        "id": 820132257302245376,
        "id_str": "820132257302245376",
        "is_translation_enabled": false,
        "is_translator": false,
        "lang": null,
        "listed_count": 11,
        "location": "Saint-Pour\u00e7ain-sur-Sioule, \ud83c\uddeb",
        "name": "cathy delacou. \ud83c\udf43\ud83c\udf38 cathuiscia",
        "notifications": false,
        "profile_background_color": "F5F8FA",
        "profile_background_image_url": null,
        "profile_background_image_url_https": null,
        "profile_background_tile": false,
        "profile_banner_url": "https://pbs.twimg.com/profile_banners/820132257302245376/1562161132",
        "profile_image_url": "http://pbs.twimg.com/profile_images/1143373229551247362/KTTsPdOO_normal.jpg",
        "profile_image_url_https": "https://pbs.twimg.com/profile_images/1143373229551247362/KTTsPdOO_normal.jpg",
        "profile_link_color": "1DA1F2",
        "profile_sidebar_border_color": "C0DEED",
        "profile_sidebar_fill_color": "DDEEF6",
        "profile_text_color": "333333",
        "profile_use_background_image": true,
        "protected": false,
        "screen_name": "CatherinePiech2",
        "statuses_count": 77439,
        "time_zone": null,
        "translator_type": "none",
        "url": null,
        "utc_offset": null,
        "verified": false
    }
}
