{
    "contributors": null,
    "coordinates": {
        "coordinates": [
            23.76119614,
            37.83954679
        ],
        "type": "Point"
    },
    "created_at": "Tue Jul 02 07:21:06 +0000 2019",
    "entities": {
        "hashtags": [
            {
                "indices": [
                    98,
                    111
                ],
                "text": "bewindsurfer"
            }
        ],
        "symbols": [],
        "urls": [
            {
                "display_url": "twitter.com/i/web/status/1\u2026",
                "expanded_url": "https://twitter.com/i/web/status/1145955541249908743",
                "indices": [
                    113,
                    136
                ],
                "url": "https://t.co/ffGUfXxpnG"
            }
        ],
        "user_mentions": []
    },
    "favorite_count": 0,
    "favorited": false,
    "geo": {
        "coordinates": [
            37.83954679,
            23.76119614
        ],
        "type": "Point"
    },
    "id": 1145955541249908743,
    "id_str": "1145955541249908743",
    "in_reply_to_screen_name": null,
    "in_reply_to_status_id": null,
    "in_reply_to_status_id_str": null,
    "in_reply_to_user_id": null,
    "in_reply_to_user_id_str": null,
    "is_quote_status": false,
    "lang": "en",
    "metadata": {
        "iso_language_code": "en",
        "result_type": "recent"
    },
    "place": {
        "attributes": {},
        "bounding_box": {
            "coordinates": [
                [
                    [
                        23.7312003,
                        37.8249329
                    ],
                    [
                        23.7959352,
                        37.8249329
                    ],
                    [
                        23.7959352,
                        37.8730361
                    ],
                    [
                        23.7312003,
                        37.8730361
                    ]
                ]
            ],
            "type": "Polygon"
        },
        "contained_within": [],
        "country": "Hellas",
        "country_code": "GR",
        "full_name": "Voula, Greece",
        "id": "017461e511a75db3",
        "name": "Voula",
        "place_type": "city",
        "url": "https://api.twitter.com/1.1/geo/id/017461e511a75db3.json"
    },
    "possibly_sensitive": false,
    "retweet_count": 0,
    "retweeted": false,
    "source": "<a href=\"http://instagram.com\" rel=\"nofollow\">Instagram</a>",
    "text": "\u201cLife is short ...Smile while you still have teeth ...\u201d\n~Windsurfer\u2019s portrait 4/6~\n\u2022\u2022\u2022\u2022\n\u2022\u2022\u2022\n\u2022\u2022\n\u2022\n#bewindsurfer\u2026 https://t.co/ffGUfXxpnG",
    "truncated": true,
    "user": {
        "contributors_enabled": false,
        "created_at": "Mon Nov 12 11:04:18 +0000 2012",
        "default_profile": true,
        "default_profile_image": false,
        "description": "BeWndsurfer School offers windsurfing classes to beginners & advanced level windsurfers..!",
        "entities": {
            "description": {
                "urls": []
            },
            "url": {
                "urls": [
                    {
                        "display_url": "bewindsurfer.com",
                        "expanded_url": "http://www.bewindsurfer.com",
                        "indices": [
                            0,
                            20
                        ],
                        "url": "http://t.co/XNhlveig"
                    }
                ]
            }
        },
        "favourites_count": 5,
        "follow_request_sent": false,
        "followers_count": 100,
        "following": false,
        "friends_count": 165,
        "geo_enabled": true,
        "has_extended_profile": false,
        "id": 943296109,
        "id_str": "943296109",
        "is_translation_enabled": false,
        "is_translator": false,
        "lang": "el",
        "listed_count": 0,
        "location": "\u039b\u03b5\u03c9\u03c6 \u039a. \u039a\u03b1\u03c1\u03b1\u03bc\u03b1\u03bd\u03bb\u03ae 12 \u0392\u03bf\u03cd\u03bb\u03b1",
        "name": "BeWindsurfer",
        "notifications": false,
        "profile_background_color": "C0DEED",
        "profile_background_image_url": "http://abs.twimg.com/images/themes/theme1/bg.png",
        "profile_background_image_url_https": "https://abs.twimg.com/images/themes/theme1/bg.png",
        "profile_background_tile": false,
        "profile_banner_url": "https://pbs.twimg.com/profile_banners/943296109/1353335614",
        "profile_image_url": "http://pbs.twimg.com/profile_images/2927116407/dddabdb58ff24254ff8774d88a824772_normal.jpeg",
        "profile_image_url_https": "https://pbs.twimg.com/profile_images/2927116407/dddabdb58ff24254ff8774d88a824772_normal.jpeg",
        "profile_link_color": "1DA1F2",
        "profile_sidebar_border_color": "C0DEED",
        "profile_sidebar_fill_color": "DDEEF6",
        "profile_text_color": "333333",
        "profile_use_background_image": true,
        "protected": false,
        "screen_name": "bewindsurfer",
        "statuses_count": 873,
        "time_zone": null,
        "translator_type": "none",
        "url": "http://t.co/XNhlveig",
        "utc_offset": null,
        "verified": false
    }
}
