{
    "contributors": null,
    "coordinates": null,
    "created_at": "Mon Jul 01 13:07:44 +0000 2019",
    "entities": {
        "hashtags": [
            {
                "indices": [
                    101,
                    108
                ],
                "text": "Athens"
            },
            {
                "indices": [
                    109,
                    116
                ],
                "text": "Greece"
            },
            {
                "indices": [
                    117,
                    122
                ],
                "text": "ttot"
            },
            {
                "indices": [
                    123,
                    134
                ],
                "text": "traveltips"
            }
        ],
        "symbols": [],
        "urls": [],
        "user_mentions": [
            {
                "id": 3313561073,
                "id_str": "3313561073",
                "indices": [
                    3,
                    13
                ],
                "name": "Why Athens",
                "screen_name": "WhyAthens"
            }
        ]
    },
    "favorite_count": 0,
    "favorited": false,
    "geo": null,
    "id": 1145680388179877889,
    "id_str": "1145680388179877889",
    "in_reply_to_screen_name": null,
    "in_reply_to_status_id": null,
    "in_reply_to_status_id_str": null,
    "in_reply_to_user_id": null,
    "in_reply_to_user_id_str": null,
    "is_quote_status": false,
    "lang": "en",
    "metadata": {
        "iso_language_code": "en",
        "result_type": "recent"
    },
    "place": null,
    "retweet_count": 6,
    "retweeted": false,
    "retweeted_status": {
        "contributors": null,
        "coordinates": null,
        "created_at": "Mon Jul 01 06:45:12 +0000 2019",
        "entities": {
            "hashtags": [
                {
                    "indices": [
                        86,
                        93
                    ],
                    "text": "Athens"
                },
                {
                    "indices": [
                        94,
                        101
                    ],
                    "text": "Greece"
                },
                {
                    "indices": [
                        102,
                        107
                    ],
                    "text": "ttot"
                }
            ],
            "symbols": [],
            "urls": [
                {
                    "display_url": "twitter.com/i/web/status/1\u2026",
                    "expanded_url": "https://twitter.com/i/web/status/1145584118840877056",
                    "indices": [
                        109,
                        132
                    ],
                    "url": "https://t.co/YxSJCKLfGx"
                }
            ],
            "user_mentions": []
        },
        "favorite_count": 30,
        "favorited": false,
        "geo": null,
        "id": 1145584118840877056,
        "id_str": "1145584118840877056",
        "in_reply_to_screen_name": null,
        "in_reply_to_status_id": null,
        "in_reply_to_status_id_str": null,
        "in_reply_to_user_id": null,
        "in_reply_to_user_id_str": null,
        "is_quote_status": false,
        "lang": "en",
        "metadata": {
            "iso_language_code": "en",
            "result_type": "recent"
        },
        "place": null,
        "possibly_sensitive": false,
        "retweet_count": 6,
        "retweeted": false,
        "source": "<a href=\"https://smarterqueue.com\" rel=\"nofollow\">SmarterQueue</a>",
        "text": "Kalo Mina and Kalimera from Vouliagmeni. Wishing everyone a wonderful month for July. #Athens #Greece #ttot\u2026 https://t.co/YxSJCKLfGx",
        "truncated": true,
        "user": {
            "contributors_enabled": false,
            "created_at": "Mon Jun 08 17:19:17 +0000 2015",
            "default_profile": false,
            "default_profile_image": false,
            "description": "Old World. New Beginnings. The ancient & modern worlds of Athens collide. We guide you through and tell the story",
            "entities": {
                "description": {
                    "urls": []
                },
                "url": {
                    "urls": [
                        {
                            "display_url": "whyathens.com",
                            "expanded_url": "http://whyathens.com",
                            "indices": [
                                0,
                                22
                            ],
                            "url": "http://t.co/PvrEz9lshY"
                        }
                    ]
                }
            },
            "favourites_count": 35527,
            "follow_request_sent": false,
            "followers_count": 38212,
            "following": false,
            "friends_count": 27858,
            "geo_enabled": true,
            "has_extended_profile": false,
            "id": 3313561073,
            "id_str": "3313561073",
            "is_translation_enabled": false,
            "is_translator": false,
            "lang": "en",
            "listed_count": 552,
            "location": "Attiki, Greece",
            "name": "Why Athens",
            "notifications": false,
            "profile_background_color": "000000",
            "profile_background_image_url": "http://abs.twimg.com/images/themes/theme1/bg.png",
            "profile_background_image_url_https": "https://abs.twimg.com/images/themes/theme1/bg.png",
            "profile_background_tile": false,
            "profile_banner_url": "https://pbs.twimg.com/profile_banners/3313561073/1554759495",
            "profile_image_url": "http://pbs.twimg.com/profile_images/1115309178405494784/hcMEfdvI_normal.png",
            "profile_image_url_https": "https://pbs.twimg.com/profile_images/1115309178405494784/hcMEfdvI_normal.png",
            "profile_link_color": "3B94D9",
            "profile_sidebar_border_color": "000000",
            "profile_sidebar_fill_color": "000000",
            "profile_text_color": "000000",
            "profile_use_background_image": false,
            "protected": false,
            "screen_name": "WhyAthens",
            "statuses_count": 2811,
            "time_zone": null,
            "translator_type": "none",
            "url": "http://t.co/PvrEz9lshY",
            "utc_offset": null,
            "verified": false
        }
    },
    "source": "<a href=\"http://twitter.com/download/iphone\" rel=\"nofollow\">Twitter for iPhone</a>",
    "text": "RT @WhyAthens: Kalo Mina and Kalimera from Vouliagmeni. Wishing everyone a wonderful month for July. #Athens #Greece #ttot #traveltips #tra\u2026",
    "truncated": false,
    "user": {
        "contributors_enabled": false,
        "created_at": "Tue Mar 31 00:29:00 +0000 2009",
        "default_profile": false,
        "default_profile_image": false,
        "description": "Publisher-Aspasia Press, Parent, Writer, Faculty, Activist. Former Assistant DA, Former Criminal Defense Attorney JD, MFA-Creative Writing, Educator.",
        "entities": {
            "description": {
                "urls": []
            },
            "url": {
                "urls": [
                    {
                        "display_url": "writingsbycosmos.blogspot.com",
                        "expanded_url": "http://writingsbycosmos.blogspot.com",
                        "indices": [
                            0,
                            23
                        ],
                        "url": "https://t.co/3uIh3kWUHM"
                    }
                ]
            }
        },
        "favourites_count": 28980,
        "follow_request_sent": false,
        "followers_count": 1128,
        "following": false,
        "friends_count": 1059,
        "geo_enabled": true,
        "has_extended_profile": false,
        "id": 27770296,
        "id_str": "27770296",
        "is_translation_enabled": false,
        "is_translator": false,
        "lang": "en",
        "listed_count": 212,
        "location": "Cambridge, Massachusetts",
        "name": "Jeanne K. Cosmos",
        "notifications": false,
        "profile_background_color": "1A1B1F",
        "profile_background_image_url": "http://abs.twimg.com/images/themes/theme9/bg.gif",
        "profile_background_image_url_https": "https://abs.twimg.com/images/themes/theme9/bg.gif",
        "profile_background_tile": false,
        "profile_banner_url": "https://pbs.twimg.com/profile_banners/27770296/1559880820",
        "profile_image_url": "http://pbs.twimg.com/profile_images/1062914418307186688/CYlfr1FK_normal.jpg",
        "profile_image_url_https": "https://pbs.twimg.com/profile_images/1062914418307186688/CYlfr1FK_normal.jpg",
        "profile_link_color": "2FC2EF",
        "profile_sidebar_border_color": "181A1E",
        "profile_sidebar_fill_color": "252429",
        "profile_text_color": "666666",
        "profile_use_background_image": true,
        "protected": false,
        "screen_name": "jkcosmos",
        "statuses_count": 46328,
        "time_zone": null,
        "translator_type": "none",
        "url": "https://t.co/3uIh3kWUHM",
        "utc_offset": null,
        "verified": false
    }
}
