{
    "contributors": null,
    "coordinates": null,
    "created_at": "Mon Jul 01 17:18:01 +0000 2019",
    "entities": {
        "hashtags": [
            {
                "indices": [
                    43,
                    54
                ],
                "text": "BleedGreen"
            },
            {
                "indices": [
                    55,
                    62
                ],
                "text": "Athens"
            },
            {
                "indices": [
                    63,
                    71
                ],
                "text": "Atlanta"
            },
            {
                "indices": [
                    72,
                    81
                ],
                "text": "OUOHYEAH"
            }
        ],
        "media": [
            {
                "display_url": "pic.twitter.com/2SvvpE8EFd",
                "expanded_url": "https://twitter.com/patburke47/status/1145743371253796864/photo/1",
                "id": 1145743366807871488,
                "id_str": "1145743366807871488",
                "indices": [
                    82,
                    105
                ],
                "media_url": "http://pbs.twimg.com/media/D-Z_hY5X4AAG5bW.jpg",
                "media_url_https": "https://pbs.twimg.com/media/D-Z_hY5X4AAG5bW.jpg",
                "sizes": {
                    "large": {
                        "h": 720,
                        "resize": "fit",
                        "w": 960
                    },
                    "medium": {
                        "h": 720,
                        "resize": "fit",
                        "w": 960
                    },
                    "small": {
                        "h": 510,
                        "resize": "fit",
                        "w": 680
                    },
                    "thumb": {
                        "h": 150,
                        "resize": "crop",
                        "w": 150
                    }
                },
                "type": "photo",
                "url": "https://t.co/2SvvpE8EFd"
            }
        ],
        "symbols": [],
        "urls": [],
        "user_mentions": []
    },
    "extended_entities": {
        "media": [
            {
                "display_url": "pic.twitter.com/2SvvpE8EFd",
                "expanded_url": "https://twitter.com/patburke47/status/1145743371253796864/photo/1",
                "id": 1145743366807871488,
                "id_str": "1145743366807871488",
                "indices": [
                    82,
                    105
                ],
                "media_url": "http://pbs.twimg.com/media/D-Z_hY5X4AAG5bW.jpg",
                "media_url_https": "https://pbs.twimg.com/media/D-Z_hY5X4AAG5bW.jpg",
                "sizes": {
                    "large": {
                        "h": 720,
                        "resize": "fit",
                        "w": 960
                    },
                    "medium": {
                        "h": 720,
                        "resize": "fit",
                        "w": 960
                    },
                    "small": {
                        "h": 510,
                        "resize": "fit",
                        "w": 680
                    },
                    "thumb": {
                        "h": 150,
                        "resize": "crop",
                        "w": 150
                    }
                },
                "type": "photo",
                "url": "https://t.co/2SvvpE8EFd"
            }
        ]
    },
    "favorite_count": 0,
    "favorited": false,
    "geo": null,
    "id": 1145743371253796864,
    "id_str": "1145743371253796864",
    "in_reply_to_screen_name": null,
    "in_reply_to_status_id": null,
    "in_reply_to_status_id_str": null,
    "in_reply_to_user_id": null,
    "in_reply_to_user_id_str": null,
    "is_quote_status": false,
    "lang": "en",
    "metadata": {
        "iso_language_code": "en",
        "result_type": "recent"
    },
    "place": {
        "attributes": {},
        "bounding_box": {
            "coordinates": [
                [
                    [
                        -85.605166,
                        30.355644
                    ],
                    [
                        -80.742567,
                        30.355644
                    ],
                    [
                        -80.742567,
                        35.000771
                    ],
                    [
                        -85.605166,
                        35.000771
                    ]
                ]
            ],
            "type": "Polygon"
        },
        "contained_within": [],
        "country": "United States",
        "country_code": "US",
        "full_name": "Georgia, USA",
        "id": "7142eb97ae21e839",
        "name": "Georgia",
        "place_type": "admin",
        "url": "https://api.twitter.com/1.1/geo/id/7142eb97ae21e839.json"
    },
    "possibly_sensitive": false,
    "retweet_count": 0,
    "retweeted": false,
    "source": "<a href=\"http://twitter.com/download/android\" rel=\"nofollow\">Twitter for Android</a>",
    "text": "Made some friends @ Dead&amp;Co. Saturday. #BleedGreen #Athens #Atlanta #OUOHYEAH https://t.co/2SvvpE8EFd",
    "truncated": false,
    "user": {
        "contributors_enabled": false,
        "created_at": "Sun Sep 29 21:36:10 +0000 2013",
        "default_profile": true,
        "default_profile_image": false,
        "description": "Archbishop Alter Knight, OU Bobcat, Colorado St. Ram and proud son of the Buckeye State! #GOCATS #GOBUCKS #GOFLYERS  #GOKNIGHTS #GORAMS",
        "entities": {
            "description": {
                "urls": []
            }
        },
        "favourites_count": 15216,
        "follow_request_sent": false,
        "followers_count": 287,
        "following": false,
        "friends_count": 1850,
        "geo_enabled": true,
        "has_extended_profile": true,
        "id": 1918228471,
        "id_str": "1918228471",
        "is_translation_enabled": false,
        "is_translator": false,
        "lang": "en",
        "listed_count": 5,
        "location": "Atlanta, GA",
        "name": "Patrick Burke",
        "notifications": false,
        "profile_background_color": "C0DEED",
        "profile_background_image_url": "http://abs.twimg.com/images/themes/theme1/bg.png",
        "profile_background_image_url_https": "https://abs.twimg.com/images/themes/theme1/bg.png",
        "profile_background_tile": false,
        "profile_banner_url": "https://pbs.twimg.com/profile_banners/1918228471/1387911719",
        "profile_image_url": "http://pbs.twimg.com/profile_images/1142640523221569536/2alCSNoR_normal.jpg",
        "profile_image_url_https": "https://pbs.twimg.com/profile_images/1142640523221569536/2alCSNoR_normal.jpg",
        "profile_link_color": "1DA1F2",
        "profile_sidebar_border_color": "C0DEED",
        "profile_sidebar_fill_color": "DDEEF6",
        "profile_text_color": "333333",
        "profile_use_background_image": true,
        "protected": false,
        "screen_name": "patburke47",
        "statuses_count": 1648,
        "time_zone": null,
        "translator_type": "none",
        "url": null,
        "utc_offset": null,
        "verified": false
    }
}
