{
    "contributors": null,
    "coordinates": null,
    "created_at": "Mon Aug 26 18:50:37 +0000 2019",
    "entities": {
        "hashtags": [
            {
                "indices": [
                    14,
                    21
                ],
                "text": "Athens"
            },
            {
                "indices": [
                    62,
                    72
                ],
                "text": "Exarcheia"
            },
            {
                "indices": [
                    75,
                    92
                ],
                "text": "Exarcheia_resist"
            },
            {
                "indices": [
                    94,
                    105
                ],
                "text": "antireport"
            },
            {
                "indices": [
                    106,
                    115
                ],
                "text": "Exarchia"
            },
            {
                "indices": [
                    116,
                    127
                ],
                "text": "RefugeesGR"
            }
        ],
        "symbols": [],
        "urls": [],
        "user_mentions": [
            {
                "id": 298652581,
                "id_str": "298652581",
                "indices": [
                    3,
                    12
                ],
                "name": "Enough 14",
                "screen_name": "enough14"
            }
        ]
    },
    "favorite_count": 0,
    "favorited": false,
    "geo": null,
    "id": 1166060397964582912,
    "id_str": "1166060397964582912",
    "in_reply_to_screen_name": null,
    "in_reply_to_status_id": null,
    "in_reply_to_status_id_str": null,
    "in_reply_to_user_id": null,
    "in_reply_to_user_id_str": null,
    "is_quote_status": false,
    "lang": "en",
    "metadata": {
        "iso_language_code": "en",
        "result_type": "recent"
    },
    "place": null,
    "retweet_count": 75,
    "retweeted": false,
    "retweeted_status": {
        "contributors": null,
        "coordinates": null,
        "created_at": "Mon Aug 26 10:04:24 +0000 2019",
        "entities": {
            "hashtags": [
                {
                    "indices": [
                        0,
                        7
                    ],
                    "text": "Athens"
                },
                {
                    "indices": [
                        48,
                        58
                    ],
                    "text": "Exarcheia"
                },
                {
                    "indices": [
                        61,
                        78
                    ],
                    "text": "Exarcheia_resist"
                },
                {
                    "indices": [
                        80,
                        91
                    ],
                    "text": "antireport"
                },
                {
                    "indices": [
                        92,
                        101
                    ],
                    "text": "Exarchia"
                },
                {
                    "indices": [
                        102,
                        113
                    ],
                    "text": "RefugeesGR"
                }
            ],
            "symbols": [],
            "urls": [
                {
                    "display_url": "twitter.com/i/web/status/1\u2026",
                    "expanded_url": "https://twitter.com/i/web/status/1165927969468145664",
                    "indices": [
                        117,
                        140
                    ],
                    "url": "https://t.co/RQEzkJj6iO"
                }
            ],
            "user_mentions": []
        },
        "favorite_count": 40,
        "favorited": false,
        "geo": null,
        "id": 1165927969468145664,
        "id_str": "1165927969468145664",
        "in_reply_to_screen_name": null,
        "in_reply_to_status_id": null,
        "in_reply_to_status_id_str": null,
        "in_reply_to_user_id": null,
        "in_reply_to_user_id_str": null,
        "is_quote_status": false,
        "lang": "en",
        "metadata": {
            "iso_language_code": "en",
            "result_type": "recent"
        },
        "place": null,
        "possibly_sensitive": false,
        "retweet_count": 75,
        "retweeted": false,
        "source": "<a href=\"https://mobile.twitter.com\" rel=\"nofollow\">Twitter Web App</a>",
        "text": "#Athens: Cops evicted refugee housing squats in #Exarcheia - #Exarcheia_resist  #antireport #Exarchia #RefugeesGR -\u2026 https://t.co/RQEzkJj6iO",
        "truncated": true,
        "user": {
            "contributors_enabled": false,
            "created_at": "Sat May 14 17:57:25 +0000 2011",
            "default_profile": false,
            "default_profile_image": false,
            "description": "Its time to revolt!",
            "entities": {
                "description": {
                    "urls": []
                },
                "url": {
                    "urls": [
                        {
                            "display_url": "enoughisenough14.org",
                            "expanded_url": "https://enoughisenough14.org",
                            "indices": [
                                0,
                                23
                            ],
                            "url": "https://t.co/xV3QvhQ3R1"
                        }
                    ]
                }
            },
            "favourites_count": 7708,
            "follow_request_sent": false,
            "followers_count": 18207,
            "following": false,
            "friends_count": 1007,
            "geo_enabled": true,
            "has_extended_profile": false,
            "id": 298652581,
            "id_str": "298652581",
            "is_translation_enabled": false,
            "is_translator": false,
            "lang": null,
            "listed_count": 422,
            "location": "Planet Earth",
            "name": "Enough 14",
            "notifications": false,
            "profile_background_color": "000000",
            "profile_background_image_url": "http://abs.twimg.com/images/themes/theme1/bg.png",
            "profile_background_image_url_https": "https://abs.twimg.com/images/themes/theme1/bg.png",
            "profile_background_tile": true,
            "profile_banner_url": "https://pbs.twimg.com/profile_banners/298652581/1538545773",
            "profile_image_url": "http://pbs.twimg.com/profile_images/1047361937850421248/yWCml7l4_normal.jpg",
            "profile_image_url_https": "https://pbs.twimg.com/profile_images/1047361937850421248/yWCml7l4_normal.jpg",
            "profile_link_color": "FA0000",
            "profile_sidebar_border_color": "FFFFFF",
            "profile_sidebar_fill_color": "E0DCF5",
            "profile_text_color": "050505",
            "profile_use_background_image": true,
            "protected": false,
            "screen_name": "enough14",
            "statuses_count": 57217,
            "time_zone": null,
            "translator_type": "none",
            "url": "https://t.co/xV3QvhQ3R1",
            "utc_offset": null,
            "verified": false
        }
    },
    "source": "<a href=\"https://mobile.twitter.com\" rel=\"nofollow\">Twitter Web App</a>",
    "text": "RT @enough14: #Athens: Cops evicted refugee housing squats in #Exarcheia - #Exarcheia_resist  #antireport #Exarchia #RefugeesGR - Read here\u2026",
    "truncated": false,
    "user": {
        "contributors_enabled": false,
        "created_at": "Tue Feb 02 15:29:33 +0000 2010",
        "default_profile": false,
        "default_profile_image": false,
        "description": "#DroitsDelHomme, #AntiFas,#Refugiados. #StopRacism & #StopHatred #FightingFascism ForA #BetterEarth, #TakeMoneyOutOfPolitics.",
        "entities": {
            "description": {
                "urls": []
            }
        },
        "favourites_count": 51411,
        "follow_request_sent": false,
        "followers_count": 2015,
        "following": false,
        "friends_count": 4926,
        "geo_enabled": false,
        "has_extended_profile": false,
        "id": 110728224,
        "id_str": "110728224",
        "is_translation_enabled": false,
        "is_translator": false,
        "lang": null,
        "listed_count": 95,
        "location": "Canada",
        "name": "SRA \u2193",
        "notifications": false,
        "profile_background_color": "C0DEED",
        "profile_background_image_url": "http://abs.twimg.com/images/themes/theme1/bg.png",
        "profile_background_image_url_https": "https://abs.twimg.com/images/themes/theme1/bg.png",
        "profile_background_tile": true,
        "profile_image_url": "http://pbs.twimg.com/profile_images/671444883/bukaroo_logo_normal.png",
        "profile_image_url_https": "https://pbs.twimg.com/profile_images/671444883/bukaroo_logo_normal.png",
        "profile_link_color": "7C0000",
        "profile_sidebar_border_color": "C0DEED",
        "profile_sidebar_fill_color": "DDEEF6",
        "profile_text_color": "333333",
        "profile_use_background_image": true,
        "protected": false,
        "screen_name": "SRAntiFascism",
        "statuses_count": 114618,
        "time_zone": null,
        "translator_type": "regular",
        "url": null,
        "utc_offset": null,
        "verified": false
    }
}
