{
    "contributors": null,
    "coordinates": null,
    "created_at": "Mon Aug 26 01:36:28 +0000 2019",
    "entities": {
        "hashtags": [],
        "symbols": [],
        "urls": [
            {
                "display_url": "twitter.com/i/web/status/1\u2026",
                "expanded_url": "https://twitter.com/i/web/status/1165800145520345088",
                "indices": [
                    107,
                    130
                ],
                "url": "https://t.co/leGbBQCmmL"
            }
        ],
        "user_mentions": [
            {
                "id": 2273279372,
                "id_str": "2273279372",
                "indices": [
                    57,
                    66
                ],
                "name": "Eglobal",
                "screen_name": "RideEric"
            },
            {
                "id": 494326686,
                "id_str": "494326686",
                "indices": [
                    67,
                    80
                ],
                "name": "James Bomb",
                "screen_name": "jamesbombs1w"
            },
            {
                "id": 730914240865820673,
                "id_str": "730914240865820673",
                "indices": [
                    90,
                    105
                ],
                "name": "Prophets of Rage",
                "screen_name": "prophetsofrage"
            }
        ]
    },
    "favorite_count": 295,
    "favorited": false,
    "geo": null,
    "id": 1165800145520345088,
    "id_str": "1165800145520345088",
    "in_reply_to_screen_name": null,
    "in_reply_to_status_id": null,
    "in_reply_to_status_id_str": null,
    "in_reply_to_user_id": null,
    "in_reply_to_user_id_str": null,
    "is_quote_status": false,
    "lang": "en",
    "metadata": {
        "iso_language_code": "en",
        "result_type": "popular"
    },
    "place": null,
    "possibly_sensitive": false,
    "retweet_count": 40,
    "retweeted": false,
    "source": "<a href=\"http://twitter.com/download/iphone\" rel=\"nofollow\">Twitter for iPhone</a>",
    "text": "Dinner in Athens Greece .Acropolis is lit. 8.25.19 Gooch @RideEric @jamesbombs1w Tour Art @prophetsofrage\u2026 https://t.co/leGbBQCmmL",
    "truncated": true,
    "user": {
        "contributors_enabled": false,
        "created_at": "Mon Apr 27 19:21:49 +0000 2009",
        "default_profile": false,
        "default_profile_image": false,
        "description": "https://t.co/OkwiPUevWe,  Distribution, https://t.co/inUdZdV6bS Internetworks",
        "entities": {
            "description": {
                "urls": [
                    {
                        "display_url": "twitter.com/SpitSlamRECORDS",
                        "expanded_url": "https://twitter.com/SpitSlamRECORDS",
                        "indices": [
                            0,
                            23
                        ],
                        "url": "https://t.co/OkwiPUevWe"
                    },
                    {
                        "display_url": "twitter.com/RAPstationAIR",
                        "expanded_url": "https://twitter.com/RAPstationAIR",
                        "indices": [
                            40,
                            63
                        ],
                        "url": "https://t.co/inUdZdV6bS"
                    }
                ]
            },
            "url": {
                "urls": [
                    {
                        "display_url": "ChannelZero.net",
                        "expanded_url": "http://ChannelZero.net",
                        "indices": [
                            0,
                            23
                        ],
                        "url": "https://t.co/KmdwZfx4z7"
                    }
                ]
            }
        },
        "favourites_count": 288,
        "follow_request_sent": false,
        "followers_count": 632412,
        "following": false,
        "friends_count": 73804,
        "geo_enabled": true,
        "has_extended_profile": false,
        "id": 35831704,
        "id_str": "35831704",
        "is_translation_enabled": false,
        "is_translator": false,
        "lang": null,
        "listed_count": 5117,
        "location": "EarthiZen",
        "name": "Chuck D",
        "notifications": false,
        "profile_background_color": "000000",
        "profile_background_image_url": "http://abs.twimg.com/images/themes/theme1/bg.png",
        "profile_background_image_url_https": "https://abs.twimg.com/images/themes/theme1/bg.png",
        "profile_background_tile": true,
        "profile_banner_url": "https://pbs.twimg.com/profile_banners/35831704/1497712923",
        "profile_image_url": "http://pbs.twimg.com/profile_images/196712160/CHKSHEPfairey_normal.jpeg",
        "profile_image_url_https": "https://pbs.twimg.com/profile_images/196712160/CHKSHEPfairey_normal.jpeg",
        "profile_link_color": "0084B4",
        "profile_sidebar_border_color": "FFFFFF",
        "profile_sidebar_fill_color": "DDEEF6",
        "profile_text_color": "333333",
        "profile_use_background_image": true,
        "protected": false,
        "screen_name": "MrChuckD",
        "statuses_count": 87472,
        "time_zone": null,
        "translator_type": "none",
        "url": "https://t.co/KmdwZfx4z7",
        "utc_offset": null,
        "verified": true
    }
}
