{
    "contributors": null,
    "coordinates": null,
    "created_at": "Thu Aug 01 13:45:12 +0000 2019",
    "entities": {
        "hashtags": [
            {
                "indices": [
                    20,
                    31
                ],
                "text": "earthquake"
            },
            {
                "indices": [
                    33,
                    41
                ],
                "text": "\u03c3\u03b5\u03b9\u03c3\u03bc\u03cc\u03c2"
            },
            {
                "indices": [
                    63,
                    70
                ],
                "text": "Athens"
            },
            {
                "indices": [
                    72,
                    79
                ],
                "text": "Greece"
            }
        ],
        "symbols": [],
        "urls": [],
        "user_mentions": [
            {
                "id": 203226820,
                "id_str": "203226820",
                "indices": [
                    3,
                    13
                ],
                "name": "EMSC",
                "screen_name": "LastQuake"
            }
        ]
    },
    "favorite_count": 0,
    "favorited": false,
    "geo": null,
    "id": 1156923840099946496,
    "id_str": "1156923840099946496",
    "in_reply_to_screen_name": null,
    "in_reply_to_status_id": null,
    "in_reply_to_status_id_str": null,
    "in_reply_to_user_id": null,
    "in_reply_to_user_id_str": null,
    "is_quote_status": false,
    "lang": "en",
    "metadata": {
        "iso_language_code": "en",
        "result_type": "recent"
    },
    "place": null,
    "retweet_count": 6,
    "retweeted": false,
    "retweeted_status": {
        "contributors": null,
        "coordinates": {
            "coordinates": [
                23.52,
                38.13
            ],
            "type": "Point"
        },
        "created_at": "Thu Aug 01 13:41:06 +0000 2019",
        "entities": {
            "hashtags": [
                {
                    "indices": [
                        5,
                        16
                    ],
                    "text": "earthquake"
                },
                {
                    "indices": [
                        18,
                        26
                    ],
                    "text": "\u03c3\u03b5\u03b9\u03c3\u03bc\u03cc\u03c2"
                },
                {
                    "indices": [
                        48,
                        55
                    ],
                    "text": "Athens"
                },
                {
                    "indices": [
                        57,
                        64
                    ],
                    "text": "Greece"
                }
            ],
            "media": [
                {
                    "display_url": "pic.twitter.com/odIjCXaNoL",
                    "expanded_url": "https://twitter.com/LastQuake/status/1156922806719995907/photo/1",
                    "id": 1156922804798939136,
                    "id_str": "1156922804798939136",
                    "indices": [
                        112,
                        135
                    ],
                    "media_url": "http://pbs.twimg.com/media/EA43KUyW4AARzKl.png",
                    "media_url_https": "https://pbs.twimg.com/media/EA43KUyW4AARzKl.png",
                    "sizes": {
                        "large": {
                            "h": 631,
                            "resize": "fit",
                            "w": 602
                        },
                        "medium": {
                            "h": 631,
                            "resize": "fit",
                            "w": 602
                        },
                        "small": {
                            "h": 631,
                            "resize": "fit",
                            "w": 602
                        },
                        "thumb": {
                            "h": 150,
                            "resize": "crop",
                            "w": 150
                        }
                    },
                    "type": "photo",
                    "url": "https://t.co/odIjCXaNoL"
                }
            ],
            "symbols": [],
            "urls": [],
            "user_mentions": []
        },
        "extended_entities": {
            "media": [
                {
                    "display_url": "pic.twitter.com/odIjCXaNoL",
                    "expanded_url": "https://twitter.com/LastQuake/status/1156922806719995907/photo/1",
                    "id": 1156922804798939136,
                    "id_str": "1156922804798939136",
                    "indices": [
                        112,
                        135
                    ],
                    "media_url": "http://pbs.twimg.com/media/EA43KUyW4AARzKl.png",
                    "media_url_https": "https://pbs.twimg.com/media/EA43KUyW4AARzKl.png",
                    "sizes": {
                        "large": {
                            "h": 631,
                            "resize": "fit",
                            "w": 602
                        },
                        "medium": {
                            "h": 631,
                            "resize": "fit",
                            "w": 602
                        },
                        "small": {
                            "h": 631,
                            "resize": "fit",
                            "w": 602
                        },
                        "thumb": {
                            "h": 150,
                            "resize": "crop",
                            "w": 150
                        }
                    },
                    "type": "photo",
                    "url": "https://t.co/odIjCXaNoL"
                }
            ]
        },
        "favorite_count": 6,
        "favorited": false,
        "geo": {
            "coordinates": [
                38.13,
                23.52
            ],
            "type": "Point"
        },
        "id": 1156922806719995907,
        "id_str": "1156922806719995907",
        "in_reply_to_screen_name": null,
        "in_reply_to_status_id": null,
        "in_reply_to_status_id_str": null,
        "in_reply_to_user_id": null,
        "in_reply_to_user_id_str": null,
        "is_quote_status": false,
        "lang": "en",
        "metadata": {
            "iso_language_code": "en",
            "result_type": "recent"
        },
        "place": {
            "attributes": {},
            "bounding_box": {
                "coordinates": [
                    [
                        [
                            23.502309,
                            38.0666378
                        ],
                        [
                            23.547882,
                            38.0666378
                        ],
                        [
                            23.547882,
                            38.1364769
                        ],
                        [
                            23.502309,
                            38.1364769
                        ]
                    ]
                ],
                "type": "Polygon"
            },
            "contained_within": [],
            "country": "Hellas",
            "country_code": "GR",
            "full_name": "Magoula, Greece",
            "id": "002133b841c5ccc6",
            "name": "Magoula",
            "place_type": "city",
            "url": "https://api.twitter.com/1.1/geo/id/002133b841c5ccc6.json"
        },
        "possibly_sensitive": false,
        "retweet_count": 6,
        "retweeted": false,
        "source": "<a href=\"http://www.emsc-csem.org/\" rel=\"nofollow\">EMSC Felt earthquakes</a>",
        "text": "M3.4 #earthquake (#\u03c3\u03b5\u03b9\u03c3\u03bc\u03cc\u03c2) strikes 24 km NW of #Athens (#Greece) 10 min ago. Effects reported by eyewitnesses: https://t.co/odIjCXaNoL",
        "truncated": false,
        "user": {
            "contributors_enabled": false,
            "created_at": "Fri Oct 15 20:25:28 +0000 2010",
            "default_profile": false,
            "default_profile_image": false,
            "description": "Independent Scientific Organization and provider of real-time earthquake info. Share information with us through our app :  https://t.co/AxO8bJddn5",
            "entities": {
                "description": {
                    "urls": [
                        {
                            "display_url": "emsc-csem.org/service/applic\u2026",
                            "expanded_url": "http://www.emsc-csem.org/service/application/",
                            "indices": [
                                124,
                                147
                            ],
                            "url": "https://t.co/AxO8bJddn5"
                        }
                    ]
                },
                "url": {
                    "urls": [
                        {
                            "display_url": "emsc-csem.org",
                            "expanded_url": "http://www.emsc-csem.org",
                            "indices": [
                                0,
                                22
                            ],
                            "url": "http://t.co/14PnLw0TGr"
                        }
                    ]
                }
            },
            "favourites_count": 5116,
            "follow_request_sent": false,
            "followers_count": 103501,
            "following": false,
            "friends_count": 400,
            "geo_enabled": true,
            "has_extended_profile": false,
            "id": 203226820,
            "id_str": "203226820",
            "is_translation_enabled": false,
            "is_translator": false,
            "lang": null,
            "listed_count": 1669,
            "location": "based in Paris, works globally",
            "name": "EMSC",
            "notifications": false,
            "profile_background_color": "050505",
            "profile_background_image_url": "http://abs.twimg.com/images/themes/theme1/bg.png",
            "profile_background_image_url_https": "https://abs.twimg.com/images/themes/theme1/bg.png",
            "profile_background_tile": false,
            "profile_banner_url": "https://pbs.twimg.com/profile_banners/203226820/1458131762",
            "profile_image_url": "http://pbs.twimg.com/profile_images/669532787897147392/hQM844QV_normal.png",
            "profile_image_url_https": "https://pbs.twimg.com/profile_images/669532787897147392/hQM844QV_normal.png",
            "profile_link_color": "0084B4",
            "profile_sidebar_border_color": "000000",
            "profile_sidebar_fill_color": "DDEEF6",
            "profile_text_color": "030303",
            "profile_use_background_image": true,
            "protected": false,
            "screen_name": "LastQuake",
            "statuses_count": 56930,
            "time_zone": null,
            "translator_type": "none",
            "url": "http://t.co/14PnLw0TGr",
            "utc_offset": null,
            "verified": true
        }
    },
    "source": "<a href=\"http://twitter.com/download/android\" rel=\"nofollow\">Twitter for Android</a>",
    "text": "RT @LastQuake: M3.4 #earthquake (#\u03c3\u03b5\u03b9\u03c3\u03bc\u03cc\u03c2) strikes 24 km NW of #Athens (#Greece) 10 min ago. Effects reported by eyewitnesses: https://t.co\u2026",
    "truncated": false,
    "user": {
        "contributors_enabled": false,
        "created_at": "Sun Jan 18 16:01:14 +0000 2015",
        "default_profile": true,
        "default_profile_image": false,
        "description": "\u0395\u03bb\u03bb\u03b7\u03bd\u03b1\u03c2 \u03ba\u03b1\u03b9 \u0395\u03c5\u03c1\u03c9\u03c0\u03b1\u03b9\u03bf\u03c2 \u03c0\u03bf\u03bb\u03b9\u03c4\u03b7\u03c2 Greek and European citizen. \u039a\u039f\u039c\u039c\u039f\u03a5\u039d\u0399\u0391 \u039a\u0391\u0399 \u039d\u0391\u0396\u0399 , \u03a4\u039f \u0399\u0394\u0399\u039f \u039c\u0391\u0393\u0391\u0396\u0399",
        "entities": {
            "description": {
                "urls": []
            }
        },
        "favourites_count": 5573,
        "follow_request_sent": false,
        "followers_count": 224,
        "following": false,
        "friends_count": 321,
        "geo_enabled": false,
        "has_extended_profile": false,
        "id": 2984206629,
        "id_str": "2984206629",
        "is_translation_enabled": false,
        "is_translator": false,
        "lang": null,
        "listed_count": 14,
        "location": "Athens , Greece",
        "name": "\u0394\u0391\u039d\u0391\u039f\u03a3 \ud83c\uddec\ud83c\uddf7\ud83c\uddea\ud83c\uddfa",
        "notifications": false,
        "profile_background_color": "C0DEED",
        "profile_background_image_url": "http://abs.twimg.com/images/themes/theme1/bg.png",
        "profile_background_image_url_https": "https://abs.twimg.com/images/themes/theme1/bg.png",
        "profile_background_tile": false,
        "profile_banner_url": "https://pbs.twimg.com/profile_banners/2984206629/1558814117",
        "profile_image_url": "http://pbs.twimg.com/profile_images/1087825064681242624/3HHyNKzI_normal.jpg",
        "profile_image_url_https": "https://pbs.twimg.com/profile_images/1087825064681242624/3HHyNKzI_normal.jpg",
        "profile_link_color": "1DA1F2",
        "profile_sidebar_border_color": "C0DEED",
        "profile_sidebar_fill_color": "DDEEF6",
        "profile_text_color": "333333",
        "profile_use_background_image": true,
        "protected": false,
        "screen_name": "skantzo",
        "statuses_count": 12640,
        "time_zone": null,
        "translator_type": "none",
        "url": null,
        "utc_offset": null,
        "verified": false
    }
}
