{
    "contributors": null,
    "coordinates": null,
    "created_at": "Sun Aug 18 10:12:30 +0000 2019",
    "entities": {
        "hashtags": [],
        "symbols": [],
        "urls": [
            {
                "display_url": "twitter.com/i/web/status/1\u2026",
                "expanded_url": "https://twitter.com/i/web/status/1163030906535370752",
                "indices": [
                    117,
                    140
                ],
                "url": "https://t.co/ugCzt9wNIa"
            }
        ],
        "user_mentions": []
    },
    "favorite_count": 0,
    "favorited": false,
    "geo": null,
    "id": 1163030906535370752,
    "id_str": "1163030906535370752",
    "in_reply_to_screen_name": null,
    "in_reply_to_status_id": null,
    "in_reply_to_status_id_str": null,
    "in_reply_to_user_id": null,
    "in_reply_to_user_id_str": null,
    "is_quote_status": false,
    "lang": "en",
    "metadata": {
        "iso_language_code": "en",
        "result_type": "recent"
    },
    "place": null,
    "possibly_sensitive": false,
    "retweet_count": 0,
    "retweeted": false,
    "source": "<a href=\"https://www.socialoomph.com\" rel=\"nofollow\">SocialOomph</a>",
    "text": "JOB: Athens GA USA - Insurance Agent - No insurance experience is necessary. We desire quality individual: No insur\u2026 https://t.co/ugCzt9wNIa",
    "truncated": true,
    "user": {
        "contributors_enabled": false,
        "created_at": "Wed Sep 11 15:41:13 +0000 2013",
        "default_profile": true,
        "default_profile_image": false,
        "description": "Looking for work in Athens, Georgia?  Check out https://t.co/EFdvHtpTG8, where we have thousands of new jobs posted every day.\n#ATHENS #GA #WORK #JOBS #CAREER",
        "entities": {
            "description": {
                "urls": [
                    {
                        "display_url": "Jobs-Central.info",
                        "expanded_url": "http://Jobs-Central.info",
                        "indices": [
                            48,
                            71
                        ],
                        "url": "https://t.co/EFdvHtpTG8"
                    }
                ]
            },
            "url": {
                "urls": [
                    {
                        "display_url": "jobs-central.info/index.php?l=At\u2026",
                        "expanded_url": "http://www.jobs-central.info/index.php?l=Athens+GA",
                        "indices": [
                            0,
                            23
                        ],
                        "url": "https://t.co/wKueWPCNPY"
                    }
                ]
            }
        },
        "favourites_count": 0,
        "follow_request_sent": false,
        "followers_count": 105,
        "following": false,
        "friends_count": 0,
        "geo_enabled": false,
        "has_extended_profile": false,
        "id": 1854654480,
        "id_str": "1854654480",
        "is_translation_enabled": false,
        "is_translator": false,
        "lang": null,
        "listed_count": 16,
        "location": "Athens, Georgia",
        "name": "Athens GA Jobs",
        "notifications": false,
        "profile_background_color": "C0DEED",
        "profile_background_image_url": "http://abs.twimg.com/images/themes/theme1/bg.png",
        "profile_background_image_url_https": "https://abs.twimg.com/images/themes/theme1/bg.png",
        "profile_background_tile": false,
        "profile_banner_url": "https://pbs.twimg.com/profile_banners/1854654480/1487026269",
        "profile_image_url": "http://pbs.twimg.com/profile_images/831275014582210560/pcKEyJyF_normal.jpg",
        "profile_image_url_https": "https://pbs.twimg.com/profile_images/831275014582210560/pcKEyJyF_normal.jpg",
        "profile_link_color": "1DA1F2",
        "profile_sidebar_border_color": "C0DEED",
        "profile_sidebar_fill_color": "DDEEF6",
        "profile_text_color": "333333",
        "profile_use_background_image": true,
        "protected": false,
        "screen_name": "AthensGAJobs1",
        "statuses_count": 25956,
        "time_zone": null,
        "translator_type": "none",
        "url": "https://t.co/wKueWPCNPY",
        "utc_offset": null,
        "verified": false
    }
}
