{
    "contributors": null,
    "coordinates": null,
    "created_at": "Mon Aug 26 16:50:40 +0000 2019",
    "entities": {
        "hashtags": [],
        "symbols": [],
        "urls": [
            {
                "display_url": "twitter.com/i/web/status/1\u2026",
                "expanded_url": "https://twitter.com/i/web/status/1166030208593465344",
                "indices": [
                    116,
                    139
                ],
                "url": "https://t.co/brQc7GjxCa"
            }
        ],
        "user_mentions": []
    },
    "favorite_count": 0,
    "favorited": false,
    "geo": null,
    "id": 1166030208593465344,
    "id_str": "1166030208593465344",
    "in_reply_to_screen_name": null,
    "in_reply_to_status_id": null,
    "in_reply_to_status_id_str": null,
    "in_reply_to_user_id": null,
    "in_reply_to_user_id_str": null,
    "is_quote_status": true,
    "lang": "en",
    "metadata": {
        "iso_language_code": "en",
        "result_type": "recent"
    },
    "place": null,
    "possibly_sensitive": false,
    "quoted_status": {
        "contributors": null,
        "coordinates": null,
        "created_at": "Mon Aug 26 16:16:55 +0000 2019",
        "entities": {
            "hashtags": [],
            "symbols": [],
            "urls": [
                {
                    "display_url": "twitter.com/i/web/status/1\u2026",
                    "expanded_url": "https://twitter.com/i/web/status/1166021716386168832",
                    "indices": [
                        117,
                        140
                    ],
                    "url": "https://t.co/ZMWlXJ8JYD"
                }
            ],
            "user_mentions": []
        },
        "favorite_count": 2,
        "favorited": false,
        "geo": null,
        "id": 1166021716386168832,
        "id_str": "1166021716386168832",
        "in_reply_to_screen_name": null,
        "in_reply_to_status_id": null,
        "in_reply_to_status_id_str": null,
        "in_reply_to_user_id": null,
        "in_reply_to_user_id_str": null,
        "is_quote_status": false,
        "lang": "en",
        "metadata": {
            "iso_language_code": "en",
            "result_type": "recent"
        },
        "place": null,
        "possibly_sensitive": false,
        "retweet_count": 0,
        "retweeted": false,
        "source": "<a href=\"http://www.salesforce.com\" rel=\"nofollow\">Salesforce - Social Studio</a>",
        "text": "Where will you go next? | Take in the grace and beauty of the ruins of Pergamum, modeled after the Acropolis of Ath\u2026 https://t.co/ZMWlXJ8JYD",
        "truncated": true,
        "user": {
            "contributors_enabled": false,
            "created_at": "Fri Dec 04 23:35:01 +0000 2009",
            "default_profile": false,
            "default_profile_image": false,
            "description": "An Unrivaled Experience\u2122 #ExperienceRegent",
            "entities": {
                "description": {
                    "urls": []
                },
                "url": {
                    "urls": [
                        {
                            "display_url": "bit.ly/2HTsCub",
                            "expanded_url": "http://bit.ly/2HTsCub",
                            "indices": [
                                0,
                                23
                            ],
                            "url": "https://t.co/ECkM7rRNPN"
                        }
                    ]
                }
            },
            "favourites_count": 2166,
            "follow_request_sent": false,
            "followers_count": 35156,
            "following": false,
            "friends_count": 89,
            "geo_enabled": true,
            "has_extended_profile": false,
            "id": 94672675,
            "id_str": "94672675",
            "is_translation_enabled": false,
            "is_translator": false,
            "lang": null,
            "listed_count": 513,
            "location": "",
            "name": "Regent Seven Seas",
            "notifications": false,
            "profile_background_color": "C8C3BC",
            "profile_background_image_url": "http://abs.twimg.com/images/themes/theme1/bg.png",
            "profile_background_image_url_https": "https://abs.twimg.com/images/themes/theme1/bg.png",
            "profile_background_tile": true,
            "profile_banner_url": "https://pbs.twimg.com/profile_banners/94672675/1548101979",
            "profile_image_url": "http://pbs.twimg.com/profile_images/1087444692663451650/228HVMbC_normal.jpg",
            "profile_image_url_https": "https://pbs.twimg.com/profile_images/1087444692663451650/228HVMbC_normal.jpg",
            "profile_link_color": "0084B4",
            "profile_sidebar_border_color": "C0DEED",
            "profile_sidebar_fill_color": "DDEEF6",
            "profile_text_color": "333333",
            "profile_use_background_image": true,
            "protected": false,
            "screen_name": "regentcruises",
            "statuses_count": 3103,
            "time_zone": null,
            "translator_type": "none",
            "url": "https://t.co/ECkM7rRNPN",
            "utc_offset": null,
            "verified": true
        }
    },
    "quoted_status_id": 1166021716386168832,
    "quoted_status_id_str": "1166021716386168832",
    "retweet_count": 0,
    "retweeted": false,
    "source": "<a href=\"https://ifttt.com\" rel=\"nofollow\">IFTTT</a>",
    "text": "regentcruises : Where will you go next? | Take in the grace and beauty of the ruins of Pergamum, modeled after the\u2026 https://t.co/brQc7GjxCa",
    "truncated": true,
    "user": {
        "contributors_enabled": false,
        "created_at": "Thu Mar 19 22:27:12 +0000 2009",
        "default_profile": false,
        "default_profile_image": false,
        "description": "All About Travel, helping families and businesses for more than 40 years. Let us help you GO AWAY! 405-384-3880",
        "entities": {
            "description": {
                "urls": []
            },
            "url": {
                "urls": [
                    {
                        "display_url": "allabout-travel.com",
                        "expanded_url": "http://www.allabout-travel.com",
                        "indices": [
                            0,
                            23
                        ],
                        "url": "https://t.co/i9k4DUsb3d"
                    }
                ]
            }
        },
        "favourites_count": 62,
        "follow_request_sent": false,
        "followers_count": 11385,
        "following": false,
        "friends_count": 11725,
        "geo_enabled": false,
        "has_extended_profile": false,
        "id": 25398613,
        "id_str": "25398613",
        "is_translation_enabled": false,
        "is_translator": false,
        "lang": null,
        "listed_count": 228,
        "location": "Oklahoma City",
        "name": "All About Travel",
        "notifications": false,
        "profile_background_color": "8B542B",
        "profile_background_image_url": "http://abs.twimg.com/images/themes/theme8/bg.gif",
        "profile_background_image_url_https": "https://abs.twimg.com/images/themes/theme8/bg.gif",
        "profile_background_tile": false,
        "profile_banner_url": "https://pbs.twimg.com/profile_banners/25398613/1398462554",
        "profile_image_url": "http://pbs.twimg.com/profile_images/476741889727541248/P8Zk62sP_normal.jpeg",
        "profile_image_url_https": "https://pbs.twimg.com/profile_images/476741889727541248/P8Zk62sP_normal.jpeg",
        "profile_link_color": "9D582E",
        "profile_sidebar_border_color": "D9B17E",
        "profile_sidebar_fill_color": "EADEAA",
        "profile_text_color": "333333",
        "profile_use_background_image": true,
        "protected": false,
        "screen_name": "AllAbout_Travel",
        "statuses_count": 20995,
        "time_zone": null,
        "translator_type": "none",
        "url": "https://t.co/i9k4DUsb3d",
        "utc_offset": null,
        "verified": false
    }
}
