{
    "contributors": null,
    "coordinates": null,
    "created_at": "Mon Jul 01 15:13:17 +0000 2019",
    "entities": {
        "hashtags": [],
        "symbols": [],
        "urls": [],
        "user_mentions": [
            {
                "id": 585092450,
                "id_str": "585092450",
                "indices": [
                    3,
                    18
                ],
                "name": "Sophia Hiniadou",
                "screen_name": "SophiaHiniadou"
            }
        ]
    },
    "favorite_count": 0,
    "favorited": false,
    "geo": null,
    "id": 1145711980830965761,
    "id_str": "1145711980830965761",
    "in_reply_to_screen_name": null,
    "in_reply_to_status_id": null,
    "in_reply_to_status_id_str": null,
    "in_reply_to_user_id": null,
    "in_reply_to_user_id_str": null,
    "is_quote_status": false,
    "lang": "en",
    "metadata": {
        "iso_language_code": "en",
        "result_type": "recent"
    },
    "place": null,
    "retweet_count": 17,
    "retweeted": false,
    "retweeted_status": {
        "contributors": null,
        "coordinates": null,
        "created_at": "Sat Jun 22 13:53:56 +0000 2019",
        "entities": {
            "hashtags": [],
            "symbols": [],
            "urls": [
                {
                    "display_url": "twitter.com/i/web/status/1\u2026",
                    "expanded_url": "https://twitter.com/i/web/status/1142430521244495874",
                    "indices": [
                        117,
                        140
                    ],
                    "url": "https://t.co/y04IOuPUjK"
                }
            ],
            "user_mentions": []
        },
        "favorite_count": 35,
        "favorited": false,
        "geo": null,
        "id": 1142430521244495874,
        "id_str": "1142430521244495874",
        "in_reply_to_screen_name": null,
        "in_reply_to_status_id": null,
        "in_reply_to_status_id_str": null,
        "in_reply_to_user_id": null,
        "in_reply_to_user_id_str": null,
        "is_quote_status": false,
        "lang": "en",
        "metadata": {
            "iso_language_code": "en",
            "result_type": "recent"
        },
        "place": null,
        "possibly_sensitive": false,
        "retweet_count": 17,
        "retweeted": false,
        "source": "<a href=\"http://twitter.com/download/iphone\" rel=\"nofollow\">Twitter for iPhone</a>",
        "text": "... a guided tour of the Acropolis, that its ancient buildings are a testament to what civilisation can achieve, bu\u2026 https://t.co/y04IOuPUjK",
        "truncated": true,
        "user": {
            "contributors_enabled": false,
            "created_at": "Sat May 19 21:03:13 +0000 2012",
            "default_profile": false,
            "default_profile_image": false,
            "description": "Lawyer, Advisor on cultural management. Head of Cultural Affairs for the Presidency of Hellenic Republic",
            "entities": {
                "description": {
                    "urls": []
                }
            },
            "favourites_count": 4730,
            "follow_request_sent": false,
            "followers_count": 291,
            "following": false,
            "friends_count": 252,
            "geo_enabled": true,
            "has_extended_profile": true,
            "id": 585092450,
            "id_str": "585092450",
            "is_translation_enabled": false,
            "is_translator": false,
            "lang": "en",
            "listed_count": 6,
            "location": "\u0391thens, Greece",
            "name": "Sophia Hiniadou",
            "notifications": false,
            "profile_background_color": "000000",
            "profile_background_image_url": "http://abs.twimg.com/images/themes/theme1/bg.png",
            "profile_background_image_url_https": "https://abs.twimg.com/images/themes/theme1/bg.png",
            "profile_background_tile": false,
            "profile_banner_url": "https://pbs.twimg.com/profile_banners/585092450/1556727897",
            "profile_image_url": "http://pbs.twimg.com/profile_images/1054079435819966464/V9kEWtUB_normal.jpg",
            "profile_image_url_https": "https://pbs.twimg.com/profile_images/1054079435819966464/V9kEWtUB_normal.jpg",
            "profile_link_color": "1B95E0",
            "profile_sidebar_border_color": "000000",
            "profile_sidebar_fill_color": "000000",
            "profile_text_color": "000000",
            "profile_use_background_image": false,
            "protected": false,
            "screen_name": "SophiaHiniadou",
            "statuses_count": 759,
            "time_zone": null,
            "translator_type": "none",
            "url": null,
            "utc_offset": null,
            "verified": false
        }
    },
    "source": "<a href=\"https://mobile.twitter.com\" rel=\"nofollow\">Twitter Web App</a>",
    "text": "RT @SophiaHiniadou: ... a guided tour of the Acropolis, that its ancient buildings are a testament to what civilisation can achieve, but wh\u2026",
    "truncated": false,
    "user": {
        "contributors_enabled": false,
        "created_at": "Mon Oct 07 08:45:44 +0000 2013",
        "default_profile": false,
        "default_profile_image": false,
        "description": "International Association for the Reunification of the Parthenon Sculptures comprises 20 organisations campaigning for the sculptures and the Acropolis Museum",
        "entities": {
            "description": {
                "urls": []
            },
            "url": {
                "urls": [
                    {
                        "display_url": "parthenoninternational.org",
                        "expanded_url": "http://www.parthenoninternational.org/",
                        "indices": [
                            0,
                            22
                        ],
                        "url": "http://t.co/h6DK9m2dAP"
                    }
                ]
            }
        },
        "favourites_count": 230,
        "follow_request_sent": false,
        "followers_count": 158,
        "following": false,
        "friends_count": 84,
        "geo_enabled": false,
        "has_extended_profile": false,
        "id": 1943447124,
        "id_str": "1943447124",
        "is_translation_enabled": false,
        "is_translator": false,
        "lang": "en",
        "listed_count": 1,
        "location": "",
        "name": "IARPS",
        "notifications": false,
        "profile_background_color": "142EA3",
        "profile_background_image_url": "http://abs.twimg.com/images/themes/theme16/bg.gif",
        "profile_background_image_url_https": "https://abs.twimg.com/images/themes/theme16/bg.gif",
        "profile_background_tile": false,
        "profile_banner_url": "https://pbs.twimg.com/profile_banners/1943447124/1561389609",
        "profile_image_url": "http://pbs.twimg.com/profile_images/378800000561532331/f13c3833bc8616d6bcdad6ac1eff7524_normal.jpeg",
        "profile_image_url_https": "https://pbs.twimg.com/profile_images/378800000561532331/f13c3833bc8616d6bcdad6ac1eff7524_normal.jpeg",
        "profile_link_color": "1895C2",
        "profile_sidebar_border_color": "FFFFFF",
        "profile_sidebar_fill_color": "DDEEF6",
        "profile_text_color": "333333",
        "profile_use_background_image": false,
        "protected": false,
        "screen_name": "ParthenonInt",
        "statuses_count": 140,
        "time_zone": null,
        "translator_type": "none",
        "url": "http://t.co/h6DK9m2dAP",
        "utc_offset": null,
        "verified": false
    }
}
