{
    "contributors": null,
    "coordinates": null,
    "created_at": "Sat Aug 17 16:24:23 +0000 2019",
    "entities": {
        "hashtags": [
            {
                "indices": [
                    117,
                    126
                ],
                "text": "holidays"
            },
            {
                "indices": [
                    127,
                    134
                ],
                "text": "Travel"
            }
        ],
        "symbols": [],
        "urls": [
            {
                "display_url": "booking.com/s/34_6/y0boyk80",
                "expanded_url": "http://booking.com/s/34_6/y0boyk80",
                "indices": [
                    92,
                    115
                ],
                "url": "https://t.co/cE1hq74HTj"
            }
        ],
        "user_mentions": [
            {
                "id": 27412647,
                "id_str": "27412647",
                "indices": [
                    3,
                    12
                ],
                "name": "Yordanka Stoyanova",
                "screen_name": "Yordanka"
            }
        ]
    },
    "favorite_count": 0,
    "favorited": false,
    "geo": null,
    "id": 1162762104782409728,
    "id_str": "1162762104782409728",
    "in_reply_to_screen_name": null,
    "in_reply_to_status_id": null,
    "in_reply_to_status_id_str": null,
    "in_reply_to_user_id": null,
    "in_reply_to_user_id_str": null,
    "is_quote_status": false,
    "lang": "en",
    "metadata": {
        "iso_language_code": "en",
        "result_type": "recent"
    },
    "place": null,
    "possibly_sensitive": false,
    "retweet_count": 1,
    "retweeted": false,
    "retweeted_status": {
        "contributors": null,
        "coordinates": null,
        "created_at": "Sat Aug 17 15:52:10 +0000 2019",
        "entities": {
            "hashtags": [
                {
                    "indices": [
                        103,
                        112
                    ],
                    "text": "holidays"
                }
            ],
            "symbols": [],
            "urls": [
                {
                    "display_url": "booking.com/s/34_6/y0boyk80",
                    "expanded_url": "http://booking.com/s/34_6/y0boyk80",
                    "indices": [
                        78,
                        101
                    ],
                    "url": "https://t.co/cE1hq74HTj"
                },
                {
                    "display_url": "twitter.com/i/web/status/1\u2026",
                    "expanded_url": "https://twitter.com/i/web/status/1162753997473800192",
                    "indices": [
                        114,
                        137
                    ],
                    "url": "https://t.co/dWYV4eRpHj"
                }
            ],
            "user_mentions": []
        },
        "favorite_count": 0,
        "favorited": false,
        "geo": null,
        "id": 1162753997473800192,
        "id_str": "1162753997473800192",
        "in_reply_to_screen_name": null,
        "in_reply_to_status_id": null,
        "in_reply_to_status_id_str": null,
        "in_reply_to_user_id": null,
        "in_reply_to_user_id_str": null,
        "is_quote_status": false,
        "lang": "en",
        "metadata": {
            "iso_language_code": "en",
            "result_type": "recent"
        },
        "place": null,
        "possibly_sensitive": false,
        "retweet_count": 1,
        "retweeted": false,
        "source": "<a href=\"https://mobile.twitter.com\" rel=\"nofollow\">Twitter Web App</a>",
        "text": "Who wants 10% off from your holiday. Book for up to 100$ and get 10% cashback https://t.co/cE1hq74HTj  #holidays\u2026 https://t.co/dWYV4eRpHj",
        "truncated": true,
        "user": {
            "contributors_enabled": false,
            "created_at": "Sun Mar 29 11:36:44 +0000 2009",
            "default_profile": false,
            "default_profile_image": false,
            "description": "Me and myself :-)",
            "entities": {
                "description": {
                    "urls": []
                }
            },
            "favourites_count": 21,
            "follow_request_sent": false,
            "followers_count": 700,
            "following": false,
            "friends_count": 669,
            "geo_enabled": true,
            "has_extended_profile": true,
            "id": 27412647,
            "id_str": "27412647",
            "is_translation_enabled": false,
            "is_translator": false,
            "lang": null,
            "listed_count": 20,
            "location": "Bulgaria",
            "name": "Yordanka Stoyanova",
            "notifications": false,
            "profile_background_color": "9AE4E8",
            "profile_background_image_url": "http://abs.twimg.com/images/themes/theme1/bg.png",
            "profile_background_image_url_https": "https://abs.twimg.com/images/themes/theme1/bg.png",
            "profile_background_tile": true,
            "profile_image_url": "http://pbs.twimg.com/profile_images/299927095/bitch_normal.JPG",
            "profile_image_url_https": "https://pbs.twimg.com/profile_images/299927095/bitch_normal.JPG",
            "profile_link_color": "0084B4",
            "profile_sidebar_border_color": "BDDCAD",
            "profile_sidebar_fill_color": "DDFFCC",
            "profile_text_color": "333333",
            "profile_use_background_image": true,
            "protected": false,
            "screen_name": "Yordanka",
            "statuses_count": 1198,
            "time_zone": null,
            "translator_type": "none",
            "url": null,
            "utc_offset": null,
            "verified": false
        }
    },
    "source": "<a href=\"https://mobile.twitter.com\" rel=\"nofollow\">Twitter Web App</a>",
    "text": "RT @Yordanka: Who wants 10% off from your holiday. Book for up to 100$ and get 10% cashback https://t.co/cE1hq74HTj  #holidays #Travel #Spa\u2026",
    "truncated": false,
    "user": {
        "contributors_enabled": false,
        "created_at": "Sun Mar 29 11:36:44 +0000 2009",
        "default_profile": false,
        "default_profile_image": false,
        "description": "Me and myself :-)",
        "entities": {
            "description": {
                "urls": []
            }
        },
        "favourites_count": 21,
        "follow_request_sent": false,
        "followers_count": 700,
        "following": false,
        "friends_count": 669,
        "geo_enabled": true,
        "has_extended_profile": true,
        "id": 27412647,
        "id_str": "27412647",
        "is_translation_enabled": false,
        "is_translator": false,
        "lang": null,
        "listed_count": 20,
        "location": "Bulgaria",
        "name": "Yordanka Stoyanova",
        "notifications": false,
        "profile_background_color": "9AE4E8",
        "profile_background_image_url": "http://abs.twimg.com/images/themes/theme1/bg.png",
        "profile_background_image_url_https": "https://abs.twimg.com/images/themes/theme1/bg.png",
        "profile_background_tile": true,
        "profile_image_url": "http://pbs.twimg.com/profile_images/299927095/bitch_normal.JPG",
        "profile_image_url_https": "https://pbs.twimg.com/profile_images/299927095/bitch_normal.JPG",
        "profile_link_color": "0084B4",
        "profile_sidebar_border_color": "BDDCAD",
        "profile_sidebar_fill_color": "DDFFCC",
        "profile_text_color": "333333",
        "profile_use_background_image": true,
        "protected": false,
        "screen_name": "Yordanka",
        "statuses_count": 1198,
        "time_zone": null,
        "translator_type": "none",
        "url": null,
        "utc_offset": null,
        "verified": false
    }
}
