{
    "contributors": null,
    "coordinates": null,
    "created_at": "Mon Aug 26 18:26:16 +0000 2019",
    "entities": {
        "hashtags": [
            {
                "indices": [
                    25,
                    41
                ],
                "text": "GreekGovernment"
            },
            {
                "indices": [
                    70,
                    79
                ],
                "text": "Refugees"
            },
            {
                "indices": [
                    120,
                    127
                ],
                "text": "Athens"
            }
        ],
        "symbols": [],
        "urls": [],
        "user_mentions": [
            {
                "id": 717802428289130496,
                "id_str": "717802428289130496",
                "indices": [
                    3,
                    19
                ],
                "name": "Refugee Support EU",
                "screen_name": "RefugeeSupportE"
            }
        ]
    },
    "favorite_count": 0,
    "favorited": false,
    "geo": null,
    "id": 1166054267003854849,
    "id_str": "1166054267003854849",
    "in_reply_to_screen_name": null,
    "in_reply_to_status_id": null,
    "in_reply_to_status_id_str": null,
    "in_reply_to_user_id": null,
    "in_reply_to_user_id_str": null,
    "is_quote_status": false,
    "lang": "en",
    "metadata": {
        "iso_language_code": "en",
        "result_type": "recent"
    },
    "place": null,
    "retweet_count": 4,
    "retweeted": false,
    "retweeted_status": {
        "contributors": null,
        "coordinates": null,
        "created_at": "Mon Aug 26 17:39:55 +0000 2019",
        "entities": {
            "hashtags": [
                {
                    "indices": [
                        4,
                        20
                    ],
                    "text": "GreekGovernment"
                },
                {
                    "indices": [
                        49,
                        58
                    ],
                    "text": "Refugees"
                },
                {
                    "indices": [
                        99,
                        106
                    ],
                    "text": "Athens"
                }
            ],
            "symbols": [],
            "urls": [
                {
                    "display_url": "twitter.com/i/web/status/1\u2026",
                    "expanded_url": "https://twitter.com/i/web/status/1166042605605593089",
                    "indices": [
                        117,
                        140
                    ],
                    "url": "https://t.co/kWBtEIj7E2"
                }
            ],
            "user_mentions": []
        },
        "favorite_count": 2,
        "favorited": false,
        "geo": null,
        "id": 1166042605605593089,
        "id_str": "1166042605605593089",
        "in_reply_to_screen_name": null,
        "in_reply_to_status_id": null,
        "in_reply_to_status_id_str": null,
        "in_reply_to_user_id": null,
        "in_reply_to_user_id_str": null,
        "is_quote_status": false,
        "lang": "en",
        "metadata": {
            "iso_language_code": "en",
            "result_type": "recent"
        },
        "place": null,
        "possibly_sensitive": false,
        "retweet_count": 4,
        "retweeted": false,
        "source": "<a href=\"http://twitter.com/download/android\" rel=\"nofollow\">Twitter for Android</a>",
        "text": "The #GreekGovernment is becoming more hostile to #Refugees.\n\nA self-governing community in central #Athens which ha\u2026 https://t.co/kWBtEIj7E2",
        "truncated": true,
        "user": {
            "contributors_enabled": false,
            "created_at": "Wed Apr 06 19:53:29 +0000 2016",
            "default_profile": true,
            "default_profile_image": false,
            "description": "We are people helping people by offering #AidwithDignity to #refugees in Greece (charity no 1174070). Our Twitter is managed by RS Volunteer @desibirinci",
            "entities": {
                "description": {
                    "urls": []
                },
                "url": {
                    "urls": [
                        {
                            "display_url": "refugeesupport.eu",
                            "expanded_url": "http://www.refugeesupport.eu",
                            "indices": [
                                0,
                                23
                            ],
                            "url": "https://t.co/yuHXBEvt7f"
                        }
                    ]
                }
            },
            "favourites_count": 1343,
            "follow_request_sent": false,
            "followers_count": 1204,
            "following": false,
            "friends_count": 1190,
            "geo_enabled": true,
            "has_extended_profile": false,
            "id": 717802428289130496,
            "id_str": "717802428289130496",
            "is_translation_enabled": false,
            "is_translator": false,
            "lang": null,
            "listed_count": 26,
            "location": "Europe",
            "name": "Refugee Support EU",
            "notifications": false,
            "profile_background_color": "F5F8FA",
            "profile_background_image_url": null,
            "profile_background_image_url_https": null,
            "profile_background_tile": false,
            "profile_banner_url": "https://pbs.twimg.com/profile_banners/717802428289130496/1512245599",
            "profile_image_url": "http://pbs.twimg.com/profile_images/727963582961463297/ledQk86G_normal.jpg",
            "profile_image_url_https": "https://pbs.twimg.com/profile_images/727963582961463297/ledQk86G_normal.jpg",
            "profile_link_color": "1DA1F2",
            "profile_sidebar_border_color": "C0DEED",
            "profile_sidebar_fill_color": "DDEEF6",
            "profile_text_color": "333333",
            "profile_use_background_image": true,
            "protected": false,
            "screen_name": "RefugeeSupportE",
            "statuses_count": 2791,
            "time_zone": null,
            "translator_type": "none",
            "url": "https://t.co/yuHXBEvt7f",
            "utc_offset": null,
            "verified": false
        }
    },
    "source": "<a href=\"http://twitter.com/download/iphone\" rel=\"nofollow\">Twitter for iPhone</a>",
    "text": "RT @RefugeeSupportE: The #GreekGovernment is becoming more hostile to #Refugees.\n\nA self-governing community in central #Athens which has h\u2026",
    "truncated": false,
    "user": {
        "contributors_enabled": false,
        "created_at": "Tue Jun 21 19:07:18 +0000 2011",
        "default_profile": false,
        "default_profile_image": false,
        "description": "Marxist-Leninist \u262d, Organizer, Astrology Lover, Marxist Feminist. .She/Her(s)/Ella. Bi \ud83c\udde8\ud83c\uddfa\ud83c\udff3\ufe0f\u200d\ud83c\udf08. Vegan \ud83c\udf31. \u2609\u264c\ufe0e(9H)\u263e\u2651\ufe0e(1H)AC \u2650\ufe0e.",
        "entities": {
            "description": {
                "urls": []
            }
        },
        "favourites_count": 10031,
        "follow_request_sent": false,
        "followers_count": 1359,
        "following": false,
        "friends_count": 452,
        "geo_enabled": true,
        "has_extended_profile": true,
        "id": 321548793,
        "id_str": "321548793",
        "is_translation_enabled": false,
        "is_translator": false,
        "lang": null,
        "listed_count": 2,
        "location": "Stolen Tocobaga/Seminole Land",
        "name": "The Communist Chonga",
        "notifications": false,
        "profile_background_color": "000000",
        "profile_background_image_url": "http://abs.twimg.com/images/themes/theme5/bg.gif",
        "profile_background_image_url_https": "https://abs.twimg.com/images/themes/theme5/bg.gif",
        "profile_background_tile": true,
        "profile_banner_url": "https://pbs.twimg.com/profile_banners/321548793/1566261153",
        "profile_image_url": "http://pbs.twimg.com/profile_images/1163204941844029446/tYQiSQQa_normal.jpg",
        "profile_image_url_https": "https://pbs.twimg.com/profile_images/1163204941844029446/tYQiSQQa_normal.jpg",
        "profile_link_color": "F58EA8",
        "profile_sidebar_border_color": "FFFFFF",
        "profile_sidebar_fill_color": "99CC33",
        "profile_text_color": "3E4415",
        "profile_use_background_image": true,
        "protected": false,
        "screen_name": "CommunistChonga",
        "statuses_count": 242004,
        "time_zone": null,
        "translator_type": "none",
        "url": null,
        "utc_offset": null,
        "verified": false
    }
}
