{
    "contributors": null,
    "coordinates": null,
    "created_at": "Sun Jun 30 09:14:56 +0000 2019",
    "entities": {
        "hashtags": [],
        "symbols": [],
        "urls": [
            {
                "display_url": "twitter.com/i/web/status/1\u2026",
                "expanded_url": "https://twitter.com/i/web/status/1145259411037925377",
                "indices": [
                    109,
                    132
                ],
                "url": "https://t.co/YGDlXFjRZD"
            }
        ],
        "user_mentions": [
            {
                "id": 831986450,
                "id_str": "831986450",
                "indices": [
                    0,
                    16
                ],
                "name": "Matt Berry",
                "screen_name": "Matt_Greenwings"
            },
            {
                "id": 132977441,
                "id_str": "132977441",
                "indices": [
                    17,
                    26
                ],
                "name": "Victoria Hillman",
                "screen_name": "vikspics"
            },
            {
                "id": 3143216799,
                "id_str": "3143216799",
                "indices": [
                    27,
                    38
                ],
                "name": "30 Days Wild",
                "screen_name": "30DaysWild"
            },
            {
                "id": 57319680,
                "id_str": "57319680",
                "indices": [
                    39,
                    54
                ],
                "name": "The Wildlife Trusts",
                "screen_name": "WildlifeTrusts"
            },
            {
                "id": 167717210,
                "id_str": "167717210",
                "indices": [
                    55,
                    63
                ],
                "name": "Kos Island",
                "screen_name": "kosinfo"
            },
            {
                "id": 796782404,
                "id_str": "796782404",
                "indices": [
                    64,
                    79
                ],
                "name": "Yanis",
                "screen_name": "DiscoveringKos"
            },
            {
                "id": 121366714,
                "id_str": "121366714",
                "indices": [
                    80,
                    95
                ],
                "name": "Natural Greece",
                "screen_name": "Natural_Greece"
            },
            {
                "id": 134239335,
                "id_str": "134239335",
                "indices": [
                    96,
                    107
                ],
                "name": "Greenwings",
                "screen_name": "Greenwings"
            }
        ]
    },
    "favorite_count": 0,
    "favorited": false,
    "geo": null,
    "id": 1145259411037925377,
    "id_str": "1145259411037925377",
    "in_reply_to_screen_name": "Matt_Greenwings",
    "in_reply_to_status_id": 1145242684333928448,
    "in_reply_to_status_id_str": "1145242684333928448",
    "in_reply_to_user_id": 831986450,
    "in_reply_to_user_id_str": "831986450",
    "is_quote_status": false,
    "lang": "en",
    "metadata": {
        "iso_language_code": "en",
        "result_type": "recent"
    },
    "place": {
        "attributes": {},
        "bounding_box": {
            "coordinates": [
                [
                    [
                        26.9171973,
                        36.6717244
                    ],
                    [
                        27.2068281,
                        36.6717244
                    ],
                    [
                        27.2068281,
                        36.867141
                    ],
                    [
                        26.9171973,
                        36.867141
                    ]
                ]
            ],
            "type": "Polygon"
        },
        "contained_within": [],
        "country": "Hellas",
        "country_code": "GR",
        "full_name": "Irakleides, Greece",
        "id": "01b39df43fd73fad",
        "name": "Irakleides",
        "place_type": "city",
        "url": "https://api.twitter.com/1.1/geo/id/01b39df43fd73fad.json"
    },
    "retweet_count": 0,
    "retweeted": false,
    "source": "<a href=\"http://twitter.com/download/android\" rel=\"nofollow\">Twitter for Android</a>",
    "text": "@Matt_Greenwings @vikspics @30DaysWild @WildlifeTrusts @kosinfo @DiscoveringKos @Natural_Greece @Greenwings\u2026 https://t.co/YGDlXFjRZD",
    "truncated": true,
    "user": {
        "contributors_enabled": false,
        "created_at": "Wed Jan 02 16:32:36 +0000 2013",
        "default_profile": false,
        "default_profile_image": false,
        "description": "Mirador (from the Spanish) means viewpoint or viewer. Art is subjective so you, my viewer, may not always like what you see but I very much hope that you will!",
        "entities": {
            "description": {
                "urls": []
            },
            "url": {
                "urls": [
                    {
                        "display_url": "miradordesign.wordpress.com",
                        "expanded_url": "http://miradordesign.wordpress.com",
                        "indices": [
                            0,
                            20
                        ],
                        "url": "http://t.co/SAA3tbrv"
                    }
                ]
            }
        },
        "favourites_count": 41392,
        "follow_request_sent": false,
        "followers_count": 726,
        "following": false,
        "friends_count": 1178,
        "geo_enabled": true,
        "has_extended_profile": false,
        "id": 1055529451,
        "id_str": "1055529451",
        "is_translation_enabled": false,
        "is_translator": false,
        "lang": "en",
        "listed_count": 11,
        "location": "Surrey",
        "name": "Sarah Longes",
        "notifications": false,
        "profile_background_color": "709397",
        "profile_background_image_url": "http://abs.twimg.com/images/themes/theme6/bg.gif",
        "profile_background_image_url_https": "https://abs.twimg.com/images/themes/theme6/bg.gif",
        "profile_background_tile": false,
        "profile_banner_url": "https://pbs.twimg.com/profile_banners/1055529451/1553733412",
        "profile_image_url": "http://pbs.twimg.com/profile_images/1135579821524709382/llshsIpC_normal.png",
        "profile_image_url_https": "https://pbs.twimg.com/profile_images/1135579821524709382/llshsIpC_normal.png",
        "profile_link_color": "FF3300",
        "profile_sidebar_border_color": "FFFFFF",
        "profile_sidebar_fill_color": "A0C5C7",
        "profile_text_color": "333333",
        "profile_use_background_image": true,
        "protected": false,
        "screen_name": "MiradorDesign",
        "statuses_count": 7978,
        "time_zone": null,
        "translator_type": "none",
        "url": "http://t.co/SAA3tbrv",
        "utc_offset": null,
        "verified": false
    }
}
