{
    "contributors": null,
    "coordinates": null,
    "created_at": "Sat Jul 06 08:22:13 +0000 2019",
    "entities": {
        "hashtags": [],
        "media": [
            {
                "display_url": "pic.twitter.com/5T7bl3A02f",
                "expanded_url": "https://twitter.com/America1991_/status/1147248787938693120/photo/1",
                "id": 1138794929092739072,
                "id_str": "1138794929092739072",
                "indices": [
                    68,
                    91
                ],
                "media_url": "http://pbs.twimg.com/media/D83P9FSWwAAjUm2.jpg",
                "media_url_https": "https://pbs.twimg.com/media/D83P9FSWwAAjUm2.jpg",
                "sizes": {
                    "large": {
                        "h": 973,
                        "resize": "fit",
                        "w": 651
                    },
                    "medium": {
                        "h": 973,
                        "resize": "fit",
                        "w": 651
                    },
                    "small": {
                        "h": 680,
                        "resize": "fit",
                        "w": 455
                    },
                    "thumb": {
                        "h": 150,
                        "resize": "crop",
                        "w": 150
                    }
                },
                "source_status_id": 1147248787938693120,
                "source_status_id_str": "1147248787938693120",
                "source_user_id": 962860018965114880,
                "source_user_id_str": "962860018965114880",
                "type": "photo",
                "url": "https://t.co/5T7bl3A02f"
            }
        ],
        "symbols": [],
        "urls": [],
        "user_mentions": [
            {
                "id": 962860018965114880,
                "id_str": "962860018965114880",
                "indices": [
                    3,
                    16
                ],
                "name": "O C C U L T / C U L T U R E",
                "screen_name": "America1991_"
            }
        ]
    },
    "extended_entities": {
        "media": [
            {
                "display_url": "pic.twitter.com/5T7bl3A02f",
                "expanded_url": "https://twitter.com/America1991_/status/1147248787938693120/photo/1",
                "id": 1138794929092739072,
                "id_str": "1138794929092739072",
                "indices": [
                    68,
                    91
                ],
                "media_url": "http://pbs.twimg.com/media/D83P9FSWwAAjUm2.jpg",
                "media_url_https": "https://pbs.twimg.com/media/D83P9FSWwAAjUm2.jpg",
                "sizes": {
                    "large": {
                        "h": 973,
                        "resize": "fit",
                        "w": 651
                    },
                    "medium": {
                        "h": 973,
                        "resize": "fit",
                        "w": 651
                    },
                    "small": {
                        "h": 680,
                        "resize": "fit",
                        "w": 455
                    },
                    "thumb": {
                        "h": 150,
                        "resize": "crop",
                        "w": 150
                    }
                },
                "source_status_id": 1147248787938693120,
                "source_status_id_str": "1147248787938693120",
                "source_user_id": 962860018965114880,
                "source_user_id_str": "962860018965114880",
                "type": "photo",
                "url": "https://t.co/5T7bl3A02f"
            }
        ]
    },
    "favorite_count": 0,
    "favorited": false,
    "geo": null,
    "id": 1147420471522205696,
    "id_str": "1147420471522205696",
    "in_reply_to_screen_name": null,
    "in_reply_to_status_id": null,
    "in_reply_to_status_id_str": null,
    "in_reply_to_user_id": null,
    "in_reply_to_user_id_str": null,
    "is_quote_status": false,
    "lang": "en",
    "metadata": {
        "iso_language_code": "en",
        "result_type": "recent"
    },
    "place": null,
    "possibly_sensitive": false,
    "retweet_count": 4,
    "retweeted": false,
    "retweeted_status": {
        "contributors": null,
        "coordinates": null,
        "created_at": "Fri Jul 05 21:00:00 +0000 2019",
        "entities": {
            "hashtags": [],
            "media": [
                {
                    "display_url": "pic.twitter.com/5T7bl3A02f",
                    "expanded_url": "https://twitter.com/America1991_/status/1147248787938693120/photo/1",
                    "id": 1138794929092739072,
                    "id_str": "1138794929092739072",
                    "indices": [
                        50,
                        73
                    ],
                    "media_url": "http://pbs.twimg.com/media/D83P9FSWwAAjUm2.jpg",
                    "media_url_https": "https://pbs.twimg.com/media/D83P9FSWwAAjUm2.jpg",
                    "sizes": {
                        "large": {
                            "h": 973,
                            "resize": "fit",
                            "w": 651
                        },
                        "medium": {
                            "h": 973,
                            "resize": "fit",
                            "w": 651
                        },
                        "small": {
                            "h": 680,
                            "resize": "fit",
                            "w": 455
                        },
                        "thumb": {
                            "h": 150,
                            "resize": "crop",
                            "w": 150
                        }
                    },
                    "type": "photo",
                    "url": "https://t.co/5T7bl3A02f"
                }
            ],
            "symbols": [],
            "urls": [],
            "user_mentions": []
        },
        "extended_entities": {
            "media": [
                {
                    "display_url": "pic.twitter.com/5T7bl3A02f",
                    "expanded_url": "https://twitter.com/America1991_/status/1147248787938693120/photo/1",
                    "id": 1138794929092739072,
                    "id_str": "1138794929092739072",
                    "indices": [
                        50,
                        73
                    ],
                    "media_url": "http://pbs.twimg.com/media/D83P9FSWwAAjUm2.jpg",
                    "media_url_https": "https://pbs.twimg.com/media/D83P9FSWwAAjUm2.jpg",
                    "sizes": {
                        "large": {
                            "h": 973,
                            "resize": "fit",
                            "w": 651
                        },
                        "medium": {
                            "h": 973,
                            "resize": "fit",
                            "w": 651
                        },
                        "small": {
                            "h": 680,
                            "resize": "fit",
                            "w": 455
                        },
                        "thumb": {
                            "h": 150,
                            "resize": "crop",
                            "w": 150
                        }
                    },
                    "type": "photo",
                    "url": "https://t.co/5T7bl3A02f"
                }
            ]
        },
        "favorite_count": 16,
        "favorited": false,
        "geo": null,
        "id": 1147248787938693120,
        "id_str": "1147248787938693120",
        "in_reply_to_screen_name": null,
        "in_reply_to_status_id": null,
        "in_reply_to_status_id_str": null,
        "in_reply_to_user_id": null,
        "in_reply_to_user_id_str": null,
        "is_quote_status": false,
        "lang": "en",
        "metadata": {
            "iso_language_code": "en",
            "result_type": "recent"
        },
        "place": null,
        "possibly_sensitive": false,
        "retweet_count": 4,
        "retweeted": false,
        "source": "<a href=\"https://about.twitter.com/products/tweetdeck\" rel=\"nofollow\">TweetDeck</a>",
        "text": "Karyatides Column Statue, Athens Acropolis Museum https://t.co/5T7bl3A02f",
        "truncated": false,
        "user": {
            "contributors_enabled": false,
            "created_at": "Mon Feb 12 01:24:52 +0000 2018",
            "default_profile": false,
            "default_profile_image": false,
            "description": "Art, Archaeology, Astrotheology, Culture, Esoterica, History, Mythology, Occult, Science \u201cTo hide things is the glory of God, to find them is the glory of Man.\"",
            "entities": {
                "description": {
                    "urls": []
                },
                "url": {
                    "urls": [
                        {
                            "display_url": "minds.com/AmericaHughes",
                            "expanded_url": "https://www.minds.com/AmericaHughes",
                            "indices": [
                                0,
                                23
                            ],
                            "url": "https://t.co/GJwEKUnkTY"
                        }
                    ]
                }
            },
            "favourites_count": 8940,
            "follow_request_sent": false,
            "followers_count": 1802,
            "following": false,
            "friends_count": 64,
            "geo_enabled": false,
            "has_extended_profile": false,
            "id": 962860018965114880,
            "id_str": "962860018965114880",
            "is_translation_enabled": false,
            "is_translator": false,
            "lang": null,
            "listed_count": 21,
            "location": "Age Of Aquarius",
            "name": "O C C U L T / C U L T U R E",
            "notifications": false,
            "profile_background_color": "000000",
            "profile_background_image_url": "http://abs.twimg.com/images/themes/theme1/bg.png",
            "profile_background_image_url_https": "https://abs.twimg.com/images/themes/theme1/bg.png",
            "profile_background_tile": false,
            "profile_banner_url": "https://pbs.twimg.com/profile_banners/962860018965114880/1531001969",
            "profile_image_url": "http://pbs.twimg.com/profile_images/1070807676219781120/RJ4Dlfc-_normal.jpg",
            "profile_image_url_https": "https://pbs.twimg.com/profile_images/1070807676219781120/RJ4Dlfc-_normal.jpg",
            "profile_link_color": "C6AC95",
            "profile_sidebar_border_color": "000000",
            "profile_sidebar_fill_color": "000000",
            "profile_text_color": "000000",
            "profile_use_background_image": false,
            "protected": false,
            "screen_name": "America1991_",
            "statuses_count": 3886,
            "time_zone": null,
            "translator_type": "none",
            "url": "https://t.co/GJwEKUnkTY",
            "utc_offset": null,
            "verified": false
        }
    },
    "source": "<a href=\"http://twitter.com/download/android\" rel=\"nofollow\">Twitter for Android</a>",
    "text": "RT @America1991_: Karyatides Column Statue, Athens Acropolis Museum https://t.co/5T7bl3A02f",
    "truncated": false,
    "user": {
        "contributors_enabled": false,
        "created_at": "Tue Feb 05 10:29:24 +0000 2013",
        "default_profile": false,
        "default_profile_image": false,
        "description": "Politically incorrect thoughts about Greece & Europe, my Homeland, inspired by the Peripatetic School of Athens. Rationnal thinking will prevail against dogmas.",
        "entities": {
            "description": {
                "urls": []
            }
        },
        "favourites_count": 93787,
        "follow_request_sent": false,
        "followers_count": 1868,
        "following": false,
        "friends_count": 1682,
        "geo_enabled": false,
        "has_extended_profile": false,
        "id": 1150585999,
        "id_str": "1150585999",
        "is_translation_enabled": true,
        "is_translator": false,
        "lang": null,
        "listed_count": 144,
        "location": "Greece, EU",
        "name": "\ud835\udd4a\ud835\udd61\ud835\udd52\ud835\udd54\ud835\udd56\ud835\udd3d\ud835\udd63\ud835\udd60\ud835\udd5e\ud835\udd3e\ud835\udd63\ud835\udd56\ud835\udd56\ud835\udd54\ud835\udd56\ud83c\uddea\ud83c\uddfa\ud83c\uddec\ud83c\uddf7",
        "notifications": false,
        "profile_background_color": "010608",
        "profile_background_image_url": "http://abs.twimg.com/images/themes/theme1/bg.png",
        "profile_background_image_url_https": "https://abs.twimg.com/images/themes/theme1/bg.png",
        "profile_background_tile": false,
        "profile_banner_url": "https://pbs.twimg.com/profile_banners/1150585999/1360060984",
        "profile_image_url": "http://pbs.twimg.com/profile_images/618329384244506624/p2xB87Z1_normal.jpg",
        "profile_image_url_https": "https://pbs.twimg.com/profile_images/618329384244506624/p2xB87Z1_normal.jpg",
        "profile_link_color": "FAB81E",
        "profile_sidebar_border_color": "000000",
        "profile_sidebar_fill_color": "DDEEF6",
        "profile_text_color": "333333",
        "profile_use_background_image": true,
        "protected": false,
        "screen_name": "SpaceFromGreece",
        "statuses_count": 144418,
        "time_zone": null,
        "translator_type": "none",
        "url": null,
        "utc_offset": null,
        "verified": false
    }
}
