{
    "contributors": null,
    "coordinates": null,
    "created_at": "Wed Jul 03 16:12:14 +0000 2019",
    "entities": {
        "hashtags": [],
        "symbols": [],
        "urls": [],
        "user_mentions": [
            {
                "id": 213738979,
                "id_str": "213738979",
                "indices": [
                    3,
                    15
                ],
                "name": "The FATM Fan Club",
                "screen_name": "FATMFanClub"
            }
        ]
    },
    "favorite_count": 0,
    "favorited": false,
    "geo": null,
    "id": 1146451593069383681,
    "id_str": "1146451593069383681",
    "in_reply_to_screen_name": null,
    "in_reply_to_status_id": null,
    "in_reply_to_status_id_str": null,
    "in_reply_to_user_id": null,
    "in_reply_to_user_id_str": null,
    "is_quote_status": false,
    "lang": "en",
    "metadata": {
        "iso_language_code": "en",
        "result_type": "recent"
    },
    "place": null,
    "retweet_count": 14,
    "retweeted": false,
    "retweeted_status": {
        "contributors": null,
        "coordinates": null,
        "created_at": "Wed Jul 03 13:06:13 +0000 2019",
        "entities": {
            "hashtags": [],
            "symbols": [],
            "urls": [
                {
                    "display_url": "twitter.com/i/web/status/1\u2026",
                    "expanded_url": "https://twitter.com/i/web/status/1146404779498885120",
                    "indices": [
                        117,
                        140
                    ],
                    "url": "https://t.co/BTQwkrwH0a"
                }
            ],
            "user_mentions": []
        },
        "favorite_count": 91,
        "favorited": false,
        "geo": null,
        "id": 1146404779498885120,
        "id_str": "1146404779498885120",
        "in_reply_to_screen_name": null,
        "in_reply_to_status_id": null,
        "in_reply_to_status_id_str": null,
        "in_reply_to_user_id": null,
        "in_reply_to_user_id_str": null,
        "is_quote_status": false,
        "lang": "en",
        "metadata": {
            "iso_language_code": "en",
            "result_type": "recent"
        },
        "place": null,
        "possibly_sensitive": false,
        "retweet_count": 14,
        "retweeted": false,
        "source": "<a href=\"http://twitter.com/download/iphone\" rel=\"nofollow\">Twitter for iPhone</a>",
        "text": "Tickets for Florence and the Machine\u2019s appearance at Acropolis in Greece are scheduled to go on sale this Friday at\u2026 https://t.co/BTQwkrwH0a",
        "truncated": true,
        "user": {
            "contributors_enabled": false,
            "created_at": "Tue Nov 09 17:36:42 +0000 2010",
            "default_profile": false,
            "default_profile_image": false,
            "description": "The Florence and the Machine Fan Club, the largest fan club, followed by @florencemachine herself. Join the #Flow Revolution. https://t.co/np1hbMaHrq\u2026",
            "entities": {
                "description": {
                    "urls": [
                        {
                            "display_url": "facebook.com/florenceandthe",
                            "expanded_url": "http://facebook.com/florenceandthe",
                            "indices": [
                                126,
                                149
                            ],
                            "url": "https://t.co/np1hbMaHrq"
                        }
                    ]
                },
                "url": {
                    "urls": [
                        {
                            "display_url": "florenceandthemachinefanclub.com",
                            "expanded_url": "http://florenceandthemachinefanclub.com",
                            "indices": [
                                0,
                                23
                            ],
                            "url": "https://t.co/mTXWLl3jhu"
                        }
                    ]
                }
            },
            "favourites_count": 1744,
            "follow_request_sent": false,
            "followers_count": 12345,
            "following": false,
            "friends_count": 197,
            "geo_enabled": true,
            "has_extended_profile": false,
            "id": 213738979,
            "id_str": "213738979",
            "is_translation_enabled": false,
            "is_translator": false,
            "lang": null,
            "listed_count": 50,
            "location": "London, UK",
            "name": "The FATM Fan Club",
            "notifications": false,
            "profile_background_color": "232523",
            "profile_background_image_url": "http://abs.twimg.com/images/themes/theme1/bg.png",
            "profile_background_image_url_https": "https://abs.twimg.com/images/themes/theme1/bg.png",
            "profile_background_tile": false,
            "profile_banner_url": "https://pbs.twimg.com/profile_banners/213738979/1523808088",
            "profile_image_url": "http://pbs.twimg.com/profile_images/491294961170542592/2gDiR6M5_normal.jpeg",
            "profile_image_url_https": "https://pbs.twimg.com/profile_images/491294961170542592/2gDiR6M5_normal.jpeg",
            "profile_link_color": "3B94D9",
            "profile_sidebar_border_color": "FFFFFF",
            "profile_sidebar_fill_color": "000000",
            "profile_text_color": "FFFFFF",
            "profile_use_background_image": true,
            "protected": false,
            "screen_name": "FATMFanClub",
            "statuses_count": 9679,
            "time_zone": null,
            "translator_type": "none",
            "url": "https://t.co/mTXWLl3jhu",
            "utc_offset": null,
            "verified": false
        }
    },
    "source": "<a href=\"http://twitter.com\" rel=\"nofollow\">Twitter Web Client</a>",
    "text": "RT @FATMFanClub: Tickets for Florence and the Machine\u2019s appearance at Acropolis in Greece are scheduled to go on sale this Friday at 10am G\u2026",
    "truncated": false,
    "user": {
        "contributors_enabled": false,
        "created_at": "Wed May 13 07:12:08 +0000 2009",
        "default_profile": false,
        "default_profile_image": false,
        "description": "I only tweet about Florence + The Machine and a constant plaguing angst. You\u2019ve been warned.",
        "entities": {
            "description": {
                "urls": []
            },
            "url": {
                "urls": [
                    {
                        "display_url": "danidennis.blogspot.com",
                        "expanded_url": "http://danidennis.blogspot.com",
                        "indices": [
                            0,
                            23
                        ],
                        "url": "https://t.co/wJNhAFiuja"
                    }
                ]
            }
        },
        "favourites_count": 2854,
        "follow_request_sent": false,
        "followers_count": 303,
        "following": false,
        "friends_count": 632,
        "geo_enabled": false,
        "has_extended_profile": true,
        "id": 39707087,
        "id_str": "39707087",
        "is_translation_enabled": false,
        "is_translator": false,
        "lang": null,
        "listed_count": 5,
        "location": "San Francisco, CA",
        "name": "Danielle \u2728 Dennis",
        "notifications": false,
        "profile_background_color": "131516",
        "profile_background_image_url": "http://abs.twimg.com/images/themes/theme14/bg.gif",
        "profile_background_image_url_https": "https://abs.twimg.com/images/themes/theme14/bg.gif",
        "profile_background_tile": true,
        "profile_banner_url": "https://pbs.twimg.com/profile_banners/39707087/1537478101",
        "profile_image_url": "http://pbs.twimg.com/profile_images/1042884663352582144/U-5HbhwV_normal.jpg",
        "profile_image_url_https": "https://pbs.twimg.com/profile_images/1042884663352582144/U-5HbhwV_normal.jpg",
        "profile_link_color": "FAB81E",
        "profile_sidebar_border_color": "000000",
        "profile_sidebar_fill_color": "EFEFEF",
        "profile_text_color": "333333",
        "profile_use_background_image": false,
        "protected": false,
        "screen_name": "daniellaaarisen",
        "statuses_count": 10980,
        "time_zone": null,
        "translator_type": "none",
        "url": "https://t.co/wJNhAFiuja",
        "utc_offset": null,
        "verified": false
    }
}
