{
    "contributors": null,
    "coordinates": null,
    "created_at": "Mon Aug 26 16:20:32 +0000 2019",
    "entities": {
        "hashtags": [],
        "symbols": [],
        "urls": [],
        "user_mentions": [
            {
                "id": 844717483,
                "id_str": "844717483",
                "indices": [
                    3,
                    17
                ],
                "name": "Exiled Arizona",
                "screen_name": "exiledarizona"
            }
        ]
    },
    "favorite_count": 0,
    "favorited": false,
    "geo": null,
    "id": 1166022628223508481,
    "id_str": "1166022628223508481",
    "in_reply_to_screen_name": null,
    "in_reply_to_status_id": null,
    "in_reply_to_status_id_str": null,
    "in_reply_to_user_id": null,
    "in_reply_to_user_id_str": null,
    "is_quote_status": false,
    "lang": "en",
    "metadata": {
        "iso_language_code": "en",
        "result_type": "recent"
    },
    "place": null,
    "retweet_count": 116,
    "retweeted": false,
    "retweeted_status": {
        "contributors": null,
        "coordinates": null,
        "created_at": "Mon Aug 26 06:28:49 +0000 2019",
        "entities": {
            "hashtags": [],
            "symbols": [],
            "urls": [
                {
                    "display_url": "twitter.com/i/web/status/1\u2026",
                    "expanded_url": "https://twitter.com/i/web/status/1165873714568867840",
                    "indices": [
                        117,
                        140
                    ],
                    "url": "https://t.co/rLimI8khIz"
                }
            ],
            "user_mentions": []
        },
        "favorite_count": 87,
        "favorited": false,
        "geo": null,
        "id": 1165873714568867840,
        "id_str": "1165873714568867840",
        "in_reply_to_screen_name": null,
        "in_reply_to_status_id": null,
        "in_reply_to_status_id_str": null,
        "in_reply_to_user_id": null,
        "in_reply_to_user_id_str": null,
        "is_quote_status": false,
        "lang": "en",
        "metadata": {
            "iso_language_code": "en",
            "result_type": "recent"
        },
        "place": null,
        "retweet_count": 116,
        "retweeted": false,
        "source": "<a href=\"http://twitter.com/download/android\" rel=\"nofollow\">Twitter for Android</a>",
        "text": "This morning the Greek state raided a neighborhood the size of many small towns. It's intention is to crush the ana\u2026 https://t.co/rLimI8khIz",
        "truncated": true,
        "user": {
            "contributors_enabled": false,
            "created_at": "Tue Sep 25 02:27:24 +0000 2012",
            "default_profile": true,
            "default_profile_image": false,
            "description": "Live reports in English from Athens during events. Anarchist, post left. Athens based for six years. From the desert.",
            "entities": {
                "description": {
                    "urls": []
                }
            },
            "favourites_count": 3001,
            "follow_request_sent": false,
            "followers_count": 1150,
            "following": false,
            "friends_count": 68,
            "geo_enabled": true,
            "has_extended_profile": false,
            "id": 844717483,
            "id_str": "844717483",
            "is_translation_enabled": false,
            "is_translator": false,
            "lang": null,
            "listed_count": 20,
            "location": "Exarcheia, Athens ",
            "name": "Exiled Arizona",
            "notifications": false,
            "profile_background_color": "C0DEED",
            "profile_background_image_url": "http://abs.twimg.com/images/themes/theme1/bg.png",
            "profile_background_image_url_https": "https://abs.twimg.com/images/themes/theme1/bg.png",
            "profile_background_tile": false,
            "profile_banner_url": "https://pbs.twimg.com/profile_banners/844717483/1554902466",
            "profile_image_url": "http://pbs.twimg.com/profile_images/553109308108308480/ps3Ckh06_normal.jpeg",
            "profile_image_url_https": "https://pbs.twimg.com/profile_images/553109308108308480/ps3Ckh06_normal.jpeg",
            "profile_link_color": "1DA1F2",
            "profile_sidebar_border_color": "C0DEED",
            "profile_sidebar_fill_color": "DDEEF6",
            "profile_text_color": "333333",
            "profile_use_background_image": true,
            "protected": false,
            "screen_name": "exiledarizona",
            "statuses_count": 5826,
            "time_zone": null,
            "translator_type": "none",
            "url": null,
            "utc_offset": null,
            "verified": false
        }
    },
    "source": "<a href=\"http://twitter.com/download/iphone\" rel=\"nofollow\">Twitter for iPhone</a>",
    "text": "RT @exiledarizona: This morning the Greek state raided a neighborhood the size of many small towns. It's intention is to crush the anarchis\u2026",
    "truncated": false,
    "user": {
        "contributors_enabled": false,
        "created_at": "Tue Apr 15 08:35:49 +0000 2008",
        "default_profile": false,
        "default_profile_image": false,
        "description": "Doing: digital Marketing \u2022 Learned: product design & 3D Modeling \u2022 International Man of Something \u2022 He/him",
        "entities": {
            "description": {
                "urls": []
            },
            "url": {
                "urls": [
                    {
                        "display_url": "mob-berlin.de",
                        "expanded_url": "http://mob-berlin.de",
                        "indices": [
                            0,
                            23
                        ],
                        "url": "https://t.co/x21SsFuIbf"
                    }
                ]
            }
        },
        "favourites_count": 37376,
        "follow_request_sent": false,
        "followers_count": 259,
        "following": false,
        "friends_count": 303,
        "geo_enabled": true,
        "has_extended_profile": false,
        "id": 14394538,
        "id_str": "14394538",
        "is_translation_enabled": false,
        "is_translator": false,
        "lang": null,
        "listed_count": 39,
        "location": "Berlin",
        "name": "Mario Burkhardt",
        "notifications": false,
        "profile_background_color": "FFFFFF",
        "profile_background_image_url": "http://abs.twimg.com/images/themes/theme1/bg.png",
        "profile_background_image_url_https": "https://abs.twimg.com/images/themes/theme1/bg.png",
        "profile_background_tile": false,
        "profile_banner_url": "https://pbs.twimg.com/profile_banners/14394538/1374355267",
        "profile_image_url": "http://pbs.twimg.com/profile_images/643296638367334400/dnjASGUc_normal.jpg",
        "profile_image_url_https": "https://pbs.twimg.com/profile_images/643296638367334400/dnjASGUc_normal.jpg",
        "profile_link_color": "66B8E0",
        "profile_sidebar_border_color": "C0DEED",
        "profile_sidebar_fill_color": "DDEEF6",
        "profile_text_color": "333333",
        "profile_use_background_image": true,
        "protected": false,
        "screen_name": "MoBurkhardt",
        "statuses_count": 13314,
        "time_zone": null,
        "translator_type": "none",
        "url": "https://t.co/x21SsFuIbf",
        "utc_offset": null,
        "verified": false
    }
}
