{
    "contributors": null,
    "coordinates": null,
    "created_at": "Sat Jul 06 09:46:23 +0000 2019",
    "entities": {
        "hashtags": [],
        "symbols": [],
        "urls": [
            {
                "display_url": "twitter.com/i/web/status/1\u2026",
                "expanded_url": "https://twitter.com/i/web/status/1147441654682411009",
                "indices": [
                    117,
                    140
                ],
                "url": "https://t.co/unJOGEIzdN"
            }
        ],
        "user_mentions": []
    },
    "favorite_count": 1,
    "favorited": false,
    "geo": null,
    "id": 1147441654682411009,
    "id_str": "1147441654682411009",
    "in_reply_to_screen_name": null,
    "in_reply_to_status_id": null,
    "in_reply_to_status_id_str": null,
    "in_reply_to_user_id": null,
    "in_reply_to_user_id_str": null,
    "is_quote_status": false,
    "lang": "en",
    "metadata": {
        "iso_language_code": "en",
        "result_type": "recent"
    },
    "place": null,
    "possibly_sensitive": false,
    "retweet_count": 0,
    "retweeted": false,
    "source": "<a href=\"http://twitter.com/download/iphone\" rel=\"nofollow\">Twitter for iPhone</a>",
    "text": "Guntijmara peoples victory  \ud83d\ude4c\ud83c\udffe   Budj Bim now appears on World Heritage list - same list as the pyramids, Stoneheng\u2026 https://t.co/unJOGEIzdN",
    "truncated": true,
    "user": {
        "contributors_enabled": false,
        "created_at": "Thu Nov 20 07:06:27 +0000 2014",
        "default_profile": false,
        "default_profile_image": false,
        "description": "Garrwa // Barunggam || \ud83d\udd25 [-o-] \ud83c\udf0a   Researcher + Creative Producer",
        "entities": {
            "description": {
                "urls": []
            }
        },
        "favourites_count": 7740,
        "follow_request_sent": false,
        "followers_count": 1036,
        "following": false,
        "friends_count": 855,
        "geo_enabled": false,
        "has_extended_profile": false,
        "id": 2904909547,
        "id_str": "2904909547",
        "is_translation_enabled": false,
        "is_translator": false,
        "lang": null,
        "listed_count": 47,
        "location": "Gadigal & Wangal lands SydCity",
        "name": "Jason De Santolo",
        "notifications": false,
        "profile_background_color": "000000",
        "profile_background_image_url": "http://abs.twimg.com/images/themes/theme1/bg.png",
        "profile_background_image_url_https": "https://abs.twimg.com/images/themes/theme1/bg.png",
        "profile_background_tile": false,
        "profile_banner_url": "https://pbs.twimg.com/profile_banners/2904909547/1478313768",
        "profile_image_url": "http://pbs.twimg.com/profile_images/1053455614041411586/Q1frOQUG_normal.jpg",
        "profile_image_url_https": "https://pbs.twimg.com/profile_images/1053455614041411586/Q1frOQUG_normal.jpg",
        "profile_link_color": "ABB8C2",
        "profile_sidebar_border_color": "000000",
        "profile_sidebar_fill_color": "000000",
        "profile_text_color": "000000",
        "profile_use_background_image": false,
        "protected": false,
        "screen_name": "JJDeSantolo",
        "statuses_count": 5861,
        "time_zone": null,
        "translator_type": "none",
        "url": null,
        "utc_offset": null,
        "verified": false
    }
}
