{
    "contributors": null,
    "coordinates": null,
    "created_at": "Sat Jul 06 07:43:05 +0000 2019",
    "entities": {
        "hashtags": [],
        "symbols": [],
        "urls": [
            {
                "display_url": "cnn.com/travel/article\u2026",
                "expanded_url": "https://www.cnn.com/travel/article/athens-acropolis-heat-wave-trnd/index.html",
                "indices": [
                    58,
                    81
                ],
                "url": "https://t.co/NpIgl8yQM2"
            }
        ],
        "user_mentions": [
            {
                "id": 129531387,
                "id_str": "129531387",
                "indices": [
                    3,
                    18
                ],
                "name": "\uff24\uff29\uff36\uff29 \uff21\uff36\uff27\uff36\uff33\uff34\uff29",
                "screen_name": "Divus_Augustus"
            }
        ]
    },
    "favorite_count": 0,
    "favorited": false,
    "geo": null,
    "id": 1147410622981664768,
    "id_str": "1147410622981664768",
    "in_reply_to_screen_name": null,
    "in_reply_to_status_id": null,
    "in_reply_to_status_id_str": null,
    "in_reply_to_user_id": null,
    "in_reply_to_user_id_str": null,
    "is_quote_status": false,
    "lang": "en",
    "metadata": {
        "iso_language_code": "en",
        "result_type": "recent"
    },
    "place": null,
    "possibly_sensitive": false,
    "retweet_count": 4,
    "retweeted": false,
    "retweeted_status": {
        "contributors": null,
        "coordinates": null,
        "created_at": "Sat Jul 06 02:53:51 +0000 2019",
        "entities": {
            "hashtags": [],
            "symbols": [],
            "urls": [
                {
                    "display_url": "cnn.com/travel/article\u2026",
                    "expanded_url": "https://www.cnn.com/travel/article/athens-acropolis-heat-wave-trnd/index.html",
                    "indices": [
                        38,
                        61
                    ],
                    "url": "https://t.co/NpIgl8yQM2"
                }
            ],
            "user_mentions": []
        },
        "favorite_count": 9,
        "favorited": false,
        "geo": null,
        "id": 1147337835344801792,
        "id_str": "1147337835344801792",
        "in_reply_to_screen_name": null,
        "in_reply_to_status_id": null,
        "in_reply_to_status_id_str": null,
        "in_reply_to_user_id": null,
        "in_reply_to_user_id_str": null,
        "is_quote_status": false,
        "lang": "en",
        "metadata": {
            "iso_language_code": "en",
            "result_type": "recent"
        },
        "place": null,
        "possibly_sensitive": false,
        "retweet_count": 4,
        "retweeted": false,
        "source": "<a href=\"http://twitter.com/#!/download/ipad\" rel=\"nofollow\">Twitter for iPad</a>",
        "text": "Acropolis closed due to heat - ouch!  https://t.co/NpIgl8yQM2",
        "truncated": false,
        "user": {
            "contributors_enabled": false,
            "created_at": "Sun Apr 04 16:11:29 +0000 2010",
            "default_profile": false,
            "default_profile_image": false,
            "description": "IMPERATOR CAESAR DIVI FILIVS #AVGVSTVS, #princeps, optimi status auctor | Marmoream relinquo, quam latericiam accepi | #DeleteFacebook",
            "entities": {
                "description": {
                    "urls": []
                },
                "url": {
                    "urls": [
                        {
                            "display_url": "romanculture.org",
                            "expanded_url": "https://www.romanculture.org/",
                            "indices": [
                                0,
                                23
                            ],
                            "url": "https://t.co/hn6UVEL73e"
                        }
                    ]
                }
            },
            "favourites_count": 4790,
            "follow_request_sent": false,
            "followers_count": 2862,
            "following": false,
            "friends_count": 3,
            "geo_enabled": true,
            "has_extended_profile": true,
            "id": 129531387,
            "id_str": "129531387",
            "is_translation_enabled": false,
            "is_translator": false,
            "lang": null,
            "listed_count": 91,
            "location": "Rome, Lazio",
            "name": "\uff24\uff29\uff36\uff29 \uff21\uff36\uff27\uff36\uff33\uff34\uff29",
            "notifications": false,
            "profile_background_color": "EBEBEB",
            "profile_background_image_url": "http://abs.twimg.com/images/themes/theme1/bg.png",
            "profile_background_image_url_https": "https://abs.twimg.com/images/themes/theme1/bg.png",
            "profile_background_tile": false,
            "profile_banner_url": "https://pbs.twimg.com/profile_banners/129531387/1555893549",
            "profile_image_url": "http://pbs.twimg.com/profile_images/1131536272927973377/TbMqt3Go_normal.jpg",
            "profile_image_url_https": "https://pbs.twimg.com/profile_images/1131536272927973377/TbMqt3Go_normal.jpg",
            "profile_link_color": "990000",
            "profile_sidebar_border_color": "FFFFFF",
            "profile_sidebar_fill_color": "DDEEF6",
            "profile_text_color": "333333",
            "profile_use_background_image": true,
            "protected": false,
            "screen_name": "Divus_Augustus",
            "statuses_count": 7188,
            "time_zone": null,
            "translator_type": "none",
            "url": "https://t.co/hn6UVEL73e",
            "utc_offset": null,
            "verified": false
        }
    },
    "source": "<a href=\"http://twitter.com/download/iphone\" rel=\"nofollow\">Twitter for iPhone</a>",
    "text": "RT @Divus_Augustus: Acropolis closed due to heat - ouch!  https://t.co/NpIgl8yQM2",
    "truncated": false,
    "user": {
        "contributors_enabled": false,
        "created_at": "Sun Nov 06 04:38:30 +0000 2016",
        "default_profile": true,
        "default_profile_image": false,
        "description": "\u56fd\u6587 \u82f1\u65e5\u7ffb\u8a33 \u8056\u66f8 \u5c0f\u8aac\u591a\u8aad \u97f3\u697d\u9451\u8cde \u30c9\u30a4\u30c4\u8a9e\u30a4\u30bf\u30ea\u30a2\u8a9e\u30d5\u30e9\u30f3\u30b9\u8a9e\u30e9\u30c6\u30f3\u8a9e\u597d\u304d \u30ea\u30fc\u30c7\u30a3\u30f3\u30b0\u8a13\u7df4\u4e2d tweeting both English and Japanese. At present Training translation .love classical music",
        "entities": {
            "description": {
                "urls": []
            }
        },
        "favourites_count": 2349,
        "follow_request_sent": false,
        "followers_count": 245,
        "following": false,
        "friends_count": 1582,
        "geo_enabled": false,
        "has_extended_profile": true,
        "id": 795123165374521344,
        "id_str": "795123165374521344",
        "is_translation_enabled": false,
        "is_translator": false,
        "lang": null,
        "listed_count": 2,
        "location": "Tokyo ,Japan",
        "name": "kikurage",
        "notifications": false,
        "profile_background_color": "F5F8FA",
        "profile_background_image_url": null,
        "profile_background_image_url_https": null,
        "profile_background_tile": false,
        "profile_banner_url": "https://pbs.twimg.com/profile_banners/795123165374521344/1478408581",
        "profile_image_url": "http://pbs.twimg.com/profile_images/795129223581081600/py2D1x79_normal.jpg",
        "profile_image_url_https": "https://pbs.twimg.com/profile_images/795129223581081600/py2D1x79_normal.jpg",
        "profile_link_color": "1DA1F2",
        "profile_sidebar_border_color": "C0DEED",
        "profile_sidebar_fill_color": "DDEEF6",
        "profile_text_color": "333333",
        "profile_use_background_image": true,
        "protected": false,
        "screen_name": "yumedono33",
        "statuses_count": 1419,
        "time_zone": null,
        "translator_type": "none",
        "url": null,
        "utc_offset": null,
        "verified": false
    }
}
