{
    "contributors": null,
    "coordinates": null,
    "created_at": "Thu Aug 01 14:19:27 +0000 2019",
    "entities": {
        "hashtags": [],
        "symbols": [],
        "urls": [],
        "user_mentions": [
            {
                "id": 1140241213775384576,
                "id_str": "1140241213775384576",
                "indices": [
                    3,
                    19
                ],
                "name": "Kollege Schn\u00fcrschuh",
                "screen_name": "KollegeSchnrsc3"
            }
        ]
    },
    "favorite_count": 0,
    "favorited": false,
    "geo": null,
    "id": 1156932459369570306,
    "id_str": "1156932459369570306",
    "in_reply_to_screen_name": null,
    "in_reply_to_status_id": null,
    "in_reply_to_status_id_str": null,
    "in_reply_to_user_id": null,
    "in_reply_to_user_id_str": null,
    "is_quote_status": false,
    "lang": "en",
    "metadata": {
        "iso_language_code": "en",
        "result_type": "recent"
    },
    "place": null,
    "retweet_count": 2,
    "retweeted": false,
    "retweeted_status": {
        "contributors": null,
        "coordinates": null,
        "created_at": "Thu Aug 01 14:08:08 +0000 2019",
        "entities": {
            "hashtags": [],
            "symbols": [],
            "urls": [
                {
                    "display_url": "twitter.com/i/web/status/1\u2026",
                    "expanded_url": "https://twitter.com/i/web/status/1156929612456308737",
                    "indices": [
                        117,
                        140
                    ],
                    "url": "https://t.co/RvITma7Gyd"
                }
            ],
            "user_mentions": []
        },
        "favorite_count": 3,
        "favorited": false,
        "geo": null,
        "id": 1156929612456308737,
        "id_str": "1156929612456308737",
        "in_reply_to_screen_name": null,
        "in_reply_to_status_id": null,
        "in_reply_to_status_id_str": null,
        "in_reply_to_user_id": null,
        "in_reply_to_user_id_str": null,
        "is_quote_status": false,
        "lang": "en",
        "metadata": {
            "iso_language_code": "en",
            "result_type": "recent"
        },
        "place": null,
        "retweet_count": 2,
        "retweeted": false,
        "source": "<a href=\"https://mobile.twitter.com\" rel=\"nofollow\">Twitter Web App</a>",
        "text": "anarchists everywhere, show solidarity with companeras in exarchia. fight where you stand.  against alll authority,\u2026 https://t.co/RvITma7Gyd",
        "truncated": true,
        "user": {
            "contributors_enabled": false,
            "created_at": "Sun Jun 16 12:54:24 +0000 2019",
            "default_profile": true,
            "default_profile_image": false,
            "description": "161 hellhound",
            "entities": {
                "description": {
                    "urls": []
                }
            },
            "favourites_count": 211,
            "follow_request_sent": false,
            "followers_count": 22,
            "following": false,
            "friends_count": 182,
            "geo_enabled": false,
            "has_extended_profile": true,
            "id": 1140241213775384576,
            "id_str": "1140241213775384576",
            "is_translation_enabled": false,
            "is_translator": false,
            "lang": null,
            "listed_count": 0,
            "location": "down by the river",
            "name": "Kollege Schn\u00fcrschuh",
            "notifications": false,
            "profile_background_color": "F5F8FA",
            "profile_background_image_url": null,
            "profile_background_image_url_https": null,
            "profile_background_tile": false,
            "profile_banner_url": "https://pbs.twimg.com/profile_banners/1140241213775384576/1560705857",
            "profile_image_url": "http://pbs.twimg.com/profile_images/1140308680484806656/QUUs6DX7_normal.png",
            "profile_image_url_https": "https://pbs.twimg.com/profile_images/1140308680484806656/QUUs6DX7_normal.png",
            "profile_link_color": "1DA1F2",
            "profile_sidebar_border_color": "C0DEED",
            "profile_sidebar_fill_color": "DDEEF6",
            "profile_text_color": "333333",
            "profile_use_background_image": true,
            "protected": false,
            "screen_name": "KollegeSchnrsc3",
            "statuses_count": 638,
            "time_zone": null,
            "translator_type": "none",
            "url": null,
            "utc_offset": null,
            "verified": false
        }
    },
    "source": "<a href=\"http://twitter.com/download/android\" rel=\"nofollow\">Twitter for Android</a>",
    "text": "RT @KollegeSchnrsc3: anarchists everywhere, show solidarity with companeras in exarchia. fight where you stand.  against alll authority, fo\u2026",
    "truncated": false,
    "user": {
        "contributors_enabled": false,
        "created_at": "Wed Aug 21 15:02:07 +0000 2013",
        "default_profile": false,
        "default_profile_image": false,
        "description": "Antinational - Radikal - Autonom -\n\nAnarchiste Jusqu'\u00e0 La Mort! \u2605\u24b6\u2605",
        "entities": {
            "description": {
                "urls": []
            }
        },
        "favourites_count": 3521,
        "follow_request_sent": false,
        "followers_count": 237,
        "following": false,
        "friends_count": 832,
        "geo_enabled": false,
        "has_extended_profile": false,
        "id": 1688494740,
        "id_str": "1688494740",
        "is_translation_enabled": false,
        "is_translator": false,
        "lang": null,
        "listed_count": 1,
        "location": "HeuteHamburg-MorgenMarseille",
        "name": "\u2605AddisAntifascista\u2605",
        "notifications": false,
        "profile_background_color": "000000",
        "profile_background_image_url": "http://abs.twimg.com/images/themes/theme1/bg.png",
        "profile_background_image_url_https": "https://abs.twimg.com/images/themes/theme1/bg.png",
        "profile_background_tile": false,
        "profile_banner_url": "https://pbs.twimg.com/profile_banners/1688494740/1549589103",
        "profile_image_url": "http://pbs.twimg.com/profile_images/1096916222539677696/XmkC_cWh_normal.jpg",
        "profile_image_url_https": "https://pbs.twimg.com/profile_images/1096916222539677696/XmkC_cWh_normal.jpg",
        "profile_link_color": "0084B4",
        "profile_sidebar_border_color": "FFFFFF",
        "profile_sidebar_fill_color": "DDEEF6",
        "profile_text_color": "333333",
        "profile_use_background_image": true,
        "protected": false,
        "screen_name": "AddisAntifa",
        "statuses_count": 1334,
        "time_zone": null,
        "translator_type": "none",
        "url": null,
        "utc_offset": null,
        "verified": false
    }
}
