{
    "contributors": null,
    "coordinates": {
        "coordinates": [
            23.74246,
            37.9733
        ],
        "type": "Point"
    },
    "created_at": "Sun Aug 18 20:56:16 +0000 2019",
    "entities": {
        "hashtags": [
            {
                "indices": [
                    15,
                    22
                ],
                "text": "Athens"
            },
            {
                "indices": [
                    23,
                    33
                ],
                "text": "Olympeion"
            },
            {
                "indices": [
                    34,
                    43
                ],
                "text": "Zappeion"
            },
            {
                "indices": [
                    44,
                    59
                ],
                "text": "NationalGarden"
            },
            {
                "indices": [
                    60,
                    68
                ],
                "text": "Lykeion"
            },
            {
                "indices": [
                    69,
                    86
                ],
                "text": "GreeceCapade2019"
            }
        ],
        "symbols": [],
        "urls": [
            {
                "display_url": "twitter.com/i/web/status/1\u2026",
                "expanded_url": "https://twitter.com/i/web/status/1163192913460785152",
                "indices": [
                    116,
                    139
                ],
                "url": "https://t.co/0N50neQgZO"
            }
        ],
        "user_mentions": []
    },
    "favorite_count": 0,
    "favorited": false,
    "geo": {
        "coordinates": [
            37.9733,
            23.74246
        ],
        "type": "Point"
    },
    "id": 1163192913460785152,
    "id_str": "1163192913460785152",
    "in_reply_to_screen_name": null,
    "in_reply_to_status_id": null,
    "in_reply_to_status_id_str": null,
    "in_reply_to_user_id": null,
    "in_reply_to_user_id_str": null,
    "is_quote_status": false,
    "lang": "en",
    "metadata": {
        "iso_language_code": "en",
        "result_type": "recent"
    },
    "place": {
        "attributes": {},
        "bounding_box": {
            "coordinates": [
                [
                    [
                        22.8905274,
                        35.8224754
                    ],
                    [
                        24.1165237,
                        35.8224754
                    ],
                    [
                        24.1165237,
                        38.3409863
                    ],
                    [
                        22.8905274,
                        38.3409863
                    ]
                ]
            ],
            "type": "Polygon"
        },
        "contained_within": [],
        "country": "Hellas",
        "country_code": "GR",
        "full_name": "Attiki, Greece",
        "id": "00279a5763b04e35",
        "name": "Attiki",
        "place_type": "admin",
        "url": "https://api.twitter.com/1.1/geo/id/00279a5763b04e35.json"
    },
    "possibly_sensitive": false,
    "retweet_count": 0,
    "retweeted": false,
    "source": "<a href=\"http://instagram.com\" rel=\"nofollow\">Instagram</a>",
    "text": "Day 1. Part 2. #Athens #Olympeion #Zappeion #NationalGarden #Lykeion #GreeceCapade2019 \ud83c\uddec\ud83c\uddf7 @ Archaeological Site of\u2026 https://t.co/0N50neQgZO",
    "truncated": true,
    "user": {
        "contributors_enabled": false,
        "created_at": "Mon Sep 14 12:23:09 +0000 2009",
        "default_profile": false,
        "default_profile_image": false,
        "description": "I love @Xtina & @Kelly_Clarkson... and @DisneyPixar movies! #Filipino #LaSallian #CPA #StateAuditor #Bookworm #FilmBuff #MusicFan #Marvelite #Carlaholic",
        "entities": {
            "description": {
                "urls": []
            },
            "url": {
                "urls": [
                    {
                        "display_url": "facebook.com/james.fabellon",
                        "expanded_url": "http://www.facebook.com/james.fabellon",
                        "indices": [
                            0,
                            22
                        ],
                        "url": "http://t.co/yX8sgMsWiC"
                    }
                ]
            }
        },
        "favourites_count": 21179,
        "follow_request_sent": false,
        "followers_count": 186,
        "following": false,
        "friends_count": 180,
        "geo_enabled": true,
        "has_extended_profile": true,
        "id": 74142861,
        "id_str": "74142861",
        "is_translation_enabled": false,
        "is_translator": false,
        "lang": null,
        "listed_count": 5,
        "location": "Bulacan, Philippines",
        "name": "James Fabellon",
        "notifications": false,
        "profile_background_color": "000000",
        "profile_background_image_url": "http://abs.twimg.com/images/themes/theme9/bg.gif",
        "profile_background_image_url_https": "https://abs.twimg.com/images/themes/theme9/bg.gif",
        "profile_background_tile": false,
        "profile_banner_url": "https://pbs.twimg.com/profile_banners/74142861/1546937969",
        "profile_image_url": "http://pbs.twimg.com/profile_images/1082564643598434305/cFkyODPV_normal.jpg",
        "profile_image_url_https": "https://pbs.twimg.com/profile_images/1082564643598434305/cFkyODPV_normal.jpg",
        "profile_link_color": "545351",
        "profile_sidebar_border_color": "000000",
        "profile_sidebar_fill_color": "222927",
        "profile_text_color": "F6F4EC",
        "profile_use_background_image": true,
        "protected": false,
        "screen_name": "JamesFabellon",
        "statuses_count": 3015,
        "time_zone": null,
        "translator_type": "none",
        "url": "http://t.co/yX8sgMsWiC",
        "utc_offset": null,
        "verified": false
    }
}
