{
    "contributors": null,
    "coordinates": null,
    "created_at": "Tue Jun 25 17:01:33 +0000 2019",
    "entities": {
        "hashtags": [
            {
                "indices": [
                    117,
                    134
                ],
                "text": "returnthemarbles"
            }
        ],
        "symbols": [],
        "urls": [],
        "user_mentions": [
            {
                "id": 1357072916,
                "id_str": "1357072916",
                "indices": [
                    3,
                    13
                ],
                "name": "Jim Mellas",
                "screen_name": "jimmellas"
            }
        ]
    },
    "favorite_count": 0,
    "favorited": false,
    "geo": null,
    "id": 1143564899085275136,
    "id_str": "1143564899085275136",
    "in_reply_to_screen_name": null,
    "in_reply_to_status_id": null,
    "in_reply_to_status_id_str": null,
    "in_reply_to_user_id": null,
    "in_reply_to_user_id_str": null,
    "is_quote_status": false,
    "lang": "en",
    "metadata": {
        "iso_language_code": "en",
        "result_type": "recent"
    },
    "place": null,
    "retweet_count": 6,
    "retweeted": false,
    "retweeted_status": {
        "contributors": null,
        "coordinates": null,
        "created_at": "Tue Jun 25 11:38:37 +0000 2019",
        "entities": {
            "hashtags": [],
            "symbols": [],
            "urls": [
                {
                    "display_url": "twitter.com/i/web/status/1\u2026",
                    "expanded_url": "https://twitter.com/i/web/status/1143483631114936320",
                    "indices": [
                        103,
                        126
                    ],
                    "url": "https://t.co/WHUG3qlU60"
                }
            ],
            "user_mentions": []
        },
        "favorite_count": 18,
        "favorited": false,
        "geo": null,
        "id": 1143483631114936320,
        "id_str": "1143483631114936320",
        "in_reply_to_screen_name": null,
        "in_reply_to_status_id": null,
        "in_reply_to_status_id_str": null,
        "in_reply_to_user_id": null,
        "in_reply_to_user_id_str": null,
        "is_quote_status": false,
        "lang": "en",
        "metadata": {
            "iso_language_code": "en",
            "result_type": "recent"
        },
        "place": {
            "attributes": {},
            "bounding_box": {
                "coordinates": [
                    [
                        [
                            144.593741856,
                            -38.433859306
                        ],
                        [
                            145.512528832,
                            -38.433859306
                        ],
                        [
                            145.512528832,
                            -37.5112737225
                        ],
                        [
                            144.593741856,
                            -37.5112737225
                        ]
                    ]
                ],
                "type": "Polygon"
            },
            "contained_within": [],
            "country": "Australia",
            "country_code": "AU",
            "full_name": "Melbourne, Victoria",
            "id": "01864a8a64df9dc4",
            "name": "Melbourne",
            "place_type": "city",
            "url": "https://api.twitter.com/1.1/geo/id/01864a8a64df9dc4.json"
        },
        "possibly_sensitive": false,
        "retweet_count": 6,
        "retweeted": false,
        "source": "<a href=\"http://twitter.com/download/iphone\" rel=\"nofollow\">Twitter for iPhone</a>",
        "text": "The Greek Freak Giannis Antetokounmpo voted the NBA\u2019s MVP today has the Parthenon close to his heart!\u2026 https://t.co/WHUG3qlU60",
        "truncated": true,
        "user": {
            "contributors_enabled": false,
            "created_at": "Tue Apr 16 14:52:55 +0000 2013",
            "default_profile": true,
            "default_profile_image": false,
            "description": "Barrister, Commentator, Activist and Free Speech Campaigner",
            "entities": {
                "description": {
                    "urls": []
                },
                "url": {
                    "urls": [
                        {
                            "display_url": "vicbar.com.au/profile?4433",
                            "expanded_url": "http://www.vicbar.com.au/profile?4433",
                            "indices": [
                                0,
                                23
                            ],
                            "url": "https://t.co/ghgedwCrMX"
                        }
                    ]
                }
            },
            "favourites_count": 2789,
            "follow_request_sent": false,
            "followers_count": 1828,
            "following": false,
            "friends_count": 4507,
            "geo_enabled": true,
            "has_extended_profile": false,
            "id": 1357072916,
            "id_str": "1357072916",
            "is_translation_enabled": false,
            "is_translator": false,
            "lang": "en",
            "listed_count": 22,
            "location": "Melbourne",
            "name": "Jim Mellas",
            "notifications": false,
            "profile_background_color": "C0DEED",
            "profile_background_image_url": "http://abs.twimg.com/images/themes/theme1/bg.png",
            "profile_background_image_url_https": "https://abs.twimg.com/images/themes/theme1/bg.png",
            "profile_background_tile": false,
            "profile_banner_url": "https://pbs.twimg.com/profile_banners/1357072916/1534866149",
            "profile_image_url": "http://pbs.twimg.com/profile_images/944696663108591616/_A77B789_normal.jpg",
            "profile_image_url_https": "https://pbs.twimg.com/profile_images/944696663108591616/_A77B789_normal.jpg",
            "profile_link_color": "1DA1F2",
            "profile_sidebar_border_color": "C0DEED",
            "profile_sidebar_fill_color": "DDEEF6",
            "profile_text_color": "333333",
            "profile_use_background_image": true,
            "protected": false,
            "screen_name": "jimmellas",
            "statuses_count": 1289,
            "time_zone": null,
            "translator_type": "none",
            "url": "https://t.co/ghgedwCrMX",
            "utc_offset": null,
            "verified": false
        }
    },
    "source": "<a href=\"http://twitter.com/download/android\" rel=\"nofollow\">Twitter for Android</a>",
    "text": "RT @jimmellas: The Greek Freak Giannis Antetokounmpo voted the NBA\u2019s MVP today has the Parthenon close to his heart! #returnthemarbles #par\u2026",
    "truncated": false,
    "user": {
        "contributors_enabled": false,
        "created_at": "Wed May 16 03:55:41 +0000 2018",
        "default_profile": true,
        "default_profile_image": false,
        "description": "My way...",
        "entities": {
            "description": {
                "urls": []
            }
        },
        "favourites_count": 108912,
        "follow_request_sent": false,
        "followers_count": 1196,
        "following": false,
        "friends_count": 513,
        "geo_enabled": true,
        "has_extended_profile": true,
        "id": 996600045536411648,
        "id_str": "996600045536411648",
        "is_translation_enabled": false,
        "is_translator": false,
        "lang": "es",
        "listed_count": 1,
        "location": "Palermo.",
        "name": "Jes\u00fas Rold\u00e1n",
        "notifications": false,
        "profile_background_color": "F5F8FA",
        "profile_background_image_url": null,
        "profile_background_image_url_https": null,
        "profile_background_tile": false,
        "profile_banner_url": "https://pbs.twimg.com/profile_banners/996600045536411648/1526445380",
        "profile_image_url": "http://pbs.twimg.com/profile_images/1016040698506665984/SATjJQ3q_normal.jpg",
        "profile_image_url_https": "https://pbs.twimg.com/profile_images/1016040698506665984/SATjJQ3q_normal.jpg",
        "profile_link_color": "1DA1F2",
        "profile_sidebar_border_color": "C0DEED",
        "profile_sidebar_fill_color": "DDEEF6",
        "profile_text_color": "333333",
        "profile_use_background_image": true,
        "protected": false,
        "screen_name": "JessRoldn8",
        "statuses_count": 82697,
        "time_zone": null,
        "translator_type": "none",
        "url": null,
        "utc_offset": null,
        "verified": false
    }
}
