{
    "contributors": null,
    "coordinates": null,
    "created_at": "Tue Jul 02 07:51:24 +0000 2019",
    "entities": {
        "hashtags": [],
        "symbols": [],
        "urls": [
            {
                "display_url": "twitter.com/i/web/status/1\u2026",
                "expanded_url": "https://twitter.com/i/web/status/1145963165370462208",
                "indices": [
                    117,
                    140
                ],
                "url": "https://t.co/d4HHywVQGo"
            }
        ],
        "user_mentions": [
            {
                "id": 1341440672,
                "id_str": "1341440672",
                "indices": [
                    0,
                    15
                ],
                "name": "F Chatzistavrou",
                "screen_name": "FChatzistavrou"
            }
        ]
    },
    "favorite_count": 0,
    "favorited": false,
    "geo": null,
    "id": 1145963165370462208,
    "id_str": "1145963165370462208",
    "in_reply_to_screen_name": "FChatzistavrou",
    "in_reply_to_status_id": null,
    "in_reply_to_status_id_str": null,
    "in_reply_to_user_id": 1341440672,
    "in_reply_to_user_id_str": "1341440672",
    "is_quote_status": false,
    "lang": "en",
    "metadata": {
        "iso_language_code": "en",
        "result_type": "recent"
    },
    "place": null,
    "possibly_sensitive": false,
    "retweet_count": 0,
    "retweeted": false,
    "source": "<a href=\"http://twitter.com/download/android\" rel=\"nofollow\">Twitter for Android</a>",
    "text": "@FChatzistavrou lectures on differentiated membership, governance and membership in the EU, focusing on the disinte\u2026 https://t.co/d4HHywVQGo",
    "truncated": true,
    "user": {
        "contributors_enabled": false,
        "created_at": "Mon Oct 03 12:46:11 +0000 2011",
        "default_profile": false,
        "default_profile_image": false,
        "description": "PhD Candidate & Junior Research Fellow, Institute of European Integration and Policy @uoaofficial\nMSc Political Science: Int'l Organization @PolSciLeiden",
        "entities": {
            "description": {
                "urls": []
            }
        },
        "favourites_count": 195,
        "follow_request_sent": false,
        "followers_count": 76,
        "following": false,
        "friends_count": 263,
        "geo_enabled": false,
        "has_extended_profile": true,
        "id": 384295931,
        "id_str": "384295931",
        "is_translation_enabled": false,
        "is_translator": false,
        "lang": "el",
        "listed_count": 0,
        "location": "Athens, Greece",
        "name": "George Dikaios",
        "notifications": false,
        "profile_background_color": "709397",
        "profile_background_image_url": "http://abs.twimg.com/images/themes/theme6/bg.gif",
        "profile_background_image_url_https": "https://abs.twimg.com/images/themes/theme6/bg.gif",
        "profile_background_tile": false,
        "profile_banner_url": "https://pbs.twimg.com/profile_banners/384295931/1556987935",
        "profile_image_url": "http://pbs.twimg.com/profile_images/1096222083867205632/VQMMv1MP_normal.jpg",
        "profile_image_url_https": "https://pbs.twimg.com/profile_images/1096222083867205632/VQMMv1MP_normal.jpg",
        "profile_link_color": "1B95E0",
        "profile_sidebar_border_color": "86A4A6",
        "profile_sidebar_fill_color": "A0C5C7",
        "profile_text_color": "17038A",
        "profile_use_background_image": true,
        "protected": false,
        "screen_name": "GeorgeDikaios",
        "statuses_count": 78,
        "time_zone": null,
        "translator_type": "none",
        "url": null,
        "utc_offset": null,
        "verified": false
    }
}
