{
    "contributors": null,
    "coordinates": null,
    "created_at": "Sat Aug 17 11:53:32 +0000 2019",
    "entities": {
        "hashtags": [],
        "symbols": [],
        "urls": [
            {
                "display_url": "twitter.com/ExarcheiaT/sta\u2026",
                "expanded_url": "https://twitter.com/ExarcheiaT/status/1157663046208278530",
                "indices": [
                    50,
                    73
                ],
                "url": "https://t.co/NVORCYcZeW"
            }
        ],
        "user_mentions": [
            {
                "id": 1000717076183568385,
                "id_str": "1000717076183568385",
                "indices": [
                    3,
                    16
                ],
                "name": "Omerta Distri",
                "screen_name": "OmertaDistri"
            }
        ]
    },
    "favorite_count": 0,
    "favorited": false,
    "geo": null,
    "id": 1162693944494481408,
    "id_str": "1162693944494481408",
    "in_reply_to_screen_name": null,
    "in_reply_to_status_id": null,
    "in_reply_to_status_id_str": null,
    "in_reply_to_user_id": null,
    "in_reply_to_user_id_str": null,
    "is_quote_status": true,
    "lang": "en",
    "metadata": {
        "iso_language_code": "en",
        "result_type": "recent"
    },
    "place": null,
    "possibly_sensitive": false,
    "quoted_status_id": 1157663046208278530,
    "quoted_status_id_str": "1157663046208278530",
    "retweet_count": 2,
    "retweeted": false,
    "retweeted_status": {
        "contributors": null,
        "coordinates": null,
        "created_at": "Sat Aug 17 11:53:10 +0000 2019",
        "entities": {
            "hashtags": [],
            "symbols": [],
            "urls": [
                {
                    "display_url": "twitter.com/ExarcheiaT/sta\u2026",
                    "expanded_url": "https://twitter.com/ExarcheiaT/status/1157663046208278530",
                    "indices": [
                        32,
                        55
                    ],
                    "url": "https://t.co/NVORCYcZeW"
                }
            ],
            "user_mentions": []
        },
        "favorite_count": 2,
        "favorited": false,
        "geo": null,
        "id": 1162693850877562880,
        "id_str": "1162693850877562880",
        "in_reply_to_screen_name": null,
        "in_reply_to_status_id": null,
        "in_reply_to_status_id_str": null,
        "in_reply_to_user_id": null,
        "in_reply_to_user_id_str": null,
        "is_quote_status": true,
        "lang": "en",
        "metadata": {
            "iso_language_code": "en",
            "result_type": "recent"
        },
        "place": null,
        "possibly_sensitive": false,
        "quoted_status": {
            "contributors": null,
            "coordinates": null,
            "created_at": "Sat Aug 03 14:42:33 +0000 2019",
            "entities": {
                "hashtags": [
                    {
                        "indices": [
                            51,
                            62
                        ],
                        "text": "antireport"
                    },
                    {
                        "indices": [
                            63,
                            70
                        ],
                        "text": "airbnb"
                    },
                    {
                        "indices": [
                            71,
                            78
                        ],
                        "text": "athens"
                    },
                    {
                        "indices": [
                            80,
                            90
                        ],
                        "text": "exarcheia"
                    }
                ],
                "media": [
                    {
                        "display_url": "pic.twitter.com/MM3RnaSEw8",
                        "expanded_url": "https://twitter.com/ExarcheiaT/status/1157663046208278530/video/1",
                        "id": 1157662562818899968,
                        "id_str": "1157662562818899968",
                        "indices": [
                            116,
                            139
                        ],
                        "media_url": "http://pbs.twimg.com/ext_tw_video_thumb/1157662562818899968/pu/img/0IXFyyrcfbJY50Q3.jpg",
                        "media_url_https": "https://pbs.twimg.com/ext_tw_video_thumb/1157662562818899968/pu/img/0IXFyyrcfbJY50Q3.jpg",
                        "sizes": {
                            "large": {
                                "h": 360,
                                "resize": "fit",
                                "w": 640
                            },
                            "medium": {
                                "h": 360,
                                "resize": "fit",
                                "w": 640
                            },
                            "small": {
                                "h": 360,
                                "resize": "fit",
                                "w": 640
                            },
                            "thumb": {
                                "h": 150,
                                "resize": "crop",
                                "w": 150
                            }
                        },
                        "type": "photo",
                        "url": "https://t.co/MM3RnaSEw8"
                    }
                ],
                "symbols": [],
                "urls": [
                    {
                        "display_url": "youtu.be/Tz_vsjSN3tU",
                        "expanded_url": "https://youtu.be/Tz_vsjSN3tU",
                        "indices": [
                            92,
                            115
                        ],
                        "url": "https://t.co/eKbZhZcWdz"
                    }
                ],
                "user_mentions": []
            },
            "extended_entities": {
                "media": [
                    {
                        "additional_media_info": {
                            "monetizable": false
                        },
                        "display_url": "pic.twitter.com/MM3RnaSEw8",
                        "expanded_url": "https://twitter.com/ExarcheiaT/status/1157663046208278530/video/1",
                        "id": 1157662562818899968,
                        "id_str": "1157662562818899968",
                        "indices": [
                            116,
                            139
                        ],
                        "media_url": "http://pbs.twimg.com/ext_tw_video_thumb/1157662562818899968/pu/img/0IXFyyrcfbJY50Q3.jpg",
                        "media_url_https": "https://pbs.twimg.com/ext_tw_video_thumb/1157662562818899968/pu/img/0IXFyyrcfbJY50Q3.jpg",
                        "sizes": {
                            "large": {
                                "h": 360,
                                "resize": "fit",
                                "w": 640
                            },
                            "medium": {
                                "h": 360,
                                "resize": "fit",
                                "w": 640
                            },
                            "small": {
                                "h": 360,
                                "resize": "fit",
                                "w": 640
                            },
                            "thumb": {
                                "h": 150,
                                "resize": "crop",
                                "w": 150
                            }
                        },
                        "type": "video",
                        "url": "https://t.co/MM3RnaSEw8",
                        "video_info": {
                            "aspect_ratio": [
                                16,
                                9
                            ],
                            "duration_millis": 20166,
                            "variants": [
                                {
                                    "bitrate": 832000,
                                    "content_type": "video/mp4",
                                    "url": "https://video.twimg.com/ext_tw_video/1157662562818899968/pu/vid/640x360/lVBYYlftS0H4-2n8.mp4?tag=10"
                                },
                                {
                                    "content_type": "application/x-mpegURL",
                                    "url": "https://video.twimg.com/ext_tw_video/1157662562818899968/pu/pl/AHzEA_pSxFCVvBY_.m3u8?tag=10"
                                },
                                {
                                    "bitrate": 256000,
                                    "content_type": "video/mp4",
                                    "url": "https://video.twimg.com/ext_tw_video/1157662562818899968/pu/vid/480x270/aX1-F08cK0YlRPMK.mp4?tag=10"
                                }
                            ]
                        }
                    }
                ]
            },
            "favorite_count": 73,
            "favorited": false,
            "geo": null,
            "id": 1157663046208278530,
            "id_str": "1157663046208278530",
            "in_reply_to_screen_name": null,
            "in_reply_to_status_id": null,
            "in_reply_to_status_id_str": null,
            "in_reply_to_user_id": null,
            "in_reply_to_user_id_str": null,
            "is_quote_status": false,
            "lang": "en",
            "metadata": {
                "iso_language_code": "en",
                "result_type": "recent"
            },
            "place": null,
            "possibly_sensitive": false,
            "retweet_count": 40,
            "retweeted": false,
            "source": "<a href=\"http://twitter.com/download/android\" rel=\"nofollow\">Twitter for Android</a>",
            "text": "\"Come to Exarcheia they said\" clip from full video\n#antireport\n#airbnb\n#athens \n#exarcheia\n\nhttps://t.co/eKbZhZcWdz https://t.co/MM3RnaSEw8",
            "truncated": false,
            "user": {
                "contributors_enabled": false,
                "created_at": "Wed Mar 20 13:18:31 +0000 2019",
                "default_profile": true,
                "default_profile_image": false,
                "description": "ET is an anti authoritarian grouping of individuals defining, defending, expanding and progressing the alternative & rebellious vision of Exarcheia.",
                "entities": {
                    "description": {
                        "urls": []
                    }
                },
                "favourites_count": 185,
                "follow_request_sent": false,
                "followers_count": 1179,
                "following": false,
                "friends_count": 418,
                "geo_enabled": false,
                "has_extended_profile": true,
                "id": 1108357150324207622,
                "id_str": "1108357150324207622",
                "is_translation_enabled": false,
                "is_translator": false,
                "lang": null,
                "listed_count": 8,
                "location": "Exarcheia, Athens ",
                "name": "Exarcheia Tourism    #airbnburn",
                "notifications": false,
                "profile_background_color": "F5F8FA",
                "profile_background_image_url": null,
                "profile_background_image_url_https": null,
                "profile_background_tile": false,
                "profile_banner_url": "https://pbs.twimg.com/profile_banners/1108357150324207622/1553088474",
                "profile_image_url": "http://pbs.twimg.com/profile_images/1108357223149944832/U1eQ6wzc_normal.png",
                "profile_image_url_https": "https://pbs.twimg.com/profile_images/1108357223149944832/U1eQ6wzc_normal.png",
                "profile_link_color": "1DA1F2",
                "profile_sidebar_border_color": "C0DEED",
                "profile_sidebar_fill_color": "DDEEF6",
                "profile_text_color": "333333",
                "profile_use_background_image": true,
                "protected": false,
                "screen_name": "ExarcheiaT",
                "statuses_count": 316,
                "time_zone": null,
                "translator_type": "none",
                "url": null,
                "utc_offset": null,
                "verified": false
            }
        },
        "quoted_status_id": 1157663046208278530,
        "quoted_status_id_str": "1157663046208278530",
        "retweet_count": 2,
        "retweeted": false,
        "source": "<a href=\"https://mobile.twitter.com\" rel=\"nofollow\">Twitter Web App</a>",
        "text": "Tourist welcome to Exarchia \ud83d\ude0d\ud83d\ude18\ud83d\ude18 https://t.co/NVORCYcZeW",
        "truncated": false,
        "user": {
            "contributors_enabled": false,
            "created_at": "Sun May 27 12:35:18 +0000 2018",
            "default_profile": true,
            "default_profile_image": false,
            "description": "Distribuidora antiautoritaria a un autobus entre Madrid y Barcelona. No venimos a hacer pol\u00edtica, sino lo que queramos. OmertaDistriAntiautoritaria@gmail.com",
            "entities": {
                "description": {
                    "urls": []
                }
            },
            "favourites_count": 247,
            "follow_request_sent": false,
            "followers_count": 675,
            "following": false,
            "friends_count": 42,
            "geo_enabled": false,
            "has_extended_profile": false,
            "id": 1000717076183568385,
            "id_str": "1000717076183568385",
            "is_translation_enabled": false,
            "is_translator": false,
            "lang": null,
            "listed_count": 4,
            "location": "",
            "name": "Omerta Distri",
            "notifications": false,
            "profile_background_color": "F5F8FA",
            "profile_background_image_url": null,
            "profile_background_image_url_https": null,
            "profile_background_tile": false,
            "profile_banner_url": "https://pbs.twimg.com/profile_banners/1000717076183568385/1527503929",
            "profile_image_url": "http://pbs.twimg.com/profile_images/1008564059317374977/B0mX56Wf_normal.jpg",
            "profile_image_url_https": "https://pbs.twimg.com/profile_images/1008564059317374977/B0mX56Wf_normal.jpg",
            "profile_link_color": "1DA1F2",
            "profile_sidebar_border_color": "C0DEED",
            "profile_sidebar_fill_color": "DDEEF6",
            "profile_text_color": "333333",
            "profile_use_background_image": true,
            "protected": false,
            "screen_name": "OmertaDistri",
            "statuses_count": 2613,
            "time_zone": null,
            "translator_type": "none",
            "url": null,
            "utc_offset": null,
            "verified": false
        }
    },
    "source": "<a href=\"https://mobile.twitter.com\" rel=\"nofollow\">Twitter Web App</a>",
    "text": "RT @OmertaDistri: Tourist welcome to Exarchia \ud83d\ude0d\ud83d\ude18\ud83d\ude18 https://t.co/NVORCYcZeW",
    "truncated": false,
    "user": {
        "contributors_enabled": false,
        "created_at": "Mon Jun 27 17:55:48 +0000 2011",
        "default_profile": false,
        "default_profile_image": false,
        "description": "Aunque nac\u00ed en el seno de una familia acomodada, pronto descubr\u00ed el PUNK, y quem\u00e9 nuestra mansi\u00f3n con toda mi familia dentro.",
        "entities": {
            "description": {
                "urls": []
            }
        },
        "favourites_count": 95023,
        "follow_request_sent": false,
        "followers_count": 2449,
        "following": false,
        "friends_count": 1205,
        "geo_enabled": false,
        "has_extended_profile": false,
        "id": 325071311,
        "id_str": "325071311",
        "is_translation_enabled": false,
        "is_translator": false,
        "lang": null,
        "listed_count": 72,
        "location": "Barcelona",
        "name": "\ud83c\udd7aing \ud83c\udd7cob \ud83c\udff4\u200d\u2620\ufe0f",
        "notifications": false,
        "profile_background_color": "131516",
        "profile_background_image_url": "http://abs.twimg.com/images/themes/theme14/bg.gif",
        "profile_background_image_url_https": "https://abs.twimg.com/images/themes/theme14/bg.gif",
        "profile_background_tile": false,
        "profile_banner_url": "https://pbs.twimg.com/profile_banners/325071311/1466556455",
        "profile_image_url": "http://pbs.twimg.com/profile_images/1003343918807900160/C3ZuK-8v_normal.jpg",
        "profile_image_url_https": "https://pbs.twimg.com/profile_images/1003343918807900160/C3ZuK-8v_normal.jpg",
        "profile_link_color": "009999",
        "profile_sidebar_border_color": "FFFFFF",
        "profile_sidebar_fill_color": "EFEFEF",
        "profile_text_color": "333333",
        "profile_use_background_image": true,
        "protected": false,
        "screen_name": "KingMobcn",
        "statuses_count": 83448,
        "time_zone": null,
        "translator_type": "none",
        "url": null,
        "utc_offset": null,
        "verified": false
    }
}
