{
    "contributors": null,
    "coordinates": null,
    "created_at": "Thu Aug 01 12:46:00 +0000 2019",
    "entities": {
        "hashtags": [],
        "symbols": [],
        "urls": [
            {
                "display_url": "twitter.com/i/web/status/1\u2026",
                "expanded_url": "https://twitter.com/i/web/status/1156908939440795649",
                "indices": [
                    117,
                    140
                ],
                "url": "https://t.co/iYQkXteAs4"
            }
        ],
        "user_mentions": [
            {
                "id": 466292441,
                "id_str": "466292441",
                "indices": [
                    0,
                    7
                ],
                "name": "J",
                "screen_name": "jdmw98"
            },
            {
                "id": 20543416,
                "id_str": "20543416",
                "indices": [
                    8,
                    21
                ],
                "name": "BBC Newsnight",
                "screen_name": "BBCNewsnight"
            },
            {
                "id": 1586183960,
                "id_str": "1586183960",
                "indices": [
                    22,
                    29
                ],
                "name": "BBC Two",
                "screen_name": "BBCTwo"
            },
            {
                "id": 115206058,
                "id_str": "115206058",
                "indices": [
                    30,
                    46
                ],
                "name": "Elizabeth Glinka",
                "screen_name": "ElizabethGlinka"
            }
        ]
    },
    "favorite_count": 0,
    "favorited": false,
    "geo": null,
    "id": 1156908939440795649,
    "id_str": "1156908939440795649",
    "in_reply_to_screen_name": "jdmw98",
    "in_reply_to_status_id": 1156907060598059008,
    "in_reply_to_status_id_str": "1156907060598059008",
    "in_reply_to_user_id": 466292441,
    "in_reply_to_user_id_str": "466292441",
    "is_quote_status": false,
    "lang": "en",
    "metadata": {
        "iso_language_code": "en",
        "result_type": "recent"
    },
    "place": null,
    "retweet_count": 0,
    "retweeted": false,
    "source": "<a href=\"http://twitter.com/download/android\" rel=\"nofollow\">Twitter for Android</a>",
    "text": "@jdmw98 @BBCNewsnight @BBCTwo @ElizabethGlinka Every day? Everything negative? Nothing about riots in France, the b\u2026 https://t.co/iYQkXteAs4",
    "truncated": true,
    "user": {
        "contributors_enabled": false,
        "created_at": "Mon Apr 30 14:12:11 +0000 2018",
        "default_profile": true,
        "default_profile_image": false,
        "description": "I help employers in the EU find, hire , transition and relocate workers from other EU countries. Currently working for NHS",
        "entities": {
            "description": {
                "urls": []
            }
        },
        "favourites_count": 2649,
        "follow_request_sent": false,
        "followers_count": 270,
        "following": false,
        "friends_count": 1257,
        "geo_enabled": true,
        "has_extended_profile": false,
        "id": 990956986752790528,
        "id_str": "990956986752790528",
        "is_translation_enabled": false,
        "is_translator": false,
        "lang": null,
        "listed_count": 2,
        "location": "London, England",
        "name": "Nick",
        "notifications": false,
        "profile_background_color": "F5F8FA",
        "profile_background_image_url": null,
        "profile_background_image_url_https": null,
        "profile_background_tile": false,
        "profile_banner_url": "https://pbs.twimg.com/profile_banners/990956986752790528/1525098590",
        "profile_image_url": "http://pbs.twimg.com/profile_images/990960114650755073/EQaSYQLO_normal.jpg",
        "profile_image_url_https": "https://pbs.twimg.com/profile_images/990960114650755073/EQaSYQLO_normal.jpg",
        "profile_link_color": "1DA1F2",
        "profile_sidebar_border_color": "C0DEED",
        "profile_sidebar_fill_color": "DDEEF6",
        "profile_text_color": "333333",
        "profile_use_background_image": true,
        "protected": false,
        "screen_name": "EUHire1000",
        "statuses_count": 10338,
        "time_zone": null,
        "translator_type": "none",
        "url": null,
        "utc_offset": null,
        "verified": false
    }
}
