{
    "contributors": null,
    "coordinates": null,
    "created_at": "Mon Jul 01 08:59:25 +0000 2019",
    "entities": {
        "hashtags": [
            {
                "indices": [
                    58,
                    68
                ],
                "text": "Auschwitz"
            },
            {
                "indices": [
                    89,
                    96
                ],
                "text": "Athens"
            }
        ],
        "symbols": [],
        "urls": [],
        "user_mentions": [
            {
                "id": 791171058573402112,
                "id_str": "791171058573402112",
                "indices": [
                    3,
                    19
                ],
                "name": "Auschwitz Exhibition",
                "screen_name": "auschwitzxhibit"
            }
        ]
    },
    "favorite_count": 0,
    "favorited": false,
    "geo": null,
    "id": 1145617895474380800,
    "id_str": "1145617895474380800",
    "in_reply_to_screen_name": null,
    "in_reply_to_status_id": null,
    "in_reply_to_status_id_str": null,
    "in_reply_to_user_id": null,
    "in_reply_to_user_id_str": null,
    "is_quote_status": false,
    "lang": "en",
    "metadata": {
        "iso_language_code": "en",
        "result_type": "recent"
    },
    "place": null,
    "retweet_count": 13,
    "retweeted": false,
    "retweeted_status": {
        "contributors": null,
        "coordinates": null,
        "created_at": "Mon Jul 01 00:30:08 +0000 2019",
        "entities": {
            "hashtags": [
                {
                    "indices": [
                        37,
                        47
                    ],
                    "text": "Auschwitz"
                },
                {
                    "indices": [
                        68,
                        75
                    ],
                    "text": "Athens"
                }
            ],
            "symbols": [],
            "urls": [
                {
                    "display_url": "twitter.com/i/web/status/1\u2026",
                    "expanded_url": "https://twitter.com/i/web/status/1145489731595264000",
                    "indices": [
                        116,
                        139
                    ],
                    "url": "https://t.co/qhfqdshLbi"
                }
            ],
            "user_mentions": []
        },
        "favorite_count": 12,
        "favorited": false,
        "geo": null,
        "id": 1145489731595264000,
        "id_str": "1145489731595264000",
        "in_reply_to_screen_name": null,
        "in_reply_to_status_id": null,
        "in_reply_to_status_id_str": null,
        "in_reply_to_user_id": null,
        "in_reply_to_user_id_str": null,
        "is_quote_status": false,
        "lang": "en",
        "metadata": {
            "iso_language_code": "en",
            "result_type": "recent"
        },
        "place": null,
        "possibly_sensitive": false,
        "retweet_count": 13,
        "retweeted": false,
        "source": "<a href=\"https://www.hootsuite.com\" rel=\"nofollow\">Hootsuite Inc.</a>",
        "text": "June 30, 1944 | 2,044 Jews arrive in #Auschwitz in a transport from #Athens and Corfu Island. After selection, 446\u2026 https://t.co/qhfqdshLbi",
        "truncated": true,
        "user": {
            "contributors_enabled": false,
            "created_at": "Wed Oct 26 06:54:14 +0000 2016",
            "default_profile": false,
            "default_profile_image": false,
            "description": "Official account from the Auschwitz Exhibition\u25aa\ufe0fCuenta oficial de la exposici\u00f3n Auschwitz\u25aa\ufe0f",
            "entities": {
                "description": {
                    "urls": []
                }
            },
            "favourites_count": 2688,
            "follow_request_sent": false,
            "followers_count": 4360,
            "following": false,
            "friends_count": 150,
            "geo_enabled": true,
            "has_extended_profile": false,
            "id": 791171058573402112,
            "id_str": "791171058573402112",
            "is_translation_enabled": false,
            "is_translator": false,
            "lang": "es",
            "listed_count": 43,
            "location": "",
            "name": "Auschwitz Exhibition",
            "notifications": false,
            "profile_background_color": "000000",
            "profile_background_image_url": "http://abs.twimg.com/images/themes/theme1/bg.png",
            "profile_background_image_url_https": "https://abs.twimg.com/images/themes/theme1/bg.png",
            "profile_background_tile": false,
            "profile_banner_url": "https://pbs.twimg.com/profile_banners/791171058573402112/1557417243",
            "profile_image_url": "http://pbs.twimg.com/profile_images/1093538653484265472/5RKTIvZG_normal.jpg",
            "profile_image_url_https": "https://pbs.twimg.com/profile_images/1093538653484265472/5RKTIvZG_normal.jpg",
            "profile_link_color": "ABB8C2",
            "profile_sidebar_border_color": "000000",
            "profile_sidebar_fill_color": "000000",
            "profile_text_color": "000000",
            "profile_use_background_image": false,
            "protected": false,
            "screen_name": "auschwitzxhibit",
            "statuses_count": 3879,
            "time_zone": null,
            "translator_type": "none",
            "url": null,
            "utc_offset": null,
            "verified": false
        }
    },
    "source": "<a href=\"http://twitter.com/download/iphone\" rel=\"nofollow\">Twitter for iPhone</a>",
    "text": "RT @auschwitzxhibit: June 30, 1944 | 2,044 Jews arrive in #Auschwitz in a transport from #Athens and Corfu Island. After selection, 446 men\u2026",
    "truncated": false,
    "user": {
        "contributors_enabled": false,
        "created_at": "Tue May 05 06:16:10 +0000 2009",
        "default_profile": false,
        "default_profile_image": false,
        "description": "Big foodies! Chatterbox! Love my friends and family :) And might love sleeping too much! XD Instagram/Tumblr: MSUSpartanKing",
        "entities": {
            "description": {
                "urls": []
            },
            "url": {
                "urls": [
                    {
                        "display_url": "instagram.com/msuspartanking/",
                        "expanded_url": "https://www.instagram.com/msuspartanking/",
                        "indices": [
                            0,
                            23
                        ],
                        "url": "https://t.co/7ZpR6vhBK0"
                    }
                ]
            }
        },
        "favourites_count": 3153,
        "follow_request_sent": false,
        "followers_count": 251,
        "following": false,
        "friends_count": 818,
        "geo_enabled": true,
        "has_extended_profile": true,
        "id": 37871107,
        "id_str": "37871107",
        "is_translation_enabled": false,
        "is_translator": false,
        "lang": "en",
        "listed_count": 26,
        "location": "Hong Kong",
        "name": "King Leung",
        "notifications": false,
        "profile_background_color": "EDECE9",
        "profile_background_image_url": "http://abs.twimg.com/images/themes/theme3/bg.gif",
        "profile_background_image_url_https": "https://abs.twimg.com/images/themes/theme3/bg.gif",
        "profile_background_tile": false,
        "profile_banner_url": "https://pbs.twimg.com/profile_banners/37871107/1393310312",
        "profile_image_url": "http://pbs.twimg.com/profile_images/1138291008955805697/l-yB10Ce_normal.jpg",
        "profile_image_url_https": "https://pbs.twimg.com/profile_images/1138291008955805697/l-yB10Ce_normal.jpg",
        "profile_link_color": "088253",
        "profile_sidebar_border_color": "D3D2CF",
        "profile_sidebar_fill_color": "E3E2DE",
        "profile_text_color": "634047",
        "profile_use_background_image": true,
        "protected": false,
        "screen_name": "king_msu",
        "statuses_count": 13879,
        "time_zone": null,
        "translator_type": "none",
        "url": "https://t.co/7ZpR6vhBK0",
        "utc_offset": null,
        "verified": false
    }
}
