{
    "contributors": null,
    "coordinates": null,
    "created_at": "Mon Jul 01 07:19:41 +0000 2019",
    "entities": {
        "hashtags": [],
        "symbols": [],
        "urls": [],
        "user_mentions": []
    },
    "favorite_count": 0,
    "favorited": false,
    "geo": null,
    "id": 1145592796960579584,
    "id_str": "1145592796960579584",
    "in_reply_to_screen_name": "dyonlieone",
    "in_reply_to_status_id": 1145590084177035270,
    "in_reply_to_status_id_str": "1145590084177035270",
    "in_reply_to_user_id": 1014549973784932352,
    "in_reply_to_user_id_str": "1014549973784932352",
    "is_quote_status": false,
    "lang": "en",
    "metadata": {
        "iso_language_code": "en",
        "result_type": "recent"
    },
    "place": null,
    "retweet_count": 0,
    "retweeted": false,
    "source": "<a href=\"http://twitter.com\" rel=\"nofollow\">Twitter Web Client</a>",
    "text": "SOUNDS LIKE CRAZY AND SIRANG PLAKA BUT HEYYYYY I FEEL LIKE I'M THE HAPPIEST FAN IN THE WHOLE WIDE WORLD!!!",
    "truncated": false,
    "user": {
        "contributors_enabled": false,
        "created_at": "Wed Jul 04 16:42:17 +0000 2018",
        "default_profile": false,
        "default_profile_image": false,
        "description": "\u1d1b\u1d0f\u0262\u1d07\u1d1b\u029c\u1d07\u0280, \u0299\u1d07\u026a\u0274\u0262 \u1d0f\u0274\u1d07 \ud83d\udc4d\u261d [ editor ] \ud835\udc08 \ud835\udc2c\ud835\udc2d\ud835\udc1a\ud835\udc27 \ud835\udc0b\ud835\udc04\ud835\udc06\ud835\udc04\ud835\udc0d\ud835\udc03\ud835\udc00\ud835\udc11\ud835\udc18 \ud835\udc0a\ud835\udc08\ud835\udc0d\ud835\udc06\ud835\udc12 \ud83d\udc51 \uc5d1\uc18c \u2022 \ud835\udc30\ud835\udc21\ud835\udc28 \ud835\udc25\ud835\udc28\ud835\udc2f\ud835\udc1e\ud835\udc2c \ud835\udc28\ud835\udc2d\ud835\udfd7  [ a fan account ] \u27af \u2022 \ud835\ude60\ud835\ude56\ud835\ude5e\ud835\ude68\ud835\ude64\ud835\ude64 \ud835\ude5b\ud835\ude64\ud835\ude67 \ud835\ude61\ud835\ude5e\ud835\ude5b",
        "entities": {
            "description": {
                "urls": []
            }
        },
        "favourites_count": 975,
        "follow_request_sent": false,
        "followers_count": 68,
        "following": false,
        "friends_count": 111,
        "geo_enabled": false,
        "has_extended_profile": false,
        "id": 1014549973784932352,
        "id_str": "1014549973784932352",
        "is_translation_enabled": false,
        "is_translator": false,
        "lang": "en",
        "listed_count": 0,
        "location": "military. ia.",
        "name": "\ud835\udcec\ud835\udcf5\ud835\udcea\ud835\udcf7\ud835\udcf0 \u3147_\u3147, THAT'S OKAY\ud83d\udc27",
        "notifications": false,
        "profile_background_color": "000000",
        "profile_background_image_url": "http://abs.twimg.com/images/themes/theme1/bg.png",
        "profile_background_image_url_https": "https://abs.twimg.com/images/themes/theme1/bg.png",
        "profile_background_tile": false,
        "profile_banner_url": "https://pbs.twimg.com/profile_banners/1014549973784932352/1561736659",
        "profile_image_url": "http://pbs.twimg.com/profile_images/1145586558608662528/u9fb3XB7_normal.png",
        "profile_image_url_https": "https://pbs.twimg.com/profile_images/1145586558608662528/u9fb3XB7_normal.png",
        "profile_link_color": "5D5560",
        "profile_sidebar_border_color": "000000",
        "profile_sidebar_fill_color": "000000",
        "profile_text_color": "000000",
        "profile_use_background_image": false,
        "protected": false,
        "screen_name": "dyonlieone",
        "statuses_count": 1080,
        "time_zone": null,
        "translator_type": "none",
        "url": null,
        "utc_offset": null,
        "verified": false
    }
}
