{
    "contributors": null,
    "coordinates": {
        "coordinates": [
            23.726,
            37.971
        ],
        "type": "Point"
    },
    "created_at": "Tue Jun 25 12:39:57 +0000 2019",
    "entities": {
        "hashtags": [
            {
                "indices": [
                    10,
                    17
                ],
                "text": "Athens"
            },
            {
                "indices": [
                    19,
                    26
                ],
                "text": "Greece"
            }
        ],
        "symbols": [],
        "urls": [
            {
                "display_url": "twitter.com/i/web/status/1\u2026",
                "expanded_url": "https://twitter.com/i/web/status/1143499065608589315",
                "indices": [
                    116,
                    139
                ],
                "url": "https://t.co/ZnAaw86PR1"
            }
        ],
        "user_mentions": []
    },
    "favorite_count": 0,
    "favorited": false,
    "geo": {
        "coordinates": [
            37.971,
            23.726
        ],
        "type": "Point"
    },
    "id": 1143499065608589315,
    "id_str": "1143499065608589315",
    "in_reply_to_screen_name": null,
    "in_reply_to_status_id": null,
    "in_reply_to_status_id_str": null,
    "in_reply_to_user_id": null,
    "in_reply_to_user_id_str": null,
    "is_quote_status": false,
    "lang": "en",
    "metadata": {
        "iso_language_code": "en",
        "result_type": "recent"
    },
    "place": {
        "attributes": {},
        "bounding_box": {
            "coordinates": [
                [
                    [
                        22.8905274,
                        35.8224754
                    ],
                    [
                        24.1165237,
                        35.8224754
                    ],
                    [
                        24.1165237,
                        38.3409863
                    ],
                    [
                        22.8905274,
                        38.3409863
                    ]
                ]
            ],
            "type": "Polygon"
        },
        "contained_within": [],
        "country": "Hellas",
        "country_code": "GR",
        "full_name": "Attiki, Greece",
        "id": "00279a5763b04e35",
        "name": "Attiki",
        "place_type": "admin",
        "url": "https://api.twitter.com/1.1/geo/id/00279a5763b04e35.json"
    },
    "possibly_sensitive": false,
    "retweet_count": 0,
    "retweeted": false,
    "source": "<a href=\"http://instagram.com\" rel=\"nofollow\">Instagram</a>",
    "text": "Today was #Athens, #Greece. Although the heat and wind were an issue I\u2019m pretty sure I was able to shoot some good\u2026 https://t.co/ZnAaw86PR1",
    "truncated": true,
    "user": {
        "contributors_enabled": false,
        "created_at": "Mon Sep 18 21:51:23 +0000 2017",
        "default_profile": false,
        "default_profile_image": false,
        "description": "\ud83c\udf0e International Travel Photographer \ud83d\uddfa Travel Writer & Guide \ud83d\udcf8 27 Countries Covered \ud83d\udee9 Next Destination: Greece \u267b\ufe0f I #FollowBackAlway",
        "entities": {
            "description": {
                "urls": []
            },
            "url": {
                "urls": [
                    {
                        "display_url": "instagram.com/jimlipinskipho\u2026",
                        "expanded_url": "https://www.instagram.com/jimlipinskiphoto",
                        "indices": [
                            0,
                            23
                        ],
                        "url": "https://t.co/2JFqYCrhcj"
                    }
                ]
            }
        },
        "favourites_count": 6323,
        "follow_request_sent": false,
        "followers_count": 1949,
        "following": false,
        "friends_count": 1959,
        "geo_enabled": true,
        "has_extended_profile": true,
        "id": 909897664535433217,
        "id_str": "909897664535433217",
        "is_translation_enabled": false,
        "is_translator": false,
        "lang": "en",
        "listed_count": 4,
        "location": "United States",
        "name": "Photography by Jim Lipinski",
        "notifications": false,
        "profile_background_color": "000000",
        "profile_background_image_url": "http://abs.twimg.com/images/themes/theme1/bg.png",
        "profile_background_image_url_https": "https://abs.twimg.com/images/themes/theme1/bg.png",
        "profile_background_tile": false,
        "profile_banner_url": "https://pbs.twimg.com/profile_banners/909897664535433217/1556763530",
        "profile_image_url": "http://pbs.twimg.com/profile_images/1112033325898702853/X-3us0yd_normal.png",
        "profile_image_url_https": "https://pbs.twimg.com/profile_images/1112033325898702853/X-3us0yd_normal.png",
        "profile_link_color": "ABB8C2",
        "profile_sidebar_border_color": "000000",
        "profile_sidebar_fill_color": "000000",
        "profile_text_color": "000000",
        "profile_use_background_image": false,
        "protected": false,
        "screen_name": "JLipinskiPhoto",
        "statuses_count": 136,
        "time_zone": null,
        "translator_type": "none",
        "url": "https://t.co/2JFqYCrhcj",
        "utc_offset": null,
        "verified": false
    }
}
