{
    "contributors": null,
    "coordinates": null,
    "created_at": "Mon Jul 01 11:17:48 +0000 2019",
    "entities": {
        "hashtags": [
            {
                "indices": [
                    84,
                    90
                ],
                "text": "Plaka"
            },
            {
                "indices": [
                    108,
                    115
                ],
                "text": "Athens"
            }
        ],
        "symbols": [],
        "urls": [],
        "user_mentions": [
            {
                "id": 2192921828,
                "id_str": "2192921828",
                "indices": [
                    3,
                    17
                ],
                "name": "Greece \u0395\u03bb\u03bb\u03ac\u03c2 \u0413\u0440\u0435\u0446\u0438\u044f",
                "screen_name": "GreekPictures"
            }
        ]
    },
    "favorite_count": 0,
    "favorited": false,
    "geo": null,
    "id": 1145652721116205056,
    "id_str": "1145652721116205056",
    "in_reply_to_screen_name": null,
    "in_reply_to_status_id": null,
    "in_reply_to_status_id_str": null,
    "in_reply_to_user_id": null,
    "in_reply_to_user_id_str": null,
    "is_quote_status": false,
    "lang": "en",
    "metadata": {
        "iso_language_code": "en",
        "result_type": "recent"
    },
    "place": null,
    "retweet_count": 19,
    "retweeted": false,
    "retweeted_status": {
        "contributors": null,
        "coordinates": null,
        "created_at": "Sat Jun 15 09:36:59 +0000 2019",
        "entities": {
            "hashtags": [
                {
                    "indices": [
                        65,
                        71
                    ],
                    "text": "Plaka"
                },
                {
                    "indices": [
                        89,
                        96
                    ],
                    "text": "Athens"
                }
            ],
            "symbols": [],
            "urls": [
                {
                    "display_url": "twitter.com/i/web/status/1\u2026",
                    "expanded_url": "https://twitter.com/i/web/status/1139829143925735424",
                    "indices": [
                        117,
                        140
                    ],
                    "url": "https://t.co/ChTjrmP1H3"
                }
            ],
            "user_mentions": []
        },
        "favorite_count": 73,
        "favorited": false,
        "geo": null,
        "id": 1139829143925735424,
        "id_str": "1139829143925735424",
        "in_reply_to_screen_name": null,
        "in_reply_to_status_id": null,
        "in_reply_to_status_id_str": null,
        "in_reply_to_user_id": null,
        "in_reply_to_user_id_str": null,
        "is_quote_status": false,
        "lang": "en",
        "metadata": {
            "iso_language_code": "en",
            "result_type": "recent"
        },
        "place": null,
        "possibly_sensitive": false,
        "retweet_count": 19,
        "retweeted": false,
        "source": "<a href=\"http://twitter.com/download/android\" rel=\"nofollow\">Twitter for Android</a>",
        "text": "No, it's not an alley from a Greek island, it's a narrow road in #Plaka, the old part of #Athens under the Acropoli\u2026 https://t.co/ChTjrmP1H3",
        "truncated": true,
        "user": {
            "contributors_enabled": false,
            "created_at": "Wed Nov 13 20:55:06 +0000 2013",
            "default_profile": false,
            "default_profile_image": false,
            "description": "Greece in Pictures. Amazing images. #Grecia #Griekenland  #\u05d9\u05d5\u05d5\u05df #Grekland  #\u5e0c\u814a #Gr\u00e8ce  #\u0413\u0440\u0447\u043a\u0430 #\u0413\u0440\u0435\u0446\u0456\u044f #Yunanistan #\u30ae\u30ea\u30b7\u30e3 #Griechenland  #\u064a\u0648\u0646\u0627\u0646",
            "entities": {
                "description": {
                    "urls": []
                },
                "url": {
                    "urls": [
                        {
                            "display_url": "facebook.com/GreekPictures",
                            "expanded_url": "https://www.facebook.com/GreekPictures",
                            "indices": [
                                0,
                                23
                            ],
                            "url": "https://t.co/NVOYaHFv5u"
                        }
                    ]
                }
            },
            "favourites_count": 2733,
            "follow_request_sent": false,
            "followers_count": 1830,
            "following": false,
            "friends_count": 266,
            "geo_enabled": false,
            "has_extended_profile": false,
            "id": 2192921828,
            "id_str": "2192921828",
            "is_translation_enabled": false,
            "is_translator": false,
            "lang": "en",
            "listed_count": 36,
            "location": "",
            "name": "Greece \u0395\u03bb\u03bb\u03ac\u03c2 \u0413\u0440\u0435\u0446\u0438\u044f",
            "notifications": false,
            "profile_background_color": "C0DEED",
            "profile_background_image_url": "http://abs.twimg.com/images/themes/theme1/bg.png",
            "profile_background_image_url_https": "https://abs.twimg.com/images/themes/theme1/bg.png",
            "profile_background_tile": false,
            "profile_banner_url": "https://pbs.twimg.com/profile_banners/2192921828/1464730689",
            "profile_image_url": "http://pbs.twimg.com/profile_images/378800000736510475/67d40ca08b5f25c18515eb0b1c91342a_normal.png",
            "profile_image_url_https": "https://pbs.twimg.com/profile_images/378800000736510475/67d40ca08b5f25c18515eb0b1c91342a_normal.png",
            "profile_link_color": "0084B4",
            "profile_sidebar_border_color": "FFFFFF",
            "profile_sidebar_fill_color": "DDEEF6",
            "profile_text_color": "333333",
            "profile_use_background_image": true,
            "protected": false,
            "screen_name": "GreekPictures",
            "statuses_count": 1598,
            "time_zone": null,
            "translator_type": "none",
            "url": "https://t.co/NVOYaHFv5u",
            "utc_offset": null,
            "verified": false
        }
    },
    "source": "<a href=\"http://twitter.com/download/iphone\" rel=\"nofollow\">Twitter for iPhone</a>",
    "text": "RT @GreekPictures: No, it's not an alley from a Greek island, it's a narrow road in #Plaka, the old part of #Athens under the Acropolis. ht\u2026",
    "truncated": false,
    "user": {
        "contributors_enabled": false,
        "created_at": "Fri Mar 13 14:10:16 +0000 2009",
        "default_profile": false,
        "default_profile_image": false,
        "description": "And you can dream...So dream out loud...And don't let the bastards grind you down!!!!",
        "entities": {
            "description": {
                "urls": []
            },
            "url": {
                "urls": [
                    {
                        "display_url": "twitter.com/search?q=from%\u2026",
                        "expanded_url": "https://twitter.com/search?q=from%3A%40PartyGirl_Laura%20exclude%3Areplies&src=typd",
                        "indices": [
                            0,
                            23
                        ],
                        "url": "https://t.co/BdDxYlEr5U"
                    }
                ]
            }
        },
        "favourites_count": 168959,
        "follow_request_sent": false,
        "followers_count": 3636,
        "following": false,
        "friends_count": 1599,
        "geo_enabled": false,
        "has_extended_profile": true,
        "id": 24175724,
        "id_str": "24175724",
        "is_translation_enabled": false,
        "is_translator": false,
        "lang": "en",
        "listed_count": 56,
        "location": "",
        "name": "\u2605Laura\u2605",
        "notifications": false,
        "profile_background_color": "0A0305",
        "profile_background_image_url": "http://abs.twimg.com/images/themes/theme20/bg.png",
        "profile_background_image_url_https": "https://abs.twimg.com/images/themes/theme20/bg.png",
        "profile_background_tile": false,
        "profile_banner_url": "https://pbs.twimg.com/profile_banners/24175724/1550239033",
        "profile_image_url": "http://pbs.twimg.com/profile_images/1143120866701729793/jxmwnqp5_normal.jpg",
        "profile_image_url_https": "https://pbs.twimg.com/profile_images/1143120866701729793/jxmwnqp5_normal.jpg",
        "profile_link_color": "BF1238",
        "profile_sidebar_border_color": "000000",
        "profile_sidebar_fill_color": "EFEFEF",
        "profile_text_color": "333333",
        "profile_use_background_image": true,
        "protected": false,
        "screen_name": "PartyGirl_Laura",
        "statuses_count": 74721,
        "time_zone": null,
        "translator_type": "none",
        "url": "https://t.co/BdDxYlEr5U",
        "utc_offset": null,
        "verified": false
    }
}
