{
    "contributors": null,
    "coordinates": null,
    "created_at": "Thu Aug 01 14:06:30 +0000 2019",
    "entities": {
        "hashtags": [],
        "symbols": [],
        "urls": [],
        "user_mentions": [
            {
                "id": 298652581,
                "id_str": "298652581",
                "indices": [
                    3,
                    12
                ],
                "name": "Enough 14",
                "screen_name": "enough14"
            },
            {
                "id": 298652581,
                "id_str": "298652581",
                "indices": [
                    110,
                    119
                ],
                "name": "Enough 14",
                "screen_name": "enough14"
            }
        ]
    },
    "favorite_count": 0,
    "favorited": false,
    "geo": null,
    "id": 1156929201141948416,
    "id_str": "1156929201141948416",
    "in_reply_to_screen_name": null,
    "in_reply_to_status_id": null,
    "in_reply_to_status_id_str": null,
    "in_reply_to_user_id": null,
    "in_reply_to_user_id_str": null,
    "is_quote_status": false,
    "lang": "en",
    "metadata": {
        "iso_language_code": "en",
        "result_type": "recent"
    },
    "place": null,
    "retweet_count": 23,
    "retweeted": false,
    "retweeted_status": {
        "contributors": null,
        "coordinates": null,
        "created_at": "Thu Aug 01 12:06:22 +0000 2019",
        "entities": {
            "hashtags": [],
            "symbols": [],
            "urls": [
                {
                    "display_url": "twitter.com/i/web/status/1\u2026",
                    "expanded_url": "https://twitter.com/i/web/status/1156898964840620034",
                    "indices": [
                        116,
                        139
                    ],
                    "url": "https://t.co/Imwo8H2MHQ"
                }
            ],
            "user_mentions": [
                {
                    "id": 298652581,
                    "id_str": "298652581",
                    "indices": [
                        96,
                        105
                    ],
                    "name": "Enough 14",
                    "screen_name": "enough14"
                }
            ]
        },
        "favorite_count": 17,
        "favorited": false,
        "geo": null,
        "id": 1156898964840620034,
        "id_str": "1156898964840620034",
        "in_reply_to_screen_name": null,
        "in_reply_to_status_id": null,
        "in_reply_to_status_id_str": null,
        "in_reply_to_user_id": null,
        "in_reply_to_user_id_str": null,
        "is_quote_status": false,
        "lang": "en",
        "metadata": {
            "iso_language_code": "en",
            "result_type": "recent"
        },
        "place": null,
        "possibly_sensitive": false,
        "retweet_count": 23,
        "retweeted": false,
        "source": "<a href=\"https://mobile.twitter.com\" rel=\"nofollow\">Twitter Web App</a>",
        "text": "Greek territory: The hunt for anarchists has begun - Piece by Yannis Youlountas - Translated by @enough14 from the\u2026 https://t.co/Imwo8H2MHQ",
        "truncated": true,
        "user": {
            "contributors_enabled": false,
            "created_at": "Sat May 14 17:57:25 +0000 2011",
            "default_profile": false,
            "default_profile_image": false,
            "description": "Its time to revolt!",
            "entities": {
                "description": {
                    "urls": []
                },
                "url": {
                    "urls": [
                        {
                            "display_url": "enoughisenough14.org",
                            "expanded_url": "https://enoughisenough14.org",
                            "indices": [
                                0,
                                23
                            ],
                            "url": "https://t.co/xV3QvhQ3R1"
                        }
                    ]
                }
            },
            "favourites_count": 7696,
            "follow_request_sent": false,
            "followers_count": 18169,
            "following": false,
            "friends_count": 1000,
            "geo_enabled": true,
            "has_extended_profile": false,
            "id": 298652581,
            "id_str": "298652581",
            "is_translation_enabled": false,
            "is_translator": false,
            "lang": null,
            "listed_count": 419,
            "location": "Planet Earth",
            "name": "Enough 14",
            "notifications": false,
            "profile_background_color": "000000",
            "profile_background_image_url": "http://abs.twimg.com/images/themes/theme1/bg.png",
            "profile_background_image_url_https": "https://abs.twimg.com/images/themes/theme1/bg.png",
            "profile_background_tile": true,
            "profile_banner_url": "https://pbs.twimg.com/profile_banners/298652581/1538545773",
            "profile_image_url": "http://pbs.twimg.com/profile_images/1047361937850421248/yWCml7l4_normal.jpg",
            "profile_image_url_https": "https://pbs.twimg.com/profile_images/1047361937850421248/yWCml7l4_normal.jpg",
            "profile_link_color": "FA0000",
            "profile_sidebar_border_color": "FFFFFF",
            "profile_sidebar_fill_color": "E0DCF5",
            "profile_text_color": "050505",
            "profile_use_background_image": true,
            "protected": false,
            "screen_name": "enough14",
            "statuses_count": 56970,
            "time_zone": null,
            "translator_type": "none",
            "url": "https://t.co/xV3QvhQ3R1",
            "utc_offset": null,
            "verified": false
        }
    },
    "source": "<a href=\"https://mobile.twitter.com\" rel=\"nofollow\">Twitter Web App</a>",
    "text": "RT @enough14: Greek territory: The hunt for anarchists has begun - Piece by Yannis Youlountas - Translated by @enough14 from the German ver\u2026",
    "truncated": false,
    "user": {
        "contributors_enabled": false,
        "created_at": "Sun Jun 16 12:54:24 +0000 2019",
        "default_profile": true,
        "default_profile_image": false,
        "description": "161 hellhound",
        "entities": {
            "description": {
                "urls": []
            }
        },
        "favourites_count": 211,
        "follow_request_sent": false,
        "followers_count": 22,
        "following": false,
        "friends_count": 182,
        "geo_enabled": false,
        "has_extended_profile": true,
        "id": 1140241213775384576,
        "id_str": "1140241213775384576",
        "is_translation_enabled": false,
        "is_translator": false,
        "lang": null,
        "listed_count": 0,
        "location": "down by the river",
        "name": "Kollege Schn\u00fcrschuh",
        "notifications": false,
        "profile_background_color": "F5F8FA",
        "profile_background_image_url": null,
        "profile_background_image_url_https": null,
        "profile_background_tile": false,
        "profile_banner_url": "https://pbs.twimg.com/profile_banners/1140241213775384576/1560705857",
        "profile_image_url": "http://pbs.twimg.com/profile_images/1140308680484806656/QUUs6DX7_normal.png",
        "profile_image_url_https": "https://pbs.twimg.com/profile_images/1140308680484806656/QUUs6DX7_normal.png",
        "profile_link_color": "1DA1F2",
        "profile_sidebar_border_color": "C0DEED",
        "profile_sidebar_fill_color": "DDEEF6",
        "profile_text_color": "333333",
        "profile_use_background_image": true,
        "protected": false,
        "screen_name": "KollegeSchnrsc3",
        "statuses_count": 635,
        "time_zone": null,
        "translator_type": "none",
        "url": null,
        "utc_offset": null,
        "verified": false
    }
}
