{
    "contributors": null,
    "coordinates": null,
    "created_at": "Mon Jul 01 15:40:12 +0000 2019",
    "entities": {
        "hashtags": [
            {
                "indices": [
                    81,
                    88
                ],
                "text": "Athens"
            }
        ],
        "symbols": [],
        "urls": [
            {
                "display_url": "search.jobcast.net/Share/Job39871\u2026",
                "expanded_url": "http://search.jobcast.net/Share/Job3987114?source=Twitter%20(%40greece_jobs",
                "indices": [
                    55,
                    78
                ],
                "url": "https://t.co/4KSXKPjDsg"
            }
        ],
        "user_mentions": []
    },
    "favorite_count": 0,
    "favorited": false,
    "geo": null,
    "id": 1145718757739782144,
    "id_str": "1145718757739782144",
    "in_reply_to_screen_name": null,
    "in_reply_to_status_id": null,
    "in_reply_to_status_id_str": null,
    "in_reply_to_user_id": null,
    "in_reply_to_user_id_str": null,
    "is_quote_status": false,
    "lang": "en",
    "metadata": {
        "iso_language_code": "en",
        "result_type": "recent"
    },
    "place": null,
    "possibly_sensitive": false,
    "retweet_count": 0,
    "retweeted": false,
    "source": "<a href=\"http://www.jobcast.net/\" rel=\"nofollow\">Jobcast.net</a>",
    "text": "Swedish Customer Care Advisor To Sunny Athens - Greece https://t.co/4KSXKPjDsg)  #Athens",
    "truncated": false,
    "user": {
        "contributors_enabled": false,
        "created_at": "Mon Aug 29 08:24:10 +0000 2016",
        "default_profile": true,
        "default_profile_image": false,
        "description": "#Athens #aggeliesergasias #\u03b5\u03c1\u03b3\u03b1\u03c3\u03b9\u03b1 #jobsearch #offer #vacancy  #job #expat | job offers are automatically posted | Contact us at @europelangjobs",
        "entities": {
            "description": {
                "urls": []
            },
            "url": {
                "urls": [
                    {
                        "display_url": "europelanguagejobs.com",
                        "expanded_url": "http://www.europelanguagejobs.com/",
                        "indices": [
                            0,
                            23
                        ],
                        "url": "https://t.co/qKL09ZLgCS"
                    }
                ]
            }
        },
        "favourites_count": 0,
        "follow_request_sent": false,
        "followers_count": 274,
        "following": false,
        "friends_count": 27,
        "geo_enabled": false,
        "has_extended_profile": false,
        "id": 770175195717992449,
        "id_str": "770175195717992449",
        "is_translation_enabled": false,
        "is_translator": false,
        "lang": "en",
        "listed_count": 4,
        "location": "Greece",
        "name": "Jobs in Greece",
        "notifications": false,
        "profile_background_color": "F5F8FA",
        "profile_background_image_url": null,
        "profile_background_image_url_https": null,
        "profile_background_tile": false,
        "profile_banner_url": "https://pbs.twimg.com/profile_banners/770175195717992449/1472459162",
        "profile_image_url": "http://pbs.twimg.com/profile_images/770175596064346112/6dmdLLcB_normal.jpg",
        "profile_image_url_https": "https://pbs.twimg.com/profile_images/770175596064346112/6dmdLLcB_normal.jpg",
        "profile_link_color": "1DA1F2",
        "profile_sidebar_border_color": "C0DEED",
        "profile_sidebar_fill_color": "DDEEF6",
        "profile_text_color": "333333",
        "profile_use_background_image": true,
        "protected": false,
        "screen_name": "greece_jobs",
        "statuses_count": 4596,
        "time_zone": null,
        "translator_type": "none",
        "url": "https://t.co/qKL09ZLgCS",
        "utc_offset": null,
        "verified": false
    }
}
