{
    "contributors": null,
    "coordinates": null,
    "created_at": "Mon Jul 01 18:06:13 +0000 2019",
    "entities": {
        "hashtags": [
            {
                "indices": [
                    41,
                    47
                ],
                "text": "Dawgs"
            }
        ],
        "symbols": [],
        "urls": [],
        "user_mentions": [
            {
                "id": 1531260889,
                "id_str": "1531260889",
                "indices": [
                    3,
                    12
                ],
                "name": "Georgia Track&Field",
                "screen_name": "UGATrack"
            },
            {
                "id": 34369690,
                "id_str": "34369690",
                "indices": [
                    90,
                    99
                ],
                "name": "Gatorade",
                "screen_name": "Gatorade"
            }
        ]
    },
    "favorite_count": 0,
    "favorited": false,
    "geo": null,
    "id": 1145755501776560128,
    "id_str": "1145755501776560128",
    "in_reply_to_screen_name": null,
    "in_reply_to_status_id": null,
    "in_reply_to_status_id_str": null,
    "in_reply_to_user_id": null,
    "in_reply_to_user_id_str": null,
    "is_quote_status": false,
    "lang": "en",
    "metadata": {
        "iso_language_code": "en",
        "result_type": "recent"
    },
    "place": null,
    "retweet_count": 16,
    "retweeted": false,
    "retweeted_status": {
        "contributors": null,
        "coordinates": null,
        "created_at": "Mon Jul 01 16:29:50 +0000 2019",
        "entities": {
            "hashtags": [
                {
                    "indices": [
                        27,
                        33
                    ],
                    "text": "Dawgs"
                }
            ],
            "symbols": [],
            "urls": [
                {
                    "display_url": "twitter.com/i/web/status/1\u2026",
                    "expanded_url": "https://twitter.com/i/web/status/1145731247379034117",
                    "indices": [
                        121,
                        144
                    ],
                    "url": "https://t.co/NQmJQZfyNV"
                }
            ],
            "user_mentions": [
                {
                    "id": 34369690,
                    "id_str": "34369690",
                    "indices": [
                        76,
                        85
                    ],
                    "name": "Gatorade",
                    "screen_name": "Gatorade"
                }
            ]
        },
        "favorite_count": 116,
        "favorited": false,
        "geo": null,
        "id": 1145731247379034117,
        "id_str": "1145731247379034117",
        "in_reply_to_screen_name": null,
        "in_reply_to_status_id": null,
        "in_reply_to_status_id_str": null,
        "in_reply_to_user_id": null,
        "in_reply_to_user_id_str": null,
        "is_quote_status": false,
        "lang": "en",
        "metadata": {
            "iso_language_code": "en",
            "result_type": "recent"
        },
        "place": null,
        "possibly_sensitive": false,
        "retweet_count": 16,
        "retweeted": false,
        "source": "<a href=\"http://twitter.com\" rel=\"nofollow\">Twitter Web Client</a>",
        "text": "And to complete the \ud83e\uddf9\ud83e\uddf9...\n\n#Dawgs' signee Matthew Boling has been named the @Gatorade National/Texas Boys T&amp;F Athle\u2026 https://t.co/NQmJQZfyNV",
        "truncated": true,
        "user": {
            "contributors_enabled": false,
            "created_at": "Wed Jun 19 15:58:33 +0000 2013",
            "default_profile": false,
            "default_profile_image": false,
            "description": "Official Twitter Account of Georgia Track & Field and Cross Country \ud83c\udfc6 2018 Indoor National Champions \ud83c\udfc6 2018 Outdoor National Champions",
            "entities": {
                "description": {
                    "urls": []
                },
                "url": {
                    "urls": [
                        {
                            "display_url": "georgiadogs.com",
                            "expanded_url": "http://georgiadogs.com",
                            "indices": [
                                0,
                                23
                            ],
                            "url": "https://t.co/EHXxXHESO0"
                        }
                    ]
                }
            },
            "favourites_count": 668,
            "follow_request_sent": false,
            "followers_count": 8830,
            "following": false,
            "friends_count": 185,
            "geo_enabled": false,
            "has_extended_profile": false,
            "id": 1531260889,
            "id_str": "1531260889",
            "is_translation_enabled": false,
            "is_translator": false,
            "lang": "en",
            "listed_count": 90,
            "location": "Athens, GA",
            "name": "Georgia Track&Field",
            "notifications": false,
            "profile_background_color": "C0DEED",
            "profile_background_image_url": "http://abs.twimg.com/images/themes/theme1/bg.png",
            "profile_background_image_url_https": "https://abs.twimg.com/images/themes/theme1/bg.png",
            "profile_background_tile": false,
            "profile_banner_url": "https://pbs.twimg.com/profile_banners/1531260889/1547480504",
            "profile_image_url": "http://pbs.twimg.com/profile_images/1039937487408427008/ua9Rr-UL_normal.jpg",
            "profile_image_url_https": "https://pbs.twimg.com/profile_images/1039937487408427008/ua9Rr-UL_normal.jpg",
            "profile_link_color": "DD2E44",
            "profile_sidebar_border_color": "000000",
            "profile_sidebar_fill_color": "DDEEF6",
            "profile_text_color": "333333",
            "profile_use_background_image": true,
            "protected": false,
            "screen_name": "UGATrack",
            "statuses_count": 6786,
            "time_zone": null,
            "translator_type": "none",
            "url": "https://t.co/EHXxXHESO0",
            "utc_offset": null,
            "verified": true
        }
    },
    "source": "<a href=\"https://mobile.twitter.com\" rel=\"nofollow\">Twitter Web App</a>",
    "text": "RT @UGATrack: And to complete the \ud83e\uddf9\ud83e\uddf9...\n\n#Dawgs' signee Matthew Boling has been named the @Gatorade National/Texas Boys T&amp;F Athlete of the\u2026",
    "truncated": false,
    "user": {
        "contributors_enabled": false,
        "created_at": "Wed Feb 01 23:29:15 +0000 2012",
        "default_profile": true,
        "default_profile_image": false,
        "description": "",
        "entities": {
            "description": {
                "urls": []
            }
        },
        "favourites_count": 1010,
        "follow_request_sent": false,
        "followers_count": 20,
        "following": false,
        "friends_count": 320,
        "geo_enabled": true,
        "has_extended_profile": false,
        "id": 480826069,
        "id_str": "480826069",
        "is_translation_enabled": false,
        "is_translator": false,
        "lang": "en",
        "listed_count": 0,
        "location": "Earth ",
        "name": "Kit Smith",
        "notifications": false,
        "profile_background_color": "C0DEED",
        "profile_background_image_url": "http://abs.twimg.com/images/themes/theme1/bg.png",
        "profile_background_image_url_https": "https://abs.twimg.com/images/themes/theme1/bg.png",
        "profile_background_tile": false,
        "profile_banner_url": "https://pbs.twimg.com/profile_banners/480826069/1494434243",
        "profile_image_url": "http://pbs.twimg.com/profile_images/862345837426429953/nJ49Utwl_normal.jpg",
        "profile_image_url_https": "https://pbs.twimg.com/profile_images/862345837426429953/nJ49Utwl_normal.jpg",
        "profile_link_color": "1DA1F2",
        "profile_sidebar_border_color": "C0DEED",
        "profile_sidebar_fill_color": "DDEEF6",
        "profile_text_color": "333333",
        "profile_use_background_image": true,
        "protected": false,
        "screen_name": "chriskitsmith",
        "statuses_count": 1307,
        "time_zone": null,
        "translator_type": "none",
        "url": null,
        "utc_offset": null,
        "verified": false
    }
}
