{
    "contributors": null,
    "coordinates": null,
    "created_at": "Mon Jul 01 15:06:31 +0000 2019",
    "entities": {
        "hashtags": [
            {
                "indices": [
                    9,
                    20
                ],
                "text": "SportsTech"
            }
        ],
        "symbols": [],
        "urls": [
            {
                "display_url": "twitter.com/i/web/status/1\u2026",
                "expanded_url": "https://twitter.com/i/web/status/1145710280472707073",
                "indices": [
                    117,
                    140
                ],
                "url": "https://t.co/EqbjqsgcbE"
            }
        ],
        "user_mentions": []
    },
    "favorite_count": 0,
    "favorited": false,
    "geo": null,
    "id": 1145710280472707073,
    "id_str": "1145710280472707073",
    "in_reply_to_screen_name": null,
    "in_reply_to_status_id": null,
    "in_reply_to_status_id_str": null,
    "in_reply_to_user_id": null,
    "in_reply_to_user_id_str": null,
    "is_quote_status": false,
    "lang": "en",
    "metadata": {
        "iso_language_code": "en",
        "result_type": "recent"
    },
    "place": null,
    "possibly_sensitive": false,
    "retweet_count": 0,
    "retweeted": false,
    "source": "<a href=\"http://twitter.com/download/iphone\" rel=\"nofollow\">Twitter for iPhone</a>",
    "text": "European #SportsTech ecosystem is growing rapidly \ud83d\udca1\ud83d\udcbb Good opportunity for young people who want to start a business\u2026 https://t.co/EqbjqsgcbE",
    "truncated": true,
    "user": {
        "contributors_enabled": false,
        "created_at": "Wed Nov 01 22:14:56 +0000 2017",
        "default_profile": false,
        "default_profile_image": false,
        "description": "We passionate about creating values for positive impact on the future through sports innovation and entrepreneurship. \ud83c\uddf3\ud83c\uddf4",
        "entities": {
            "description": {
                "urls": []
            },
            "url": {
                "urls": [
                    {
                        "display_url": "collsi.com",
                        "expanded_url": "http://collsi.com",
                        "indices": [
                            0,
                            23
                        ],
                        "url": "https://t.co/G63Ot9mBGH"
                    }
                ]
            }
        },
        "favourites_count": 222,
        "follow_request_sent": false,
        "followers_count": 211,
        "following": false,
        "friends_count": 709,
        "geo_enabled": false,
        "has_extended_profile": false,
        "id": 925848657722855424,
        "id_str": "925848657722855424",
        "is_translation_enabled": false,
        "is_translator": false,
        "lang": "en",
        "listed_count": 2,
        "location": "Norway",
        "name": "Collective Sports Innovation",
        "notifications": false,
        "profile_background_color": "000000",
        "profile_background_image_url": "http://abs.twimg.com/images/themes/theme1/bg.png",
        "profile_background_image_url_https": "https://abs.twimg.com/images/themes/theme1/bg.png",
        "profile_background_tile": false,
        "profile_banner_url": "https://pbs.twimg.com/profile_banners/925848657722855424/1556459847",
        "profile_image_url": "http://pbs.twimg.com/profile_images/1143644853793939457/IpiJBRg7_normal.png",
        "profile_image_url_https": "https://pbs.twimg.com/profile_images/1143644853793939457/IpiJBRg7_normal.png",
        "profile_link_color": "1B95E0",
        "profile_sidebar_border_color": "000000",
        "profile_sidebar_fill_color": "000000",
        "profile_text_color": "000000",
        "profile_use_background_image": false,
        "protected": false,
        "screen_name": "collsi_",
        "statuses_count": 105,
        "time_zone": null,
        "translator_type": "none",
        "url": "https://t.co/G63Ot9mBGH",
        "utc_offset": null,
        "verified": false
    }
}
