{
    "contributors": null,
    "coordinates": null,
    "created_at": "Sat Jul 06 08:09:38 +0000 2019",
    "entities": {
        "hashtags": [
            {
                "indices": [
                    77,
                    87
                ],
                "text": "Acropolis"
            },
            {
                "indices": [
                    91,
                    98
                ],
                "text": "Athens"
            },
            {
                "indices": [
                    99,
                    106
                ],
                "text": "Greece"
            }
        ],
        "symbols": [],
        "urls": [],
        "user_mentions": [
            {
                "id": 248199288,
                "id_str": "248199288",
                "indices": [
                    3,
                    15
                ],
                "name": "epoca libera",
                "screen_name": "epocalibera"
            }
        ]
    },
    "favorite_count": 0,
    "favorited": false,
    "geo": null,
    "id": 1147417307058253825,
    "id_str": "1147417307058253825",
    "in_reply_to_screen_name": null,
    "in_reply_to_status_id": null,
    "in_reply_to_status_id_str": null,
    "in_reply_to_user_id": null,
    "in_reply_to_user_id_str": null,
    "is_quote_status": false,
    "lang": "en",
    "metadata": {
        "iso_language_code": "en",
        "result_type": "recent"
    },
    "place": null,
    "retweet_count": 6868,
    "retweeted": false,
    "retweeted_status": {
        "contributors": null,
        "coordinates": null,
        "created_at": "Wed Jan 31 20:04:40 +0000 2018",
        "entities": {
            "hashtags": [
                {
                    "indices": [
                        60,
                        70
                    ],
                    "text": "Acropolis"
                },
                {
                    "indices": [
                        74,
                        81
                    ],
                    "text": "Athens"
                },
                {
                    "indices": [
                        82,
                        89
                    ],
                    "text": "Greece"
                }
            ],
            "symbols": [],
            "urls": [
                {
                    "display_url": "twitter.com/i/web/status/9\u2026",
                    "expanded_url": "https://twitter.com/i/web/status/958793174218084352",
                    "indices": [
                        110,
                        133
                    ],
                    "url": "https://t.co/0xMWHTSXr7"
                }
            ],
            "user_mentions": []
        },
        "favorite_count": 10889,
        "favorited": false,
        "geo": null,
        "id": 958793174218084352,
        "id_str": "958793174218084352",
        "in_reply_to_screen_name": null,
        "in_reply_to_status_id": null,
        "in_reply_to_status_id_str": null,
        "in_reply_to_user_id": null,
        "in_reply_to_user_id_str": null,
        "is_quote_status": false,
        "lang": "en",
        "metadata": {
            "iso_language_code": "en",
            "result_type": "recent"
        },
        "place": null,
        "possibly_sensitive": false,
        "retweet_count": 6868,
        "retweeted": false,
        "source": "<a href=\"http://twitter.com\" rel=\"nofollow\">Twitter Web Client</a>",
        "text": "Time lapse: A super blue blood moon rises behind Parthenon, #Acropolis of #Athens #Greece on 31 January 2018\u2026 https://t.co/0xMWHTSXr7",
        "truncated": true,
        "user": {
            "contributors_enabled": false,
            "created_at": "Sun Feb 06 13:36:21 +0000 2011",
            "default_profile": false,
            "default_profile_image": false,
            "description": "Filmmaker //\nhttps://t.co/EaNcZ9aBgH\n\u03a6\u03b9\u03bb\u03bf\u03ba\u03b1\u03bb\u03bf\u1fe6\u03bc\u03ad\u03bd \u03c4\u03b5 \u03b3\u1f70\u03c1 \u03bc\u03b5\u03c4\u2019 \u03b5\u1f50\u03c4\u03b5\u03bb\u03b5\u03af\u03b1\u03c2 \u03ba\u03b1\u1f76 \u03c6\u03b9\u03bb\u03bf\u03c3\u03bf\u03c6\u03bf\u1fe6\u03bc\u03b5\u03bd \u1f04\u03bd\u03b5\u03c5 \u03bc\u03b1\u03bb\u03b1\u03ba\u03af\u03b1\u03c2",
            "entities": {
                "description": {
                    "urls": [
                        {
                            "display_url": "facebook.com/epocalibera",
                            "expanded_url": "http://facebook.com/epocalibera",
                            "indices": [
                                13,
                                36
                            ],
                            "url": "https://t.co/EaNcZ9aBgH"
                        }
                    ]
                },
                "url": {
                    "urls": [
                        {
                            "display_url": "epocalibera.com",
                            "expanded_url": "http://www.epocalibera.com",
                            "indices": [
                                0,
                                23
                            ],
                            "url": "https://t.co/ANJuBOHL0b"
                        }
                    ]
                }
            },
            "favourites_count": 6340,
            "follow_request_sent": false,
            "followers_count": 1056,
            "following": false,
            "friends_count": 773,
            "geo_enabled": true,
            "has_extended_profile": false,
            "id": 248199288,
            "id_str": "248199288",
            "is_translation_enabled": false,
            "is_translator": false,
            "lang": null,
            "listed_count": 31,
            "location": "Athens - Greece",
            "name": "epoca libera",
            "notifications": false,
            "profile_background_color": "2F3030",
            "profile_background_image_url": "http://abs.twimg.com/images/themes/theme1/bg.png",
            "profile_background_image_url_https": "https://abs.twimg.com/images/themes/theme1/bg.png",
            "profile_background_tile": false,
            "profile_banner_url": "https://pbs.twimg.com/profile_banners/248199288/1422284265",
            "profile_image_url": "http://pbs.twimg.com/profile_images/2212580188/epoca-libera_avatar_normal.jpg",
            "profile_image_url_https": "https://pbs.twimg.com/profile_images/2212580188/epoca-libera_avatar_normal.jpg",
            "profile_link_color": "0084B4",
            "profile_sidebar_border_color": "C0DEED",
            "profile_sidebar_fill_color": "DDEEF6",
            "profile_text_color": "333333",
            "profile_use_background_image": false,
            "protected": false,
            "screen_name": "epocalibera",
            "statuses_count": 1478,
            "time_zone": null,
            "translator_type": "none",
            "url": "https://t.co/ANJuBOHL0b",
            "utc_offset": null,
            "verified": false
        }
    },
    "source": "<a href=\"http://twitter.com/download/iphone\" rel=\"nofollow\">Twitter for iPhone</a>",
    "text": "RT @epocalibera: Time lapse: A super blue blood moon rises behind Parthenon, #Acropolis of #Athens #Greece on 31 January 2018   #SuperBlueB\u2026",
    "truncated": false,
    "user": {
        "contributors_enabled": false,
        "created_at": "Mon Dec 07 20:36:05 +0000 2015",
        "default_profile": true,
        "default_profile_image": false,
        "description": "Books",
        "entities": {
            "description": {
                "urls": []
            }
        },
        "favourites_count": 88854,
        "follow_request_sent": false,
        "followers_count": 1077,
        "following": false,
        "friends_count": 1027,
        "geo_enabled": true,
        "has_extended_profile": false,
        "id": 4408432337,
        "id_str": "4408432337",
        "is_translation_enabled": false,
        "is_translator": false,
        "lang": null,
        "listed_count": 22,
        "location": "",
        "name": "kyriaki_karapan",
        "notifications": false,
        "profile_background_color": "C0DEED",
        "profile_background_image_url": "http://abs.twimg.com/images/themes/theme1/bg.png",
        "profile_background_image_url_https": "https://abs.twimg.com/images/themes/theme1/bg.png",
        "profile_background_tile": false,
        "profile_image_url": "http://pbs.twimg.com/profile_images/752831419920056320/xRhtpQOl_normal.jpg",
        "profile_image_url_https": "https://pbs.twimg.com/profile_images/752831419920056320/xRhtpQOl_normal.jpg",
        "profile_link_color": "1DA1F2",
        "profile_sidebar_border_color": "C0DEED",
        "profile_sidebar_fill_color": "DDEEF6",
        "profile_text_color": "333333",
        "profile_use_background_image": true,
        "protected": false,
        "screen_name": "KyriakiKarapan",
        "statuses_count": 43597,
        "time_zone": null,
        "translator_type": "none",
        "url": null,
        "utc_offset": null,
        "verified": false
    }
}
