{
    "contributors": null,
    "coordinates": null,
    "created_at": "Mon Apr 29 13:30:57 +0000 2019",
    "entities": {
        "hashtags": [],
        "symbols": [],
        "urls": [
            {
                "display_url": "twitter.com/i/web/status/1\u2026",
                "expanded_url": "https://twitter.com/i/web/status/1122855794402365441",
                "indices": [
                    117,
                    140
                ],
                "url": "https://t.co/YCKa4hEivL"
            }
        ],
        "user_mentions": [
            {
                "id": 2201027474,
                "id_str": "2201027474",
                "indices": [
                    0,
                    11
                ],
                "name": "Marcin Su\u0142kowski",
                "screen_name": "Sullkowski"
            }
        ]
    },
    "favorite_count": 1,
    "favorited": false,
    "geo": null,
    "id": 1122855794402365441,
    "id_str": "1122855794402365441",
    "in_reply_to_screen_name": "Sullkowski",
    "in_reply_to_status_id": 1122854955990310912,
    "in_reply_to_status_id_str": "1122854955990310912",
    "in_reply_to_user_id": 2201027474,
    "in_reply_to_user_id_str": "2201027474",
    "is_quote_status": false,
    "lang": "en",
    "metadata": {
        "iso_language_code": "en",
        "result_type": "recent"
    },
    "place": {
        "attributes": {},
        "bounding_box": {
            "coordinates": [
                [
                    [
                        -3.3285119,
                        55.894729
                    ],
                    [
                        -3.077505,
                        55.894729
                    ],
                    [
                        -3.077505,
                        55.991662
                    ],
                    [
                        -3.3285119,
                        55.991662
                    ]
                ]
            ],
            "type": "Polygon"
        },
        "contained_within": [],
        "country": "United Kingdom",
        "country_code": "GB",
        "full_name": "Edinburgh, Scotland",
        "id": "7ae9e2f2ff7a87cd",
        "name": "Edinburgh",
        "place_type": "city",
        "url": "https://api.twitter.com/1.1/geo/id/7ae9e2f2ff7a87cd.json"
    },
    "retweet_count": 0,
    "retweeted": false,
    "source": "<a href=\"http://twitter.com/download/iphone\" rel=\"nofollow\">Twitter for iPhone</a>",
    "text": "@Sullkowski Quite \u201einteresting\u201d that both anarchists of Exarchia and migrants helped by them are always described a\u2026 https://t.co/YCKa4hEivL",
    "truncated": true,
    "user": {
        "contributors_enabled": false,
        "created_at": "Thu Mar 03 08:08:07 +0000 2016",
        "default_profile": false,
        "default_profile_image": false,
        "description": "nudny random i nieudacznik bez dokona\u0144",
        "entities": {
            "description": {
                "urls": []
            }
        },
        "favourites_count": 84477,
        "follow_request_sent": false,
        "followers_count": 1383,
        "following": false,
        "friends_count": 1447,
        "geo_enabled": true,
        "has_extended_profile": false,
        "id": 705303728438517762,
        "id_str": "705303728438517762",
        "is_translation_enabled": false,
        "is_translator": false,
        "lang": "pl",
        "listed_count": 9,
        "location": "Edinburgh, Scotland",
        "name": "Chy\u017cy \ud83c\udff3\ufe0f\u200d\ud83c\udf08",
        "notifications": false,
        "profile_background_color": "000000",
        "profile_background_image_url": "http://abs.twimg.com/images/themes/theme5/bg.gif",
        "profile_background_image_url_https": "https://abs.twimg.com/images/themes/theme5/bg.gif",
        "profile_background_tile": false,
        "profile_banner_url": "https://pbs.twimg.com/profile_banners/705303728438517762/1554404387",
        "profile_image_url": "http://pbs.twimg.com/profile_images/1121765484939096065/_ZRPodDd_normal.jpg",
        "profile_image_url_https": "https://pbs.twimg.com/profile_images/1121765484939096065/_ZRPodDd_normal.jpg",
        "profile_link_color": "FF0000",
        "profile_sidebar_border_color": "000000",
        "profile_sidebar_fill_color": "000000",
        "profile_text_color": "000000",
        "profile_use_background_image": false,
        "protected": false,
        "screen_name": "chyzol",
        "statuses_count": 27585,
        "time_zone": null,
        "translator_type": "none",
        "url": null,
        "utc_offset": null,
        "verified": false
    }
}
