{
    "contributors": null,
    "coordinates": null,
    "created_at": "Tue Jul 02 08:22:55 +0000 2019",
    "entities": {
        "hashtags": [
            {
                "indices": [
                    78,
                    88
                ],
                "text": "theisland"
            },
            {
                "indices": [
                    89,
                    100
                ],
                "text": "spinalonga"
            }
        ],
        "symbols": [],
        "urls": [],
        "user_mentions": [
            {
                "id": 24579315,
                "id_str": "24579315",
                "indices": [
                    0,
                    15
                ],
                "name": "vicky hislop\u2665",
                "screen_name": "victoriahislop"
            }
        ]
    },
    "favorite_count": 0,
    "favorited": false,
    "geo": null,
    "id": 1145971097306836992,
    "id_str": "1145971097306836992",
    "in_reply_to_screen_name": "victoriahislop",
    "in_reply_to_status_id": null,
    "in_reply_to_status_id_str": null,
    "in_reply_to_user_id": 24579315,
    "in_reply_to_user_id_str": "24579315",
    "is_quote_status": false,
    "lang": "en",
    "metadata": {
        "iso_language_code": "en",
        "result_type": "recent"
    },
    "place": null,
    "retweet_count": 0,
    "retweeted": false,
    "source": "<a href=\"http://twitter.com/download/iphone\" rel=\"nofollow\">Twitter for iPhone</a>",
    "text": "@victoriahislop what is ur recommendation for a restaurant in Plaka? Paliria? #theisland #spinalonga",
    "truncated": false,
    "user": {
        "contributors_enabled": false,
        "created_at": "Wed Feb 29 12:00:11 +0000 2012",
        "default_profile": true,
        "default_profile_image": false,
        "description": "NHS Manager, sepsis survivor, wine lover, mad cat lady, personal views",
        "entities": {
            "description": {
                "urls": []
            }
        },
        "favourites_count": 2845,
        "follow_request_sent": false,
        "followers_count": 503,
        "following": false,
        "friends_count": 1310,
        "geo_enabled": false,
        "has_extended_profile": false,
        "id": 508776412,
        "id_str": "508776412",
        "is_translation_enabled": false,
        "is_translator": false,
        "lang": "en",
        "listed_count": 9,
        "location": "",
        "name": "Lisa Miller",
        "notifications": false,
        "profile_background_color": "C0DEED",
        "profile_background_image_url": "http://abs.twimg.com/images/themes/theme1/bg.png",
        "profile_background_image_url_https": "https://abs.twimg.com/images/themes/theme1/bg.png",
        "profile_background_tile": false,
        "profile_image_url": "http://pbs.twimg.com/profile_images/771468750415683584/pYjfT9UD_normal.jpg",
        "profile_image_url_https": "https://pbs.twimg.com/profile_images/771468750415683584/pYjfT9UD_normal.jpg",
        "profile_link_color": "1DA1F2",
        "profile_sidebar_border_color": "C0DEED",
        "profile_sidebar_fill_color": "DDEEF6",
        "profile_text_color": "333333",
        "profile_use_background_image": true,
        "protected": false,
        "screen_name": "LisaMillerVCC",
        "statuses_count": 1421,
        "time_zone": null,
        "translator_type": "none",
        "url": null,
        "utc_offset": null,
        "verified": false
    }
}
