{
    "contributors": null,
    "coordinates": {
        "coordinates": [
            25.43160081,
            36.41716429
        ],
        "type": "Point"
    },
    "created_at": "Mon Aug 26 16:16:22 +0000 2019",
    "entities": {
        "hashtags": [
            {
                "indices": [
                    0,
                    7
                ],
                "text": "Greece"
            },
            {
                "indices": [
                    8,
                    18
                ],
                "text": "Santorini"
            },
            {
                "indices": [
                    19,
                    26
                ],
                "text": "Athens"
            },
            {
                "indices": [
                    27,
                    32
                ],
                "text": "July"
            }
        ],
        "symbols": [],
        "urls": [
            {
                "display_url": "instagram.com/p/B1ojEmVg2oX/\u2026",
                "expanded_url": "https://www.instagram.com/p/B1ojEmVg2oX/?igshid=3gfhcxs0ffsx",
                "indices": [
                    62,
                    85
                ],
                "url": "https://t.co/7pNSn6jqSA"
            }
        ],
        "user_mentions": []
    },
    "favorite_count": 0,
    "favorited": false,
    "geo": {
        "coordinates": [
            36.41716429,
            25.43160081
        ],
        "type": "Point"
    },
    "id": 1166021576019578880,
    "id_str": "1166021576019578880",
    "in_reply_to_screen_name": null,
    "in_reply_to_status_id": null,
    "in_reply_to_status_id_str": null,
    "in_reply_to_user_id": null,
    "in_reply_to_user_id_str": null,
    "is_quote_status": false,
    "lang": "en",
    "metadata": {
        "iso_language_code": "en",
        "result_type": "recent"
    },
    "place": {
        "attributes": {},
        "bounding_box": {
            "coordinates": [
                [
                    [
                        25.1959315,
                        36.2205594
                    ],
                    [
                        25.6954797,
                        36.2205594
                    ],
                    [
                        25.6954797,
                        36.6315888
                    ],
                    [
                        25.1959315,
                        36.6315888
                    ]
                ]
            ],
            "type": "Polygon"
        },
        "contained_within": [],
        "country": "Greece",
        "country_code": "GR",
        "full_name": "Thira, Greece",
        "id": "01bb9c7e2555a1d2",
        "name": "Thira",
        "place_type": "city",
        "url": "https://api.twitter.com/1.1/geo/id/01bb9c7e2555a1d2.json"
    },
    "possibly_sensitive": false,
    "retweet_count": 0,
    "retweeted": false,
    "source": "<a href=\"http://instagram.com\" rel=\"nofollow\">Instagram</a>",
    "text": "#Greece #Santorini #Athens #July with my Person \ud83d\udda4 @ Santorini https://t.co/7pNSn6jqSA",
    "truncated": false,
    "user": {
        "contributors_enabled": false,
        "created_at": "Mon Mar 30 16:46:19 +0000 2009",
        "default_profile": false,
        "default_profile_image": false,
        "description": "Fluent in Fuck You.",
        "entities": {
            "description": {
                "urls": []
            },
            "url": {
                "urls": [
                    {
                        "display_url": "curiouscat.me/LillySam",
                        "expanded_url": "https://curiouscat.me/LillySam",
                        "indices": [
                            0,
                            23
                        ],
                        "url": "https://t.co/hhEaMzQmAW"
                    }
                ]
            }
        },
        "favourites_count": 20367,
        "follow_request_sent": false,
        "followers_count": 836,
        "following": false,
        "friends_count": 911,
        "geo_enabled": true,
        "has_extended_profile": true,
        "id": 27677586,
        "id_str": "27677586",
        "is_translation_enabled": false,
        "is_translator": false,
        "lang": null,
        "listed_count": 12,
        "location": "contained in many minerals",
        "name": "Samarium",
        "notifications": false,
        "profile_background_color": "000000",
        "profile_background_image_url": "http://abs.twimg.com/images/themes/theme17/bg.gif",
        "profile_background_image_url_https": "https://abs.twimg.com/images/themes/theme17/bg.gif",
        "profile_background_tile": false,
        "profile_banner_url": "https://pbs.twimg.com/profile_banners/27677586/1560514464",
        "profile_image_url": "http://pbs.twimg.com/profile_images/1139506364546465792/ftzjnQJZ_normal.jpg",
        "profile_image_url_https": "https://pbs.twimg.com/profile_images/1139506364546465792/ftzjnQJZ_normal.jpg",
        "profile_link_color": "ABB8C2",
        "profile_sidebar_border_color": "000000",
        "profile_sidebar_fill_color": "000000",
        "profile_text_color": "000000",
        "profile_use_background_image": false,
        "protected": false,
        "screen_name": "MaGhairaa",
        "statuses_count": 8503,
        "time_zone": null,
        "translator_type": "none",
        "url": "https://t.co/hhEaMzQmAW",
        "utc_offset": null,
        "verified": false
    }
}
