{
    "contributors": null,
    "coordinates": null,
    "created_at": "Sat Aug 17 15:15:14 +0000 2019",
    "entities": {
        "hashtags": [
            {
                "indices": [
                    13,
                    19
                ],
                "text": "hotel"
            },
            {
                "indices": [
                    23,
                    30
                ],
                "text": "Lindos"
            },
            {
                "indices": [
                    31,
                    38
                ],
                "text": "Rhodes"
            }
        ],
        "symbols": [],
        "urls": [
            {
                "display_url": "twitter.com/i/web/status/1\u2026",
                "expanded_url": "https://twitter.com/i/web/status/1162744701151305728",
                "indices": [
                    117,
                    140
                ],
                "url": "https://t.co/hwK0n8jFsB"
            }
        ],
        "user_mentions": []
    },
    "favorite_count": 0,
    "favorited": false,
    "geo": null,
    "id": 1162744701151305728,
    "id_str": "1162744701151305728",
    "in_reply_to_screen_name": null,
    "in_reply_to_status_id": null,
    "in_reply_to_status_id_str": null,
    "in_reply_to_user_id": null,
    "in_reply_to_user_id_str": null,
    "is_quote_status": false,
    "lang": "en",
    "metadata": {
        "iso_language_code": "en",
        "result_type": "recent"
    },
    "place": null,
    "possibly_sensitive": false,
    "retweet_count": 0,
    "retweeted": false,
    "source": "<a href=\"https://www.hootsuite.com\" rel=\"nofollow\">Hootsuite Inc.</a>",
    "text": "\ud83d\udc99The Melenos #hotel in #Lindos #Rhodes has a spectacular setting of  nature and history for its distinctive accommo\u2026 https://t.co/hwK0n8jFsB",
    "truncated": true,
    "user": {
        "contributors_enabled": false,
        "created_at": "Fri Feb 03 08:45:42 +0000 2012",
        "default_profile": false,
        "default_profile_image": false,
        "description": "Discover a #luxuryhotel in Lindos, #Rhodes . Award winning #rooftoprestaurant . The ultimate vacation experience in #Greece",
        "entities": {
            "description": {
                "urls": []
            },
            "url": {
                "urls": [
                    {
                        "display_url": "melenoslindos.com",
                        "expanded_url": "http://www.melenoslindos.com",
                        "indices": [
                            0,
                            22
                        ],
                        "url": "http://t.co/l24CJO7nJD"
                    }
                ]
            }
        },
        "favourites_count": 465,
        "follow_request_sent": false,
        "followers_count": 8777,
        "following": false,
        "friends_count": 8398,
        "geo_enabled": true,
        "has_extended_profile": false,
        "id": 481883665,
        "id_str": "481883665",
        "is_translation_enabled": false,
        "is_translator": false,
        "lang": null,
        "listed_count": 30,
        "location": "Lindos, Rhodes, Greece",
        "name": "Melenos Lindos",
        "notifications": false,
        "profile_background_color": "000000",
        "profile_background_image_url": "http://abs.twimg.com/images/themes/theme1/bg.png",
        "profile_background_image_url_https": "https://abs.twimg.com/images/themes/theme1/bg.png",
        "profile_background_tile": false,
        "profile_banner_url": "https://pbs.twimg.com/profile_banners/481883665/1540373625",
        "profile_image_url": "http://pbs.twimg.com/profile_images/1055022480379785216/TPKTuKsJ_normal.jpg",
        "profile_image_url_https": "https://pbs.twimg.com/profile_images/1055022480379785216/TPKTuKsJ_normal.jpg",
        "profile_link_color": "ABB8C2",
        "profile_sidebar_border_color": "000000",
        "profile_sidebar_fill_color": "000000",
        "profile_text_color": "000000",
        "profile_use_background_image": false,
        "protected": false,
        "screen_name": "Melenos_Lindos",
        "statuses_count": 3568,
        "time_zone": null,
        "translator_type": "none",
        "url": "http://t.co/l24CJO7nJD",
        "utc_offset": null,
        "verified": false
    }
}
