{
    "contributors": null,
    "coordinates": null,
    "created_at": "Mon Jul 01 18:06:32 +0000 2019",
    "entities": {
        "hashtags": [
            {
                "indices": [
                    0,
                    7
                ],
                "text": "Athens"
            },
            {
                "indices": [
                    21,
                    33
                ],
                "text": "nationalism"
            }
        ],
        "symbols": [],
        "urls": [
            {
                "display_url": "twitter.com/i/web/status/1\u2026",
                "expanded_url": "https://twitter.com/i/web/status/1145755583796207620",
                "indices": [
                    116,
                    139
                ],
                "url": "https://t.co/u0PKcl6Cg7"
            }
        ],
        "user_mentions": []
    },
    "favorite_count": 1,
    "favorited": false,
    "geo": null,
    "id": 1145755583796207620,
    "id_str": "1145755583796207620",
    "in_reply_to_screen_name": null,
    "in_reply_to_status_id": null,
    "in_reply_to_status_id_str": null,
    "in_reply_to_user_id": null,
    "in_reply_to_user_id_str": null,
    "is_quote_status": false,
    "lang": "en",
    "metadata": {
        "iso_language_code": "en",
        "result_type": "recent"
    },
    "place": null,
    "possibly_sensitive": false,
    "retweet_count": 0,
    "retweeted": false,
    "source": "<a href=\"https://mobile.twitter.com\" rel=\"nofollow\">Twitter Web App</a>",
    "text": "#Athens First:-\n\n\u201cIs #nationalism \u201cgood\u201d? No. \nBut it\u2019s not \u201cbad\u201d either. It\u2019s useful. \nTo whom? That\u2019s for you to\u2026 https://t.co/u0PKcl6Cg7",
    "truncated": true,
    "user": {
        "contributors_enabled": false,
        "created_at": "Mon Dec 22 15:15:03 +0000 2014",
        "default_profile": false,
        "default_profile_image": false,
        "description": "We specialise in bespoke Classical tours for educational groups looking to be inspired by the ancient world.",
        "entities": {
            "description": {
                "urls": []
            },
            "url": {
                "urls": [
                    {
                        "display_url": "hellene-travel.com",
                        "expanded_url": "http://www.hellene-travel.com",
                        "indices": [
                            0,
                            22
                        ],
                        "url": "http://t.co/qP4UOMJtQN"
                    }
                ]
            }
        },
        "favourites_count": 10116,
        "follow_request_sent": false,
        "followers_count": 1836,
        "following": false,
        "friends_count": 996,
        "geo_enabled": true,
        "has_extended_profile": false,
        "id": 2937022497,
        "id_str": "2937022497",
        "is_translation_enabled": false,
        "is_translator": false,
        "lang": "en-gb",
        "listed_count": 28,
        "location": "Greenwich, London",
        "name": "Hellene Travel",
        "notifications": false,
        "profile_background_color": "330066",
        "profile_background_image_url": "http://abs.twimg.com/images/themes/theme1/bg.png",
        "profile_background_image_url_https": "https://abs.twimg.com/images/themes/theme1/bg.png",
        "profile_background_tile": false,
        "profile_banner_url": "https://pbs.twimg.com/profile_banners/2937022497/1419337105",
        "profile_image_url": "http://pbs.twimg.com/profile_images/547361922228555776/AOdNOkHp_normal.png",
        "profile_image_url_https": "https://pbs.twimg.com/profile_images/547361922228555776/AOdNOkHp_normal.png",
        "profile_link_color": "1A0E5F",
        "profile_sidebar_border_color": "C0DEED",
        "profile_sidebar_fill_color": "DDEEF6",
        "profile_text_color": "333333",
        "profile_use_background_image": true,
        "protected": false,
        "screen_name": "HelleneTravel",
        "statuses_count": 32341,
        "time_zone": null,
        "translator_type": "none",
        "url": "http://t.co/qP4UOMJtQN",
        "utc_offset": null,
        "verified": false
    }
}
