{
    "contributors": null,
    "coordinates": null,
    "created_at": "Tue Jun 25 13:49:41 +0000 2019",
    "entities": {
        "hashtags": [],
        "symbols": [],
        "urls": [
            {
                "display_url": "twitter.com/i/web/status/1\u2026",
                "expanded_url": "https://twitter.com/i/web/status/1143516617046970368",
                "indices": [
                    121,
                    144
                ],
                "url": "https://t.co/pMF7wvx4U4"
            }
        ],
        "user_mentions": [
            {
                "id": 180461175,
                "id_str": "180461175",
                "indices": [
                    0,
                    14
                ],
                "name": "locke screene",
                "screen_name": "jacquesgreene"
            }
        ]
    },
    "favorite_count": 0,
    "favorited": false,
    "geo": null,
    "id": 1143516617046970368,
    "id_str": "1143516617046970368",
    "in_reply_to_screen_name": "jacquesgreene",
    "in_reply_to_status_id": 1143514760521981953,
    "in_reply_to_status_id_str": "1143514760521981953",
    "in_reply_to_user_id": 180461175,
    "in_reply_to_user_id_str": "180461175",
    "is_quote_status": false,
    "lang": "en",
    "metadata": {
        "iso_language_code": "en",
        "result_type": "recent"
    },
    "place": null,
    "retweet_count": 0,
    "retweeted": false,
    "source": "<a href=\"http://twitter.com\" rel=\"nofollow\">Twitter Web Client</a>",
    "text": "@jacquesgreene acropolis first thing in the AM, acropolis museum, day trip to aegina island, eat at mavro provato &amp;\u2026 https://t.co/pMF7wvx4U4",
    "truncated": true,
    "user": {
        "contributors_enabled": false,
        "created_at": "Sat Jan 08 12:12:18 +0000 2011",
        "default_profile": false,
        "default_profile_image": false,
        "description": "",
        "entities": {
            "description": {
                "urls": []
            }
        },
        "favourites_count": 471,
        "follow_request_sent": false,
        "followers_count": 159,
        "following": false,
        "friends_count": 600,
        "geo_enabled": true,
        "has_extended_profile": true,
        "id": 235525022,
        "id_str": "235525022",
        "is_translation_enabled": false,
        "is_translator": false,
        "lang": "en",
        "listed_count": 0,
        "location": "",
        "name": "Alex Trayling",
        "notifications": false,
        "profile_background_color": "C0DEED",
        "profile_background_image_url": "http://abs.twimg.com/images/themes/theme1/bg.png",
        "profile_background_image_url_https": "https://abs.twimg.com/images/themes/theme1/bg.png",
        "profile_background_tile": false,
        "profile_banner_url": "https://pbs.twimg.com/profile_banners/235525022/1550334746",
        "profile_image_url": "http://pbs.twimg.com/profile_images/701411542860828673/usE3Lgrw_normal.jpg",
        "profile_image_url_https": "https://pbs.twimg.com/profile_images/701411542860828673/usE3Lgrw_normal.jpg",
        "profile_link_color": "D45A08",
        "profile_sidebar_border_color": "FFFFFF",
        "profile_sidebar_fill_color": "DDEEF6",
        "profile_text_color": "333333",
        "profile_use_background_image": true,
        "protected": false,
        "screen_name": "alextrayling",
        "statuses_count": 2818,
        "time_zone": null,
        "translator_type": "none",
        "url": null,
        "utc_offset": null,
        "verified": false
    }
}
