{
    "contributors": null,
    "coordinates": null,
    "created_at": "Fri Jul 05 10:42:11 +0000 2019",
    "entities": {
        "hashtags": [],
        "symbols": [],
        "urls": [],
        "user_mentions": [
            {
                "id": 54930650,
                "id_str": "54930650",
                "indices": [
                    3,
                    19
                ],
                "name": "florence welch",
                "screen_name": "florencemachine"
            }
        ]
    },
    "favorite_count": 0,
    "favorited": false,
    "geo": null,
    "id": 1147093309359362048,
    "id_str": "1147093309359362048",
    "in_reply_to_screen_name": null,
    "in_reply_to_status_id": null,
    "in_reply_to_status_id_str": null,
    "in_reply_to_user_id": null,
    "in_reply_to_user_id_str": null,
    "is_quote_status": false,
    "lang": "en",
    "metadata": {
        "iso_language_code": "en",
        "result_type": "recent"
    },
    "place": null,
    "retweet_count": 27,
    "retweeted": false,
    "retweeted_status": {
        "contributors": null,
        "coordinates": null,
        "created_at": "Fri Jul 05 10:36:37 +0000 2019",
        "entities": {
            "hashtags": [],
            "symbols": [],
            "urls": [
                {
                    "display_url": "twitter.com/i/web/status/1\u2026",
                    "expanded_url": "https://twitter.com/i/web/status/1147091908373733376",
                    "indices": [
                        117,
                        140
                    ],
                    "url": "https://t.co/yP8uSMD3Zg"
                }
            ],
            "user_mentions": []
        },
        "favorite_count": 221,
        "favorited": false,
        "geo": null,
        "id": 1147091908373733376,
        "id_str": "1147091908373733376",
        "in_reply_to_screen_name": null,
        "in_reply_to_status_id": null,
        "in_reply_to_status_id_str": null,
        "in_reply_to_user_id": null,
        "in_reply_to_user_id_str": null,
        "is_quote_status": false,
        "lang": "en",
        "metadata": {
            "iso_language_code": "en",
            "result_type": "recent"
        },
        "place": null,
        "possibly_sensitive": false,
        "retweet_count": 27,
        "retweeted": false,
        "source": "<a href=\"http://twitter.com\" rel=\"nofollow\">Twitter Web Client</a>",
        "text": "The first Acropolis show is now sold out. Happy to announce the band will perform a second show on the 22nd Septemb\u2026 https://t.co/yP8uSMD3Zg",
        "truncated": true,
        "user": {
            "contributors_enabled": false,
            "created_at": "Wed Jul 08 15:37:36 +0000 2009",
            "default_profile": false,
            "default_profile_image": false,
            "description": "To celebrate 10 years of the album Lungs, Florence + The Machine will release a 10 year  edition on colour LP, cassette, and  exclusive double vinyl box set:",
            "entities": {
                "description": {
                    "urls": []
                },
                "url": {
                    "urls": [
                        {
                            "display_url": "FATM.lnk.to/Lungs10",
                            "expanded_url": "https://FATM.lnk.to/Lungs10",
                            "indices": [
                                0,
                                23
                            ],
                            "url": "https://t.co/avFKRYb037"
                        }
                    ]
                }
            },
            "favourites_count": 102,
            "follow_request_sent": false,
            "followers_count": 1086678,
            "following": false,
            "friends_count": 205,
            "geo_enabled": true,
            "has_extended_profile": false,
            "id": 54930650,
            "id_str": "54930650",
            "is_translation_enabled": false,
            "is_translator": false,
            "lang": null,
            "listed_count": 5905,
            "location": "",
            "name": "florence welch",
            "notifications": false,
            "profile_background_color": "ABB8C2",
            "profile_background_image_url": "http://abs.twimg.com/images/themes/theme10/bg.gif",
            "profile_background_image_url_https": "https://abs.twimg.com/images/themes/theme10/bg.gif",
            "profile_background_tile": true,
            "profile_banner_url": "https://pbs.twimg.com/profile_banners/54930650/1562160597",
            "profile_image_url": "http://pbs.twimg.com/profile_images/1146410721812582400/jhXPjeXY_normal.png",
            "profile_image_url_https": "https://pbs.twimg.com/profile_images/1146410721812582400/jhXPjeXY_normal.png",
            "profile_link_color": "ABB8C2",
            "profile_sidebar_border_color": "65B0DA",
            "profile_sidebar_fill_color": "7AC3EE",
            "profile_text_color": "3D1957",
            "profile_use_background_image": false,
            "protected": false,
            "screen_name": "florencemachine",
            "statuses_count": 2383,
            "time_zone": null,
            "translator_type": "none",
            "url": "https://t.co/avFKRYb037",
            "utc_offset": null,
            "verified": true
        }
    },
    "source": "<a href=\"http://twitter.com/download/iphone\" rel=\"nofollow\">Twitter for iPhone</a>",
    "text": "RT @florencemachine: The first Acropolis show is now sold out. Happy to announce the band will perform a second show on the 22nd September.\u2026",
    "truncated": false,
    "user": {
        "contributors_enabled": false,
        "created_at": "Mon Jul 04 03:13:55 +0000 2016",
        "default_profile": true,
        "default_profile_image": false,
        "description": "Florence Welch is my queen fairy and Isa Machine is my goddess",
        "entities": {
            "description": {
                "urls": []
            }
        },
        "favourites_count": 2866,
        "follow_request_sent": false,
        "followers_count": 467,
        "following": false,
        "friends_count": 196,
        "geo_enabled": true,
        "has_extended_profile": false,
        "id": 749803398409650176,
        "id_str": "749803398409650176",
        "is_translation_enabled": false,
        "is_translator": false,
        "lang": null,
        "listed_count": 2,
        "location": "Florenceland",
        "name": "FairyFlorence",
        "notifications": false,
        "profile_background_color": "F5F8FA",
        "profile_background_image_url": null,
        "profile_background_image_url_https": null,
        "profile_background_tile": false,
        "profile_banner_url": "https://pbs.twimg.com/profile_banners/749803398409650176/1557327188",
        "profile_image_url": "http://pbs.twimg.com/profile_images/1126137963681910784/85oZ4Z6i_normal.jpg",
        "profile_image_url_https": "https://pbs.twimg.com/profile_images/1126137963681910784/85oZ4Z6i_normal.jpg",
        "profile_link_color": "1DA1F2",
        "profile_sidebar_border_color": "C0DEED",
        "profile_sidebar_fill_color": "DDEEF6",
        "profile_text_color": "333333",
        "profile_use_background_image": true,
        "protected": false,
        "screen_name": "Flo1Fairy",
        "statuses_count": 2154,
        "time_zone": null,
        "translator_type": "none",
        "url": null,
        "utc_offset": null,
        "verified": false
    }
}
