{
    "contributors": null,
    "coordinates": null,
    "created_at": "Fri Jul 05 11:44:13 +0000 2019",
    "entities": {
        "hashtags": [],
        "symbols": [],
        "urls": [],
        "user_mentions": [
            {
                "id": 54930650,
                "id_str": "54930650",
                "indices": [
                    3,
                    19
                ],
                "name": "florence welch",
                "screen_name": "florencemachine"
            }
        ]
    },
    "favorite_count": 0,
    "favorited": false,
    "geo": null,
    "id": 1147108919006892033,
    "id_str": "1147108919006892033",
    "in_reply_to_screen_name": null,
    "in_reply_to_status_id": null,
    "in_reply_to_status_id_str": null,
    "in_reply_to_user_id": null,
    "in_reply_to_user_id_str": null,
    "is_quote_status": false,
    "lang": "en",
    "metadata": {
        "iso_language_code": "en",
        "result_type": "recent"
    },
    "place": null,
    "retweet_count": 101,
    "retweeted": false,
    "retweeted_status": {
        "contributors": null,
        "coordinates": null,
        "created_at": "Fri Jul 05 10:36:37 +0000 2019",
        "entities": {
            "hashtags": [],
            "symbols": [],
            "urls": [
                {
                    "display_url": "twitter.com/i/web/status/1\u2026",
                    "expanded_url": "https://twitter.com/i/web/status/1147091908373733376",
                    "indices": [
                        117,
                        140
                    ],
                    "url": "https://t.co/yP8uSMD3Zg"
                }
            ],
            "user_mentions": []
        },
        "favorite_count": 871,
        "favorited": false,
        "geo": null,
        "id": 1147091908373733376,
        "id_str": "1147091908373733376",
        "in_reply_to_screen_name": null,
        "in_reply_to_status_id": null,
        "in_reply_to_status_id_str": null,
        "in_reply_to_user_id": null,
        "in_reply_to_user_id_str": null,
        "is_quote_status": false,
        "lang": "en",
        "metadata": {
            "iso_language_code": "en",
            "result_type": "recent"
        },
        "place": null,
        "possibly_sensitive": false,
        "retweet_count": 101,
        "retweeted": false,
        "source": "<a href=\"http://twitter.com\" rel=\"nofollow\">Twitter Web Client</a>",
        "text": "The first Acropolis show is now sold out. Happy to announce the band will perform a second show on the 22nd Septemb\u2026 https://t.co/yP8uSMD3Zg",
        "truncated": true,
        "user": {
            "contributors_enabled": false,
            "created_at": "Wed Jul 08 15:37:36 +0000 2009",
            "default_profile": false,
            "default_profile_image": false,
            "description": "To celebrate 10 years of the album Lungs, Florence + The Machine will release a 10 year  edition on colour LP, cassette, and  exclusive double vinyl box set:",
            "entities": {
                "description": {
                    "urls": []
                },
                "url": {
                    "urls": [
                        {
                            "display_url": "FATM.lnk.to/Lungs10",
                            "expanded_url": "https://FATM.lnk.to/Lungs10",
                            "indices": [
                                0,
                                23
                            ],
                            "url": "https://t.co/avFKRYb037"
                        }
                    ]
                }
            },
            "favourites_count": 102,
            "follow_request_sent": false,
            "followers_count": 1086692,
            "following": false,
            "friends_count": 205,
            "geo_enabled": true,
            "has_extended_profile": false,
            "id": 54930650,
            "id_str": "54930650",
            "is_translation_enabled": false,
            "is_translator": false,
            "lang": null,
            "listed_count": 5905,
            "location": "",
            "name": "florence welch",
            "notifications": false,
            "profile_background_color": "ABB8C2",
            "profile_background_image_url": "http://abs.twimg.com/images/themes/theme10/bg.gif",
            "profile_background_image_url_https": "https://abs.twimg.com/images/themes/theme10/bg.gif",
            "profile_background_tile": true,
            "profile_banner_url": "https://pbs.twimg.com/profile_banners/54930650/1562160597",
            "profile_image_url": "http://pbs.twimg.com/profile_images/1146410721812582400/jhXPjeXY_normal.png",
            "profile_image_url_https": "https://pbs.twimg.com/profile_images/1146410721812582400/jhXPjeXY_normal.png",
            "profile_link_color": "ABB8C2",
            "profile_sidebar_border_color": "65B0DA",
            "profile_sidebar_fill_color": "7AC3EE",
            "profile_text_color": "3D1957",
            "profile_use_background_image": false,
            "protected": false,
            "screen_name": "florencemachine",
            "statuses_count": 2383,
            "time_zone": null,
            "translator_type": "none",
            "url": "https://t.co/avFKRYb037",
            "utc_offset": null,
            "verified": true
        }
    },
    "source": "<a href=\"http://twitter.com/download/android\" rel=\"nofollow\">Twitter for Android</a>",
    "text": "RT @florencemachine: The first Acropolis show is now sold out. Happy to announce the band will perform a second show on the 22nd September.\u2026",
    "truncated": false,
    "user": {
        "contributors_enabled": false,
        "created_at": "Tue Apr 22 19:30:54 +0000 2014",
        "default_profile": false,
        "default_profile_image": false,
        "description": "\u0394\u03b9\u03ba\u03b7\u03b3\u03cc\u03c1\u03bf\u03c2 \u03bc\u03b5 \u03b5\u03b9\u03b4\u03b9\u03ba\u03cc\u03c4\u03b7\u03c4\u03b1 \u03c3\u03c4\u03bf \u03b1\u03bb\u03ba\u03bf\u03cc\u03bb",
        "entities": {
            "description": {
                "urls": []
            },
            "url": {
                "urls": [
                    {
                        "display_url": "twitter.com/AdamaretsosS/s\u2026",
                        "expanded_url": "https://twitter.com/AdamaretsosS/status/1145661010885468160?s=19",
                        "indices": [
                            0,
                            23
                        ],
                        "url": "https://t.co/TL96jF0Kus"
                    }
                ]
            }
        },
        "favourites_count": 6943,
        "follow_request_sent": false,
        "followers_count": 158,
        "following": false,
        "friends_count": 228,
        "geo_enabled": true,
        "has_extended_profile": true,
        "id": 2502472348,
        "id_str": "2502472348",
        "is_translation_enabled": false,
        "is_translator": false,
        "lang": null,
        "listed_count": 1,
        "location": "\u0391\u03b8\u03ae\u03bd\u03b1",
        "name": "\u03a3\u03c9\u03c4\u03ae\u03c1\u03b7\u03c2 \u0391\u03b4\u03b1\u03bc\u03b1\u03c1\u03ad\u03c4\u03c3\u03bf\u03c2",
        "notifications": false,
        "profile_background_color": "C0DEED",
        "profile_background_image_url": "http://abs.twimg.com/images/themes/theme1/bg.png",
        "profile_background_image_url_https": "https://abs.twimg.com/images/themes/theme1/bg.png",
        "profile_background_tile": false,
        "profile_banner_url": "https://pbs.twimg.com/profile_banners/2502472348/1560232741",
        "profile_image_url": "http://pbs.twimg.com/profile_images/1138324734163193866/04TBmjAT_normal.jpg",
        "profile_image_url_https": "https://pbs.twimg.com/profile_images/1138324734163193866/04TBmjAT_normal.jpg",
        "profile_link_color": "4800B3",
        "profile_sidebar_border_color": "C0DEED",
        "profile_sidebar_fill_color": "DDEEF6",
        "profile_text_color": "333333",
        "profile_use_background_image": true,
        "protected": false,
        "screen_name": "AdamaretsosS",
        "statuses_count": 2169,
        "time_zone": null,
        "translator_type": "none",
        "url": "https://t.co/TL96jF0Kus",
        "utc_offset": null,
        "verified": false
    }
}
