{
    "contributors": null,
    "coordinates": null,
    "created_at": "Sat Jul 06 08:50:43 +0000 2019",
    "entities": {
        "hashtags": [],
        "symbols": [],
        "urls": [
            {
                "display_url": "abc.net.au/news/2019-07-0\u2026",
                "expanded_url": "https://www.abc.net.au/news/2019-07-06/indigenous-site-joins-pyramids-stonehenge-world-heritage-list/11271804?pfmredir=sm",
                "indices": [
                    101,
                    124
                ],
                "url": "https://t.co/puOjqV7xmI"
            }
        ],
        "user_mentions": [
            {
                "id": 114625323,
                "id_str": "114625323",
                "indices": [
                    3,
                    18
                ],
                "name": "\ud83d\udca7Melanie",
                "screen_name": "CartwheelPrint"
            }
        ]
    },
    "favorite_count": 0,
    "favorited": false,
    "geo": null,
    "id": 1147427646898229250,
    "id_str": "1147427646898229250",
    "in_reply_to_screen_name": null,
    "in_reply_to_status_id": null,
    "in_reply_to_status_id_str": null,
    "in_reply_to_user_id": null,
    "in_reply_to_user_id_str": null,
    "is_quote_status": false,
    "lang": "en",
    "metadata": {
        "iso_language_code": "en",
        "result_type": "recent"
    },
    "place": null,
    "possibly_sensitive": false,
    "retweet_count": 3,
    "retweeted": false,
    "retweeted_status": {
        "contributors": null,
        "coordinates": null,
        "created_at": "Sat Jul 06 07:43:47 +0000 2019",
        "entities": {
            "hashtags": [],
            "symbols": [],
            "urls": [
                {
                    "display_url": "abc.net.au/news/2019-07-0\u2026",
                    "expanded_url": "https://www.abc.net.au/news/2019-07-06/indigenous-site-joins-pyramids-stonehenge-world-heritage-list/11271804?pfmredir=sm",
                    "indices": [
                        81,
                        104
                    ],
                    "url": "https://t.co/puOjqV7xmI"
                },
                {
                    "display_url": "twitter.com/i/web/status/1\u2026",
                    "expanded_url": "https://twitter.com/i/web/status/1147410799729602565",
                    "indices": [
                        117,
                        140
                    ],
                    "url": "https://t.co/1zNQQb6jCP"
                }
            ],
            "user_mentions": []
        },
        "favorite_count": 4,
        "favorited": false,
        "geo": null,
        "id": 1147410799729602565,
        "id_str": "1147410799729602565",
        "in_reply_to_screen_name": null,
        "in_reply_to_status_id": null,
        "in_reply_to_status_id_str": null,
        "in_reply_to_user_id": null,
        "in_reply_to_user_id_str": null,
        "is_quote_status": false,
        "lang": "en",
        "metadata": {
            "iso_language_code": "en",
            "result_type": "recent"
        },
        "place": null,
        "possibly_sensitive": false,
        "retweet_count": 3,
        "retweeted": false,
        "source": "<a href=\"http://twitter.com/download/iphone\" rel=\"nofollow\">Twitter for iPhone</a>",
        "text": "Ancient Indigenous aquaculture site Budj Bim added to UNESCO World Heritage list https://t.co/puOjqV7xmI \u2018Things th\u2026 https://t.co/1zNQQb6jCP",
        "truncated": true,
        "user": {
            "contributors_enabled": false,
            "created_at": "Tue Feb 16 02:37:57 +0000 2010",
            "default_profile": false,
            "default_profile_image": false,
            "description": "I love sharing knowledge, politics and laughs. Interested in many topics. Small business owner, cook, singer, and writer. Tweets are not endorsements.",
            "entities": {
                "description": {
                    "urls": []
                },
                "url": {
                    "urls": [
                        {
                            "display_url": "melmacpolitics.com",
                            "expanded_url": "http://www.melmacpolitics.com",
                            "indices": [
                                0,
                                23
                            ],
                            "url": "https://t.co/EO9vNqZhDs"
                        }
                    ]
                }
            },
            "favourites_count": 101068,
            "follow_request_sent": false,
            "followers_count": 9931,
            "following": false,
            "friends_count": 9084,
            "geo_enabled": true,
            "has_extended_profile": false,
            "id": 114625323,
            "id_str": "114625323",
            "is_translation_enabled": false,
            "is_translator": false,
            "lang": null,
            "listed_count": 445,
            "location": "Bidjigal and Gadigal land",
            "name": "\ud83d\udca7Melanie",
            "notifications": false,
            "profile_background_color": "352726",
            "profile_background_image_url": "http://abs.twimg.com/images/themes/theme5/bg.gif",
            "profile_background_image_url_https": "https://abs.twimg.com/images/themes/theme5/bg.gif",
            "profile_background_tile": true,
            "profile_banner_url": "https://pbs.twimg.com/profile_banners/114625323/1553915867",
            "profile_image_url": "http://pbs.twimg.com/profile_images/1145308646210854912/8xYeh71b_normal.jpg",
            "profile_image_url_https": "https://pbs.twimg.com/profile_images/1145308646210854912/8xYeh71b_normal.jpg",
            "profile_link_color": "9266CC",
            "profile_sidebar_border_color": "829D5E",
            "profile_sidebar_fill_color": "99CC33",
            "profile_text_color": "3E4415",
            "profile_use_background_image": true,
            "protected": false,
            "screen_name": "CartwheelPrint",
            "statuses_count": 142442,
            "time_zone": null,
            "translator_type": "none",
            "url": "https://t.co/EO9vNqZhDs",
            "utc_offset": null,
            "verified": false
        }
    },
    "source": "<a href=\"https://mobile.twitter.com\" rel=\"nofollow\">Twitter Web App</a>",
    "text": "RT @CartwheelPrint: Ancient Indigenous aquaculture site Budj Bim added to UNESCO World Heritage list https://t.co/puOjqV7xmI \u2018Things that t\u2026",
    "truncated": false,
    "user": {
        "contributors_enabled": false,
        "created_at": "Thu Jan 24 03:27:20 +0000 2013",
        "default_profile": true,
        "default_profile_image": false,
        "description": "NWS LNG, Gorgon, PNG Gas, Wimmera Mallee Pipeline, Aurukun Bauxite, Rosebery. First Nation supporter, Celt, passionate and resolute",
        "entities": {
            "description": {
                "urls": []
            }
        },
        "favourites_count": 28343,
        "follow_request_sent": false,
        "followers_count": 486,
        "following": false,
        "friends_count": 407,
        "geo_enabled": true,
        "has_extended_profile": false,
        "id": 1115881760,
        "id_str": "1115881760",
        "is_translation_enabled": false,
        "is_translator": false,
        "lang": null,
        "listed_count": 26,
        "location": "Myrtlebank Tasmania",
        "name": "John Powell",
        "notifications": false,
        "profile_background_color": "C0DEED",
        "profile_background_image_url": "http://abs.twimg.com/images/themes/theme1/bg.png",
        "profile_background_image_url_https": "https://abs.twimg.com/images/themes/theme1/bg.png",
        "profile_background_tile": false,
        "profile_image_url": "http://pbs.twimg.com/profile_images/662136550105284608/2jmVi3N9_normal.jpg",
        "profile_image_url_https": "https://pbs.twimg.com/profile_images/662136550105284608/2jmVi3N9_normal.jpg",
        "profile_link_color": "1DA1F2",
        "profile_sidebar_border_color": "C0DEED",
        "profile_sidebar_fill_color": "DDEEF6",
        "profile_text_color": "333333",
        "profile_use_background_image": true,
        "protected": false,
        "screen_name": "CeltPowell",
        "statuses_count": 26108,
        "time_zone": null,
        "translator_type": "none",
        "url": null,
        "utc_offset": null,
        "verified": false
    }
}
