{
    "contributors": null,
    "coordinates": null,
    "created_at": "Wed Aug 21 12:17:48 +0000 2019",
    "entities": {
        "hashtags": [
            {
                "indices": [
                    106,
                    113
                ],
                "text": "Athens"
            }
        ],
        "symbols": [],
        "urls": [],
        "user_mentions": [
            {
                "id": 3119820711,
                "id_str": "3119820711",
                "indices": [
                    3,
                    16
                ],
                "name": "#RightToTheCity Global Platform",
                "screen_name": "Right2CityGP"
            },
            {
                "id": 1098895224963825664,
                "id_str": "1098895224963825664",
                "indices": [
                    47,
                    56
                ],
                "name": "ENHR 2019",
                "screen_name": "ENHR2019"
            }
        ]
    },
    "favorite_count": 0,
    "favorited": false,
    "geo": null,
    "id": 1164149601189978112,
    "id_str": "1164149601189978112",
    "in_reply_to_screen_name": null,
    "in_reply_to_status_id": null,
    "in_reply_to_status_id_str": null,
    "in_reply_to_user_id": null,
    "in_reply_to_user_id_str": null,
    "is_quote_status": false,
    "lang": "en",
    "metadata": {
        "iso_language_code": "en",
        "result_type": "recent"
    },
    "place": null,
    "retweet_count": 1,
    "retweeted": false,
    "retweeted_status": {
        "contributors": null,
        "coordinates": null,
        "created_at": "Wed Aug 21 12:17:07 +0000 2019",
        "entities": {
            "hashtags": [
                {
                    "indices": [
                        88,
                        95
                    ],
                    "text": "Athens"
                }
            ],
            "symbols": [],
            "urls": [
                {
                    "display_url": "twitter.com/i/web/status/1\u2026",
                    "expanded_url": "https://twitter.com/i/web/status/1164149428984459264",
                    "indices": [
                        117,
                        140
                    ],
                    "url": "https://t.co/tolG3hCkVY"
                }
            ],
            "user_mentions": [
                {
                    "id": 1098895224963825664,
                    "id_str": "1098895224963825664",
                    "indices": [
                        29,
                        38
                    ],
                    "name": "ENHR 2019",
                    "screen_name": "ENHR2019"
                }
            ]
        },
        "favorite_count": 1,
        "favorited": false,
        "geo": null,
        "id": 1164149428984459264,
        "id_str": "1164149428984459264",
        "in_reply_to_screen_name": null,
        "in_reply_to_status_id": null,
        "in_reply_to_status_id_str": null,
        "in_reply_to_user_id": null,
        "in_reply_to_user_id_str": null,
        "is_quote_status": false,
        "lang": "en",
        "metadata": {
            "iso_language_code": "en",
            "result_type": "recent"
        },
        "place": null,
        "possibly_sensitive": false,
        "retweet_count": 1,
        "retweeted": false,
        "source": "<a href=\"https://mobile.twitter.com\" rel=\"nofollow\">Twitter Web App</a>",
        "text": "Less than a week to go until @ENHR2019 - Housing for The Next European Housing Model in #Athens! \n\nStay tuned as th\u2026 https://t.co/tolG3hCkVY",
        "truncated": true,
        "user": {
            "contributors_enabled": false,
            "created_at": "Thu Mar 26 21:46:44 +0000 2015",
            "default_profile": false,
            "default_profile_image": false,
            "description": "Action-oriented advocacy network committed to social change by promoting the #RighttotheCity as a core value for policies and actions worldwide.",
            "entities": {
                "description": {
                    "urls": []
                },
                "url": {
                    "urls": [
                        {
                            "display_url": "right2city.org",
                            "expanded_url": "http://www.right2city.org",
                            "indices": [
                                0,
                                22
                            ],
                            "url": "http://t.co/XceqA4UgrL"
                        }
                    ]
                }
            },
            "favourites_count": 2155,
            "follow_request_sent": false,
            "followers_count": 3700,
            "following": false,
            "friends_count": 958,
            "geo_enabled": true,
            "has_extended_profile": false,
            "id": 3119820711,
            "id_str": "3119820711",
            "is_translation_enabled": false,
            "is_translator": false,
            "lang": null,
            "listed_count": 114,
            "location": "Worldwide",
            "name": "#RightToTheCity Global Platform",
            "notifications": false,
            "profile_background_color": "000000",
            "profile_background_image_url": "http://abs.twimg.com/images/themes/theme1/bg.png",
            "profile_background_image_url_https": "https://abs.twimg.com/images/themes/theme1/bg.png",
            "profile_background_tile": false,
            "profile_banner_url": "https://pbs.twimg.com/profile_banners/3119820711/1565590618",
            "profile_image_url": "http://pbs.twimg.com/profile_images/1014775615503904768/ZDJ_KdRv_normal.jpg",
            "profile_image_url_https": "https://pbs.twimg.com/profile_images/1014775615503904768/ZDJ_KdRv_normal.jpg",
            "profile_link_color": "9266CC",
            "profile_sidebar_border_color": "000000",
            "profile_sidebar_fill_color": "000000",
            "profile_text_color": "000000",
            "profile_use_background_image": false,
            "protected": false,
            "screen_name": "Right2CityGP",
            "statuses_count": 7278,
            "time_zone": null,
            "translator_type": "none",
            "url": "http://t.co/XceqA4UgrL",
            "utc_offset": null,
            "verified": false
        }
    },
    "source": "<a href=\"http://twitter.com/download/android\" rel=\"nofollow\">Twitter for Android</a>",
    "text": "RT @Right2CityGP: Less than a week to go until @ENHR2019 - Housing for The Next European Housing Model in #Athens! \n\nStay tuned as the disc\u2026",
    "truncated": false,
    "user": {
        "contributors_enabled": false,
        "created_at": "Sat Aug 04 18:08:06 +0000 2012",
        "default_profile": false,
        "default_profile_image": false,
        "description": "A city for and by its inhabitants! UrbaMonde is a Geneva based NGO working on #right2housing, #CommunityLedHousing and #HabitatParticipatif.",
        "entities": {
            "description": {
                "urls": []
            },
            "url": {
                "urls": [
                    {
                        "display_url": "urbamonde.org",
                        "expanded_url": "http://www.urbamonde.org",
                        "indices": [
                            0,
                            23
                        ],
                        "url": "https://t.co/Fa3s13ZJI6"
                    }
                ]
            }
        },
        "favourites_count": 2000,
        "follow_request_sent": false,
        "followers_count": 776,
        "following": false,
        "friends_count": 770,
        "geo_enabled": true,
        "has_extended_profile": false,
        "id": 737164471,
        "id_str": "737164471",
        "is_translation_enabled": false,
        "is_translator": false,
        "lang": null,
        "listed_count": 32,
        "location": "Geneva (Switzerland)",
        "name": "urbaMonde",
        "notifications": false,
        "profile_background_color": "000000",
        "profile_background_image_url": "http://abs.twimg.com/images/themes/theme1/bg.png",
        "profile_background_image_url_https": "https://abs.twimg.com/images/themes/theme1/bg.png",
        "profile_background_tile": false,
        "profile_banner_url": "https://pbs.twimg.com/profile_banners/737164471/1505298865",
        "profile_image_url": "http://pbs.twimg.com/profile_images/904728868254343168/T-wW1OXL_normal.jpg",
        "profile_image_url_https": "https://pbs.twimg.com/profile_images/904728868254343168/T-wW1OXL_normal.jpg",
        "profile_link_color": "4A913C",
        "profile_sidebar_border_color": "000000",
        "profile_sidebar_fill_color": "000000",
        "profile_text_color": "000000",
        "profile_use_background_image": false,
        "protected": false,
        "screen_name": "urbaMonde",
        "statuses_count": 1318,
        "time_zone": null,
        "translator_type": "none",
        "url": "https://t.co/Fa3s13ZJI6",
        "utc_offset": null,
        "verified": false
    }
}
