{
    "contributors": null,
    "coordinates": null,
    "created_at": "Tue Jun 25 10:33:18 +0000 2019",
    "entities": {
        "hashtags": [
            {
                "indices": [
                    77,
                    85
                ],
                "text": "Cubesat"
            },
            {
                "indices": [
                    95,
                    102
                ],
                "text": "OSCW19"
            },
            {
                "indices": [
                    106,
                    113
                ],
                "text": "Athens"
            }
        ],
        "symbols": [],
        "urls": [
            {
                "display_url": "twitter.com/i/web/status/1\u2026",
                "expanded_url": "https://twitter.com/i/web/status/1143467196389220352",
                "indices": [
                    117,
                    140
                ],
                "url": "https://t.co/4gqNS9FuIj"
            }
        ],
        "user_mentions": []
    },
    "favorite_count": 0,
    "favorited": false,
    "geo": null,
    "id": 1143467196389220352,
    "id_str": "1143467196389220352",
    "in_reply_to_screen_name": null,
    "in_reply_to_status_id": null,
    "in_reply_to_status_id_str": null,
    "in_reply_to_user_id": null,
    "in_reply_to_user_id_str": null,
    "is_quote_status": false,
    "lang": "en",
    "metadata": {
        "iso_language_code": "en",
        "result_type": "recent"
    },
    "place": null,
    "possibly_sensitive": false,
    "retweet_count": 0,
    "retweeted": false,
    "source": "<a href=\"https://about.twitter.com/products/tweetdeck\" rel=\"nofollow\">TweetDeck</a>",
    "text": "Libre Space Foundation are looking forward to hosting this years Open Source #Cubesat Workshop #OSCW19 in #Athens 1\u2026 https://t.co/4gqNS9FuIj",
    "truncated": true,
    "user": {
        "contributors_enabled": false,
        "created_at": "Wed Feb 17 01:41:09 +0000 2016",
        "default_profile": false,
        "default_profile_image": false,
        "description": "A non-profit foundation, promoting advancing, and developing free & open source technologies and knowledge for space such as @SatNOGS and @upsat_gr",
        "entities": {
            "description": {
                "urls": []
            },
            "url": {
                "urls": [
                    {
                        "display_url": "libre.space",
                        "expanded_url": "https://libre.space",
                        "indices": [
                            0,
                            23
                        ],
                        "url": "https://t.co/Emz8TnJuCv"
                    }
                ]
            }
        },
        "favourites_count": 1127,
        "follow_request_sent": false,
        "followers_count": 1814,
        "following": false,
        "friends_count": 198,
        "geo_enabled": true,
        "has_extended_profile": false,
        "id": 4921841379,
        "id_str": "4921841379",
        "is_translation_enabled": false,
        "is_translator": false,
        "lang": "en",
        "listed_count": 56,
        "location": "Greece",
        "name": "LibreSpaceFoundation",
        "notifications": false,
        "profile_background_color": "0099B9",
        "profile_background_image_url": "http://abs.twimg.com/images/themes/theme4/bg.gif",
        "profile_background_image_url_https": "https://abs.twimg.com/images/themes/theme4/bg.gif",
        "profile_background_tile": false,
        "profile_banner_url": "https://pbs.twimg.com/profile_banners/4921841379/1473693486",
        "profile_image_url": "http://pbs.twimg.com/profile_images/775352225422053380/VFWdWCyO_normal.jpg",
        "profile_image_url_https": "https://pbs.twimg.com/profile_images/775352225422053380/VFWdWCyO_normal.jpg",
        "profile_link_color": "1B95E0",
        "profile_sidebar_border_color": "000000",
        "profile_sidebar_fill_color": "000000",
        "profile_text_color": "000000",
        "profile_use_background_image": true,
        "protected": false,
        "screen_name": "LibreSpace_Fnd",
        "statuses_count": 390,
        "time_zone": null,
        "translator_type": "none",
        "url": "https://t.co/Emz8TnJuCv",
        "utc_offset": null,
        "verified": false
    }
}
