{
    "contributors": null,
    "coordinates": {
        "coordinates": [
            23.7321,
            37.9861
        ],
        "type": "Point"
    },
    "created_at": "Mon Jul 01 04:07:41 +0000 2019",
    "entities": {
        "hashtags": [
            {
                "indices": [
                    20,
                    27
                ],
                "text": "travel"
            },
            {
                "indices": [
                    28,
                    36
                ],
                "text": "booking"
            },
            {
                "indices": [
                    37,
                    45
                ],
                "text": "holiday"
            },
            {
                "indices": [
                    46,
                    51
                ],
                "text": "trip"
            },
            {
                "indices": [
                    52,
                    57
                ],
                "text": "week"
            },
            {
                "indices": [
                    58,
                    66
                ],
                "text": "weekend"
            },
            {
                "indices": [
                    67,
                    74
                ],
                "text": "greece"
            },
            {
                "indices": [
                    75,
                    82
                ],
                "text": "athens"
            },
            {
                "indices": [
                    83,
                    87
                ],
                "text": "red"
            },
            {
                "indices": [
                    88,
                    99
                ],
                "text": "lovegreece"
            },
            {
                "indices": [
                    100,
                    111
                ],
                "text": "loveathens"
            }
        ],
        "symbols": [],
        "urls": [
            {
                "display_url": "twitter.com/i/web/status/1\u2026",
                "expanded_url": "https://twitter.com/i/web/status/1145544479266496512",
                "indices": [
                    113,
                    136
                ],
                "url": "https://t.co/aC1piiJmtA"
            }
        ],
        "user_mentions": []
    },
    "favorite_count": 0,
    "favorited": false,
    "geo": {
        "coordinates": [
            37.9861,
            23.7321
        ],
        "type": "Point"
    },
    "id": 1145544479266496512,
    "id_str": "1145544479266496512",
    "in_reply_to_screen_name": null,
    "in_reply_to_status_id": null,
    "in_reply_to_status_id_str": null,
    "in_reply_to_user_id": null,
    "in_reply_to_user_id_str": null,
    "is_quote_status": false,
    "lang": "en",
    "metadata": {
        "iso_language_code": "en",
        "result_type": "recent"
    },
    "place": {
        "attributes": {},
        "bounding_box": {
            "coordinates": [
                [
                    [
                        22.8905274,
                        35.8224754
                    ],
                    [
                        24.1165237,
                        35.8224754
                    ],
                    [
                        24.1165237,
                        38.3409863
                    ],
                    [
                        22.8905274,
                        38.3409863
                    ]
                ]
            ],
            "type": "Polygon"
        },
        "contained_within": [],
        "country": "Hellas",
        "country_code": "GR",
        "full_name": "Attiki, Greece",
        "id": "00279a5763b04e35",
        "name": "Attiki",
        "place_type": "admin",
        "url": "https://api.twitter.com/1.1/geo/id/00279a5763b04e35.json"
    },
    "possibly_sensitive": false,
    "retweet_count": 0,
    "retweeted": false,
    "source": "<a href=\"http://instagram.com\" rel=\"nofollow\">Instagram</a>",
    "text": "Good Month everyone #travel #booking #holiday #trip #week #weekend #greece #athens #red #lovegreece #loveathens\u2026 https://t.co/aC1piiJmtA",
    "truncated": true,
    "user": {
        "contributors_enabled": false,
        "created_at": "Fri Aug 17 14:10:35 +0000 2018",
        "default_profile": true,
        "default_profile_image": false,
        "description": "Hello!!!\ud83c\uddec\ud83c\uddf7\nThe Harokopio Apartment is in Greece in Athens. Ideal destination if you are planning to explore our beautiful country.",
        "entities": {
            "description": {
                "urls": []
            },
            "url": {
                "urls": [
                    {
                        "display_url": "harokopioapartments.com",
                        "expanded_url": "http://harokopioapartments.com",
                        "indices": [
                            0,
                            23
                        ],
                        "url": "https://t.co/Bb8eJF1Rgo"
                    }
                ]
            }
        },
        "favourites_count": 244,
        "follow_request_sent": false,
        "followers_count": 175,
        "following": false,
        "friends_count": 1404,
        "geo_enabled": true,
        "has_extended_profile": true,
        "id": 1030456860506304513,
        "id_str": "1030456860506304513",
        "is_translation_enabled": false,
        "is_translator": false,
        "lang": "el",
        "listed_count": 1,
        "location": "\u0391\u03c4\u03c4\u03b9\u03ba\u03ae, \u0395\u03bb\u03bb\u03ac\u03c2",
        "name": "Harokopio Apartment in Athens",
        "notifications": false,
        "profile_background_color": "F5F8FA",
        "profile_background_image_url": null,
        "profile_background_image_url_https": null,
        "profile_background_tile": false,
        "profile_banner_url": "https://pbs.twimg.com/profile_banners/1030456860506304513/1545848200",
        "profile_image_url": "http://pbs.twimg.com/profile_images/1089488837959708673/RXmZb-7v_normal.jpg",
        "profile_image_url_https": "https://pbs.twimg.com/profile_images/1089488837959708673/RXmZb-7v_normal.jpg",
        "profile_link_color": "1DA1F2",
        "profile_sidebar_border_color": "C0DEED",
        "profile_sidebar_fill_color": "DDEEF6",
        "profile_text_color": "333333",
        "profile_use_background_image": true,
        "protected": false,
        "screen_name": "HarokopioA",
        "statuses_count": 361,
        "time_zone": null,
        "translator_type": "none",
        "url": "https://t.co/Bb8eJF1Rgo",
        "utc_offset": null,
        "verified": false
    }
}
