{
    "contributors": null,
    "coordinates": null,
    "created_at": "Mon Jul 01 15:38:18 +0000 2019",
    "entities": {
        "hashtags": [
            {
                "indices": [
                    92,
                    104
                ],
                "text": "VisitGreece"
            },
            {
                "indices": [
                    105,
                    110
                ],
                "text": "ttot"
            },
            {
                "indices": [
                    111,
                    118
                ],
                "text": "travel"
            }
        ],
        "symbols": [],
        "urls": [],
        "user_mentions": [
            {
                "id": 188656529,
                "id_str": "188656529",
                "indices": [
                    3,
                    17
                ],
                "name": "Visit Greece",
                "screen_name": "VisitGreecegr"
            },
            {
                "id": 24673042,
                "id_str": "24673042",
                "indices": [
                    119,
                    132
                ],
                "name": "This is Athens",
                "screen_name": "CityofAthens"
            }
        ]
    },
    "favorite_count": 0,
    "favorited": false,
    "geo": null,
    "id": 1145718278729478144,
    "id_str": "1145718278729478144",
    "in_reply_to_screen_name": null,
    "in_reply_to_status_id": null,
    "in_reply_to_status_id_str": null,
    "in_reply_to_user_id": null,
    "in_reply_to_user_id_str": null,
    "is_quote_status": false,
    "lang": "en",
    "metadata": {
        "iso_language_code": "en",
        "result_type": "recent"
    },
    "place": null,
    "retweet_count": 76,
    "retweeted": false,
    "retweeted_status": {
        "contributors": null,
        "coordinates": null,
        "created_at": "Thu Jun 20 13:00:00 +0000 2019",
        "entities": {
            "hashtags": [
                {
                    "indices": [
                        73,
                        85
                    ],
                    "text": "VisitGreece"
                },
                {
                    "indices": [
                        86,
                        91
                    ],
                    "text": "ttot"
                },
                {
                    "indices": [
                        92,
                        99
                    ],
                    "text": "travel"
                }
            ],
            "symbols": [],
            "urls": [
                {
                    "display_url": "twitter.com/i/web/status/1\u2026",
                    "expanded_url": "https://twitter.com/i/web/status/1141692174867808259",
                    "indices": [
                        115,
                        138
                    ],
                    "url": "https://t.co/RhWisb5EJQ"
                }
            ],
            "user_mentions": [
                {
                    "id": 24673042,
                    "id_str": "24673042",
                    "indices": [
                        100,
                        113
                    ],
                    "name": "This is Athens",
                    "screen_name": "CityofAthens"
                }
            ]
        },
        "favorite_count": 231,
        "favorited": false,
        "geo": null,
        "id": 1141692174867808259,
        "id_str": "1141692174867808259",
        "in_reply_to_screen_name": null,
        "in_reply_to_status_id": null,
        "in_reply_to_status_id_str": null,
        "in_reply_to_user_id": null,
        "in_reply_to_user_id_str": null,
        "is_quote_status": false,
        "lang": "en",
        "metadata": {
            "iso_language_code": "en",
            "result_type": "recent"
        },
        "place": null,
        "possibly_sensitive": false,
        "retweet_count": 76,
        "retweeted": false,
        "source": "<a href=\"https://about.twitter.com/products/tweetdeck\" rel=\"nofollow\">TweetDeck</a>",
        "text": "The Acropolis Museum celebrates its 10th birthday today; Happy Birthday! #VisitGreece #ttot #travel @CityofAthens\u2026 https://t.co/RhWisb5EJQ",
        "truncated": true,
        "user": {
            "contributors_enabled": false,
            "created_at": "Thu Sep 09 07:47:16 +0000 2010",
            "default_profile": false,
            "default_profile_image": false,
            "description": "Welcome to the official Visit Greece page, created by the G.N.T.O. web team. Our mission is to show & share what Greece is all about! #VisitGreece #travel #tips",
            "entities": {
                "description": {
                    "urls": []
                },
                "url": {
                    "urls": [
                        {
                            "display_url": "visitgreece.gr",
                            "expanded_url": "http://www.visitgreece.gr",
                            "indices": [
                                0,
                                22
                            ],
                            "url": "http://t.co/ykjcBuYs9k"
                        }
                    ]
                }
            },
            "favourites_count": 17350,
            "follow_request_sent": false,
            "followers_count": 105597,
            "following": false,
            "friends_count": 1668,
            "geo_enabled": true,
            "has_extended_profile": false,
            "id": 188656529,
            "id_str": "188656529",
            "is_translation_enabled": false,
            "is_translator": false,
            "lang": "en",
            "listed_count": 1450,
            "location": "Greece",
            "name": "Visit Greece",
            "notifications": false,
            "profile_background_color": "FFFFFF",
            "profile_background_image_url": "http://abs.twimg.com/images/themes/theme1/bg.png",
            "profile_background_image_url_https": "https://abs.twimg.com/images/themes/theme1/bg.png",
            "profile_background_tile": false,
            "profile_banner_url": "https://pbs.twimg.com/profile_banners/188656529/1558086640",
            "profile_image_url": "http://pbs.twimg.com/profile_images/1129299997034524672/bQkD4oWL_normal.png",
            "profile_image_url_https": "https://pbs.twimg.com/profile_images/1129299997034524672/bQkD4oWL_normal.png",
            "profile_link_color": "1B95E0",
            "profile_sidebar_border_color": "FFFFFF",
            "profile_sidebar_fill_color": "DDEEF6",
            "profile_text_color": "333333",
            "profile_use_background_image": true,
            "protected": false,
            "screen_name": "VisitGreecegr",
            "statuses_count": 30965,
            "time_zone": null,
            "translator_type": "none",
            "url": "http://t.co/ykjcBuYs9k",
            "utc_offset": null,
            "verified": false
        }
    },
    "source": "<a href=\"http://twitter.com\" rel=\"nofollow\">Twitter Web Client</a>",
    "text": "RT @VisitGreecegr: The Acropolis Museum celebrates its 10th birthday today; Happy Birthday! #VisitGreece #ttot #travel @CityofAthens  #acro\u2026",
    "truncated": false,
    "user": {
        "contributors_enabled": false,
        "created_at": "Tue Jun 30 10:11:47 +0000 2009",
        "default_profile": false,
        "default_profile_image": false,
        "description": "Founded in 1983, BCRPM are a group of British people who having considered the case for the reunification of the Parthenon Marbles, strongly support it.",
        "entities": {
            "description": {
                "urls": []
            },
            "url": {
                "urls": [
                    {
                        "display_url": "parthenonuk.com",
                        "expanded_url": "http://www.parthenonuk.com",
                        "indices": [
                            0,
                            22
                        ],
                        "url": "http://t.co/VyCwnZzaJv"
                    }
                ]
            }
        },
        "favourites_count": 22976,
        "follow_request_sent": false,
        "followers_count": 1861,
        "following": false,
        "friends_count": 3020,
        "geo_enabled": true,
        "has_extended_profile": false,
        "id": 52358452,
        "id_str": "52358452",
        "is_translation_enabled": false,
        "is_translator": false,
        "lang": "en",
        "listed_count": 72,
        "location": "United Kingdom",
        "name": "British Committee",
        "notifications": false,
        "profile_background_color": "EBEBEB",
        "profile_background_image_url": "http://abs.twimg.com/images/themes/theme1/bg.png",
        "profile_background_image_url_https": "https://abs.twimg.com/images/themes/theme1/bg.png",
        "profile_background_tile": true,
        "profile_banner_url": "https://pbs.twimg.com/profile_banners/52358452/1501170599",
        "profile_image_url": "http://pbs.twimg.com/profile_images/740815334198890496/M2pEraoq_normal.jpg",
        "profile_image_url_https": "https://pbs.twimg.com/profile_images/740815334198890496/M2pEraoq_normal.jpg",
        "profile_link_color": "0084B4",
        "profile_sidebar_border_color": "FFFFFF",
        "profile_sidebar_fill_color": "F3F3F3",
        "profile_text_color": "333333",
        "profile_use_background_image": true,
        "protected": false,
        "screen_name": "BCRPM",
        "statuses_count": 11179,
        "time_zone": null,
        "translator_type": "none",
        "url": "http://t.co/VyCwnZzaJv",
        "utc_offset": null,
        "verified": false
    }
}
