{
    "contributors": null,
    "coordinates": null,
    "created_at": "Tue Jun 25 15:47:58 +0000 2019",
    "entities": {
        "hashtags": [],
        "symbols": [],
        "urls": [
            {
                "display_url": "theguardian.com/travel/2018/au\u2026",
                "expanded_url": "https://www.theguardian.com/travel/2018/aug/27/athens-city-guide-food-hotels-restaurants-bars",
                "indices": [
                    88,
                    111
                ],
                "url": "https://t.co/ip3gWkevva"
            }
        ],
        "user_mentions": [
            {
                "id": 21887420,
                "id_str": "21887420",
                "indices": [
                    3,
                    18
                ],
                "name": "Guardian Travel",
                "screen_name": "GuardianTravel"
            }
        ]
    },
    "favorite_count": 0,
    "favorited": false,
    "geo": null,
    "id": 1143546385112821767,
    "id_str": "1143546385112821767",
    "in_reply_to_screen_name": null,
    "in_reply_to_status_id": null,
    "in_reply_to_status_id_str": null,
    "in_reply_to_user_id": null,
    "in_reply_to_user_id_str": null,
    "is_quote_status": false,
    "lang": "en",
    "metadata": {
        "iso_language_code": "en",
        "result_type": "recent"
    },
    "place": null,
    "possibly_sensitive": false,
    "retweet_count": 6,
    "retweeted": false,
    "retweeted_status": {
        "contributors": null,
        "coordinates": null,
        "created_at": "Tue Jun 25 11:22:00 +0000 2019",
        "entities": {
            "hashtags": [],
            "symbols": [],
            "urls": [
                {
                    "display_url": "theguardian.com/travel/2018/au\u2026",
                    "expanded_url": "https://www.theguardian.com/travel/2018/aug/27/athens-city-guide-food-hotels-restaurants-bars",
                    "indices": [
                        68,
                        91
                    ],
                    "url": "https://t.co/ip3gWkevva"
                }
            ],
            "user_mentions": []
        },
        "favorite_count": 16,
        "favorited": false,
        "geo": null,
        "id": 1143479449788268545,
        "id_str": "1143479449788268545",
        "in_reply_to_screen_name": null,
        "in_reply_to_status_id": null,
        "in_reply_to_status_id_str": null,
        "in_reply_to_user_id": null,
        "in_reply_to_user_id_str": null,
        "is_quote_status": false,
        "lang": "en",
        "metadata": {
            "iso_language_code": "en",
            "result_type": "recent"
        },
        "place": null,
        "possibly_sensitive": false,
        "retweet_count": 6,
        "retweeted": false,
        "source": "<a href=\"https://about.twitter.com/products/tweetdeck\" rel=\"nofollow\">TweetDeck</a>",
        "text": "It's not all about the Acropolis... the best places to go in Athens https://t.co/ip3gWkevva",
        "truncated": false,
        "user": {
            "contributors_enabled": false,
            "created_at": "Wed Feb 25 16:59:14 +0000 2009",
            "default_profile": false,
            "default_profile_image": false,
            "description": "The latest travel news, insider guides, emerging destinations, new hotels and travel trends from the @Guardian. Instagram: guardiantravelsnaps",
            "entities": {
                "description": {
                    "urls": []
                },
                "url": {
                    "urls": [
                        {
                            "display_url": "theguardian.com/travel",
                            "expanded_url": "http://www.theguardian.com/travel",
                            "indices": [
                                0,
                                22
                            ],
                            "url": "http://t.co/JvRPQUIV1Q"
                        }
                    ]
                }
            },
            "favourites_count": 926,
            "follow_request_sent": false,
            "followers_count": 728935,
            "following": false,
            "friends_count": 552,
            "geo_enabled": true,
            "has_extended_profile": false,
            "id": 21887420,
            "id_str": "21887420",
            "is_translation_enabled": false,
            "is_translator": false,
            "lang": "en",
            "listed_count": 7910,
            "location": "",
            "name": "Guardian Travel",
            "notifications": false,
            "profile_background_color": "FFFFFF",
            "profile_background_image_url": "http://abs.twimg.com/images/themes/theme1/bg.png",
            "profile_background_image_url_https": "https://abs.twimg.com/images/themes/theme1/bg.png",
            "profile_background_tile": true,
            "profile_banner_url": "https://pbs.twimg.com/profile_banners/21887420/1542014850",
            "profile_image_url": "http://pbs.twimg.com/profile_images/1061913411783667712/r3pSPILK_normal.jpg",
            "profile_image_url_https": "https://pbs.twimg.com/profile_images/1061913411783667712/r3pSPILK_normal.jpg",
            "profile_link_color": "005689",
            "profile_sidebar_border_color": "FFFFFF",
            "profile_sidebar_fill_color": "CAE3F3",
            "profile_text_color": "333333",
            "profile_use_background_image": false,
            "protected": false,
            "screen_name": "GuardianTravel",
            "statuses_count": 27125,
            "time_zone": null,
            "translator_type": "none",
            "url": "http://t.co/JvRPQUIV1Q",
            "utc_offset": null,
            "verified": true
        }
    },
    "source": "<a href=\"http://twitter.com/#!/download/ipad\" rel=\"nofollow\">Twitter for iPad</a>",
    "text": "RT @GuardianTravel: It's not all about the Acropolis... the best places to go in Athens https://t.co/ip3gWkevva",
    "truncated": false,
    "user": {
        "contributors_enabled": false,
        "created_at": "Wed Nov 15 16:50:27 +0000 2017",
        "default_profile": true,
        "default_profile_image": false,
        "description": "",
        "entities": {
            "description": {
                "urls": []
            }
        },
        "favourites_count": 503,
        "follow_request_sent": false,
        "followers_count": 5,
        "following": false,
        "friends_count": 97,
        "geo_enabled": false,
        "has_extended_profile": false,
        "id": 930840431973167104,
        "id_str": "930840431973167104",
        "is_translation_enabled": false,
        "is_translator": false,
        "lang": "en",
        "listed_count": 0,
        "location": "",
        "name": "Marina Vardanyan",
        "notifications": false,
        "profile_background_color": "F5F8FA",
        "profile_background_image_url": null,
        "profile_background_image_url_https": null,
        "profile_background_tile": false,
        "profile_image_url": "http://pbs.twimg.com/profile_images/956372201149685760/r88Ws6qN_normal.jpg",
        "profile_image_url_https": "https://pbs.twimg.com/profile_images/956372201149685760/r88Ws6qN_normal.jpg",
        "profile_link_color": "1DA1F2",
        "profile_sidebar_border_color": "C0DEED",
        "profile_sidebar_fill_color": "DDEEF6",
        "profile_text_color": "333333",
        "profile_use_background_image": true,
        "protected": false,
        "screen_name": "MarinaVardanya6",
        "statuses_count": 6,
        "time_zone": null,
        "translator_type": "none",
        "url": null,
        "utc_offset": null,
        "verified": false
    }
}
