{
    "contributors": null,
    "coordinates": null,
    "created_at": "Mon Jul 01 15:40:13 +0000 2019",
    "entities": {
        "hashtags": [
            {
                "indices": [
                    76,
                    83
                ],
                "text": "Athens"
            }
        ],
        "symbols": [],
        "urls": [
            {
                "display_url": "search.jobcast.net/Share/Job39868\u2026",
                "expanded_url": "http://search.jobcast.net/Share/Job3986851?source=Twitter%20(%40jobb_utomlands",
                "indices": [
                    50,
                    73
                ],
                "url": "https://t.co/Yp27NjWgrJ"
            }
        ],
        "user_mentions": []
    },
    "favorite_count": 0,
    "favorited": false,
    "geo": null,
    "id": 1145718758410866689,
    "id_str": "1145718758410866689",
    "in_reply_to_screen_name": null,
    "in_reply_to_status_id": null,
    "in_reply_to_status_id_str": null,
    "in_reply_to_user_id": null,
    "in_reply_to_user_id_str": null,
    "is_quote_status": false,
    "lang": "en",
    "metadata": {
        "iso_language_code": "en",
        "result_type": "recent"
    },
    "place": null,
    "possibly_sensitive": false,
    "retweet_count": 0,
    "retweeted": false,
    "source": "<a href=\"http://www.jobcast.net/\" rel=\"nofollow\">Jobcast.net</a>",
    "text": "Account &amp; Billing Advisor for Swedish Support https://t.co/Yp27NjWgrJ)  #Athens",
    "truncated": false,
    "user": {
        "contributors_enabled": false,
        "created_at": "Thu May 12 07:51:25 +0000 2016",
        "default_profile": true,
        "default_profile_image": false,
        "description": "#Swedish  #vakans #jobb #offer #career #svenska #nyttjobb #jobsearch   #lediga   | job offers are automatically posted | Contact us at @europelangjobs",
        "entities": {
            "description": {
                "urls": []
            },
            "url": {
                "urls": [
                    {
                        "display_url": "europelanguagejobs.com",
                        "expanded_url": "http://www.europelanguagejobs.com/",
                        "indices": [
                            0,
                            23
                        ],
                        "url": "https://t.co/qKL09ZLgCS"
                    }
                ]
            }
        },
        "favourites_count": 1,
        "follow_request_sent": false,
        "followers_count": 184,
        "following": false,
        "friends_count": 28,
        "geo_enabled": false,
        "has_extended_profile": false,
        "id": 730666676333780992,
        "id_str": "730666676333780992",
        "is_translation_enabled": false,
        "is_translator": false,
        "lang": "en",
        "listed_count": 10,
        "location": "Sweden",
        "name": "Lediga Job Utomlands",
        "notifications": false,
        "profile_background_color": "F5F8FA",
        "profile_background_image_url": null,
        "profile_background_image_url_https": null,
        "profile_background_tile": false,
        "profile_banner_url": "https://pbs.twimg.com/profile_banners/730666676333780992/1469634636",
        "profile_image_url": "http://pbs.twimg.com/profile_images/758328786211536896/V12Ciurz_normal.jpg",
        "profile_image_url_https": "https://pbs.twimg.com/profile_images/758328786211536896/V12Ciurz_normal.jpg",
        "profile_link_color": "1DA1F2",
        "profile_sidebar_border_color": "C0DEED",
        "profile_sidebar_fill_color": "DDEEF6",
        "profile_text_color": "333333",
        "profile_use_background_image": true,
        "protected": false,
        "screen_name": "jobb_utomlands",
        "statuses_count": 3544,
        "time_zone": null,
        "translator_type": "none",
        "url": "https://t.co/qKL09ZLgCS",
        "utc_offset": null,
        "verified": false
    }
}
