{
    "contributors": null,
    "coordinates": null,
    "created_at": "Sun Jun 30 15:23:07 +0000 2019",
    "entities": {
        "hashtags": [],
        "symbols": [],
        "urls": [],
        "user_mentions": [
            {
                "id": 4438880433,
                "id_str": "4438880433",
                "indices": [
                    3,
                    17
                ],
                "name": "BunnyPooSalad",
                "screen_name": "BunnyPooSalad"
            },
            {
                "id": 2302972520,
                "id_str": "2302972520",
                "indices": [
                    100,
                    114
                ],
                "name": "Vaggelis Karadimas",
                "screen_name": "Vag_Karadimas"
            },
            {
                "id": 2815093582,
                "id_str": "2815093582",
                "indices": [
                    118,
                    126
                ],
                "name": "vktoons",
                "screen_name": "vktoons"
            }
        ]
    },
    "favorite_count": 0,
    "favorited": false,
    "geo": null,
    "id": 1145352070909718528,
    "id_str": "1145352070909718528",
    "in_reply_to_screen_name": null,
    "in_reply_to_status_id": null,
    "in_reply_to_status_id_str": null,
    "in_reply_to_user_id": null,
    "in_reply_to_user_id_str": null,
    "is_quote_status": false,
    "lang": "en",
    "metadata": {
        "iso_language_code": "en",
        "result_type": "recent"
    },
    "place": null,
    "retweet_count": 1,
    "retweeted": false,
    "retweeted_status": {
        "contributors": null,
        "coordinates": null,
        "created_at": "Sun Jun 30 12:42:47 +0000 2019",
        "entities": {
            "hashtags": [],
            "symbols": [],
            "urls": [
                {
                    "display_url": "twitter.com/i/web/status/1\u2026",
                    "expanded_url": "https://twitter.com/i/web/status/1145311721743167488",
                    "indices": [
                        110,
                        133
                    ],
                    "url": "https://t.co/6Wtcsn3qp5"
                }
            ],
            "user_mentions": [
                {
                    "id": 2302972520,
                    "id_str": "2302972520",
                    "indices": [
                        81,
                        95
                    ],
                    "name": "Vaggelis Karadimas",
                    "screen_name": "Vag_Karadimas"
                },
                {
                    "id": 2815093582,
                    "id_str": "2815093582",
                    "indices": [
                        99,
                        107
                    ],
                    "name": "vktoons",
                    "screen_name": "vktoons"
                }
            ]
        },
        "favorite_count": 0,
        "favorited": false,
        "geo": null,
        "id": 1145311721743167488,
        "id_str": "1145311721743167488",
        "in_reply_to_screen_name": null,
        "in_reply_to_status_id": null,
        "in_reply_to_status_id_str": null,
        "in_reply_to_user_id": null,
        "in_reply_to_user_id_str": null,
        "is_quote_status": false,
        "lang": "en",
        "metadata": {
            "iso_language_code": "en",
            "result_type": "recent"
        },
        "place": null,
        "possibly_sensitive": false,
        "retweet_count": 1,
        "retweeted": false,
        "source": "<a href=\"http://twitter.com/download/android\" rel=\"nofollow\">Twitter for Android</a>",
        "text": "'BUNNY POO SALAD: THE MOVIE' ...here's a frame from another animated sequence by @Vag_Karadimas of @vktoons.\u2026 https://t.co/6Wtcsn3qp5",
        "truncated": true,
        "user": {
            "contributors_enabled": false,
            "created_at": "Thu Dec 10 15:45:48 +0000 2015",
            "default_profile": false,
            "default_profile_image": false,
            "description": "BUNNY POO SALAD: THE MOVIE  - we promise it won't be crap. https://t.co/WoDsulmr86 #sketchcomedy #britishcomedy #supportindiefilm",
            "entities": {
                "description": {
                    "urls": [
                        {
                            "display_url": "youtube.com/watch?v=bqIIPD\u2026",
                            "expanded_url": "https://www.youtube.com/watch?v=bqIIPDjMNjc",
                            "indices": [
                                59,
                                82
                            ],
                            "url": "https://t.co/WoDsulmr86"
                        }
                    ]
                },
                "url": {
                    "urls": [
                        {
                            "display_url": "bunnypoosalad.wordpress.com",
                            "expanded_url": "https://bunnypoosalad.wordpress.com",
                            "indices": [
                                0,
                                23
                            ],
                            "url": "https://t.co/ffKdIb0r6C"
                        }
                    ]
                }
            },
            "favourites_count": 9927,
            "follow_request_sent": false,
            "followers_count": 2497,
            "following": false,
            "friends_count": 4995,
            "geo_enabled": false,
            "has_extended_profile": true,
            "id": 4438880433,
            "id_str": "4438880433",
            "is_translation_enabled": false,
            "is_translator": false,
            "lang": "en",
            "listed_count": 90,
            "location": "Greece",
            "name": "BunnyPooSalad",
            "notifications": false,
            "profile_background_color": "000000",
            "profile_background_image_url": "http://abs.twimg.com/images/themes/theme1/bg.png",
            "profile_background_image_url_https": "https://abs.twimg.com/images/themes/theme1/bg.png",
            "profile_background_tile": false,
            "profile_banner_url": "https://pbs.twimg.com/profile_banners/4438880433/1480002413",
            "profile_image_url": "http://pbs.twimg.com/profile_images/771633094273011712/fTR_k7js_normal.jpg",
            "profile_image_url_https": "https://pbs.twimg.com/profile_images/771633094273011712/fTR_k7js_normal.jpg",
            "profile_link_color": "ABB8C2",
            "profile_sidebar_border_color": "000000",
            "profile_sidebar_fill_color": "000000",
            "profile_text_color": "000000",
            "profile_use_background_image": false,
            "protected": false,
            "screen_name": "BunnyPooSalad",
            "statuses_count": 2829,
            "time_zone": null,
            "translator_type": "none",
            "url": "https://t.co/ffKdIb0r6C",
            "utc_offset": null,
            "verified": false
        }
    },
    "source": "<a href=\"http://twitter.com\" rel=\"nofollow\">Twitter Web Client</a>",
    "text": "RT @BunnyPooSalad: 'BUNNY POO SALAD: THE MOVIE' ...here's a frame from another animated sequence by @Vag_Karadimas of @vktoons. #Britishcom\u2026",
    "truncated": false,
    "user": {
        "contributors_enabled": false,
        "created_at": "Sun Feb 22 18:10:07 +0000 2009",
        "default_profile": false,
        "default_profile_image": false,
        "description": "FirstGlance #Philly 22 https://t.co/Vb1aZrnrXW #SciFi #Horror #Drama #Comedy #IndieFilm #FilmFestival Creator-#SupportIndieFilm",
        "entities": {
            "description": {
                "urls": [
                    {
                        "display_url": "bit.ly/FGFFCFE",
                        "expanded_url": "http://bit.ly/FGFFCFE",
                        "indices": [
                            23,
                            46
                        ],
                        "url": "https://t.co/Vb1aZrnrXW"
                    }
                ]
            },
            "url": {
                "urls": [
                    {
                        "display_url": "firstglancefilms.com",
                        "expanded_url": "http://www.firstglancefilms.com",
                        "indices": [
                            0,
                            23
                        ],
                        "url": "https://t.co/ZJFVfmxAh9"
                    }
                ]
            }
        },
        "favourites_count": 16761,
        "follow_request_sent": false,
        "followers_count": 48314,
        "following": false,
        "friends_count": 8402,
        "geo_enabled": false,
        "has_extended_profile": false,
        "id": 21583655,
        "id_str": "21583655",
        "is_translation_enabled": false,
        "is_translator": false,
        "lang": "en",
        "listed_count": 1623,
        "location": "Los Angeles/Philadelphia",
        "name": "FirstGlance Films",
        "notifications": false,
        "profile_background_color": "131516",
        "profile_background_image_url": "http://abs.twimg.com/images/themes/theme1/bg.png",
        "profile_background_image_url_https": "https://abs.twimg.com/images/themes/theme1/bg.png",
        "profile_background_tile": true,
        "profile_banner_url": "https://pbs.twimg.com/profile_banners/21583655/1561298809",
        "profile_image_url": "http://pbs.twimg.com/profile_images/828820402931511296/n0QKZ3e-_normal.jpg",
        "profile_image_url_https": "https://pbs.twimg.com/profile_images/828820402931511296/n0QKZ3e-_normal.jpg",
        "profile_link_color": "009999",
        "profile_sidebar_border_color": "FFFFFF",
        "profile_sidebar_fill_color": "000000",
        "profile_text_color": "119FC0",
        "profile_use_background_image": true,
        "protected": false,
        "screen_name": "FirstGlanceFilm",
        "statuses_count": 138985,
        "time_zone": null,
        "translator_type": "none",
        "url": "https://t.co/ZJFVfmxAh9",
        "utc_offset": null,
        "verified": false
    }
}
