{
    "contributors": null,
    "coordinates": null,
    "created_at": "Tue Jun 25 11:01:11 +0000 2019",
    "entities": {
        "hashtags": [
            {
                "indices": [
                    28,
                    40
                ],
                "text": "photography"
            },
            {
                "indices": [
                    41,
                    66
                ],
                "text": "blackandwhitephotography"
            },
            {
                "indices": [
                    67,
                    80
                ],
                "text": "SignLanguage"
            },
            {
                "indices": [
                    81,
                    87
                ],
                "text": "mural"
            },
            {
                "indices": [
                    88,
                    95
                ],
                "text": "Athens"
            }
        ],
        "media": [
            {
                "display_url": "pic.twitter.com/FovXhSUY6Y",
                "expanded_url": "https://twitter.com/Marcus_KS13/status/1142729563417567232/photo/1",
                "id": 1142729544639680512,
                "id_str": "1142729544639680512",
                "indices": [
                    96,
                    119
                ],
                "media_url": "http://pbs.twimg.com/media/D9vKd2aXkAA2ZPT.jpg",
                "media_url_https": "https://pbs.twimg.com/media/D9vKd2aXkAA2ZPT.jpg",
                "sizes": {
                    "large": {
                        "h": 2048,
                        "resize": "fit",
                        "w": 1638
                    },
                    "medium": {
                        "h": 1200,
                        "resize": "fit",
                        "w": 960
                    },
                    "small": {
                        "h": 680,
                        "resize": "fit",
                        "w": 544
                    },
                    "thumb": {
                        "h": 150,
                        "resize": "crop",
                        "w": 150
                    }
                },
                "source_status_id": 1142729563417567232,
                "source_status_id_str": "1142729563417567232",
                "source_user_id": 887663203,
                "source_user_id_str": "887663203",
                "type": "photo",
                "url": "https://t.co/FovXhSUY6Y"
            }
        ],
        "symbols": [],
        "urls": [],
        "user_mentions": [
            {
                "id": 887663203,
                "id_str": "887663203",
                "indices": [
                    3,
                    15
                ],
                "name": "Marcus KS",
                "screen_name": "Marcus_KS13"
            }
        ]
    },
    "extended_entities": {
        "media": [
            {
                "display_url": "pic.twitter.com/FovXhSUY6Y",
                "expanded_url": "https://twitter.com/Marcus_KS13/status/1142729563417567232/photo/1",
                "id": 1142729544639680512,
                "id_str": "1142729544639680512",
                "indices": [
                    96,
                    119
                ],
                "media_url": "http://pbs.twimg.com/media/D9vKd2aXkAA2ZPT.jpg",
                "media_url_https": "https://pbs.twimg.com/media/D9vKd2aXkAA2ZPT.jpg",
                "sizes": {
                    "large": {
                        "h": 2048,
                        "resize": "fit",
                        "w": 1638
                    },
                    "medium": {
                        "h": 1200,
                        "resize": "fit",
                        "w": 960
                    },
                    "small": {
                        "h": 680,
                        "resize": "fit",
                        "w": 544
                    },
                    "thumb": {
                        "h": 150,
                        "resize": "crop",
                        "w": 150
                    }
                },
                "source_status_id": 1142729563417567232,
                "source_status_id_str": "1142729563417567232",
                "source_user_id": 887663203,
                "source_user_id_str": "887663203",
                "type": "photo",
                "url": "https://t.co/FovXhSUY6Y"
            }
        ]
    },
    "favorite_count": 0,
    "favorited": false,
    "geo": null,
    "id": 1143474210486009856,
    "id_str": "1143474210486009856",
    "in_reply_to_screen_name": null,
    "in_reply_to_status_id": null,
    "in_reply_to_status_id_str": null,
    "in_reply_to_user_id": null,
    "in_reply_to_user_id_str": null,
    "is_quote_status": false,
    "lang": "en",
    "metadata": {
        "iso_language_code": "en",
        "result_type": "recent"
    },
    "place": null,
    "possibly_sensitive": false,
    "retweet_count": 27,
    "retweeted": false,
    "retweeted_status": {
        "contributors": null,
        "coordinates": null,
        "created_at": "Sun Jun 23 09:42:13 +0000 2019",
        "entities": {
            "hashtags": [
                {
                    "indices": [
                        11,
                        23
                    ],
                    "text": "photography"
                },
                {
                    "indices": [
                        24,
                        49
                    ],
                    "text": "blackandwhitephotography"
                },
                {
                    "indices": [
                        50,
                        63
                    ],
                    "text": "SignLanguage"
                },
                {
                    "indices": [
                        64,
                        70
                    ],
                    "text": "mural"
                },
                {
                    "indices": [
                        71,
                        78
                    ],
                    "text": "Athens"
                }
            ],
            "media": [
                {
                    "display_url": "pic.twitter.com/FovXhSUY6Y",
                    "expanded_url": "https://twitter.com/Marcus_KS13/status/1142729563417567232/photo/1",
                    "id": 1142729544639680512,
                    "id_str": "1142729544639680512",
                    "indices": [
                        79,
                        102
                    ],
                    "media_url": "http://pbs.twimg.com/media/D9vKd2aXkAA2ZPT.jpg",
                    "media_url_https": "https://pbs.twimg.com/media/D9vKd2aXkAA2ZPT.jpg",
                    "sizes": {
                        "large": {
                            "h": 2048,
                            "resize": "fit",
                            "w": 1638
                        },
                        "medium": {
                            "h": 1200,
                            "resize": "fit",
                            "w": 960
                        },
                        "small": {
                            "h": 680,
                            "resize": "fit",
                            "w": 544
                        },
                        "thumb": {
                            "h": 150,
                            "resize": "crop",
                            "w": 150
                        }
                    },
                    "type": "photo",
                    "url": "https://t.co/FovXhSUY6Y"
                }
            ],
            "symbols": [],
            "urls": [],
            "user_mentions": []
        },
        "extended_entities": {
            "media": [
                {
                    "display_url": "pic.twitter.com/FovXhSUY6Y",
                    "expanded_url": "https://twitter.com/Marcus_KS13/status/1142729563417567232/photo/1",
                    "id": 1142729544639680512,
                    "id_str": "1142729544639680512",
                    "indices": [
                        79,
                        102
                    ],
                    "media_url": "http://pbs.twimg.com/media/D9vKd2aXkAA2ZPT.jpg",
                    "media_url_https": "https://pbs.twimg.com/media/D9vKd2aXkAA2ZPT.jpg",
                    "sizes": {
                        "large": {
                            "h": 2048,
                            "resize": "fit",
                            "w": 1638
                        },
                        "medium": {
                            "h": 1200,
                            "resize": "fit",
                            "w": 960
                        },
                        "small": {
                            "h": 680,
                            "resize": "fit",
                            "w": 544
                        },
                        "thumb": {
                            "h": 150,
                            "resize": "crop",
                            "w": 150
                        }
                    },
                    "type": "photo",
                    "url": "https://t.co/FovXhSUY6Y"
                }
            ]
        },
        "favorite_count": 120,
        "favorited": false,
        "geo": null,
        "id": 1142729563417567232,
        "id_str": "1142729563417567232",
        "in_reply_to_screen_name": null,
        "in_reply_to_status_id": null,
        "in_reply_to_status_id_str": null,
        "in_reply_to_user_id": null,
        "in_reply_to_user_id_str": null,
        "is_quote_status": false,
        "lang": "en",
        "metadata": {
            "iso_language_code": "en",
            "result_type": "recent"
        },
        "place": {
            "attributes": {},
            "bounding_box": {
                "coordinates": [
                    [
                        [
                            12.7178537,
                            55.4799811
                        ],
                        [
                            13.1519338,
                            55.4799811
                        ],
                        [
                            13.1519338,
                            55.6797338
                        ],
                        [
                            12.7178537,
                            55.6797338
                        ]
                    ]
                ],
                "type": "Polygon"
            },
            "contained_within": [],
            "country": "Sweden",
            "country_code": "SE",
            "full_name": "Malmo, Sweden",
            "id": "6b9fbf597adbeafd",
            "name": "Malmo",
            "place_type": "city",
            "url": "https://api.twitter.com/1.1/geo/id/6b9fbf597adbeafd.json"
        },
        "possibly_sensitive": false,
        "retweet_count": 27,
        "retweeted": false,
        "source": "<a href=\"http://twitter.com/download/android\" rel=\"nofollow\">Twitter for Android</a>",
        "text": "Messages.\n\n#photography #blackandwhitephotography #SignLanguage #mural #Athens https://t.co/FovXhSUY6Y",
        "truncated": false,
        "user": {
            "contributors_enabled": false,
            "created_at": "Wed Oct 17 22:22:20 +0000 2012",
            "default_profile": true,
            "default_profile_image": false,
            "description": "Friendly architecture photographer from Sweden. I still need more photo gear.\n\nhttps://t.co/nkTJTACX1N & https://t.co/vDkxmC7RVK",
            "entities": {
                "description": {
                    "urls": [
                        {
                            "display_url": "instagram.com/marcus_ks",
                            "expanded_url": "http://instagram.com/marcus_ks",
                            "indices": [
                                79,
                                102
                            ],
                            "url": "https://t.co/nkTJTACX1N"
                        },
                        {
                            "display_url": "marcusks.com",
                            "expanded_url": "http://marcusks.com",
                            "indices": [
                                105,
                                128
                            ],
                            "url": "https://t.co/vDkxmC7RVK"
                        }
                    ]
                },
                "url": {
                    "urls": [
                        {
                            "display_url": "marcusks.com",
                            "expanded_url": "http://marcusks.com",
                            "indices": [
                                0,
                                23
                            ],
                            "url": "https://t.co/vDkxmC7RVK"
                        }
                    ]
                }
            },
            "favourites_count": 242922,
            "follow_request_sent": false,
            "followers_count": 16000,
            "following": false,
            "friends_count": 14523,
            "geo_enabled": true,
            "has_extended_profile": false,
            "id": 887663203,
            "id_str": "887663203",
            "is_translation_enabled": false,
            "is_translator": false,
            "lang": "sv",
            "listed_count": 247,
            "location": "Sweden",
            "name": "Marcus KS",
            "notifications": false,
            "profile_background_color": "C0DEED",
            "profile_background_image_url": "http://abs.twimg.com/images/themes/theme1/bg.png",
            "profile_background_image_url_https": "https://abs.twimg.com/images/themes/theme1/bg.png",
            "profile_background_tile": false,
            "profile_banner_url": "https://pbs.twimg.com/profile_banners/887663203/1459864622",
            "profile_image_url": "http://pbs.twimg.com/profile_images/1009566947221168128/45REvNPa_normal.jpg",
            "profile_image_url_https": "https://pbs.twimg.com/profile_images/1009566947221168128/45REvNPa_normal.jpg",
            "profile_link_color": "1DA1F2",
            "profile_sidebar_border_color": "C0DEED",
            "profile_sidebar_fill_color": "DDEEF6",
            "profile_text_color": "333333",
            "profile_use_background_image": true,
            "protected": false,
            "screen_name": "Marcus_KS13",
            "statuses_count": 6928,
            "time_zone": null,
            "translator_type": "none",
            "url": "https://t.co/vDkxmC7RVK",
            "utc_offset": null,
            "verified": false
        }
    },
    "source": "<a href=\"http://twitter.com/download/android\" rel=\"nofollow\">Twitter for Android</a>",
    "text": "RT @Marcus_KS13: Messages.\n\n#photography #blackandwhitephotography #SignLanguage #mural #Athens https://t.co/FovXhSUY6Y",
    "truncated": false,
    "user": {
        "contributors_enabled": false,
        "created_at": "Sun Apr 19 22:45:26 +0000 2009",
        "default_profile": false,
        "default_profile_image": false,
        "description": "Linux, Ubuntu, Drupal and WordPress users, and webmaster. 1er Drupal Users Group Belgique francophone http://t.co/vDRE8NtFxN",
        "entities": {
            "description": {
                "urls": [
                    {
                        "display_url": "braindug.be",
                        "expanded_url": "http://braindug.be",
                        "indices": [
                            102,
                            124
                        ],
                        "url": "http://t.co/vDRE8NtFxN"
                    }
                ]
            },
            "url": {
                "urls": [
                    {
                        "display_url": "misson.net",
                        "expanded_url": "http://misson.net",
                        "indices": [
                            0,
                            23
                        ],
                        "url": "https://t.co/Ft9IKmCWxh"
                    }
                ]
            }
        },
        "favourites_count": 87222,
        "follow_request_sent": false,
        "followers_count": 1533,
        "following": false,
        "friends_count": 1546,
        "geo_enabled": true,
        "has_extended_profile": true,
        "id": 33331728,
        "id_str": "33331728",
        "is_translation_enabled": false,
        "is_translator": false,
        "lang": "fr",
        "listed_count": 496,
        "location": "Braine-l'Alleud, Belgique",
        "name": "Didier Misson",
        "notifications": false,
        "profile_background_color": "3C5F3A",
        "profile_background_image_url": "http://abs.twimg.com/images/themes/theme1/bg.png",
        "profile_background_image_url_https": "https://abs.twimg.com/images/themes/theme1/bg.png",
        "profile_background_tile": true,
        "profile_banner_url": "https://pbs.twimg.com/profile_banners/33331728/1533506901",
        "profile_image_url": "http://pbs.twimg.com/profile_images/712469105136308224/nVFhN_AL_normal.jpg",
        "profile_image_url_https": "https://pbs.twimg.com/profile_images/712469105136308224/nVFhN_AL_normal.jpg",
        "profile_link_color": "19CF86",
        "profile_sidebar_border_color": "BDDCAD",
        "profile_sidebar_fill_color": "DDFFCC",
        "profile_text_color": "333333",
        "profile_use_background_image": true,
        "protected": false,
        "screen_name": "didiermisson",
        "statuses_count": 163347,
        "time_zone": null,
        "translator_type": "none",
        "url": "https://t.co/Ft9IKmCWxh",
        "utc_offset": null,
        "verified": false
    }
}
