{
    "contributors": null,
    "coordinates": null,
    "created_at": "Mon Aug 26 16:58:16 +0000 2019",
    "entities": {
        "hashtags": [
            {
                "indices": [
                    30,
                    37
                ],
                "text": "Athens"
            },
            {
                "indices": [
                    46,
                    53
                ],
                "text": "Sounio"
            },
            {
                "indices": [
                    123,
                    135
                ],
                "text": "VisitGreece"
            },
            {
                "indices": [
                    136,
                    141
                ],
                "text": "ttot"
            }
        ],
        "symbols": [],
        "urls": [],
        "user_mentions": [
            {
                "id": 188656529,
                "id_str": "188656529",
                "indices": [
                    3,
                    17
                ],
                "name": "Visit Greece",
                "screen_name": "VisitGreecegr"
            }
        ]
    },
    "favorite_count": 0,
    "favorited": false,
    "geo": null,
    "id": 1166032120831250432,
    "id_str": "1166032120831250432",
    "in_reply_to_screen_name": null,
    "in_reply_to_status_id": null,
    "in_reply_to_status_id_str": null,
    "in_reply_to_user_id": null,
    "in_reply_to_user_id_str": null,
    "is_quote_status": false,
    "lang": "en",
    "metadata": {
        "iso_language_code": "en",
        "result_type": "recent"
    },
    "place": null,
    "retweet_count": 32,
    "retweeted": false,
    "retweeted_status": {
        "contributors": null,
        "coordinates": null,
        "created_at": "Mon Aug 26 13:00:00 +0000 2019",
        "entities": {
            "hashtags": [
                {
                    "indices": [
                        11,
                        18
                    ],
                    "text": "Athens"
                },
                {
                    "indices": [
                        27,
                        34
                    ],
                    "text": "Sounio"
                },
                {
                    "indices": [
                        104,
                        116
                    ],
                    "text": "VisitGreece"
                }
            ],
            "symbols": [],
            "urls": [
                {
                    "display_url": "twitter.com/i/web/status/1\u2026",
                    "expanded_url": "https://twitter.com/i/web/status/1165972161816719361",
                    "indices": [
                        118,
                        141
                    ],
                    "url": "https://t.co/bPJqcGrSyP"
                }
            ],
            "user_mentions": []
        },
        "favorite_count": 92,
        "favorited": false,
        "geo": null,
        "id": 1165972161816719361,
        "id_str": "1165972161816719361",
        "in_reply_to_screen_name": null,
        "in_reply_to_status_id": null,
        "in_reply_to_status_id_str": null,
        "in_reply_to_user_id": null,
        "in_reply_to_user_id_str": null,
        "is_quote_status": false,
        "lang": "en",
        "metadata": {
            "iso_language_code": "en",
            "result_type": "recent"
        },
        "place": null,
        "possibly_sensitive": false,
        "retweet_count": 32,
        "retweeted": false,
        "source": "<a href=\"https://about.twitter.com/products/tweetdeck\" rel=\"nofollow\">TweetDeck</a>",
        "text": "Are you in #Athens? Choose #Sounio for a day trip &amp; enjoy magnificent views from Poseidon's temple! #VisitGreece\u2026 https://t.co/bPJqcGrSyP",
        "truncated": true,
        "user": {
            "contributors_enabled": false,
            "created_at": "Thu Sep 09 07:47:16 +0000 2010",
            "default_profile": false,
            "default_profile_image": false,
            "description": "Welcome to the official Visit Greece page, created by the G.N.T.O. web team. Our mission is to show & share what Greece is all about! #VisitGreece #travel #tips",
            "entities": {
                "description": {
                    "urls": []
                },
                "url": {
                    "urls": [
                        {
                            "display_url": "visitgreece.gr",
                            "expanded_url": "http://www.visitgreece.gr",
                            "indices": [
                                0,
                                22
                            ],
                            "url": "http://t.co/ykjcBuYs9k"
                        }
                    ]
                }
            },
            "favourites_count": 17678,
            "follow_request_sent": false,
            "followers_count": 107158,
            "following": false,
            "friends_count": 1665,
            "geo_enabled": true,
            "has_extended_profile": false,
            "id": 188656529,
            "id_str": "188656529",
            "is_translation_enabled": false,
            "is_translator": false,
            "lang": null,
            "listed_count": 1457,
            "location": "Greece",
            "name": "Visit Greece",
            "notifications": false,
            "profile_background_color": "FFFFFF",
            "profile_background_image_url": "http://abs.twimg.com/images/themes/theme1/bg.png",
            "profile_background_image_url_https": "https://abs.twimg.com/images/themes/theme1/bg.png",
            "profile_background_tile": false,
            "profile_banner_url": "https://pbs.twimg.com/profile_banners/188656529/1558086640",
            "profile_image_url": "http://pbs.twimg.com/profile_images/1129299997034524672/bQkD4oWL_normal.png",
            "profile_image_url_https": "https://pbs.twimg.com/profile_images/1129299997034524672/bQkD4oWL_normal.png",
            "profile_link_color": "1B95E0",
            "profile_sidebar_border_color": "FFFFFF",
            "profile_sidebar_fill_color": "DDEEF6",
            "profile_text_color": "333333",
            "profile_use_background_image": true,
            "protected": false,
            "screen_name": "VisitGreecegr",
            "statuses_count": 31209,
            "time_zone": null,
            "translator_type": "none",
            "url": "http://t.co/ykjcBuYs9k",
            "utc_offset": null,
            "verified": false
        }
    },
    "source": "<a href=\"http://twitter.com/download/android\" rel=\"nofollow\">Twitter for Android</a>",
    "text": "RT @VisitGreecegr: Are you in #Athens? Choose #Sounio for a day trip &amp; enjoy magnificent views from Poseidon's temple! #VisitGreece #ttot #\u2026",
    "truncated": false,
    "user": {
        "contributors_enabled": false,
        "created_at": "Wed Jan 03 21:05:59 +0000 2018",
        "default_profile": true,
        "default_profile_image": false,
        "description": "",
        "entities": {
            "description": {
                "urls": []
            }
        },
        "favourites_count": 75228,
        "follow_request_sent": false,
        "followers_count": 979,
        "following": false,
        "friends_count": 846,
        "geo_enabled": true,
        "has_extended_profile": false,
        "id": 948661743147941888,
        "id_str": "948661743147941888",
        "is_translation_enabled": false,
        "is_translator": false,
        "lang": null,
        "listed_count": 6,
        "location": "\u03a0\u0395\u0399\u03a1\u0391\u0399\u0391\u03a3 ",
        "name": "Gregory Gregorakis",
        "notifications": false,
        "profile_background_color": "F5F8FA",
        "profile_background_image_url": null,
        "profile_background_image_url_https": null,
        "profile_background_tile": false,
        "profile_banner_url": "https://pbs.twimg.com/profile_banners/948661743147941888/1543050881",
        "profile_image_url": "http://pbs.twimg.com/profile_images/1046193509408149505/chhFGox1_normal.jpg",
        "profile_image_url_https": "https://pbs.twimg.com/profile_images/1046193509408149505/chhFGox1_normal.jpg",
        "profile_link_color": "1DA1F2",
        "profile_sidebar_border_color": "C0DEED",
        "profile_sidebar_fill_color": "DDEEF6",
        "profile_text_color": "333333",
        "profile_use_background_image": true,
        "protected": false,
        "screen_name": "GGregorakis",
        "statuses_count": 76271,
        "time_zone": null,
        "translator_type": "none",
        "url": null,
        "utc_offset": null,
        "verified": false
    }
}
