{
    "contributors": null,
    "coordinates": null,
    "created_at": "Sat Aug 17 04:00:28 +0000 2019",
    "entities": {
        "hashtags": [],
        "symbols": [],
        "urls": [],
        "user_mentions": [
            {
                "id": 351541708,
                "id_str": "351541708",
                "indices": [
                    0,
                    7
                ],
                "name": "Lina",
                "screen_name": "EA2701"
            }
        ]
    },
    "favorite_count": 0,
    "favorited": false,
    "geo": null,
    "id": 1162574892136620033,
    "id_str": "1162574892136620033",
    "in_reply_to_screen_name": "EA2701",
    "in_reply_to_status_id": 1162574616621146113,
    "in_reply_to_status_id_str": "1162574616621146113",
    "in_reply_to_user_id": 351541708,
    "in_reply_to_user_id_str": "351541708",
    "is_quote_status": false,
    "lang": "en",
    "metadata": {
        "iso_language_code": "en",
        "result_type": "recent"
    },
    "place": null,
    "retweet_count": 0,
    "retweeted": false,
    "source": "<a href=\"http://twitter.com/download/iphone\" rel=\"nofollow\">Twitter for iPhone</a>",
    "text": "@EA2701 Just woke up. Thought it was 8 at least. Plaka life \ud83e\udd75\ud83e\udd2a",
    "truncated": false,
    "user": {
        "contributors_enabled": false,
        "created_at": "Sat Apr 15 19:16:06 +0000 2017",
        "default_profile": false,
        "default_profile_image": false,
        "description": "if you\u2019re going to be paranoid go ahead it\u2019s a free country \ud83d\udc9c",
        "entities": {
            "description": {
                "urls": []
            }
        },
        "favourites_count": 1925,
        "follow_request_sent": false,
        "followers_count": 27,
        "following": false,
        "friends_count": 256,
        "geo_enabled": true,
        "has_extended_profile": false,
        "id": 853326079121121280,
        "id_str": "853326079121121280",
        "is_translation_enabled": false,
        "is_translator": false,
        "lang": null,
        "listed_count": 0,
        "location": "Danmark",
        "name": "It\u2019s Resi babyy",
        "notifications": false,
        "profile_background_color": "000000",
        "profile_background_image_url": "http://abs.twimg.com/images/themes/theme1/bg.png",
        "profile_background_image_url_https": "https://abs.twimg.com/images/themes/theme1/bg.png",
        "profile_background_tile": false,
        "profile_banner_url": "https://pbs.twimg.com/profile_banners/853326079121121280/1549235149",
        "profile_image_url": "http://pbs.twimg.com/profile_images/1159150987661193216/PJJQqLCq_normal.jpg",
        "profile_image_url_https": "https://pbs.twimg.com/profile_images/1159150987661193216/PJJQqLCq_normal.jpg",
        "profile_link_color": "F58EA8",
        "profile_sidebar_border_color": "000000",
        "profile_sidebar_fill_color": "000000",
        "profile_text_color": "000000",
        "profile_use_background_image": false,
        "protected": false,
        "screen_name": "RAsQ007",
        "statuses_count": 1280,
        "time_zone": null,
        "translator_type": "none",
        "url": null,
        "utc_offset": null,
        "verified": false
    }
}
