{
    "contributors": null,
    "coordinates": null,
    "created_at": "Sat Aug 17 21:17:50 +0000 2019",
    "entities": {
        "hashtags": [],
        "symbols": [],
        "urls": [],
        "user_mentions": [
            {
                "id": 74336879,
                "id_str": "74336879",
                "indices": [
                    0,
                    9
                ],
                "name": "Boitumelo",
                "screen_name": "Btwaizer"
            }
        ]
    },
    "favorite_count": 0,
    "favorited": false,
    "geo": null,
    "id": 1162835952554991618,
    "id_str": "1162835952554991618",
    "in_reply_to_screen_name": "Btwaizer",
    "in_reply_to_status_id": 1162835213812215811,
    "in_reply_to_status_id_str": "1162835213812215811",
    "in_reply_to_user_id": 74336879,
    "in_reply_to_user_id_str": "74336879",
    "is_quote_status": false,
    "lang": "en",
    "metadata": {
        "iso_language_code": "en",
        "result_type": "recent"
    },
    "place": {
        "attributes": {},
        "bounding_box": {
            "coordinates": [
                [
                    [
                        19.9976747,
                        -26.9070352
                    ],
                    [
                        29.371142,
                        -26.9070352
                    ],
                    [
                        29.371142,
                        -17.7782297
                    ],
                    [
                        19.9976747,
                        -17.7782297
                    ]
                ]
            ],
            "type": "Polygon"
        },
        "contained_within": [],
        "country": "Botswana",
        "country_code": "BW",
        "full_name": "Botswana",
        "id": "8a927a7056322151",
        "name": "Botswana",
        "place_type": "country",
        "url": "https://api.twitter.com/1.1/geo/id/8a927a7056322151.json"
    },
    "retweet_count": 0,
    "retweeted": false,
    "source": "<a href=\"http://twitter.com/download/iphone\" rel=\"nofollow\">Twitter for iPhone</a>",
    "text": "@Btwaizer Ke tshwere plaka e monate gore, not too drunk",
    "truncated": false,
    "user": {
        "contributors_enabled": false,
        "created_at": "Mon Sep 14 14:06:50 +0000 2009",
        "default_profile": false,
        "default_profile_image": false,
        "description": "Mason\u2019s mom \u2022 IG: _nonom",
        "entities": {
            "description": {
                "urls": []
            },
            "url": {
                "urls": [
                    {
                        "display_url": "youtube.com/channel/UC37Di\u2026",
                        "expanded_url": "https://www.youtube.com/channel/UC37Dis_p7hLS-cxvH8Ep2Lw",
                        "indices": [
                            0,
                            23
                        ],
                        "url": "https://t.co/M8ab8v9MTe"
                    }
                ]
            }
        },
        "favourites_count": 243,
        "follow_request_sent": false,
        "followers_count": 360,
        "following": false,
        "friends_count": 177,
        "geo_enabled": true,
        "has_extended_profile": true,
        "id": 74163738,
        "id_str": "74163738",
        "is_translation_enabled": false,
        "is_translator": false,
        "lang": null,
        "listed_count": 10,
        "location": "Francistown",
        "name": "Nono",
        "notifications": false,
        "profile_background_color": "FF6699",
        "profile_background_image_url": "http://abs.twimg.com/images/themes/theme11/bg.gif",
        "profile_background_image_url_https": "https://abs.twimg.com/images/themes/theme11/bg.gif",
        "profile_background_tile": true,
        "profile_banner_url": "https://pbs.twimg.com/profile_banners/74163738/1563298215",
        "profile_image_url": "http://pbs.twimg.com/profile_images/1156168742189051904/a2muCOyC_normal.jpg",
        "profile_image_url_https": "https://pbs.twimg.com/profile_images/1156168742189051904/a2muCOyC_normal.jpg",
        "profile_link_color": "B40B43",
        "profile_sidebar_border_color": "CC3366",
        "profile_sidebar_fill_color": "E5507E",
        "profile_text_color": "362720",
        "profile_use_background_image": true,
        "protected": false,
        "screen_name": "nonowpm",
        "statuses_count": 70775,
        "time_zone": null,
        "translator_type": "none",
        "url": "https://t.co/M8ab8v9MTe",
        "utc_offset": null,
        "verified": false
    }
}
