{
    "contributors": null,
    "coordinates": null,
    "created_at": "Tue Jun 25 12:20:51 +0000 2019",
    "entities": {
        "hashtags": [
            {
                "indices": [
                    44,
                    60
                ],
                "text": "AcropolisMuseum"
            }
        ],
        "symbols": [],
        "urls": [
            {
                "display_url": "twitter.com/i/web/status/1\u2026",
                "expanded_url": "https://twitter.com/i/web/status/1143494262316646400",
                "indices": [
                    117,
                    140
                ],
                "url": "https://t.co/0fCauJgs4h"
            }
        ],
        "user_mentions": [
            {
                "id": 55548410,
                "id_str": "55548410",
                "indices": [
                    0,
                    9
                ],
                "name": "Elginism",
                "screen_name": "elginism"
            },
            {
                "id": 2279776304,
                "id_str": "2279776304",
                "indices": [
                    14,
                    27
                ],
                "name": "Giannis Antetokounmpo",
                "screen_name": "Giannis_An34"
            }
        ]
    },
    "favorite_count": 3,
    "favorited": false,
    "geo": null,
    "id": 1143494262316646400,
    "id_str": "1143494262316646400",
    "in_reply_to_screen_name": "elginism",
    "in_reply_to_status_id": 1143473227546726400,
    "in_reply_to_status_id_str": "1143473227546726400",
    "in_reply_to_user_id": 55548410,
    "in_reply_to_user_id_str": "55548410",
    "is_quote_status": false,
    "lang": "en",
    "metadata": {
        "iso_language_code": "en",
        "result_type": "recent"
    },
    "place": null,
    "possibly_sensitive": false,
    "retweet_count": 0,
    "retweeted": false,
    "source": "<a href=\"http://twitter.com/download/iphone\" rel=\"nofollow\">Twitter for iPhone</a>",
    "text": "@elginism And @Giannis_An34 has visited the #AcropolisMuseum with his beautiful girlfriend. He would make an excell\u2026 https://t.co/0fCauJgs4h",
    "truncated": true,
    "user": {
        "contributors_enabled": false,
        "created_at": "Fri Apr 03 08:46:48 +0000 2015",
        "default_profile": true,
        "default_profile_image": false,
        "description": "Fmr Sec International Association for Reunification of Parthenon Sculptures. Secretary Australian Hellenic Council. Cultural heritage writer. AEK Athens tragic",
        "entities": {
            "description": {
                "urls": []
            },
            "url": {
                "urls": [
                    {
                        "display_url": "parthenonsculptures.blogspot.com.au",
                        "expanded_url": "http://parthenonsculptures.blogspot.com.au",
                        "indices": [
                            0,
                            23
                        ],
                        "url": "https://t.co/zMXS8MB3Fy"
                    }
                ]
            }
        },
        "favourites_count": 22218,
        "follow_request_sent": false,
        "followers_count": 1263,
        "following": false,
        "friends_count": 1191,
        "geo_enabled": false,
        "has_extended_profile": false,
        "id": 3134729586,
        "id_str": "3134729586",
        "is_translation_enabled": false,
        "is_translator": false,
        "lang": "en",
        "listed_count": 69,
        "location": "Sydney Australia",
        "name": "George Vardas",
        "notifications": false,
        "profile_background_color": "C0DEED",
        "profile_background_image_url": "http://abs.twimg.com/images/themes/theme1/bg.png",
        "profile_background_image_url_https": "https://abs.twimg.com/images/themes/theme1/bg.png",
        "profile_background_tile": false,
        "profile_banner_url": "https://pbs.twimg.com/profile_banners/3134729586/1431843977",
        "profile_image_url": "http://pbs.twimg.com/profile_images/808929149846949888/8kT0XMa__normal.jpg",
        "profile_image_url_https": "https://pbs.twimg.com/profile_images/808929149846949888/8kT0XMa__normal.jpg",
        "profile_link_color": "1DA1F2",
        "profile_sidebar_border_color": "C0DEED",
        "profile_sidebar_fill_color": "DDEEF6",
        "profile_text_color": "333333",
        "profile_use_background_image": true,
        "protected": false,
        "screen_name": "VardasGeorge",
        "statuses_count": 6333,
        "time_zone": null,
        "translator_type": "none",
        "url": "https://t.co/zMXS8MB3Fy",
        "utc_offset": null,
        "verified": false
    }
}
