{
    "contributors": null,
    "coordinates": {
        "coordinates": [
            23.7337733,
            37.9750834
        ],
        "type": "Point"
    },
    "created_at": "Tue Jun 25 12:05:57 +0000 2019",
    "entities": {
        "hashtags": [],
        "symbols": [],
        "urls": [
            {
                "display_url": "instagram.com/p/BzIdI8uFN-HB\u2026",
                "expanded_url": "https://www.instagram.com/p/BzIdI8uFN-HBvf8ah9bqT9xNMdl9uB902_8q2c0/?igshid=1e1h774qp58pe",
                "indices": [
                    44,
                    67
                ],
                "url": "https://t.co/QFHTkHrzRi"
            }
        ],
        "user_mentions": []
    },
    "favorite_count": 0,
    "favorited": false,
    "geo": {
        "coordinates": [
            37.9750834,
            23.7337733
        ],
        "type": "Point"
    },
    "id": 1143490508980981761,
    "id_str": "1143490508980981761",
    "in_reply_to_screen_name": null,
    "in_reply_to_status_id": null,
    "in_reply_to_status_id_str": null,
    "in_reply_to_user_id": null,
    "in_reply_to_user_id_str": null,
    "is_quote_status": false,
    "lang": "en",
    "metadata": {
        "iso_language_code": "en",
        "result_type": "recent"
    },
    "place": {
        "attributes": {},
        "bounding_box": {
            "coordinates": [
                [
                    [
                        22.8905274,
                        35.8224754
                    ],
                    [
                        24.1165237,
                        35.8224754
                    ],
                    [
                        24.1165237,
                        38.3409863
                    ],
                    [
                        22.8905274,
                        38.3409863
                    ]
                ]
            ],
            "type": "Polygon"
        },
        "contained_within": [],
        "country": "Hellas",
        "country_code": "GR",
        "full_name": "Attiki, Greece",
        "id": "00279a5763b04e35",
        "name": "Attiki",
        "place_type": "admin",
        "url": "https://api.twitter.com/1.1/geo/id/00279a5763b04e35.json"
    },
    "possibly_sensitive": false,
    "retweet_count": 0,
    "retweeted": false,
    "source": "<a href=\"http://instagram.com\" rel=\"nofollow\">Instagram</a>",
    "text": "\ud83c\uddec\ud83c\uddf7\u2728 @ Acropolis - Parthenon, Athens, Greece https://t.co/QFHTkHrzRi",
    "truncated": false,
    "user": {
        "contributors_enabled": false,
        "created_at": "Tue Nov 03 09:22:37 +0000 2009",
        "default_profile": false,
        "default_profile_image": false,
        "description": "You know nothing of me, what you thinking of?",
        "entities": {
            "description": {
                "urls": []
            },
            "url": {
                "urls": [
                    {
                        "display_url": "Instagram.com/f_zzera",
                        "expanded_url": "http://Instagram.com/f_zzera",
                        "indices": [
                            0,
                            23
                        ],
                        "url": "https://t.co/dVBNVkNq9s"
                    }
                ]
            }
        },
        "favourites_count": 866,
        "follow_request_sent": false,
        "followers_count": 417,
        "following": false,
        "friends_count": 492,
        "geo_enabled": true,
        "has_extended_profile": true,
        "id": 87150650,
        "id_str": "87150650",
        "is_translation_enabled": false,
        "is_translator": false,
        "lang": "en",
        "listed_count": 0,
        "location": "Singapore",
        "name": "\ud83d\udda4",
        "notifications": false,
        "profile_background_color": "EDECE9",
        "profile_background_image_url": "http://abs.twimg.com/images/themes/theme3/bg.gif",
        "profile_background_image_url_https": "https://abs.twimg.com/images/themes/theme3/bg.gif",
        "profile_background_tile": true,
        "profile_banner_url": "https://pbs.twimg.com/profile_banners/87150650/1508261160",
        "profile_image_url": "http://pbs.twimg.com/profile_images/998226273565462530/REzdl9oJ_normal.jpg",
        "profile_image_url_https": "https://pbs.twimg.com/profile_images/998226273565462530/REzdl9oJ_normal.jpg",
        "profile_link_color": "7FDBB6",
        "profile_sidebar_border_color": "FFFFFF",
        "profile_sidebar_fill_color": "FCFCAE",
        "profile_text_color": "993D13",
        "profile_use_background_image": true,
        "protected": false,
        "screen_name": "fvzzzzz",
        "statuses_count": 23437,
        "time_zone": null,
        "translator_type": "none",
        "url": "https://t.co/dVBNVkNq9s",
        "utc_offset": null,
        "verified": false
    }
}
