{
    "contributors": null,
    "coordinates": null,
    "created_at": "Tue Apr 23 13:58:38 +0000 2019",
    "entities": {
        "hashtags": [
            {
                "indices": [
                    19,
                    26
                ],
                "text": "Greece"
            }
        ],
        "symbols": [],
        "urls": [],
        "user_mentions": [
            {
                "id": 1292292102,
                "id_str": "1292292102",
                "indices": [
                    3,
                    15
                ],
                "name": "Compact News \ud83c\udf10",
                "screen_name": "NewsCompact"
            }
        ]
    },
    "favorite_count": 0,
    "favorited": false,
    "geo": null,
    "id": 1120688434534862848,
    "id_str": "1120688434534862848",
    "in_reply_to_screen_name": null,
    "in_reply_to_status_id": null,
    "in_reply_to_status_id_str": null,
    "in_reply_to_user_id": null,
    "in_reply_to_user_id_str": null,
    "is_quote_status": false,
    "lang": "en",
    "metadata": {
        "iso_language_code": "en",
        "result_type": "recent"
    },
    "place": null,
    "retweet_count": 16,
    "retweeted": false,
    "retweeted_status": {
        "contributors": null,
        "coordinates": null,
        "created_at": "Tue Apr 23 07:10:50 +0000 2019",
        "entities": {
            "hashtags": [
                {
                    "indices": [
                        2,
                        9
                    ],
                    "text": "Greece"
                }
            ],
            "symbols": [],
            "urls": [
                {
                    "display_url": "twitter.com/i/web/status/1\u2026",
                    "expanded_url": "https://twitter.com/i/web/status/1120585804873719808",
                    "indices": [
                        117,
                        140
                    ],
                    "url": "https://t.co/ZQaMSAThZq"
                }
            ],
            "user_mentions": []
        },
        "favorite_count": 15,
        "favorited": false,
        "geo": null,
        "id": 1120585804873719808,
        "id_str": "1120585804873719808",
        "in_reply_to_screen_name": null,
        "in_reply_to_status_id": null,
        "in_reply_to_status_id_str": null,
        "in_reply_to_user_id": null,
        "in_reply_to_user_id_str": null,
        "is_quote_status": false,
        "lang": "en",
        "metadata": {
            "iso_language_code": "en",
            "result_type": "recent"
        },
        "place": null,
        "possibly_sensitive": false,
        "retweet_count": 16,
        "retweeted": false,
        "source": "<a href=\"http://twitter.com/download/android\" rel=\"nofollow\">Twitter for Android</a>",
        "text": "\ud83d\udca5\u2757#Greece: nocturnal clashes at Exarchia in the night of Saturday to Sunday, barricades and molotov against tear ga\u2026 https://t.co/ZQaMSAThZq",
        "truncated": true,
        "user": {
            "contributors_enabled": false,
            "created_at": "Sat Mar 23 19:36:19 +0000 2013",
            "default_profile": true,
            "default_profile_image": false,
            "description": "Contradicted news against the order to destroy #freespeech https://t.co/RczOzpK5nL FOLLOW PARTISAN NEWS @PartisanDE \u270a JOURNALIST IS @Robkearney1981",
            "entities": {
                "description": {
                    "urls": [
                        {
                            "display_url": "newscompact1.wordpress.com",
                            "expanded_url": "http://newscompact1.wordpress.com",
                            "indices": [
                                59,
                                82
                            ],
                            "url": "https://t.co/RczOzpK5nL"
                        }
                    ]
                },
                "url": {
                    "urls": [
                        {
                            "display_url": "newscompact.wordpress.com",
                            "expanded_url": "https://newscompact.wordpress.com/",
                            "indices": [
                                0,
                                23
                            ],
                            "url": "https://t.co/Xg65GjZ8T3"
                        }
                    ]
                }
            },
            "favourites_count": 7723,
            "follow_request_sent": false,
            "followers_count": 8077,
            "following": false,
            "friends_count": 6327,
            "geo_enabled": true,
            "has_extended_profile": true,
            "id": 1292292102,
            "id_str": "1292292102",
            "is_translation_enabled": false,
            "is_translator": false,
            "lang": "de",
            "listed_count": 72,
            "location": "Germany",
            "name": "Compact News \ud83c\udf10",
            "notifications": false,
            "profile_background_color": "C0DEED",
            "profile_background_image_url": "http://abs.twimg.com/images/themes/theme1/bg.png",
            "profile_background_image_url_https": "https://abs.twimg.com/images/themes/theme1/bg.png",
            "profile_background_tile": false,
            "profile_banner_url": "https://pbs.twimg.com/profile_banners/1292292102/1553714153",
            "profile_image_url": "http://pbs.twimg.com/profile_images/1108301879325442048/dxMYOxRC_normal.jpg",
            "profile_image_url_https": "https://pbs.twimg.com/profile_images/1108301879325442048/dxMYOxRC_normal.jpg",
            "profile_link_color": "1DA1F2",
            "profile_sidebar_border_color": "C0DEED",
            "profile_sidebar_fill_color": "DDEEF6",
            "profile_text_color": "333333",
            "profile_use_background_image": true,
            "protected": false,
            "screen_name": "NewsCompact",
            "statuses_count": 11838,
            "time_zone": null,
            "translator_type": "none",
            "url": "https://t.co/Xg65GjZ8T3",
            "utc_offset": null,
            "verified": false
        }
    },
    "source": "<a href=\"http://twitter.com\" rel=\"nofollow\">Twitter Web Client</a>",
    "text": "RT @NewsCompact: \ud83d\udca5\u2757#Greece: nocturnal clashes at Exarchia in the night of Saturday to Sunday, barricades and molotov against tear gas. This\u2026",
    "truncated": false,
    "user": {
        "contributors_enabled": false,
        "created_at": "Thu Mar 23 22:00:03 +0000 2017",
        "default_profile": false,
        "default_profile_image": false,
        "description": "",
        "entities": {
            "description": {
                "urls": []
            }
        },
        "favourites_count": 2438,
        "follow_request_sent": false,
        "followers_count": 68,
        "following": false,
        "friends_count": 81,
        "geo_enabled": false,
        "has_extended_profile": false,
        "id": 845032418100887555,
        "id_str": "845032418100887555",
        "is_translation_enabled": false,
        "is_translator": false,
        "lang": "nl",
        "listed_count": 0,
        "location": "Gent, Belgi\u00eb",
        "name": "Flemish Patriot",
        "notifications": false,
        "profile_background_color": "000000",
        "profile_background_image_url": "http://abs.twimg.com/images/themes/theme1/bg.png",
        "profile_background_image_url_https": "https://abs.twimg.com/images/themes/theme1/bg.png",
        "profile_background_tile": false,
        "profile_banner_url": "https://pbs.twimg.com/profile_banners/845032418100887555/1555383689",
        "profile_image_url": "http://pbs.twimg.com/profile_images/1067751710163128326/FEvvL5X5_normal.jpg",
        "profile_image_url_https": "https://pbs.twimg.com/profile_images/1067751710163128326/FEvvL5X5_normal.jpg",
        "profile_link_color": "1B95E0",
        "profile_sidebar_border_color": "000000",
        "profile_sidebar_fill_color": "000000",
        "profile_text_color": "000000",
        "profile_use_background_image": false,
        "protected": false,
        "screen_name": "scheire_stijn",
        "statuses_count": 3397,
        "time_zone": null,
        "translator_type": "none",
        "url": null,
        "utc_offset": null,
        "verified": false
    }
}

