{
    "contributors": null,
    "coordinates": null,
    "created_at": "Wed Aug 21 11:01:47 +0000 2019",
    "entities": {
        "hashtags": [],
        "symbols": [],
        "urls": [
            {
                "display_url": "twitter.com/i/web/status/1\u2026",
                "expanded_url": "https://twitter.com/i/web/status/1164130469698580480",
                "indices": [
                    117,
                    140
                ],
                "url": "https://t.co/9pCA5zqAc2"
            }
        ],
        "user_mentions": [
            {
                "id": 239304867,
                "id_str": "239304867",
                "indices": [
                    0,
                    16
                ],
                "name": "Marjory McGinn",
                "screen_name": "fatgreekodyssey"
            },
            {
                "id": 44880062,
                "id_str": "44880062",
                "indices": [
                    17,
                    25
                ],
                "name": "Global Greek World",
                "screen_name": "GGWorld"
            },
            {
                "id": 38090709,
                "id_str": "38090709",
                "indices": [
                    26,
                    40
                ],
                "name": "Greek Reporter",
                "screen_name": "GreekReporter"
            },
            {
                "id": 52358452,
                "id_str": "52358452",
                "indices": [
                    41,
                    47
                ],
                "name": "British Committee",
                "screen_name": "BCRPM"
            },
            {
                "id": 3731443054,
                "id_str": "3731443054",
                "indices": [
                    48,
                    63
                ],
                "name": "WindyCityGreek",
                "screen_name": "WindyCityGreek"
            },
            {
                "id": 55548410,
                "id_str": "55548410",
                "indices": [
                    64,
                    73
                ],
                "name": "Elginism",
                "screen_name": "elginism"
            },
            {
                "id": 49310420,
                "id_str": "49310420",
                "indices": [
                    74,
                    90
                ],
                "name": "The Acropolis Museum",
                "screen_name": "acropolismuseum"
            }
        ]
    },
    "favorite_count": 0,
    "favorited": false,
    "geo": null,
    "id": 1164130469698580480,
    "id_str": "1164130469698580480",
    "in_reply_to_screen_name": "fatgreekodyssey",
    "in_reply_to_status_id": 1163939426294226944,
    "in_reply_to_status_id_str": "1163939426294226944",
    "in_reply_to_user_id": 239304867,
    "in_reply_to_user_id_str": "239304867",
    "is_quote_status": false,
    "lang": "en",
    "metadata": {
        "iso_language_code": "en",
        "result_type": "recent"
    },
    "place": null,
    "retweet_count": 0,
    "retweeted": false,
    "source": "<a href=\"http://twitter.com/download/iphone\" rel=\"nofollow\">Twitter for iPhone</a>",
    "text": "@fatgreekodyssey @GGWorld @GreekReporter @BCRPM @WindyCityGreek @elginism @acropolismuseum Time to complete the int\u2026 https://t.co/9pCA5zqAc2",
    "truncated": true,
    "user": {
        "contributors_enabled": false,
        "created_at": "Tue Feb 17 01:30:53 +0000 2009",
        "default_profile": false,
        "default_profile_image": false,
        "description": "Strategy News Photography #Water #artcrime #globalaffairs #innovation \nExWH ExVOA ExSpoxSwissEmbDC Home in Warsaw Delhi Beirut Athens Berlin #WhiteGSD",
        "entities": {
            "description": {
                "urls": []
            },
            "url": {
                "urls": [
                    {
                        "display_url": "9musesnews.com",
                        "expanded_url": "http://9musesnews.com",
                        "indices": [
                            0,
                            23
                        ],
                        "url": "https://t.co/orjvRUmQMP"
                    }
                ]
            }
        },
        "favourites_count": 31911,
        "follow_request_sent": false,
        "followers_count": 2102,
        "following": false,
        "friends_count": 1345,
        "geo_enabled": false,
        "has_extended_profile": false,
        "id": 21052317,
        "id_str": "21052317",
        "is_translation_enabled": false,
        "is_translator": false,
        "lang": null,
        "listed_count": 227,
        "location": "Washington, DC",
        "name": "Keri Douglas",
        "notifications": false,
        "profile_background_color": "C0DEED",
        "profile_background_image_url": "http://abs.twimg.com/images/themes/theme1/bg.png",
        "profile_background_image_url_https": "https://abs.twimg.com/images/themes/theme1/bg.png",
        "profile_background_tile": true,
        "profile_banner_url": "https://pbs.twimg.com/profile_banners/21052317/1450233629",
        "profile_image_url": "http://pbs.twimg.com/profile_images/378800000506464233/13835b2a7dd7c67d90db2b5cc34b6f01_normal.jpeg",
        "profile_image_url_https": "https://pbs.twimg.com/profile_images/378800000506464233/13835b2a7dd7c67d90db2b5cc34b6f01_normal.jpeg",
        "profile_link_color": "3B94D9",
        "profile_sidebar_border_color": "FFFFFF",
        "profile_sidebar_fill_color": "DDEEF6",
        "profile_text_color": "333333",
        "profile_use_background_image": true,
        "protected": false,
        "screen_name": "keridouglas",
        "statuses_count": 51372,
        "time_zone": null,
        "translator_type": "none",
        "url": "https://t.co/orjvRUmQMP",
        "utc_offset": null,
        "verified": false
    }
}
