{
    "contributors": null,
    "coordinates": null,
    "created_at": "Fri Jul 05 08:36:55 +0000 2019",
    "entities": {
        "hashtags": [
            {
                "indices": [
                    45,
                    52
                ],
                "text": "athens"
            },
            {
                "indices": [
                    53,
                    63
                ],
                "text": "streetart"
            },
            {
                "indices": [
                    64,
                    75
                ],
                "text": "paddington"
            },
            {
                "indices": [
                    76,
                    92
                ],
                "text": "streetartathens"
            },
            {
                "indices": [
                    93,
                    103
                ],
                "text": "migration"
            },
            {
                "indices": [
                    104,
                    114
                ],
                "text": "noborders"
            },
            {
                "indices": [
                    115,
                    131
                ],
                "text": "refugeeswelcome"
            }
        ],
        "symbols": [],
        "urls": [],
        "user_mentions": [
            {
                "id": 976111266208108544,
                "id_str": "976111266208108544",
                "indices": [
                    3,
                    16
                ],
                "name": "cam\u00e9",
                "screen_name": "cametoulouse"
            }
        ]
    },
    "favorite_count": 0,
    "favorited": false,
    "geo": null,
    "id": 1147061784714649605,
    "id_str": "1147061784714649605",
    "in_reply_to_screen_name": null,
    "in_reply_to_status_id": null,
    "in_reply_to_status_id_str": null,
    "in_reply_to_user_id": null,
    "in_reply_to_user_id_str": null,
    "is_quote_status": false,
    "lang": "en",
    "metadata": {
        "iso_language_code": "en",
        "result_type": "recent"
    },
    "place": null,
    "retweet_count": 30,
    "retweeted": false,
    "retweeted_status": {
        "contributors": null,
        "coordinates": null,
        "created_at": "Sat May 25 11:08:50 +0000 2019",
        "entities": {
            "hashtags": [
                {
                    "indices": [
                        27,
                        34
                    ],
                    "text": "athens"
                },
                {
                    "indices": [
                        35,
                        45
                    ],
                    "text": "streetart"
                },
                {
                    "indices": [
                        46,
                        57
                    ],
                    "text": "paddington"
                },
                {
                    "indices": [
                        58,
                        74
                    ],
                    "text": "streetartathens"
                },
                {
                    "indices": [
                        75,
                        85
                    ],
                    "text": "migration"
                },
                {
                    "indices": [
                        86,
                        96
                    ],
                    "text": "noborders"
                },
                {
                    "indices": [
                        97,
                        113
                    ],
                    "text": "refugeeswelcome"
                }
            ],
            "symbols": [],
            "urls": [
                {
                    "display_url": "twitter.com/i/web/status/1\u2026",
                    "expanded_url": "https://twitter.com/i/web/status/1132242111968026624",
                    "indices": [
                        115,
                        138
                    ],
                    "url": "https://t.co/qfrr1LFArj"
                }
            ],
            "user_mentions": []
        },
        "favorite_count": 64,
        "favorited": false,
        "geo": null,
        "id": 1132242111968026624,
        "id_str": "1132242111968026624",
        "in_reply_to_screen_name": null,
        "in_reply_to_status_id": null,
        "in_reply_to_status_id_str": null,
        "in_reply_to_user_id": null,
        "in_reply_to_user_id_str": null,
        "is_quote_status": false,
        "lang": "en",
        "metadata": {
            "iso_language_code": "en",
            "result_type": "recent"
        },
        "place": null,
        "possibly_sensitive": false,
        "retweet_count": 30,
        "retweeted": false,
        "source": "<a href=\"http://twitter.com/download/android\" rel=\"nofollow\">Twitter for Android</a>",
        "text": "Migration is not a crime \n\n#athens #streetart #paddington #streetartathens #migration #noborders #refugeeswelcome\u2026 https://t.co/qfrr1LFArj",
        "truncated": true,
        "user": {
            "contributors_enabled": false,
            "created_at": "Tue Mar 20 15:00:35 +0000 2018",
            "default_profile": false,
            "default_profile_image": false,
            "description": "Collectif Auto M\u00e9dia \u00e9tudiant - Toulouse - @cametoulouse sur les r\u00e9seaux / https://t.co/pk1rG7q4A1",
            "entities": {
                "description": {
                    "urls": [
                        {
                            "display_url": "came2016.wordpress.com",
                            "expanded_url": "http://came2016.wordpress.com",
                            "indices": [
                                75,
                                98
                            ],
                            "url": "https://t.co/pk1rG7q4A1"
                        }
                    ]
                },
                "url": {
                    "urls": [
                        {
                            "display_url": "facebook.com/cametoulouse",
                            "expanded_url": "https://www.facebook.com/cametoulouse",
                            "indices": [
                                0,
                                23
                            ],
                            "url": "https://t.co/xHzrpTq4dV"
                        }
                    ]
                }
            },
            "favourites_count": 428,
            "follow_request_sent": false,
            "followers_count": 936,
            "following": false,
            "friends_count": 123,
            "geo_enabled": false,
            "has_extended_profile": true,
            "id": 976111266208108544,
            "id_str": "976111266208108544",
            "is_translation_enabled": false,
            "is_translator": false,
            "lang": null,
            "listed_count": 8,
            "location": "Toulouse, France",
            "name": "cam\u00e9",
            "notifications": false,
            "profile_background_color": "000000",
            "profile_background_image_url": "http://abs.twimg.com/images/themes/theme1/bg.png",
            "profile_background_image_url_https": "https://abs.twimg.com/images/themes/theme1/bg.png",
            "profile_background_tile": false,
            "profile_banner_url": "https://pbs.twimg.com/profile_banners/976111266208108544/1521558862",
            "profile_image_url": "http://pbs.twimg.com/profile_images/1120384990607486977/L9tmMOrC_normal.png",
            "profile_image_url_https": "https://pbs.twimg.com/profile_images/1120384990607486977/L9tmMOrC_normal.png",
            "profile_link_color": "981CEB",
            "profile_sidebar_border_color": "000000",
            "profile_sidebar_fill_color": "000000",
            "profile_text_color": "000000",
            "profile_use_background_image": false,
            "protected": false,
            "screen_name": "cametoulouse",
            "statuses_count": 2896,
            "time_zone": null,
            "translator_type": "none",
            "url": "https://t.co/xHzrpTq4dV",
            "utc_offset": null,
            "verified": false
        }
    },
    "source": "<a href=\"http://twitter.com/download/iphone\" rel=\"nofollow\">Twitter for iPhone</a>",
    "text": "RT @cametoulouse: Migration is not a crime \n\n#athens #streetart #paddington #streetartathens #migration #noborders #refugeeswelcome @paddin\u2026",
    "truncated": false,
    "user": {
        "contributors_enabled": false,
        "created_at": "Wed Apr 29 12:34:48 +0000 2015",
        "default_profile": true,
        "default_profile_image": false,
        "description": "16 y/o || bisexual || stans misha, jensen, jared, castiel, dean, sam, destiel, spn, marvel, txf || pro-choice || veggie \ud83d\udc2e\ud83c\udf31",
        "entities": {
            "description": {
                "urls": []
            },
            "url": {
                "urls": [
                    {
                        "display_url": "janny.i.love.you.so.damn.much.com",
                        "expanded_url": "http://janny.i.love.you.so.damn.much.com",
                        "indices": [
                            0,
                            23
                        ],
                        "url": "https://t.co/BVeWWSMbCW"
                    }
                ]
            }
        },
        "favourites_count": 22325,
        "follow_request_sent": false,
        "followers_count": 435,
        "following": false,
        "friends_count": 2155,
        "geo_enabled": false,
        "has_extended_profile": false,
        "id": 3221271849,
        "id_str": "3221271849",
        "is_translation_enabled": false,
        "is_translator": false,
        "lang": null,
        "listed_count": 1,
        "location": "heaven",
        "name": "Pia \ud83d\udc1d \ud83c\udff3\ufe0f\u200d\ud83c\udf08 pride month \ud83d\udc96\ud83d\udc9c\ud83d\udc99",
        "notifications": false,
        "profile_background_color": "C0DEED",
        "profile_background_image_url": "http://abs.twimg.com/images/themes/theme1/bg.png",
        "profile_background_image_url_https": "https://abs.twimg.com/images/themes/theme1/bg.png",
        "profile_background_tile": false,
        "profile_banner_url": "https://pbs.twimg.com/profile_banners/3221271849/1561489143",
        "profile_image_url": "http://pbs.twimg.com/profile_images/1137624326348398592/ps9g5cwg_normal.jpg",
        "profile_image_url_https": "https://pbs.twimg.com/profile_images/1137624326348398592/ps9g5cwg_normal.jpg",
        "profile_link_color": "1DA1F2",
        "profile_sidebar_border_color": "C0DEED",
        "profile_sidebar_fill_color": "DDEEF6",
        "profile_text_color": "333333",
        "profile_use_background_image": true,
        "protected": false,
        "screen_name": "mishashoneybee",
        "statuses_count": 16092,
        "time_zone": null,
        "translator_type": "none",
        "url": "https://t.co/BVeWWSMbCW",
        "utc_offset": null,
        "verified": false
    }
}
