{
    "contributors": null,
    "coordinates": null,
    "created_at": "Sun Jun 30 20:55:28 +0000 2019",
    "entities": {
        "hashtags": [],
        "symbols": [],
        "urls": [
            {
                "display_url": "youtu.be/-UTpQpvnwAw",
                "expanded_url": "https://youtu.be/-UTpQpvnwAw",
                "indices": [
                    44,
                    67
                ],
                "url": "https://t.co/zSGk023Sl9"
            }
        ],
        "user_mentions": [
            {
                "id": 10228272,
                "id_str": "10228272",
                "indices": [
                    72,
                    80
                ],
                "name": "YouTube",
                "screen_name": "YouTube"
            }
        ]
    },
    "favorite_count": 0,
    "favorited": false,
    "geo": null,
    "id": 1145435709525770240,
    "id_str": "1145435709525770240",
    "in_reply_to_screen_name": null,
    "in_reply_to_status_id": null,
    "in_reply_to_status_id_str": null,
    "in_reply_to_user_id": null,
    "in_reply_to_user_id_str": null,
    "is_quote_status": false,
    "lang": "en",
    "metadata": {
        "iso_language_code": "en",
        "result_type": "recent"
    },
    "place": null,
    "possibly_sensitive": false,
    "retweet_count": 0,
    "retweeted": false,
    "source": "<a href=\"http://twitter.com\" rel=\"nofollow\">Twitter Web Client</a>",
    "text": "Lycabettus Hill Sunset Tour | Athens Greece https://t.co/zSGk023Sl9 via @YouTube",
    "truncated": false,
    "user": {
        "contributors_enabled": false,
        "created_at": "Thu Mar 15 23:00:20 +0000 2018",
        "default_profile": true,
        "default_profile_image": false,
        "description": "I love World Vision Canada, MSF, Animal Aid Unlimited, World Animal Protection, VOKRA\ud83d\ude00 and other charities. I work for 3H Craftworks.",
        "entities": {
            "description": {
                "urls": []
            }
        },
        "favourites_count": 586,
        "follow_request_sent": false,
        "followers_count": 625,
        "following": false,
        "friends_count": 1306,
        "geo_enabled": false,
        "has_extended_profile": true,
        "id": 974420060084162561,
        "id_str": "974420060084162561",
        "is_translation_enabled": false,
        "is_translator": false,
        "lang": "en",
        "listed_count": 1,
        "location": "Vancouver, British Columbia",
        "name": "Palma Pechy",
        "notifications": false,
        "profile_background_color": "F5F8FA",
        "profile_background_image_url": null,
        "profile_background_image_url_https": null,
        "profile_background_tile": false,
        "profile_banner_url": "https://pbs.twimg.com/profile_banners/974420060084162561/1560882829",
        "profile_image_url": "http://pbs.twimg.com/profile_images/1141051020442603520/kWyLYuKZ_normal.png",
        "profile_image_url_https": "https://pbs.twimg.com/profile_images/1141051020442603520/kWyLYuKZ_normal.png",
        "profile_link_color": "1DA1F2",
        "profile_sidebar_border_color": "C0DEED",
        "profile_sidebar_fill_color": "DDEEF6",
        "profile_text_color": "333333",
        "profile_use_background_image": true,
        "protected": false,
        "screen_name": "PalmaPechy",
        "statuses_count": 560,
        "time_zone": null,
        "translator_type": "none",
        "url": null,
        "utc_offset": null,
        "verified": false
    }
}
