{
    "contributors": null,
    "coordinates": null,
    "created_at": "Tue Jun 25 11:54:25 +0000 2019",
    "entities": {
        "hashtags": [],
        "symbols": [],
        "urls": [
            {
                "display_url": "twitter.com/i/web/status/1\u2026",
                "expanded_url": "https://twitter.com/i/web/status/1143487606468030465",
                "indices": [
                    117,
                    140
                ],
                "url": "https://t.co/7tbsH2T8Rp"
            }
        ],
        "user_mentions": []
    },
    "favorite_count": 0,
    "favorited": false,
    "geo": null,
    "id": 1143487606468030465,
    "id_str": "1143487606468030465",
    "in_reply_to_screen_name": "elginism",
    "in_reply_to_status_id": 1143487604672933890,
    "in_reply_to_status_id_str": "1143487604672933890",
    "in_reply_to_user_id": 55548410,
    "in_reply_to_user_id_str": "55548410",
    "is_quote_status": false,
    "lang": "en",
    "metadata": {
        "iso_language_code": "en",
        "result_type": "recent"
    },
    "place": null,
    "possibly_sensitive": false,
    "retweet_count": 0,
    "retweeted": false,
    "source": "<a href=\"http://twitter.com\" rel=\"nofollow\">Twitter Web Client</a>",
    "text": "A hypothetical section through the Acropolis site showing how the Parthenon and Propylaeum might have looked during\u2026 https://t.co/7tbsH2T8Rp",
    "truncated": true,
    "user": {
        "contributors_enabled": false,
        "created_at": "Fri Jul 10 12:34:07 +0000 2009",
        "default_profile": false,
        "default_profile_image": false,
        "description": "Parthenon Sculptures (AKA Elgin Marbles) - Musings on their return, plus other cultural property disputes, museums, art law, archaeology, architecture & Greece",
        "entities": {
            "description": {
                "urls": []
            },
            "url": {
                "urls": [
                    {
                        "display_url": "elginism.com",
                        "expanded_url": "http://www.elginism.com",
                        "indices": [
                            0,
                            22
                        ],
                        "url": "http://t.co/rQAhXoBjzP"
                    }
                ]
            }
        },
        "favourites_count": 6049,
        "follow_request_sent": false,
        "followers_count": 8520,
        "following": false,
        "friends_count": 9241,
        "geo_enabled": true,
        "has_extended_profile": false,
        "id": 55548410,
        "id_str": "55548410",
        "is_translation_enabled": false,
        "is_translator": false,
        "lang": "en",
        "listed_count": 325,
        "location": "London, UK",
        "name": "Elginism",
        "notifications": false,
        "profile_background_color": "7E9CC1",
        "profile_background_image_url": "http://abs.twimg.com/images/themes/theme1/bg.png",
        "profile_background_image_url_https": "https://abs.twimg.com/images/themes/theme1/bg.png",
        "profile_background_tile": true,
        "profile_image_url": "http://pbs.twimg.com/profile_images/313110488/small_elginism_normal.jpg",
        "profile_image_url_https": "https://pbs.twimg.com/profile_images/313110488/small_elginism_normal.jpg",
        "profile_link_color": "5C6C7D",
        "profile_sidebar_border_color": "8190A3",
        "profile_sidebar_fill_color": "D0D6DF",
        "profile_text_color": "333333",
        "profile_use_background_image": true,
        "protected": false,
        "screen_name": "elginism",
        "statuses_count": 9863,
        "time_zone": null,
        "translator_type": "none",
        "url": "http://t.co/rQAhXoBjzP",
        "utc_offset": null,
        "verified": false
    }
}
