{
    "contributors": null,
    "coordinates": null,
    "created_at": "Thu Aug 01 14:34:27 +0000 2019",
    "entities": {
        "hashtags": [],
        "media": [
            {
                "display_url": "pic.twitter.com/dNU4czpqc8",
                "expanded_url": "https://twitter.com/TsJESSiCA_FOX/status/1156935643580100608/photo/1",
                "id": 1156935640971218944,
                "id_str": "1156935640971218944",
                "indices": [
                    102,
                    125
                ],
                "media_url": "http://pbs.twimg.com/media/EA5C1fQUEAAjz68.jpg",
                "media_url_https": "https://pbs.twimg.com/media/EA5C1fQUEAAjz68.jpg",
                "sizes": {
                    "large": {
                        "h": 641,
                        "resize": "fit",
                        "w": 360
                    },
                    "medium": {
                        "h": 641,
                        "resize": "fit",
                        "w": 360
                    },
                    "small": {
                        "h": 641,
                        "resize": "fit",
                        "w": 360
                    },
                    "thumb": {
                        "h": 150,
                        "resize": "crop",
                        "w": 150
                    }
                },
                "source_status_id": 1156935643580100608,
                "source_status_id_str": "1156935643580100608",
                "source_user_id": 550619792,
                "source_user_id_str": "550619792",
                "type": "photo",
                "url": "https://t.co/dNU4czpqc8"
            }
        ],
        "symbols": [],
        "urls": [],
        "user_mentions": [
            {
                "id": 550619792,
                "id_str": "550619792",
                "indices": [
                    3,
                    17
                ],
                "name": "JESSiCA FOX",
                "screen_name": "TsJESSiCA_FOX"
            }
        ]
    },
    "extended_entities": {
        "media": [
            {
                "display_url": "pic.twitter.com/dNU4czpqc8",
                "expanded_url": "https://twitter.com/TsJESSiCA_FOX/status/1156935643580100608/photo/1",
                "id": 1156935640971218944,
                "id_str": "1156935640971218944",
                "indices": [
                    102,
                    125
                ],
                "media_url": "http://pbs.twimg.com/media/EA5C1fQUEAAjz68.jpg",
                "media_url_https": "https://pbs.twimg.com/media/EA5C1fQUEAAjz68.jpg",
                "sizes": {
                    "large": {
                        "h": 641,
                        "resize": "fit",
                        "w": 360
                    },
                    "medium": {
                        "h": 641,
                        "resize": "fit",
                        "w": 360
                    },
                    "small": {
                        "h": 641,
                        "resize": "fit",
                        "w": 360
                    },
                    "thumb": {
                        "h": 150,
                        "resize": "crop",
                        "w": 150
                    }
                },
                "source_status_id": 1156935643580100608,
                "source_status_id_str": "1156935643580100608",
                "source_user_id": 550619792,
                "source_user_id_str": "550619792",
                "type": "photo",
                "url": "https://t.co/dNU4czpqc8"
            }
        ]
    },
    "favorite_count": 0,
    "favorited": false,
    "geo": null,
    "id": 1156936233710436353,
    "id_str": "1156936233710436353",
    "in_reply_to_screen_name": null,
    "in_reply_to_status_id": null,
    "in_reply_to_status_id_str": null,
    "in_reply_to_user_id": null,
    "in_reply_to_user_id_str": null,
    "is_quote_status": false,
    "lang": "en",
    "metadata": {
        "iso_language_code": "en",
        "result_type": "recent"
    },
    "place": null,
    "possibly_sensitive": false,
    "retweet_count": 1,
    "retweeted": false,
    "retweeted_status": {
        "contributors": null,
        "coordinates": null,
        "created_at": "Thu Aug 01 14:32:06 +0000 2019",
        "entities": {
            "hashtags": [],
            "media": [
                {
                    "display_url": "pic.twitter.com/dNU4czpqc8",
                    "expanded_url": "https://twitter.com/TsJESSiCA_FOX/status/1156935643580100608/photo/1",
                    "id": 1156935640971218944,
                    "id_str": "1156935640971218944",
                    "indices": [
                        83,
                        106
                    ],
                    "media_url": "http://pbs.twimg.com/media/EA5C1fQUEAAjz68.jpg",
                    "media_url_https": "https://pbs.twimg.com/media/EA5C1fQUEAAjz68.jpg",
                    "sizes": {
                        "large": {
                            "h": 641,
                            "resize": "fit",
                            "w": 360
                        },
                        "medium": {
                            "h": 641,
                            "resize": "fit",
                            "w": 360
                        },
                        "small": {
                            "h": 641,
                            "resize": "fit",
                            "w": 360
                        },
                        "thumb": {
                            "h": 150,
                            "resize": "crop",
                            "w": 150
                        }
                    },
                    "type": "photo",
                    "url": "https://t.co/dNU4czpqc8"
                }
            ],
            "symbols": [],
            "urls": [],
            "user_mentions": []
        },
        "extended_entities": {
            "media": [
                {
                    "display_url": "pic.twitter.com/dNU4czpqc8",
                    "expanded_url": "https://twitter.com/TsJESSiCA_FOX/status/1156935643580100608/photo/1",
                    "id": 1156935640971218944,
                    "id_str": "1156935640971218944",
                    "indices": [
                        83,
                        106
                    ],
                    "media_url": "http://pbs.twimg.com/media/EA5C1fQUEAAjz68.jpg",
                    "media_url_https": "https://pbs.twimg.com/media/EA5C1fQUEAAjz68.jpg",
                    "sizes": {
                        "large": {
                            "h": 641,
                            "resize": "fit",
                            "w": 360
                        },
                        "medium": {
                            "h": 641,
                            "resize": "fit",
                            "w": 360
                        },
                        "small": {
                            "h": 641,
                            "resize": "fit",
                            "w": 360
                        },
                        "thumb": {
                            "h": 150,
                            "resize": "crop",
                            "w": 150
                        }
                    },
                    "type": "photo",
                    "url": "https://t.co/dNU4czpqc8"
                }
            ]
        },
        "favorite_count": 7,
        "favorited": false,
        "geo": null,
        "id": 1156935643580100608,
        "id_str": "1156935643580100608",
        "in_reply_to_screen_name": null,
        "in_reply_to_status_id": null,
        "in_reply_to_status_id_str": null,
        "in_reply_to_user_id": null,
        "in_reply_to_user_id_str": null,
        "is_quote_status": false,
        "lang": "en",
        "metadata": {
            "iso_language_code": "en",
            "result_type": "recent"
        },
        "place": null,
        "possibly_sensitive": false,
        "retweet_count": 1,
        "retweeted": false,
        "source": "<a href=\"https://mobile.twitter.com\" rel=\"nofollow\">Twitter Web App</a>",
        "text": "Athens, Greece 2019. Goddess Athena herself made an appearance at Acropolis  &lt;3 https://t.co/dNU4czpqc8",
        "truncated": false,
        "user": {
            "contributors_enabled": false,
            "created_at": "Wed Apr 11 02:12:26 +0000 2012",
            "default_profile": false,
            "default_profile_image": false,
            "description": "One of the hottest Native American XXX Stars in the world! Cum sign-up at https://t.co/TSDnh4XGzl https://t.co/jPfa3jGDxT",
            "entities": {
                "description": {
                    "urls": [
                        {
                            "display_url": "jessicathefox.com",
                            "expanded_url": "http://jessicathefox.com",
                            "indices": [
                                74,
                                97
                            ],
                            "url": "https://t.co/TSDnh4XGzl"
                        },
                        {
                            "display_url": "Instagram.com/jessica_fox89",
                            "expanded_url": "http://Instagram.com/jessica_fox89",
                            "indices": [
                                98,
                                121
                            ],
                            "url": "https://t.co/jPfa3jGDxT"
                        }
                    ]
                },
                "url": {
                    "urls": [
                        {
                            "display_url": "jessicathefox.com",
                            "expanded_url": "http://www.jessicathefox.com",
                            "indices": [
                                0,
                                23
                            ],
                            "url": "https://t.co/flImqgYlD1"
                        }
                    ]
                }
            },
            "favourites_count": 1066,
            "follow_request_sent": false,
            "followers_count": 153914,
            "following": false,
            "friends_count": 431,
            "geo_enabled": true,
            "has_extended_profile": false,
            "id": 550619792,
            "id_str": "550619792",
            "is_translation_enabled": false,
            "is_translator": false,
            "lang": null,
            "listed_count": 308,
            "location": "Hot Ass Arizona",
            "name": "JESSiCA FOX",
            "notifications": false,
            "profile_background_color": "16A4F0",
            "profile_background_image_url": "http://abs.twimg.com/images/themes/theme1/bg.png",
            "profile_background_image_url_https": "https://abs.twimg.com/images/themes/theme1/bg.png",
            "profile_background_tile": true,
            "profile_banner_url": "https://pbs.twimg.com/profile_banners/550619792/1545884934",
            "profile_image_url": "http://pbs.twimg.com/profile_images/1113509047523610624/PY_df-fp_normal.jpg",
            "profile_image_url_https": "https://pbs.twimg.com/profile_images/1113509047523610624/PY_df-fp_normal.jpg",
            "profile_link_color": "DD2E44",
            "profile_sidebar_border_color": "000000",
            "profile_sidebar_fill_color": "DDEEF6",
            "profile_text_color": "333333",
            "profile_use_background_image": true,
            "protected": false,
            "screen_name": "TsJESSiCA_FOX",
            "statuses_count": 1322,
            "time_zone": null,
            "translator_type": "none",
            "url": "https://t.co/flImqgYlD1",
            "utc_offset": null,
            "verified": false
        }
    },
    "source": "<a href=\"https://mobile.twitter.com\" rel=\"nofollow\">Twitter Web App</a>",
    "text": "RT @TsJESSiCA_FOX: Athens, Greece 2019. Goddess Athena herself made an appearance at Acropolis  &lt;3 https://t.co/dNU4czpqc8",
    "truncated": false,
    "user": {
        "contributors_enabled": false,
        "created_at": "Thu Aug 06 14:14:34 +0000 2015",
        "default_profile": true,
        "default_profile_image": true,
        "description": "",
        "entities": {
            "description": {
                "urls": []
            }
        },
        "favourites_count": 3554,
        "follow_request_sent": false,
        "followers_count": 20,
        "following": false,
        "friends_count": 112,
        "geo_enabled": false,
        "has_extended_profile": false,
        "id": 3405682757,
        "id_str": "3405682757",
        "is_translation_enabled": false,
        "is_translator": false,
        "lang": null,
        "listed_count": 0,
        "location": "",
        "name": "raoul bitembois",
        "notifications": false,
        "profile_background_color": "C0DEED",
        "profile_background_image_url": "http://abs.twimg.com/images/themes/theme1/bg.png",
        "profile_background_image_url_https": "https://abs.twimg.com/images/themes/theme1/bg.png",
        "profile_background_tile": false,
        "profile_image_url": "http://abs.twimg.com/sticky/default_profile_images/default_profile_normal.png",
        "profile_image_url_https": "https://abs.twimg.com/sticky/default_profile_images/default_profile_normal.png",
        "profile_link_color": "1DA1F2",
        "profile_sidebar_border_color": "C0DEED",
        "profile_sidebar_fill_color": "DDEEF6",
        "profile_text_color": "333333",
        "profile_use_background_image": true,
        "protected": false,
        "screen_name": "jden74",
        "statuses_count": 3779,
        "time_zone": null,
        "translator_type": "none",
        "url": null,
        "utc_offset": null,
        "verified": false
    }
}
