{
    "contributors": null,
    "coordinates": {
        "coordinates": [
            23.52,
            38.12
        ],
        "type": "Point"
    },
    "created_at": "Fri Jul 19 11:25:35 +0000 2019",
    "entities": {
        "hashtags": [
            {
                "indices": [
                    5,
                    16
                ],
                "text": "earthquake"
            },
            {
                "indices": [
                    18,
                    26
                ],
                "text": "\u03c3\u03b5\u03b9\u03c3\u03bc\u03cc\u03c2"
            },
            {
                "indices": [
                    48,
                    55
                ],
                "text": "Athens"
            },
            {
                "indices": [
                    57,
                    64
                ],
                "text": "Greece"
            }
        ],
        "media": [
            {
                "display_url": "pic.twitter.com/0QNwOcfgdx",
                "expanded_url": "https://twitter.com/LastQuake/status/1152177663219503104/photo/1",
                "id": 1152177661416026112,
                "id_str": "1152177661416026112",
                "indices": [
                    106,
                    129
                ],
                "media_url": "http://pbs.twimg.com/media/D_1beoLXsAAySUd.png",
                "media_url_https": "https://pbs.twimg.com/media/D_1beoLXsAAySUd.png",
                "sizes": {
                    "large": {
                        "h": 719,
                        "resize": "fit",
                        "w": 603
                    },
                    "medium": {
                        "h": 719,
                        "resize": "fit",
                        "w": 603
                    },
                    "small": {
                        "h": 680,
                        "resize": "fit",
                        "w": 570
                    },
                    "thumb": {
                        "h": 150,
                        "resize": "crop",
                        "w": 150
                    }
                },
                "type": "photo",
                "url": "https://t.co/0QNwOcfgdx"
            }
        ],
        "symbols": [],
        "urls": [],
        "user_mentions": []
    },
    "extended_entities": {
        "media": [
            {
                "display_url": "pic.twitter.com/0QNwOcfgdx",
                "expanded_url": "https://twitter.com/LastQuake/status/1152177663219503104/photo/1",
                "id": 1152177661416026112,
                "id_str": "1152177661416026112",
                "indices": [
                    106,
                    129
                ],
                "media_url": "http://pbs.twimg.com/media/D_1beoLXsAAySUd.png",
                "media_url_https": "https://pbs.twimg.com/media/D_1beoLXsAAySUd.png",
                "sizes": {
                    "large": {
                        "h": 719,
                        "resize": "fit",
                        "w": 603
                    },
                    "medium": {
                        "h": 719,
                        "resize": "fit",
                        "w": 603
                    },
                    "small": {
                        "h": 680,
                        "resize": "fit",
                        "w": 570
                    },
                    "thumb": {
                        "h": 150,
                        "resize": "crop",
                        "w": 150
                    }
                },
                "type": "photo",
                "url": "https://t.co/0QNwOcfgdx"
            }
        ]
    },
    "favorite_count": 61,
    "favorited": false,
    "geo": {
        "coordinates": [
            38.12,
            23.52
        ],
        "type": "Point"
    },
    "id": 1152177663219503104,
    "id_str": "1152177663219503104",
    "in_reply_to_screen_name": null,
    "in_reply_to_status_id": null,
    "in_reply_to_status_id_str": null,
    "in_reply_to_user_id": null,
    "in_reply_to_user_id_str": null,
    "is_quote_status": false,
    "lang": "en",
    "metadata": {
        "iso_language_code": "en",
        "result_type": "popular"
    },
    "place": {
        "attributes": {},
        "bounding_box": {
            "coordinates": [
                [
                    [
                        23.502309,
                        38.0666378
                    ],
                    [
                        23.547882,
                        38.0666378
                    ],
                    [
                        23.547882,
                        38.1364769
                    ],
                    [
                        23.502309,
                        38.1364769
                    ]
                ]
            ],
            "type": "Polygon"
        },
        "contained_within": [],
        "country": "Hellas",
        "country_code": "GR",
        "full_name": "Magoula, Greece",
        "id": "002133b841c5ccc6",
        "name": "Magoula",
        "place_type": "city",
        "url": "https://api.twitter.com/1.1/geo/id/002133b841c5ccc6.json"
    },
    "possibly_sensitive": false,
    "retweet_count": 92,
    "retweeted": false,
    "source": "<a href=\"http://www.emsc-csem.org/\" rel=\"nofollow\">EMSC Felt earthquakes</a>",
    "text": "M5.1 #earthquake (#\u03c3\u03b5\u03b9\u03c3\u03bc\u03cc\u03c2) strikes 23 km NW of #Athens (#Greece) 12 min ago. Updated map of its effects: https://t.co/0QNwOcfgdx",
    "truncated": false,
    "user": {
        "contributors_enabled": false,
        "created_at": "Fri Oct 15 20:25:28 +0000 2010",
        "default_profile": false,
        "default_profile_image": false,
        "description": "Independent Scientific Organization and provider of real-time earthquake info. Share information with us through our app :  https://t.co/AxO8bJddn5",
        "entities": {
            "description": {
                "urls": [
                    {
                        "display_url": "emsc-csem.org/service/applic\u2026",
                        "expanded_url": "http://www.emsc-csem.org/service/application/",
                        "indices": [
                            124,
                            147
                        ],
                        "url": "https://t.co/AxO8bJddn5"
                    }
                ]
            },
            "url": {
                "urls": [
                    {
                        "display_url": "emsc-csem.org",
                        "expanded_url": "http://www.emsc-csem.org",
                        "indices": [
                            0,
                            22
                        ],
                        "url": "http://t.co/14PnLw0TGr"
                    }
                ]
            }
        },
        "favourites_count": 5082,
        "follow_request_sent": false,
        "followers_count": 103146,
        "following": false,
        "friends_count": 397,
        "geo_enabled": true,
        "has_extended_profile": false,
        "id": 203226820,
        "id_str": "203226820",
        "is_translation_enabled": false,
        "is_translator": false,
        "lang": null,
        "listed_count": 1655,
        "location": "based in Paris, works globally",
        "name": "EMSC",
        "notifications": false,
        "profile_background_color": "050505",
        "profile_background_image_url": "http://abs.twimg.com/images/themes/theme1/bg.png",
        "profile_background_image_url_https": "https://abs.twimg.com/images/themes/theme1/bg.png",
        "profile_background_tile": false,
        "profile_banner_url": "https://pbs.twimg.com/profile_banners/203226820/1458131762",
        "profile_image_url": "http://pbs.twimg.com/profile_images/669532787897147392/hQM844QV_normal.png",
        "profile_image_url_https": "https://pbs.twimg.com/profile_images/669532787897147392/hQM844QV_normal.png",
        "profile_link_color": "0084B4",
        "profile_sidebar_border_color": "000000",
        "profile_sidebar_fill_color": "DDEEF6",
        "profile_text_color": "030303",
        "profile_use_background_image": true,
        "protected": false,
        "screen_name": "LastQuake",
        "statuses_count": 56642,
        "time_zone": null,
        "translator_type": "none",
        "url": "http://t.co/14PnLw0TGr",
        "utc_offset": null,
        "verified": true
    }
}
