{
    "contributors": null,
    "coordinates": null,
    "created_at": "Tue Jun 25 00:17:46 +0000 2019",
    "entities": {
        "hashtags": [],
        "symbols": [],
        "urls": [],
        "user_mentions": [
            {
                "id": 786537772987191296,
                "id_str": "786537772987191296",
                "indices": [
                    3,
                    16
                ],
                "name": "Alexis International fan",
                "screen_name": "Tsipras_int2"
            }
        ]
    },
    "favorite_count": 0,
    "favorited": false,
    "geo": null,
    "id": 1143312290885885953,
    "id_str": "1143312290885885953",
    "in_reply_to_screen_name": null,
    "in_reply_to_status_id": null,
    "in_reply_to_status_id_str": null,
    "in_reply_to_user_id": null,
    "in_reply_to_user_id_str": null,
    "is_quote_status": false,
    "lang": "en",
    "metadata": {
        "iso_language_code": "en",
        "result_type": "recent"
    },
    "place": null,
    "retweet_count": 245,
    "retweeted": false,
    "retweeted_status": {
        "contributors": null,
        "coordinates": null,
        "created_at": "Fri Jun 14 21:53:26 +0000 2019",
        "entities": {
            "hashtags": [],
            "symbols": [],
            "urls": [],
            "user_mentions": []
        },
        "favorite_count": 942,
        "favorited": false,
        "geo": null,
        "id": 1139652088579969024,
        "id_str": "1139652088579969024",
        "in_reply_to_screen_name": null,
        "in_reply_to_status_id": null,
        "in_reply_to_status_id_str": null,
        "in_reply_to_user_id": null,
        "in_reply_to_user_id_str": null,
        "is_quote_status": false,
        "lang": "en",
        "metadata": {
            "iso_language_code": "en",
            "result_type": "recent"
        },
        "place": null,
        "retweet_count": 245,
        "retweeted": false,
        "source": "<a href=\"http://twitter.com\" rel=\"nofollow\">Twitter Web Client</a>",
        "text": "On 8 of the July all in Syntagma to diadelize against the neoliberal barbarocity.",
        "truncated": false,
        "user": {
            "contributors_enabled": false,
            "created_at": "Thu Oct 13 12:03:13 +0000 2016",
            "default_profile": false,
            "default_profile_image": false,
            "description": "Parody account",
            "entities": {
                "description": {
                    "urls": []
                }
            },
            "favourites_count": 694,
            "follow_request_sent": false,
            "followers_count": 13246,
            "following": false,
            "friends_count": 7722,
            "geo_enabled": false,
            "has_extended_profile": true,
            "id": 786537772987191296,
            "id_str": "786537772987191296",
            "is_translation_enabled": false,
            "is_translator": false,
            "lang": "en",
            "listed_count": 78,
            "location": "",
            "name": "Alexis International fan",
            "notifications": false,
            "profile_background_color": "000000",
            "profile_background_image_url": "http://abs.twimg.com/images/themes/theme1/bg.png",
            "profile_background_image_url_https": "https://abs.twimg.com/images/themes/theme1/bg.png",
            "profile_background_tile": false,
            "profile_banner_url": "https://pbs.twimg.com/profile_banners/786537772987191296/1476360991",
            "profile_image_url": "http://pbs.twimg.com/profile_images/786540059940061184/CeniT_CV_normal.jpg",
            "profile_image_url_https": "https://pbs.twimg.com/profile_images/786540059940061184/CeniT_CV_normal.jpg",
            "profile_link_color": "E81C4F",
            "profile_sidebar_border_color": "000000",
            "profile_sidebar_fill_color": "000000",
            "profile_text_color": "000000",
            "profile_use_background_image": false,
            "protected": false,
            "screen_name": "Tsipras_int2",
            "statuses_count": 458,
            "time_zone": null,
            "translator_type": "none",
            "url": null,
            "utc_offset": null,
            "verified": false
        }
    },
    "source": "<a href=\"http://twitter.com/#!/download/ipad\" rel=\"nofollow\">Twitter for iPad</a>",
    "text": "RT @Tsipras_int2: On 8 of the July all in Syntagma to diadelize against the neoliberal barbarocity.",
    "truncated": false,
    "user": {
        "contributors_enabled": false,
        "created_at": "Wed Feb 05 19:40:15 +0000 2014",
        "default_profile": true,
        "default_profile_image": false,
        "description": "I AM A GREEK MACEDONIAN! We 3.5 Million Greek Macedonians are tired on beeing robbed on our IDENTITY, HISTORY,NAME AND SYMBOLS! We want our name Macedonia backI",
        "entities": {
            "description": {
                "urls": []
            },
            "url": {
                "urls": [
                    {
                        "display_url": "macedonia-evidence.org/obama-letter-f\u2026",
                        "expanded_url": "http://macedonia-evidence.org/obama-letter-fyrom.html",
                        "indices": [
                            0,
                            23
                        ],
                        "url": "https://t.co/6dAumsIUhJ"
                    }
                ]
            }
        },
        "favourites_count": 221780,
        "follow_request_sent": false,
        "followers_count": 4947,
        "following": false,
        "friends_count": 5476,
        "geo_enabled": false,
        "has_extended_profile": false,
        "id": 2326604153,
        "id_str": "2326604153",
        "is_translation_enabled": false,
        "is_translator": false,
        "lang": "sv",
        "listed_count": 279,
        "location": "Pallas Athena ,Pella Greece",
        "name": "Elisabet Paschos",
        "notifications": false,
        "profile_background_color": "C0DEED",
        "profile_background_image_url": "http://abs.twimg.com/images/themes/theme1/bg.png",
        "profile_background_image_url_https": "https://abs.twimg.com/images/themes/theme1/bg.png",
        "profile_background_tile": false,
        "profile_banner_url": "https://pbs.twimg.com/profile_banners/2326604153/1458208091",
        "profile_image_url": "http://pbs.twimg.com/profile_images/1139658099705483267/vpj9dxbj_normal.png",
        "profile_image_url_https": "https://pbs.twimg.com/profile_images/1139658099705483267/vpj9dxbj_normal.png",
        "profile_link_color": "1DA1F2",
        "profile_sidebar_border_color": "C0DEED",
        "profile_sidebar_fill_color": "DDEEF6",
        "profile_text_color": "333333",
        "profile_use_background_image": true,
        "protected": false,
        "screen_name": "Makedni",
        "statuses_count": 429748,
        "time_zone": null,
        "translator_type": "none",
        "url": "https://t.co/6dAumsIUhJ",
        "utc_offset": null,
        "verified": false
    }
}
