{
    "contributors": null,
    "coordinates": null,
    "created_at": "Sun Jun 30 22:20:16 +0000 2019",
    "entities": {
        "hashtags": [],
        "symbols": [],
        "urls": [
            {
                "display_url": "twitter.com/i/web/status/1\u2026",
                "expanded_url": "https://twitter.com/i/web/status/1145457049452646400",
                "indices": [
                    117,
                    140
                ],
                "url": "https://t.co/d3dK7EwcB3"
            }
        ],
        "user_mentions": [
            {
                "id": 900725265764102145,
                "id_str": "900725265764102145",
                "indices": [
                    0,
                    16
                ],
                "name": "Ars longa",
                "screen_name": "Arslongawebsite"
            }
        ]
    },
    "favorite_count": 1,
    "favorited": false,
    "geo": null,
    "id": 1145457049452646400,
    "id_str": "1145457049452646400",
    "in_reply_to_screen_name": "Arslongawebsite",
    "in_reply_to_status_id": 1145405427737382912,
    "in_reply_to_status_id_str": "1145405427737382912",
    "in_reply_to_user_id": 900725265764102145,
    "in_reply_to_user_id_str": "900725265764102145",
    "is_quote_status": false,
    "lang": "en",
    "metadata": {
        "iso_language_code": "en",
        "result_type": "recent"
    },
    "place": null,
    "retweet_count": 0,
    "retweeted": false,
    "source": "<a href=\"http://twitter.com/download/iphone\" rel=\"nofollow\">Twitter for iPhone</a>",
    "text": "@Arslongawebsite 1. Up Lycabettus hill in central Athens for a full sunset with the town lying below. 2z Visit Hero\u2026 https://t.co/d3dK7EwcB3",
    "truncated": true,
    "user": {
        "contributors_enabled": false,
        "created_at": "Thu Nov 29 20:52:12 +0000 2018",
        "default_profile": true,
        "default_profile_image": false,
        "description": "Podcast.Every Sunday, less that a minute, a Greek word used in the English language. Created by Emmanuela Lia ( @LiaEmmanuela )",
        "entities": {
            "description": {
                "urls": []
            },
            "url": {
                "urls": [
                    {
                        "display_url": "itunes.apple.com/gb/podcast/you\u2026",
                        "expanded_url": "https://itunes.apple.com/gb/podcast/your-greek-word-on-a-sunday/id1442108812?mt=2",
                        "indices": [
                            0,
                            23
                        ],
                        "url": "https://t.co/UKBKlndWTr"
                    }
                ]
            }
        },
        "favourites_count": 73,
        "follow_request_sent": false,
        "followers_count": 51,
        "following": false,
        "friends_count": 167,
        "geo_enabled": false,
        "has_extended_profile": true,
        "id": 1068246269930455041,
        "id_str": "1068246269930455041",
        "is_translation_enabled": false,
        "is_translator": false,
        "lang": "en",
        "listed_count": 0,
        "location": "London UK",
        "name": "Your Greek Word on a Sunday",
        "notifications": false,
        "profile_background_color": "F5F8FA",
        "profile_background_image_url": null,
        "profile_background_image_url_https": null,
        "profile_background_tile": false,
        "profile_banner_url": "https://pbs.twimg.com/profile_banners/1068246269930455041/1543528504",
        "profile_image_url": "http://pbs.twimg.com/profile_images/1068247432864120834/5YZBWNmp_normal.jpg",
        "profile_image_url_https": "https://pbs.twimg.com/profile_images/1068247432864120834/5YZBWNmp_normal.jpg",
        "profile_link_color": "1DA1F2",
        "profile_sidebar_border_color": "C0DEED",
        "profile_sidebar_fill_color": "DDEEF6",
        "profile_text_color": "333333",
        "profile_use_background_image": true,
        "protected": false,
        "screen_name": "yourgreeksunday",
        "statuses_count": 82,
        "time_zone": null,
        "translator_type": "none",
        "url": "https://t.co/UKBKlndWTr",
        "utc_offset": null,
        "verified": false
    }
}
