{
    "contributors": null,
    "coordinates": null,
    "created_at": "Tue Jul 02 07:37:17 +0000 2019",
    "entities": {
        "hashtags": [
            {
                "indices": [
                    29,
                    37
                ],
                "text": "Hattusa"
            },
            {
                "indices": [
                    101,
                    110
                ],
                "text": "Hittites"
            }
        ],
        "symbols": [],
        "urls": [
            {
                "display_url": "twitter.com/i/web/status/1\u2026",
                "expanded_url": "https://twitter.com/i/web/status/1145959613000507392",
                "indices": [
                    117,
                    140
                ],
                "url": "https://t.co/RfucUk7KQn"
            }
        ],
        "user_mentions": []
    },
    "favorite_count": 1,
    "favorited": false,
    "geo": null,
    "id": 1145959613000507392,
    "id_str": "1145959613000507392",
    "in_reply_to_screen_name": null,
    "in_reply_to_status_id": null,
    "in_reply_to_status_id_str": null,
    "in_reply_to_user_id": null,
    "in_reply_to_user_id_str": null,
    "is_quote_status": false,
    "lang": "en",
    "metadata": {
        "iso_language_code": "en",
        "result_type": "recent"
    },
    "place": null,
    "possibly_sensitive": false,
    "retweet_count": 0,
    "retweeted": false,
    "source": "<a href=\"http://twitter.com/download/android\" rel=\"nofollow\">Twitter for Android</a>",
    "text": "A view from the acropolis of #Hattusa across the city's river valley. Just crazy/impressive that the #Hittites woul\u2026 https://t.co/RfucUk7KQn",
    "truncated": true,
    "user": {
        "contributors_enabled": false,
        "created_at": "Tue Jul 26 11:24:40 +0000 2011",
        "default_profile": false,
        "default_profile_image": false,
        "description": "Author of historical fiction. #Roman #Byzantine #BronzeAge\nYou could say I'm a history fan.  Represented by @agentandagent",
        "entities": {
            "description": {
                "urls": []
            }
        },
        "favourites_count": 1557,
        "follow_request_sent": false,
        "followers_count": 1644,
        "following": false,
        "friends_count": 831,
        "geo_enabled": true,
        "has_extended_profile": true,
        "id": 342661187,
        "id_str": "342661187",
        "is_translation_enabled": false,
        "is_translator": false,
        "lang": "en",
        "listed_count": 77,
        "location": "",
        "name": "Gordon Doherty",
        "notifications": false,
        "profile_background_color": "59472F",
        "profile_background_image_url": "http://abs.twimg.com/images/themes/theme1/bg.png",
        "profile_background_image_url_https": "https://abs.twimg.com/images/themes/theme1/bg.png",
        "profile_background_tile": false,
        "profile_banner_url": "https://pbs.twimg.com/profile_banners/342661187/1559730140",
        "profile_image_url": "http://pbs.twimg.com/profile_images/706170213205745665/asMZjSIz_normal.jpg",
        "profile_image_url_https": "https://pbs.twimg.com/profile_images/706170213205745665/asMZjSIz_normal.jpg",
        "profile_link_color": "52555C",
        "profile_sidebar_border_color": "000515",
        "profile_sidebar_fill_color": "061127",
        "profile_text_color": "827972",
        "profile_use_background_image": true,
        "protected": false,
        "screen_name": "GordonDoherty",
        "statuses_count": 7538,
        "time_zone": null,
        "translator_type": "none",
        "url": null,
        "utc_offset": null,
        "verified": false
    }
}
