{
    "contributors": null,
    "coordinates": null,
    "created_at": "Sat Jul 06 07:55:13 +0000 2019",
    "entities": {
        "hashtags": [
            {
                "indices": [
                    47,
                    54
                ],
                "text": "travel"
            },
            {
                "indices": [
                    55,
                    62
                ],
                "text": "toplou"
            },
            {
                "indices": [
                    63,
                    73
                ],
                "text": "monastery"
            },
            {
                "indices": [
                    74,
                    80
                ],
                "text": "plaka"
            },
            {
                "indices": [
                    81,
                    87
                ],
                "text": "crete"
            },
            {
                "indices": [
                    88,
                    95
                ],
                "text": "island"
            },
            {
                "indices": [
                    96,
                    103
                ],
                "text": "greece"
            }
        ],
        "symbols": [],
        "urls": [
            {
                "display_url": "twitter.com/i/web/status/1\u2026",
                "expanded_url": "https://twitter.com/i/web/status/1147413679266238465",
                "indices": [
                    109,
                    132
                ],
                "url": "https://t.co/ct3qdS9rRx"
            }
        ],
        "user_mentions": []
    },
    "favorite_count": 1,
    "favorited": false,
    "geo": null,
    "id": 1147413679266238465,
    "id_str": "1147413679266238465",
    "in_reply_to_screen_name": null,
    "in_reply_to_status_id": null,
    "in_reply_to_status_id_str": null,
    "in_reply_to_user_id": null,
    "in_reply_to_user_id_str": null,
    "is_quote_status": false,
    "lang": "en",
    "metadata": {
        "iso_language_code": "en",
        "result_type": "recent"
    },
    "place": null,
    "possibly_sensitive": false,
    "retweet_count": 0,
    "retweeted": false,
    "source": "<a href=\"http://twitter.com/download/iphone\" rel=\"nofollow\">Twitter for iPhone</a>",
    "text": "creeping \ud83c\udf3f\n___________________________________\n#travel #toplou #monastery #plaka #crete #island #greece #\ud83c\uddec\ud83c\uddf7\u2026 https://t.co/ct3qdS9rRx",
    "truncated": true,
    "user": {
        "contributors_enabled": false,
        "created_at": "Sat Jul 09 16:06:57 +0000 2011",
        "default_profile": false,
        "default_profile_image": false,
        "description": "Journalist \ud83d\udcfahttps://t.co/4RDPeJrM4G",
        "entities": {
            "description": {
                "urls": [
                    {
                        "display_url": "Instagram.com/eftichisgr",
                        "expanded_url": "http://Instagram.com/eftichisgr",
                        "indices": [
                            12,
                            35
                        ],
                        "url": "https://t.co/4RDPeJrM4G"
                    }
                ]
            },
            "url": {
                "urls": [
                    {
                        "display_url": "linkedin.com/in/eftichis-gr\u2026",
                        "expanded_url": "https://www.linkedin.com/in/eftichis-gryfakis",
                        "indices": [
                            0,
                            23
                        ],
                        "url": "https://t.co/7Uy5ailIs8"
                    }
                ]
            }
        },
        "favourites_count": 4958,
        "follow_request_sent": false,
        "followers_count": 15266,
        "following": false,
        "friends_count": 695,
        "geo_enabled": true,
        "has_extended_profile": false,
        "id": 332323359,
        "id_str": "332323359",
        "is_translation_enabled": false,
        "is_translator": false,
        "lang": null,
        "listed_count": 69,
        "location": "London, England",
        "name": "Eftichis Gryfakis",
        "notifications": false,
        "profile_background_color": "000000",
        "profile_background_image_url": "http://abs.twimg.com/images/themes/theme1/bg.png",
        "profile_background_image_url_https": "https://abs.twimg.com/images/themes/theme1/bg.png",
        "profile_background_tile": true,
        "profile_banner_url": "https://pbs.twimg.com/profile_banners/332323359/1490552276",
        "profile_image_url": "http://pbs.twimg.com/profile_images/943869007651885056/ZoVssQtm_normal.jpg",
        "profile_image_url_https": "https://pbs.twimg.com/profile_images/943869007651885056/ZoVssQtm_normal.jpg",
        "profile_link_color": "115588",
        "profile_sidebar_border_color": "FFFFFF",
        "profile_sidebar_fill_color": "171B1C",
        "profile_text_color": "ED710C",
        "profile_use_background_image": true,
        "protected": false,
        "screen_name": "eftichisgr",
        "statuses_count": 7000,
        "time_zone": null,
        "translator_type": "none",
        "url": "https://t.co/7Uy5ailIs8",
        "utc_offset": null,
        "verified": false
    }
}
