{
    "contributors": null,
    "coordinates": null,
    "created_at": "Sat Aug 17 17:08:29 +0000 2019",
    "entities": {
        "hashtags": [
            {
                "indices": [
                    33,
                    41
                ],
                "text": "Piraeus"
            },
            {
                "indices": [
                    126,
                    133
                ],
                "text": "Athens"
            }
        ],
        "symbols": [],
        "urls": [],
        "user_mentions": [
            {
                "id": 1058339268790308864,
                "id_str": "1058339268790308864",
                "indices": [
                    3,
                    17
                ],
                "name": "Digital Maps of the Ancient World",
                "screen_name": "DigitalMapsAW"
            }
        ]
    },
    "favorite_count": 0,
    "favorited": false,
    "geo": null,
    "id": 1162773204001329152,
    "id_str": "1162773204001329152",
    "in_reply_to_screen_name": null,
    "in_reply_to_status_id": null,
    "in_reply_to_status_id_str": null,
    "in_reply_to_user_id": null,
    "in_reply_to_user_id_str": null,
    "is_quote_status": false,
    "lang": "en",
    "metadata": {
        "iso_language_code": "en",
        "result_type": "recent"
    },
    "place": null,
    "retweet_count": 15,
    "retweeted": false,
    "retweeted_status": {
        "contributors": null,
        "coordinates": null,
        "created_at": "Fri Aug 16 18:51:19 +0000 2019",
        "entities": {
            "hashtags": [
                {
                    "indices": [
                        14,
                        22
                    ],
                    "text": "Piraeus"
                },
                {
                    "indices": [
                        107,
                        114
                    ],
                    "text": "Athens"
                }
            ],
            "symbols": [],
            "urls": [
                {
                    "display_url": "twitter.com/i/web/status/1\u2026",
                    "expanded_url": "https://twitter.com/i/web/status/1162436694257426433",
                    "indices": [
                        117,
                        140
                    ],
                    "url": "https://t.co/d4dxAAFAZV"
                }
            ],
            "user_mentions": []
        },
        "favorite_count": 62,
        "favorited": false,
        "geo": null,
        "id": 1162436694257426433,
        "id_str": "1162436694257426433",
        "in_reply_to_screen_name": null,
        "in_reply_to_status_id": null,
        "in_reply_to_status_id_str": null,
        "in_reply_to_user_id": null,
        "in_reply_to_user_id_str": null,
        "is_quote_status": false,
        "lang": "en",
        "metadata": {
            "iso_language_code": "en",
            "result_type": "recent"
        },
        "place": null,
        "possibly_sensitive": false,
        "retweet_count": 15,
        "retweeted": false,
        "source": "<a href=\"http://twitter.com/download/iphone\" rel=\"nofollow\">Twitter for iPhone</a>",
        "text": "A copy of the #Piraeus Lion. It was originally sculpted c. 360 BC and became a famous landmark in Piraeus, #Athens,\u2026 https://t.co/d4dxAAFAZV",
        "truncated": true,
        "user": {
            "contributors_enabled": false,
            "created_at": "Fri Nov 02 12:45:19 +0000 2018",
            "default_profile": true,
            "default_profile_image": false,
            "description": "A Classics teacher, who is using Digital Maps to illustrate the Ancient World in a new way. Arsenal fan, GoT fanatic and avid traveler.",
            "entities": {
                "description": {
                    "urls": []
                },
                "url": {
                    "urls": [
                        {
                            "display_url": "digitalmapsoftheancientworld.com",
                            "expanded_url": "http://www.digitalmapsoftheancientworld.com",
                            "indices": [
                                0,
                                23
                            ],
                            "url": "https://t.co/nY8klZq7es"
                        }
                    ]
                }
            },
            "favourites_count": 1372,
            "follow_request_sent": false,
            "followers_count": 3750,
            "following": false,
            "friends_count": 1394,
            "geo_enabled": false,
            "has_extended_profile": true,
            "id": 1058339268790308864,
            "id_str": "1058339268790308864",
            "is_translation_enabled": false,
            "is_translator": false,
            "lang": null,
            "listed_count": 66,
            "location": "Edinburgh, Scotland",
            "name": "Digital Maps of the Ancient World",
            "notifications": false,
            "profile_background_color": "F5F8FA",
            "profile_background_image_url": null,
            "profile_background_image_url_https": null,
            "profile_background_tile": false,
            "profile_banner_url": "https://pbs.twimg.com/profile_banners/1058339268790308864/1541165760",
            "profile_image_url": "http://pbs.twimg.com/profile_images/1058341610482733057/jWI6OQ4z_normal.jpg",
            "profile_image_url_https": "https://pbs.twimg.com/profile_images/1058341610482733057/jWI6OQ4z_normal.jpg",
            "profile_link_color": "1DA1F2",
            "profile_sidebar_border_color": "C0DEED",
            "profile_sidebar_fill_color": "DDEEF6",
            "profile_text_color": "333333",
            "profile_use_background_image": true,
            "protected": false,
            "screen_name": "DigitalMapsAW",
            "statuses_count": 1542,
            "time_zone": null,
            "translator_type": "none",
            "url": "https://t.co/nY8klZq7es",
            "utc_offset": null,
            "verified": false
        }
    },
    "source": "<a href=\"http://twitter.com/download/iphone\" rel=\"nofollow\">Twitter for iPhone</a>",
    "text": "RT @DigitalMapsAW: A copy of the #Piraeus Lion. It was originally sculpted c. 360 BC and became a famous landmark in Piraeus, #Athens, havi\u2026",
    "truncated": false,
    "user": {
        "contributors_enabled": false,
        "created_at": "Sat Oct 21 01:37:13 +0000 2017",
        "default_profile": true,
        "default_profile_image": false,
        "description": "Latin teacher. \nLanguage lover. Traveler \ud83c\uddfa\ud83c\uddf8\ud83c\uddf9\ud83c\uddf7\ud83c\uddee\ud83c\uddf9\ud83c\uddee\ud83c\uddf1\ud83c\uddfb\ud83c\udde6\ud83c\uddec\ud83c\uddf7\ud83c\uddea\ud83c\uddec. Marathon punner.\nSpice Boy.",
        "entities": {
            "description": {
                "urls": []
            },
            "url": {
                "urls": [
                    {
                        "display_url": "magisterfoulk.blogspot.com",
                        "expanded_url": "https://magisterfoulk.blogspot.com/",
                        "indices": [
                            0,
                            23
                        ],
                        "url": "https://t.co/peJxy5pkqz"
                    }
                ]
            }
        },
        "favourites_count": 2612,
        "follow_request_sent": false,
        "followers_count": 184,
        "following": false,
        "friends_count": 316,
        "geo_enabled": false,
        "has_extended_profile": false,
        "id": 921550912329605120,
        "id_str": "921550912329605120",
        "is_translation_enabled": false,
        "is_translator": false,
        "lang": null,
        "listed_count": 2,
        "location": "Georgia, USA",
        "name": "John Foulk",
        "notifications": false,
        "profile_background_color": "F5F8FA",
        "profile_background_image_url": null,
        "profile_background_image_url_https": null,
        "profile_background_tile": false,
        "profile_banner_url": "https://pbs.twimg.com/profile_banners/921550912329605120/1510710307",
        "profile_image_url": "http://pbs.twimg.com/profile_images/1091450474941870082/nw6nBHgv_normal.jpg",
        "profile_image_url_https": "https://pbs.twimg.com/profile_images/1091450474941870082/nw6nBHgv_normal.jpg",
        "profile_link_color": "1DA1F2",
        "profile_sidebar_border_color": "C0DEED",
        "profile_sidebar_fill_color": "DDEEF6",
        "profile_text_color": "333333",
        "profile_use_background_image": true,
        "protected": false,
        "screen_name": "MagisterFoulk",
        "statuses_count": 908,
        "time_zone": null,
        "translator_type": "none",
        "url": "https://t.co/peJxy5pkqz",
        "utc_offset": null,
        "verified": false
    }
}
