{
    "contributors": null,
    "coordinates": {
        "coordinates": [
            23.725,
            37.97777778
        ],
        "type": "Point"
    },
    "created_at": "Sun Apr 28 18:30:03 +0000 2019",
    "entities": {
        "hashtags": [
            {
                "indices": [
                    25,
                    35
                ],
                "text": "letsguide"
            },
            {
                "indices": [
                    36,
                    43
                ],
                "text": "athens"
            },
            {
                "indices": [
                    44,
                    56
                ],
                "text": "streetstyle"
            },
            {
                "indices": [
                    57,
                    63
                ],
                "text": "psiri"
            },
            {
                "indices": [
                    69,
                    76
                ],
                "text": "greece"
            },
            {
                "indices": [
                    79,
                    91
                ],
                "text": "monastiraki"
            },
            {
                "indices": [
                    92,
                    98
                ],
                "text": "\u03b1\u03b8\u03ae\u03bd\u03b1"
            },
            {
                "indices": [
                    100,
                    110
                ],
                "text": "ig_greece"
            }
        ],
        "symbols": [],
        "urls": [
            {
                "display_url": "twitter.com/i/web/status/1\u2026",
                "expanded_url": "https://twitter.com/i/web/status/1122568675242807296",
                "indices": [
                    112,
                    135
                ],
                "url": "https://t.co/K9wb8ySNAC"
            }
        ],
        "user_mentions": []
    },
    "favorite_count": 0,
    "favorited": false,
    "geo": {
        "coordinates": [
            37.97777778,
            23.725
        ],
        "type": "Point"
    },
    "id": 1122568675242807296,
    "id_str": "1122568675242807296",
    "in_reply_to_screen_name": null,
    "in_reply_to_status_id": null,
    "in_reply_to_status_id_str": null,
    "in_reply_to_user_id": null,
    "in_reply_to_user_id_str": null,
    "is_quote_status": false,
    "lang": "en",
    "metadata": {
        "iso_language_code": "en",
        "result_type": "recent"
    },
    "place": {
        "attributes": {},
        "bounding_box": {
            "coordinates": [
                [
                    [
                        22.8905274,
                        35.8224754
                    ],
                    [
                        24.1165237,
                        35.8224754
                    ],
                    [
                        24.1165237,
                        38.3409863
                    ],
                    [
                        22.8905274,
                        38.3409863
                    ]
                ]
            ],
            "type": "Polygon"
        },
        "contained_within": [],
        "country": "Greece",
        "country_code": "GR",
        "full_name": "Attiki, Greece",
        "id": "00279a5763b04e35",
        "name": "Attica",
        "place_type": "admin",
        "url": "https://api.twitter.com/1.1/geo/id/00279a5763b04e35.json"
    },
    "possibly_sensitive": false,
    "retweet_count": 0,
    "retweeted": false,
    "source": "<a href=\"http://instagram.com\" rel=\"nofollow\">Instagram</a>",
    "text": "Streets of Athens \ud83d\udc9c\ud83d\udc99\ud83d\udc9a\ud83d\udc9b\u2764\ufe0f #letsguide #athens #streetstyle #psiri \n\u2022\n\u2022\n#greece\ud83c\uddec\ud83c\uddf7 #monastiraki #\u03b1\u03b8\u03ae\u03bd\u03b1  #ig_greece\u2026 https://t.co/K9wb8ySNAC",
    "truncated": true,
    "user": {
        "contributors_enabled": false,
        "created_at": "Tue Jun 12 12:51:05 +0000 2012",
        "default_profile": true,
        "default_profile_image": false,
        "description": "Tech freak, Apple Enthusiast",
        "entities": {
            "description": {
                "urls": []
            }
        },
        "favourites_count": 90,
        "follow_request_sent": false,
        "followers_count": 32,
        "following": false,
        "friends_count": 31,
        "geo_enabled": true,
        "has_extended_profile": true,
        "id": 606292841,
        "id_str": "606292841",
        "is_translation_enabled": false,
        "is_translator": false,
        "lang": "en",
        "listed_count": 6,
        "location": "Cyprus",
        "name": "auzzie23",
        "notifications": false,
        "profile_background_color": "C0DEED",
        "profile_background_image_url": "http://abs.twimg.com/images/themes/theme1/bg.png",
        "profile_background_image_url_https": "https://abs.twimg.com/images/themes/theme1/bg.png",
        "profile_background_tile": false,
        "profile_banner_url": "https://pbs.twimg.com/profile_banners/606292841/1431705651",
        "profile_image_url": "http://pbs.twimg.com/profile_images/768367918266650624/4SsLY_ZE_normal.jpg",
        "profile_image_url_https": "https://pbs.twimg.com/profile_images/768367918266650624/4SsLY_ZE_normal.jpg",
        "profile_link_color": "1DA1F2",
        "profile_sidebar_border_color": "C0DEED",
        "profile_sidebar_fill_color": "DDEEF6",
        "profile_text_color": "333333",
        "profile_use_background_image": true,
        "protected": false,
        "screen_name": "auzzie23",
        "statuses_count": 582,
        "time_zone": null,
        "translator_type": "none",
        "url": null,
        "utc_offset": null,
        "verified": false
    }
}
