{
    "contributors": null,
    "coordinates": {
        "coordinates": [
            23.726738,
            37.971851
        ],
        "type": "Point"
    },
    "created_at": "Mon Jul 01 17:13:07 +0000 2019",
    "entities": {
        "hashtags": [
            {
                "indices": [
                    107,
                    114
                ],
                "text": "athens"
            }
        ],
        "symbols": [],
        "urls": [
            {
                "display_url": "twitter.com/i/web/status/1\u2026",
                "expanded_url": "https://twitter.com/i/web/status/1145742138090708993",
                "indices": [
                    116,
                    139
                ],
                "url": "https://t.co/dOBL4OPYrp"
            }
        ],
        "user_mentions": []
    },
    "favorite_count": 0,
    "favorited": false,
    "geo": {
        "coordinates": [
            37.971851,
            23.726738
        ],
        "type": "Point"
    },
    "id": 1145742138090708993,
    "id_str": "1145742138090708993",
    "in_reply_to_screen_name": null,
    "in_reply_to_status_id": null,
    "in_reply_to_status_id_str": null,
    "in_reply_to_user_id": null,
    "in_reply_to_user_id_str": null,
    "is_quote_status": false,
    "lang": "en",
    "metadata": {
        "iso_language_code": "en",
        "result_type": "recent"
    },
    "place": {
        "attributes": {},
        "bounding_box": {
            "coordinates": [
                [
                    [
                        22.8905274,
                        35.8224754
                    ],
                    [
                        24.1165237,
                        35.8224754
                    ],
                    [
                        24.1165237,
                        38.3409863
                    ],
                    [
                        22.8905274,
                        38.3409863
                    ]
                ]
            ],
            "type": "Polygon"
        },
        "contained_within": [],
        "country": "Hellas",
        "country_code": "GR",
        "full_name": "Attiki, Greece",
        "id": "00279a5763b04e35",
        "name": "Attiki",
        "place_type": "admin",
        "url": "https://api.twitter.com/1.1/geo/id/00279a5763b04e35.json"
    },
    "possibly_sensitive": false,
    "retweet_count": 0,
    "retweeted": false,
    "source": "<a href=\"http://instagram.com\" rel=\"nofollow\">Instagram</a>",
    "text": "I miss Greece, can I go back please? \ud83c\udf1e\n\nP.s. I\u2019m blogging again! Check out my latest post (Link in bio) \ud83d\udc97\n\n#athens\u2026 https://t.co/dOBL4OPYrp",
    "truncated": true,
    "user": {
        "contributors_enabled": false,
        "created_at": "Sat Dec 23 15:36:34 +0000 2017",
        "default_profile": true,
        "default_profile_image": false,
        "description": "22 | Manchester | Beauty and lifestyle blogger | \ud83c\udf38 #PRFriendly| Contact me on: chloeatherton7@gmail.com",
        "entities": {
            "description": {
                "urls": []
            },
            "url": {
                "urls": [
                    {
                        "display_url": "being-chloe.com",
                        "expanded_url": "http://www.being-chloe.com",
                        "indices": [
                            0,
                            23
                        ],
                        "url": "https://t.co/E4uDH5BskD"
                    }
                ]
            }
        },
        "favourites_count": 2640,
        "follow_request_sent": false,
        "followers_count": 3700,
        "following": false,
        "friends_count": 1498,
        "geo_enabled": true,
        "has_extended_profile": true,
        "id": 944592575532601344,
        "id_str": "944592575532601344",
        "is_translation_enabled": false,
        "is_translator": false,
        "lang": "en-gb",
        "listed_count": 14,
        "location": "",
        "name": "Chloe",
        "notifications": false,
        "profile_background_color": "F5F8FA",
        "profile_background_image_url": null,
        "profile_background_image_url_https": null,
        "profile_background_tile": false,
        "profile_banner_url": "https://pbs.twimg.com/profile_banners/944592575532601344/1515259508",
        "profile_image_url": "http://pbs.twimg.com/profile_images/951846161337511938/h593ZOVY_normal.jpg",
        "profile_image_url_https": "https://pbs.twimg.com/profile_images/951846161337511938/h593ZOVY_normal.jpg",
        "profile_link_color": "1DA1F2",
        "profile_sidebar_border_color": "C0DEED",
        "profile_sidebar_fill_color": "DDEEF6",
        "profile_text_color": "333333",
        "profile_use_background_image": true,
        "protected": false,
        "screen_name": "Being_Chloe96",
        "statuses_count": 3726,
        "time_zone": null,
        "translator_type": "none",
        "url": "https://t.co/E4uDH5BskD",
        "utc_offset": null,
        "verified": false
    }
}
