{
    "contributors": null,
    "coordinates": null,
    "created_at": "Sun Aug 18 10:11:18 +0000 2019",
    "entities": {
        "hashtags": [
            {
                "indices": [
                    19,
                    26
                ],
                "text": "Aegina"
            },
            {
                "indices": [
                    41,
                    49
                ],
                "text": "Saronic"
            },
            {
                "indices": [
                    61,
                    68
                ],
                "text": "Greece"
            },
            {
                "indices": [
                    109,
                    116
                ],
                "text": "Athens"
            }
        ],
        "symbols": [],
        "urls": [],
        "user_mentions": [
            {
                "id": 4627236323,
                "id_str": "4627236323",
                "indices": [
                    3,
                    17
                ],
                "name": "European Beauty",
                "screen_name": "MagicalEurope"
            }
        ]
    },
    "favorite_count": 0,
    "favorited": false,
    "geo": null,
    "id": 1163030604444651522,
    "id_str": "1163030604444651522",
    "in_reply_to_screen_name": null,
    "in_reply_to_status_id": null,
    "in_reply_to_status_id_str": null,
    "in_reply_to_user_id": null,
    "in_reply_to_user_id_str": null,
    "is_quote_status": false,
    "lang": "en",
    "metadata": {
        "iso_language_code": "en",
        "result_type": "recent"
    },
    "place": null,
    "retweet_count": 11,
    "retweeted": false,
    "retweeted_status": {
        "contributors": null,
        "coordinates": null,
        "created_at": "Sun Aug 18 09:00:01 +0000 2019",
        "entities": {
            "hashtags": [
                {
                    "indices": [
                        0,
                        7
                    ],
                    "text": "Aegina"
                },
                {
                    "indices": [
                        22,
                        30
                    ],
                    "text": "Saronic"
                },
                {
                    "indices": [
                        42,
                        49
                    ],
                    "text": "Greece"
                },
                {
                    "indices": [
                        90,
                        97
                    ],
                    "text": "Athens"
                }
            ],
            "symbols": [],
            "urls": [
                {
                    "display_url": "twitter.com/i/web/status/1\u2026",
                    "expanded_url": "https://twitter.com/i/web/status/1163012665507061760",
                    "indices": [
                        117,
                        140
                    ],
                    "url": "https://t.co/BlvWpVGAMj"
                }
            ],
            "user_mentions": []
        },
        "favorite_count": 32,
        "favorited": false,
        "geo": null,
        "id": 1163012665507061760,
        "id_str": "1163012665507061760",
        "in_reply_to_screen_name": null,
        "in_reply_to_status_id": null,
        "in_reply_to_status_id_str": null,
        "in_reply_to_user_id": null,
        "in_reply_to_user_id_str": null,
        "is_quote_status": false,
        "lang": "en",
        "metadata": {
            "iso_language_code": "en",
            "result_type": "recent"
        },
        "place": null,
        "possibly_sensitive": false,
        "retweet_count": 11,
        "retweeted": false,
        "source": "<a href=\"https://social.zoho.com\" rel=\"nofollow\">Zoho Social</a>",
        "text": "#Aegina is one of the #Saronic Islands of #Greece in the Saronic Gulf, 27 kilometres from #Athens. Tradition derive\u2026 https://t.co/BlvWpVGAMj",
        "truncated": true,
        "user": {
            "contributors_enabled": false,
            "created_at": "Mon Dec 28 01:22:56 +0000 2015",
            "default_profile": true,
            "default_profile_image": false,
            "description": "Celebrating the #traditions, #folklore, & natural wonders of #Europe! #Travel #Culture #Nature #Architecture #AncientHistory #History #Castles #Photography",
            "entities": {
                "description": {
                    "urls": []
                },
                "url": {
                    "urls": [
                        {
                            "display_url": "magical-europe.com",
                            "expanded_url": "http://www.magical-europe.com",
                            "indices": [
                                0,
                                23
                            ],
                            "url": "https://t.co/4dbAmsDtra"
                        }
                    ]
                }
            },
            "favourites_count": 1808,
            "follow_request_sent": false,
            "followers_count": 54749,
            "following": false,
            "friends_count": 206,
            "geo_enabled": false,
            "has_extended_profile": false,
            "id": 4627236323,
            "id_str": "4627236323",
            "is_translation_enabled": false,
            "is_translator": false,
            "lang": null,
            "listed_count": 558,
            "location": "",
            "name": "European Beauty",
            "notifications": false,
            "profile_background_color": "F5F8FA",
            "profile_background_image_url": null,
            "profile_background_image_url_https": null,
            "profile_background_tile": false,
            "profile_banner_url": "https://pbs.twimg.com/profile_banners/4627236323/1562777138",
            "profile_image_url": "http://pbs.twimg.com/profile_images/757999394897682432/b5UCVGrk_normal.jpg",
            "profile_image_url_https": "https://pbs.twimg.com/profile_images/757999394897682432/b5UCVGrk_normal.jpg",
            "profile_link_color": "1DA1F2",
            "profile_sidebar_border_color": "C0DEED",
            "profile_sidebar_fill_color": "DDEEF6",
            "profile_text_color": "333333",
            "profile_use_background_image": true,
            "protected": false,
            "screen_name": "MagicalEurope",
            "statuses_count": 11296,
            "time_zone": null,
            "translator_type": "none",
            "url": "https://t.co/4dbAmsDtra",
            "utc_offset": null,
            "verified": false
        }
    },
    "source": "<a href=\"http://twitter.com/download/iphone\" rel=\"nofollow\">Twitter for iPhone</a>",
    "text": "RT @MagicalEurope: #Aegina is one of the #Saronic Islands of #Greece in the Saronic Gulf, 27 kilometres from #Athens. Tradition derives the\u2026",
    "truncated": false,
    "user": {
        "contributors_enabled": false,
        "created_at": "Sat Dec 01 00:33:47 +0000 2018",
        "default_profile": true,
        "default_profile_image": false,
        "description": "\u696d\u52d9\u30b9\u30fc\u30d1\u30fc/60s /\u898b\u308b\u5c02\u7528",
        "entities": {
            "description": {
                "urls": []
            }
        },
        "favourites_count": 19582,
        "follow_request_sent": false,
        "followers_count": 262,
        "following": false,
        "friends_count": 256,
        "geo_enabled": false,
        "has_extended_profile": false,
        "id": 1068664422166450176,
        "id_str": "1068664422166450176",
        "is_translation_enabled": false,
        "is_translator": false,
        "lang": null,
        "listed_count": 2,
        "location": "",
        "name": "60s debu",
        "notifications": false,
        "profile_background_color": "F5F8FA",
        "profile_background_image_url": null,
        "profile_background_image_url_https": null,
        "profile_background_tile": false,
        "profile_banner_url": "https://pbs.twimg.com/profile_banners/1068664422166450176/1558498334",
        "profile_image_url": "http://pbs.twimg.com/profile_images/1131050101122617346/-04dT0eV_normal.jpg",
        "profile_image_url_https": "https://pbs.twimg.com/profile_images/1131050101122617346/-04dT0eV_normal.jpg",
        "profile_link_color": "1DA1F2",
        "profile_sidebar_border_color": "C0DEED",
        "profile_sidebar_fill_color": "DDEEF6",
        "profile_text_color": "333333",
        "profile_use_background_image": true,
        "protected": false,
        "screen_name": "60sDebu",
        "statuses_count": 19204,
        "time_zone": null,
        "translator_type": "none",
        "url": null,
        "utc_offset": null,
        "verified": false
    }
}
