{
    "contributors": null,
    "coordinates": null,
    "created_at": "Thu Aug 01 14:55:03 +0000 2019",
    "entities": {
        "hashtags": [],
        "symbols": [],
        "urls": [],
        "user_mentions": [
            {
                "id": 847629130111700992,
                "id_str": "847629130111700992",
                "indices": [
                    0,
                    12
                ],
                "name": "Danielle Kellogg",
                "screen_name": "dlkellogg17"
            }
        ]
    },
    "favorite_count": 0,
    "favorited": false,
    "geo": null,
    "id": 1156941418524487681,
    "id_str": "1156941418524487681",
    "in_reply_to_screen_name": "dlkellogg17",
    "in_reply_to_status_id": 1156535438699573248,
    "in_reply_to_status_id_str": "1156535438699573248",
    "in_reply_to_user_id": 847629130111700992,
    "in_reply_to_user_id_str": "847629130111700992",
    "is_quote_status": false,
    "lang": "en",
    "metadata": {
        "iso_language_code": "en",
        "result_type": "recent"
    },
    "place": null,
    "retweet_count": 0,
    "retweeted": false,
    "source": "<a href=\"https://mobile.twitter.com\" rel=\"nofollow\">Twitter Web App</a>",
    "text": "@dlkellogg17 Pretty close to the Acropolis!",
    "truncated": false,
    "user": {
        "contributors_enabled": false,
        "created_at": "Thu Feb 27 10:52:04 +0000 2014",
        "default_profile": false,
        "default_profile_image": false,
        "description": "Working on Greek monsters, Anne Carson, queer time, Hephaistos, & disability. Like creatures, dogs, pedagogy. She/her. Classics VAP @haverfordedu",
        "entities": {
            "description": {
                "urls": []
            },
            "url": {
                "urls": [
                    {
                        "display_url": "professorsilverblank.com",
                        "expanded_url": "http://professorsilverblank.com",
                        "indices": [
                            0,
                            23
                        ],
                        "url": "https://t.co/hPql1XuZFM"
                    }
                ]
            }
        },
        "favourites_count": 6227,
        "follow_request_sent": false,
        "followers_count": 817,
        "following": false,
        "friends_count": 1573,
        "geo_enabled": false,
        "has_extended_profile": false,
        "id": 2363995316,
        "id_str": "2363995316",
        "is_translation_enabled": false,
        "is_translator": false,
        "lang": null,
        "listed_count": 14,
        "location": "Haverford College",
        "name": "Dr. Hannah Silverblank",
        "notifications": false,
        "profile_background_color": "000000",
        "profile_background_image_url": "http://abs.twimg.com/images/themes/theme1/bg.png",
        "profile_background_image_url_https": "https://abs.twimg.com/images/themes/theme1/bg.png",
        "profile_background_tile": false,
        "profile_banner_url": "https://pbs.twimg.com/profile_banners/2363995316/1527964961",
        "profile_image_url": "http://pbs.twimg.com/profile_images/1002987925431300096/M45qsHiY_normal.jpg",
        "profile_image_url_https": "https://pbs.twimg.com/profile_images/1002987925431300096/M45qsHiY_normal.jpg",
        "profile_link_color": "F58EA8",
        "profile_sidebar_border_color": "000000",
        "profile_sidebar_fill_color": "000000",
        "profile_text_color": "000000",
        "profile_use_background_image": false,
        "protected": false,
        "screen_name": "HSilverblank",
        "statuses_count": 2189,
        "time_zone": null,
        "translator_type": "none",
        "url": "https://t.co/hPql1XuZFM",
        "utc_offset": null,
        "verified": false
    }
}
