{
    "contributors": null,
    "coordinates": null,
    "created_at": "Wed Aug 21 12:37:57 +0000 2019",
    "entities": {
        "hashtags": [],
        "symbols": [],
        "urls": [],
        "user_mentions": [
            {
                "id": 1011186951922372608,
                "id_str": "1011186951922372608",
                "indices": [
                    3,
                    14
                ],
                "name": "Anna Wolcke",
                "screen_name": "annawolcke"
            }
        ]
    },
    "favorite_count": 0,
    "favorited": false,
    "geo": null,
    "id": 1164154671415595008,
    "id_str": "1164154671415595008",
    "in_reply_to_screen_name": null,
    "in_reply_to_status_id": null,
    "in_reply_to_status_id_str": null,
    "in_reply_to_user_id": null,
    "in_reply_to_user_id_str": null,
    "is_quote_status": false,
    "lang": "en",
    "metadata": {
        "iso_language_code": "en",
        "result_type": "recent"
    },
    "place": null,
    "retweet_count": 2,
    "retweeted": false,
    "retweeted_status": {
        "contributors": null,
        "coordinates": null,
        "created_at": "Wed Aug 21 12:27:19 +0000 2019",
        "entities": {
            "hashtags": [],
            "symbols": [],
            "urls": [
                {
                    "display_url": "twitter.com/i/web/status/1\u2026",
                    "expanded_url": "https://twitter.com/i/web/status/1164151995093135361",
                    "indices": [
                        117,
                        140
                    ],
                    "url": "https://t.co/IVHEn5QI1H"
                }
            ],
            "user_mentions": []
        },
        "favorite_count": 4,
        "favorited": false,
        "geo": null,
        "id": 1164151995093135361,
        "id_str": "1164151995093135361",
        "in_reply_to_screen_name": null,
        "in_reply_to_status_id": null,
        "in_reply_to_status_id_str": null,
        "in_reply_to_user_id": null,
        "in_reply_to_user_id_str": null,
        "is_quote_status": false,
        "lang": "en",
        "metadata": {
            "iso_language_code": "en",
            "result_type": "recent"
        },
        "place": null,
        "possibly_sensitive": false,
        "retweet_count": 2,
        "retweeted": false,
        "source": "<a href=\"https://mobile.twitter.com\" rel=\"nofollow\">Twitter Web App</a>",
        "text": "My piece \"The End of Anarchists in Exarcheia?\" was just published. I spent five weeks in Athens, learning about the\u2026 https://t.co/IVHEn5QI1H",
        "truncated": true,
        "user": {
            "contributors_enabled": false,
            "created_at": "Mon Jun 25 09:58:51 +0000 2018",
            "default_profile": true,
            "default_profile_image": false,
            "description": "Curious, hitchhiker, book-nerd, photographer, Princeton student, and aspiring journalist #neverEndingQuestions",
            "entities": {
                "description": {
                    "urls": []
                }
            },
            "favourites_count": 39,
            "follow_request_sent": false,
            "followers_count": 15,
            "following": false,
            "friends_count": 118,
            "geo_enabled": false,
            "has_extended_profile": false,
            "id": 1011186951922372608,
            "id_str": "1011186951922372608",
            "is_translation_enabled": false,
            "is_translator": false,
            "lang": null,
            "listed_count": 0,
            "location": "M\u00fcnster, Germany",
            "name": "Anna Wolcke",
            "notifications": false,
            "profile_background_color": "F5F8FA",
            "profile_background_image_url": null,
            "profile_background_image_url_https": null,
            "profile_background_tile": false,
            "profile_banner_url": "https://pbs.twimg.com/profile_banners/1011186951922372608/1529921172",
            "profile_image_url": "http://pbs.twimg.com/profile_images/1011188611176427520/_ybswxli_normal.jpg",
            "profile_image_url_https": "https://pbs.twimg.com/profile_images/1011188611176427520/_ybswxli_normal.jpg",
            "profile_link_color": "1DA1F2",
            "profile_sidebar_border_color": "C0DEED",
            "profile_sidebar_fill_color": "DDEEF6",
            "profile_text_color": "333333",
            "profile_use_background_image": true,
            "protected": false,
            "screen_name": "annawolcke",
            "statuses_count": 10,
            "time_zone": null,
            "translator_type": "none",
            "url": null,
            "utc_offset": null,
            "verified": false
        }
    },
    "source": "<a href=\"https://mobile.twitter.com\" rel=\"nofollow\">Twitter Web App</a>",
    "text": "RT @annawolcke: My piece \"The End of Anarchists in Exarcheia?\" was just published. I spent five weeks in Athens, learning about the communi\u2026",
    "truncated": false,
    "user": {
        "contributors_enabled": false,
        "created_at": "Wed May 25 05:32:25 +0000 2011",
        "default_profile": false,
        "default_profile_image": false,
        "description": "\u0395\u03af\u03bc\u03b1\u03b9 \u03b1\u03c5\u03c4\u03cc\u03c2 \u03c0\u03bf\u03c5 \u03c3\u03bf\u03c5 \u03c7\u03ac\u03bb\u03b1\u03c3\u03b5 \u03c4\u03bf \u03c0\u03bb\u03c5\u03bd\u03c4\u03ae\u03c1\u03b9\u03bf \u03ba\u03b1\u03b9 29 \u03ba\u03b1\u03c4\u03b1\u03c3\u03ba\u03b5\u03c5\u03b1\u03c3\u03c4\u03ad\u03c2 \u03b1\u03bd\u03b1\u03b6\u03b7\u03c4\u03bf\u03cd\u03bd",
        "entities": {
            "description": {
                "urls": []
            }
        },
        "favourites_count": 41978,
        "follow_request_sent": false,
        "followers_count": 3844,
        "following": false,
        "friends_count": 1757,
        "geo_enabled": true,
        "has_extended_profile": true,
        "id": 304830698,
        "id_str": "304830698",
        "is_translation_enabled": false,
        "is_translator": false,
        "lang": null,
        "listed_count": 72,
        "location": "London, England",
        "name": "Leonidas ToEat \u264e\u2618\ud83c\uddec\ud83c\uddf7\ud83c\uddec\ud83c\udde7",
        "notifications": false,
        "profile_background_color": "0B4E70",
        "profile_background_image_url": "http://abs.twimg.com/images/themes/theme1/bg.png",
        "profile_background_image_url_https": "https://abs.twimg.com/images/themes/theme1/bg.png",
        "profile_background_tile": false,
        "profile_banner_url": "https://pbs.twimg.com/profile_banners/304830698/1554245141",
        "profile_image_url": "http://pbs.twimg.com/profile_images/820361491664830466/8p7VocQJ_normal.jpg",
        "profile_image_url_https": "https://pbs.twimg.com/profile_images/820361491664830466/8p7VocQJ_normal.jpg",
        "profile_link_color": "0084B4",
        "profile_sidebar_border_color": "FFFFFF",
        "profile_sidebar_fill_color": "DDEEF6",
        "profile_text_color": "333333",
        "profile_use_background_image": false,
        "protected": false,
        "screen_name": "AnAthenianToLDN",
        "statuses_count": 49549,
        "time_zone": null,
        "translator_type": "none",
        "url": null,
        "utc_offset": null,
        "verified": false
    }
}
