{
    "contributors": null,
    "coordinates": null,
    "created_at": "Sun Aug 18 10:34:59 +0000 2019",
    "entities": {
        "hashtags": [],
        "symbols": [],
        "urls": [
            {
                "display_url": "twitter.com/i/web/status/1\u2026",
                "expanded_url": "https://twitter.com/i/web/status/1163036564563189761",
                "indices": [
                    117,
                    140
                ],
                "url": "https://t.co/dRO9spbHDT"
            }
        ],
        "user_mentions": []
    },
    "favorite_count": 0,
    "favorited": false,
    "geo": null,
    "id": 1163036564563189761,
    "id_str": "1163036564563189761",
    "in_reply_to_screen_name": null,
    "in_reply_to_status_id": null,
    "in_reply_to_status_id_str": null,
    "in_reply_to_user_id": null,
    "in_reply_to_user_id_str": null,
    "is_quote_status": false,
    "lang": "en",
    "metadata": {
        "iso_language_code": "en",
        "result_type": "recent"
    },
    "place": null,
    "possibly_sensitive": false,
    "retweet_count": 0,
    "retweeted": false,
    "source": "<a href=\"https://www.multiplymyleads.com\" rel=\"nofollow\">MML Tw App</a>",
    "text": "3 BHK Flat/Apartment for Sale 1.5 Crore 2250.0 Sq. Feet in SMR Vinay Acropolis, Kondapur\n2250.0 Sq. Feet builtup ar\u2026 https://t.co/dRO9spbHDT",
    "truncated": true,
    "user": {
        "contributors_enabled": false,
        "created_at": "Thu Mar 14 12:55:07 +0000 2019",
        "default_profile": true,
        "default_profile_image": false,
        "description": "https://t.co/WnFUfWNADs",
        "entities": {
            "description": {
                "urls": [
                    {
                        "display_url": "multiplymyleads.com",
                        "expanded_url": "http://multiplymyleads.com",
                        "indices": [
                            0,
                            23
                        ],
                        "url": "https://t.co/WnFUfWNADs"
                    }
                ]
            }
        },
        "favourites_count": 2,
        "follow_request_sent": false,
        "followers_count": 24,
        "following": false,
        "friends_count": 0,
        "geo_enabled": false,
        "has_extended_profile": true,
        "id": 1106176933904015362,
        "id_str": "1106176933904015362",
        "is_translation_enabled": false,
        "is_translator": false,
        "lang": null,
        "listed_count": 0,
        "location": "Delhi",
        "name": "MultiplyMyLeads",
        "notifications": false,
        "profile_background_color": "F5F8FA",
        "profile_background_image_url": null,
        "profile_background_image_url_https": null,
        "profile_background_tile": false,
        "profile_banner_url": "https://pbs.twimg.com/profile_banners/1106176933904015362/1564643708",
        "profile_image_url": "http://pbs.twimg.com/profile_images/1106177009955135489/o344lg3u_normal.png",
        "profile_image_url_https": "https://pbs.twimg.com/profile_images/1106177009955135489/o344lg3u_normal.png",
        "profile_link_color": "1DA1F2",
        "profile_sidebar_border_color": "C0DEED",
        "profile_sidebar_fill_color": "DDEEF6",
        "profile_text_color": "333333",
        "profile_use_background_image": true,
        "protected": false,
        "screen_name": "multiplymyleads",
        "statuses_count": 13365,
        "time_zone": null,
        "translator_type": "none",
        "url": null,
        "utc_offset": null,
        "verified": false
    }
}
