{
    "contributors": null,
    "coordinates": null,
    "created_at": "Fri Jul 05 10:04:13 +0000 2019",
    "entities": {
        "hashtags": [
            {
                "indices": [
                    8,
                    16
                ],
                "text": "weather"
            },
            {
                "indices": [
                    35,
                    42
                ],
                "text": "summer"
            },
            {
                "indices": [
                    43,
                    52
                ],
                "text": "sunshine"
            },
            {
                "indices": [
                    70,
                    77
                ],
                "text": "Europe"
            }
        ],
        "symbols": [],
        "urls": [
            {
                "display_url": "trivis.de",
                "expanded_url": "http://trivis.de",
                "indices": [
                    89,
                    112
                ],
                "url": "https://t.co/VcWApIyc74"
            },
            {
                "display_url": "twitter.com/i/web/status/1\u2026",
                "expanded_url": "https://twitter.com/i/web/status/1147083753182978049",
                "indices": [
                    116,
                    139
                ],
                "url": "https://t.co/RNK1gO3FRY"
            }
        ],
        "user_mentions": []
    },
    "favorite_count": 0,
    "favorited": false,
    "geo": null,
    "id": 1147083753182978049,
    "id_str": "1147083753182978049",
    "in_reply_to_screen_name": null,
    "in_reply_to_status_id": null,
    "in_reply_to_status_id_str": null,
    "in_reply_to_user_id": null,
    "in_reply_to_user_id_str": null,
    "is_quote_status": false,
    "lang": "en",
    "metadata": {
        "iso_language_code": "en",
        "result_type": "recent"
    },
    "place": null,
    "possibly_sensitive": false,
    "retweet_count": 0,
    "retweeted": false,
    "source": "<a href=\"https://askmeteo.de\" rel=\"nofollow\">ASKMeteo_Publish</a>",
    "text": "The GFS #weather data provide this #summer #sunshine distribution for #Europe for today (https://t.co/VcWApIyc74).\u2026 https://t.co/RNK1gO3FRY",
    "truncated": true,
    "user": {
        "contributors_enabled": false,
        "created_at": "Mon Nov 12 11:33:32 +0000 2018",
        "default_profile": false,
        "default_profile_image": false,
        "description": "TriVis Weather Graphix (https://t.co/yPm0mPUVQj) creates weather graphics content. We hope you find it useful \ud83c\udf1e. unofficial modeldata visualisation, no warranty",
        "entities": {
            "description": {
                "urls": [
                    {
                        "display_url": "trivis.de",
                        "expanded_url": "http://trivis.de",
                        "indices": [
                            24,
                            47
                        ],
                        "url": "https://t.co/yPm0mPUVQj"
                    }
                ]
            },
            "url": {
                "urls": [
                    {
                        "display_url": "askmeteo.de",
                        "expanded_url": "http://www.askmeteo.de",
                        "indices": [
                            0,
                            23
                        ],
                        "url": "https://t.co/w7dHEbvJU4"
                    }
                ]
            }
        },
        "favourites_count": 844,
        "follow_request_sent": false,
        "followers_count": 202,
        "following": false,
        "friends_count": 33,
        "geo_enabled": false,
        "has_extended_profile": true,
        "id": 1061945082205663233,
        "id_str": "1061945082205663233",
        "is_translation_enabled": false,
        "is_translator": false,
        "lang": null,
        "listed_count": 6,
        "location": "Darmstadt, Germany",
        "name": "ASKMeteo",
        "notifications": false,
        "profile_background_color": "000000",
        "profile_background_image_url": "http://abs.twimg.com/images/themes/theme1/bg.png",
        "profile_background_image_url_https": "https://abs.twimg.com/images/themes/theme1/bg.png",
        "profile_background_tile": false,
        "profile_banner_url": "https://pbs.twimg.com/profile_banners/1061945082205663233/1542282776",
        "profile_image_url": "http://pbs.twimg.com/profile_images/1063018009449631744/N8hq65tw_normal.jpg",
        "profile_image_url_https": "https://pbs.twimg.com/profile_images/1063018009449631744/N8hq65tw_normal.jpg",
        "profile_link_color": "1B95E0",
        "profile_sidebar_border_color": "000000",
        "profile_sidebar_fill_color": "000000",
        "profile_text_color": "000000",
        "profile_use_background_image": false,
        "protected": false,
        "screen_name": "ASKMeteo",
        "statuses_count": 2943,
        "time_zone": null,
        "translator_type": "none",
        "url": "https://t.co/w7dHEbvJU4",
        "utc_offset": null,
        "verified": false
    }
}
