{
    "contributors": null,
    "coordinates": null,
    "created_at": "Sat Aug 17 17:00:36 +0000 2019",
    "entities": {
        "hashtags": [
            {
                "indices": [
                    41,
                    48
                ],
                "text": "Athens"
            }
        ],
        "symbols": [],
        "urls": [
            {
                "display_url": "twitter.com/i/web/status/1\u2026",
                "expanded_url": "https://twitter.com/i/web/status/1162771219910975494",
                "indices": [
                    117,
                    140
                ],
                "url": "https://t.co/zw6ONPgORa"
            }
        ],
        "user_mentions": [
            {
                "id": 795624760654909441,
                "id_str": "795624760654909441",
                "indices": [
                    89,
                    104
                ],
                "name": "HOPEgenesis",
                "screen_name": "hopegenesisorg"
            }
        ]
    },
    "favorite_count": 0,
    "favorited": false,
    "geo": null,
    "id": 1162771219910975494,
    "id_str": "1162771219910975494",
    "in_reply_to_screen_name": null,
    "in_reply_to_status_id": null,
    "in_reply_to_status_id_str": null,
    "in_reply_to_user_id": null,
    "in_reply_to_user_id_str": null,
    "is_quote_status": false,
    "lang": "en",
    "metadata": {
        "iso_language_code": "en",
        "result_type": "recent"
    },
    "place": null,
    "possibly_sensitive": false,
    "retweet_count": 0,
    "retweeted": false,
    "source": "<a href=\"https://www.loomly.com/\" rel=\"nofollow\">Loomly</a>",
    "text": "President Gregory Pappas recently met in #Athens with Dr. Stefanos Chandakas, founder of @hopegenesisorg \u2014 one of t\u2026 https://t.co/zw6ONPgORa",
    "truncated": true,
    "user": {
        "contributors_enabled": false,
        "created_at": "Thu Dec 23 13:48:20 +0000 2010",
        "default_profile": true,
        "default_profile_image": false,
        "description": "The Greek America Foundation is a non-profit organization founded to promote, preserve and perpetuate Greek culture, history and ideals.",
        "entities": {
            "description": {
                "urls": []
            },
            "url": {
                "urls": [
                    {
                        "display_url": "greekamericafoundation.org",
                        "expanded_url": "http://www.greekamericafoundation.org",
                        "indices": [
                            0,
                            23
                        ],
                        "url": "https://t.co/hwikjyh5Kc"
                    }
                ]
            }
        },
        "favourites_count": 37,
        "follow_request_sent": false,
        "followers_count": 2780,
        "following": false,
        "friends_count": 172,
        "geo_enabled": false,
        "has_extended_profile": false,
        "id": 229844273,
        "id_str": "229844273",
        "is_translation_enabled": false,
        "is_translator": false,
        "lang": null,
        "listed_count": 44,
        "location": "New York, NY",
        "name": "Greek America",
        "notifications": false,
        "profile_background_color": "C0DEED",
        "profile_background_image_url": "http://abs.twimg.com/images/themes/theme1/bg.png",
        "profile_background_image_url_https": "https://abs.twimg.com/images/themes/theme1/bg.png",
        "profile_background_tile": false,
        "profile_banner_url": "https://pbs.twimg.com/profile_banners/229844273/1550072521",
        "profile_image_url": "http://pbs.twimg.com/profile_images/850914778210074624/avtY8eaJ_normal.jpg",
        "profile_image_url_https": "https://pbs.twimg.com/profile_images/850914778210074624/avtY8eaJ_normal.jpg",
        "profile_link_color": "1DA1F2",
        "profile_sidebar_border_color": "C0DEED",
        "profile_sidebar_fill_color": "DDEEF6",
        "profile_text_color": "333333",
        "profile_use_background_image": true,
        "protected": false,
        "screen_name": "GreekAmerica",
        "statuses_count": 101,
        "time_zone": null,
        "translator_type": "none",
        "url": "https://t.co/hwikjyh5Kc",
        "utc_offset": null,
        "verified": false
    }
}
