{
    "contributors": null,
    "coordinates": null,
    "created_at": "Wed Jun 19 06:00:30 +0000 2019",
    "entities": {
        "hashtags": [
            {
                "indices": [
                    98,
                    105
                ],
                "text": "Athens"
            },
            {
                "indices": [
                    122,
                    131
                ],
                "text": "Zappeion"
            }
        ],
        "symbols": [],
        "urls": [],
        "user_mentions": [
            {
                "id": 3306428037,
                "id_str": "3306428037",
                "indices": [
                    3,
                    14
                ],
                "name": "MediaGovGr",
                "screen_name": "MediaGovGr"
            }
        ]
    },
    "favorite_count": 0,
    "favorited": false,
    "geo": null,
    "id": 1141224216324431873,
    "id_str": "1141224216324431873",
    "in_reply_to_screen_name": null,
    "in_reply_to_status_id": null,
    "in_reply_to_status_id_str": null,
    "in_reply_to_user_id": null,
    "in_reply_to_user_id_str": null,
    "is_quote_status": false,
    "lang": "en",
    "metadata": {
        "iso_language_code": "en",
        "result_type": "recent"
    },
    "place": null,
    "retweet_count": 8,
    "retweeted": false,
    "retweeted_status": {
        "contributors": null,
        "coordinates": null,
        "created_at": "Wed Jun 19 05:41:15 +0000 2019",
        "entities": {
            "hashtags": [
                {
                    "indices": [
                        82,
                        89
                    ],
                    "text": "Athens"
                },
                {
                    "indices": [
                        106,
                        115
                    ],
                    "text": "Zappeion"
                }
            ],
            "symbols": [],
            "urls": [
                {
                    "display_url": "twitter.com/i/web/status/1\u2026",
                    "expanded_url": "https://twitter.com/i/web/status/1141219369294450688",
                    "indices": [
                        117,
                        140
                    ],
                    "url": "https://t.co/wE5C9wPtp3"
                }
            ],
            "user_mentions": []
        },
        "favorite_count": 6,
        "favorited": false,
        "geo": null,
        "id": 1141219369294450688,
        "id_str": "1141219369294450688",
        "in_reply_to_screen_name": null,
        "in_reply_to_status_id": null,
        "in_reply_to_status_id_str": null,
        "in_reply_to_user_id": null,
        "in_reply_to_user_id_str": null,
        "is_quote_status": false,
        "lang": "en",
        "metadata": {
            "iso_language_code": "en",
            "result_type": "recent"
        },
        "place": null,
        "possibly_sensitive": false,
        "retweet_count": 8,
        "retweeted": false,
        "source": "<a href=\"http://twitter.com\" rel=\"nofollow\">Twitter Web Client</a>",
        "text": "\ud83c\udf0a\ud83d\udca7International Conference on the Impacts of Climate Change on Cultural Heritage, #Athens, 21-22 June, at #Zappeion\u2026 https://t.co/wE5C9wPtp3",
        "truncated": true,
        "user": {
            "contributors_enabled": false,
            "created_at": "Tue Jun 02 10:02:00 +0000 2015",
            "default_profile": false,
            "default_profile_image": false,
            "description": "Official account of the Greek Secretariat General for Media & Communication of @MinDigitalGr. News,articles,interviews & features on Greece in the int'l Media.",
            "entities": {
                "description": {
                    "urls": []
                },
                "url": {
                    "urls": [
                        {
                            "display_url": "media.gov.gr",
                            "expanded_url": "http://media.gov.gr/",
                            "indices": [
                                0,
                                22
                            ],
                            "url": "http://t.co/XRrKNgEFR3"
                        }
                    ]
                }
            },
            "favourites_count": 1776,
            "follow_request_sent": false,
            "followers_count": 4694,
            "following": false,
            "friends_count": 756,
            "geo_enabled": true,
            "has_extended_profile": false,
            "id": 3306428037,
            "id_str": "3306428037",
            "is_translation_enabled": false,
            "is_translator": false,
            "lang": "en",
            "listed_count": 219,
            "location": "",
            "name": "MediaGovGr",
            "notifications": false,
            "profile_background_color": "C0DEED",
            "profile_background_image_url": "http://abs.twimg.com/images/themes/theme1/bg.png",
            "profile_background_image_url_https": "https://abs.twimg.com/images/themes/theme1/bg.png",
            "profile_background_tile": false,
            "profile_banner_url": "https://pbs.twimg.com/profile_banners/3306428037/1483093003",
            "profile_image_url": "http://pbs.twimg.com/profile_images/767660150295556096/urpQKHdW_normal.jpg",
            "profile_image_url_https": "https://pbs.twimg.com/profile_images/767660150295556096/urpQKHdW_normal.jpg",
            "profile_link_color": "0084B4",
            "profile_sidebar_border_color": "000000",
            "profile_sidebar_fill_color": "000000",
            "profile_text_color": "000000",
            "profile_use_background_image": false,
            "protected": false,
            "screen_name": "MediaGovGr",
            "statuses_count": 7643,
            "time_zone": null,
            "translator_type": "none",
            "url": "http://t.co/XRrKNgEFR3",
            "utc_offset": null,
            "verified": true
        }
    },
    "source": "<a href=\"http://twitter.com/download/android\" rel=\"nofollow\">Twitter for Android</a>",
    "text": "RT @MediaGovGr: \ud83c\udf0a\ud83d\udca7International Conference on the Impacts of Climate Change on Cultural Heritage, #Athens, 21-22 June, at #Zappeion Hall.\u2026",
    "truncated": false,
    "user": {
        "contributors_enabled": false,
        "created_at": "Thu Apr 09 17:25:38 +0000 2015",
        "default_profile": false,
        "default_profile_image": false,
        "description": "Prof.di lettere Amo la Grecia di Pericle e quella di Tsipras.Contro i neoliberisti.Procedimenti magici che aboliscono le distanze di spazio e tempo: Le emozioni",
        "entities": {
            "description": {
                "urls": []
            }
        },
        "favourites_count": 82571,
        "follow_request_sent": false,
        "followers_count": 2034,
        "following": false,
        "friends_count": 1532,
        "geo_enabled": true,
        "has_extended_profile": false,
        "id": 3152228475,
        "id_str": "3152228475",
        "is_translation_enabled": false,
        "is_translator": false,
        "lang": "it",
        "listed_count": 254,
        "location": "",
        "name": "Toscano  Rossella",
        "notifications": false,
        "profile_background_color": "000000",
        "profile_background_image_url": "http://abs.twimg.com/images/themes/theme1/bg.png",
        "profile_background_image_url_https": "https://abs.twimg.com/images/themes/theme1/bg.png",
        "profile_background_tile": false,
        "profile_banner_url": "https://pbs.twimg.com/profile_banners/3152228475/1473371572",
        "profile_image_url": "http://pbs.twimg.com/profile_images/977112908755881984/HwkkjopX_normal.jpg",
        "profile_image_url_https": "https://pbs.twimg.com/profile_images/977112908755881984/HwkkjopX_normal.jpg",
        "profile_link_color": "9266CC",
        "profile_sidebar_border_color": "000000",
        "profile_sidebar_fill_color": "000000",
        "profile_text_color": "000000",
        "profile_use_background_image": false,
        "protected": false,
        "screen_name": "toscaross",
        "statuses_count": 186634,
        "time_zone": null,
        "translator_type": "none",
        "url": null,
        "utc_offset": null,
        "verified": false
    }
}
