{
    "contributors": null,
    "coordinates": null,
    "created_at": "Wed Aug 21 10:35:30 +0000 2019",
    "entities": {
        "hashtags": [
            {
                "indices": [
                    104,
                    112
                ],
                "text": "hunters"
            },
            {
                "indices": [
                    113,
                    131
                ],
                "text": "huntersrestaurant"
            },
            {
                "indices": [
                    132,
                    137
                ],
                "text": "room"
            }
        ],
        "symbols": [],
        "urls": [],
        "user_mentions": [
            {
                "id": 342092100,
                "id_str": "342092100",
                "indices": [
                    3,
                    16
                ],
                "name": "Alsi Sinanaj",
                "screen_name": "Alsi_Sinanaj"
            }
        ]
    },
    "favorite_count": 0,
    "favorited": false,
    "geo": null,
    "id": 1164123857588031494,
    "id_str": "1164123857588031494",
    "in_reply_to_screen_name": null,
    "in_reply_to_status_id": null,
    "in_reply_to_status_id_str": null,
    "in_reply_to_user_id": null,
    "in_reply_to_user_id_str": null,
    "is_quote_status": false,
    "lang": "en",
    "metadata": {
        "iso_language_code": "en",
        "result_type": "recent"
    },
    "place": null,
    "retweet_count": 1,
    "retweeted": false,
    "retweeted_status": {
        "contributors": null,
        "coordinates": {
            "coordinates": [
                23.80312,
                38.02176
            ],
            "type": "Point"
        },
        "created_at": "Wed Aug 21 10:30:10 +0000 2019",
        "entities": {
            "hashtags": [
                {
                    "indices": [
                        86,
                        94
                    ],
                    "text": "hunters"
                },
                {
                    "indices": [
                        95,
                        113
                    ],
                    "text": "huntersrestaurant"
                },
                {
                    "indices": [
                        114,
                        119
                    ],
                    "text": "room"
                }
            ],
            "symbols": [],
            "urls": [
                {
                    "display_url": "twitter.com/i/web/status/1\u2026",
                    "expanded_url": "https://twitter.com/i/web/status/1164122515582701568",
                    "indices": [
                        121,
                        144
                    ],
                    "url": "https://t.co/JZSupV2cw4"
                }
            ],
            "user_mentions": []
        },
        "favorite_count": 1,
        "favorited": false,
        "geo": {
            "coordinates": [
                38.02176,
                23.80312
            ],
            "type": "Point"
        },
        "id": 1164122515582701568,
        "id_str": "1164122515582701568",
        "in_reply_to_screen_name": null,
        "in_reply_to_status_id": null,
        "in_reply_to_status_id_str": null,
        "in_reply_to_user_id": null,
        "in_reply_to_user_id_str": null,
        "is_quote_status": false,
        "lang": "en",
        "metadata": {
            "iso_language_code": "en",
            "result_type": "recent"
        },
        "place": {
            "attributes": {},
            "bounding_box": {
                "coordinates": [
                    [
                        [
                            22.8905274,
                            35.8224754
                        ],
                        [
                            24.1165237,
                            35.8224754
                        ],
                        [
                            24.1165237,
                            38.3409863
                        ],
                        [
                            22.8905274,
                            38.3409863
                        ]
                    ]
                ],
                "type": "Polygon"
            },
            "contained_within": [],
            "country": "Hellas",
            "country_code": "GR",
            "full_name": "Attiki, Greece",
            "id": "00279a5763b04e35",
            "name": "Attiki",
            "place_type": "admin",
            "url": "https://api.twitter.com/1.1/geo/id/00279a5763b04e35.json"
        },
        "possibly_sensitive": false,
        "retweet_count": 1,
        "retweeted": false,
        "source": "<a href=\"http://instagram.com\" rel=\"nofollow\">Instagram</a>",
        "text": "Are you ready? We open the door \ud83d\udeaa 22 of August | Hunters Restaurant room &amp; grill \n#hunters #huntersrestaurant #room\u2026 https://t.co/JZSupV2cw4",
        "truncated": true,
        "user": {
            "contributors_enabled": false,
            "created_at": "Mon Jul 25 13:30:46 +0000 2011",
            "default_profile": false,
            "default_profile_image": false,
            "description": "Alsi\u2019s celebrity cooking @skaigr https://t.co/ODeYjRn2Qg",
            "entities": {
                "description": {
                    "urls": [
                        {
                            "display_url": "alsisinanaj.com",
                            "expanded_url": "http://www.alsisinanaj.com",
                            "indices": [
                                33,
                                56
                            ],
                            "url": "https://t.co/ODeYjRn2Qg"
                        }
                    ]
                },
                "url": {
                    "urls": [
                        {
                            "display_url": "alsisinanaj.com",
                            "expanded_url": "http://www.alsisinanaj.com",
                            "indices": [
                                0,
                                23
                            ],
                            "url": "https://t.co/ODeYjRn2Qg"
                        }
                    ]
                }
            },
            "favourites_count": 253,
            "follow_request_sent": false,
            "followers_count": 116,
            "following": false,
            "friends_count": 11,
            "geo_enabled": true,
            "has_extended_profile": true,
            "id": 342092100,
            "id_str": "342092100",
            "is_translation_enabled": false,
            "is_translator": false,
            "lang": null,
            "listed_count": 3,
            "location": "\u039c\u03cd\u03ba\u03bf\u03bd\u03bf",
            "name": "Alsi Sinanaj",
            "notifications": false,
            "profile_background_color": "FFF04D",
            "profile_background_image_url": "http://abs.twimg.com/images/themes/theme19/bg.gif",
            "profile_background_image_url_https": "https://abs.twimg.com/images/themes/theme19/bg.gif",
            "profile_background_tile": true,
            "profile_banner_url": "https://pbs.twimg.com/profile_banners/342092100/1558961014",
            "profile_image_url": "http://pbs.twimg.com/profile_images/1133303019943149568/7ER4BIGt_normal.jpg",
            "profile_image_url_https": "https://pbs.twimg.com/profile_images/1133303019943149568/7ER4BIGt_normal.jpg",
            "profile_link_color": "1B95E0",
            "profile_sidebar_border_color": "FFF8AD",
            "profile_sidebar_fill_color": "F6FFD1",
            "profile_text_color": "333333",
            "profile_use_background_image": true,
            "protected": false,
            "screen_name": "Alsi_Sinanaj",
            "statuses_count": 924,
            "time_zone": null,
            "translator_type": "none",
            "url": "https://t.co/ODeYjRn2Qg",
            "utc_offset": null,
            "verified": false
        }
    },
    "source": "<a href=\"http://twitter.com/download/android\" rel=\"nofollow\">Twitter for Android</a>",
    "text": "RT @Alsi_Sinanaj: Are you ready? We open the door \ud83d\udeaa 22 of August | Hunters Restaurant room &amp; grill \n#hunters #huntersrestaurant #room #gril\u2026",
    "truncated": false,
    "user": {
        "contributors_enabled": false,
        "created_at": "Sat Sep 29 15:21:37 +0000 2012",
        "default_profile": true,
        "default_profile_image": false,
        "description": "",
        "entities": {
            "description": {
                "urls": []
            }
        },
        "favourites_count": 1808,
        "follow_request_sent": false,
        "followers_count": 117,
        "following": false,
        "friends_count": 159,
        "geo_enabled": true,
        "has_extended_profile": false,
        "id": 853073060,
        "id_str": "853073060",
        "is_translation_enabled": false,
        "is_translator": false,
        "lang": null,
        "listed_count": 8,
        "location": "",
        "name": "adri sin",
        "notifications": false,
        "profile_background_color": "C0DEED",
        "profile_background_image_url": "http://abs.twimg.com/images/themes/theme1/bg.png",
        "profile_background_image_url_https": "https://abs.twimg.com/images/themes/theme1/bg.png",
        "profile_background_tile": false,
        "profile_banner_url": "https://pbs.twimg.com/profile_banners/853073060/1562749016",
        "profile_image_url": "http://pbs.twimg.com/profile_images/1148881128406888448/mg1wxdBK_normal.jpg",
        "profile_image_url_https": "https://pbs.twimg.com/profile_images/1148881128406888448/mg1wxdBK_normal.jpg",
        "profile_link_color": "1DA1F2",
        "profile_sidebar_border_color": "C0DEED",
        "profile_sidebar_fill_color": "DDEEF6",
        "profile_text_color": "333333",
        "profile_use_background_image": true,
        "protected": false,
        "screen_name": "adriatiksin",
        "statuses_count": 1008,
        "time_zone": null,
        "translator_type": "none",
        "url": null,
        "utc_offset": null,
        "verified": false
    }
}
