{
    "contributors": null,
    "coordinates": null,
    "created_at": "Sun Jun 30 15:39:47 +0000 2019",
    "entities": {
        "hashtags": [
            {
                "indices": [
                    61,
                    65
                ],
                "text": "gay"
            },
            {
                "indices": [
                    66,
                    75
                ],
                "text": "gaygreek"
            },
            {
                "indices": [
                    76,
                    82
                ],
                "text": "greek"
            },
            {
                "indices": [
                    83,
                    90
                ],
                "text": "athens"
            },
            {
                "indices": [
                    91,
                    101
                ],
                "text": "vivavideo"
            }
        ],
        "media": [
            {
                "display_url": "pic.twitter.com/qrZTzdvzvt",
                "expanded_url": "https://twitter.com/gayboyath/status/1098500856155115520/video/1",
                "id": 1098500478554513409,
                "id_str": "1098500478554513409",
                "indices": [
                    102,
                    125
                ],
                "media_url": "http://pbs.twimg.com/ext_tw_video_thumb/1098500478554513409/pu/img/rHYq7RL1MtJBuaZc.jpg",
                "media_url_https": "https://pbs.twimg.com/ext_tw_video_thumb/1098500478554513409/pu/img/rHYq7RL1MtJBuaZc.jpg",
                "sizes": {
                    "large": {
                        "h": 480,
                        "resize": "fit",
                        "w": 848
                    },
                    "medium": {
                        "h": 480,
                        "resize": "fit",
                        "w": 848
                    },
                    "small": {
                        "h": 385,
                        "resize": "fit",
                        "w": 680
                    },
                    "thumb": {
                        "h": 150,
                        "resize": "crop",
                        "w": 150
                    }
                },
                "source_status_id": 1098500856155115520,
                "source_status_id_str": "1098500856155115520",
                "source_user_id": 1075368179235467264,
                "source_user_id_str": "1075368179235467264",
                "type": "photo",
                "url": "https://t.co/qrZTzdvzvt"
            }
        ],
        "symbols": [],
        "urls": [],
        "user_mentions": [
            {
                "id": 1075368179235467264,
                "id_str": "1075368179235467264",
                "indices": [
                    3,
                    13
                ],
                "name": "Gayboyath.",
                "screen_name": "gayboyath"
            }
        ]
    },
    "extended_entities": {
        "media": [
            {
                "additional_media_info": {
                    "monetizable": false,
                    "source_user": {
                        "contributors_enabled": false,
                        "created_at": "Wed Dec 19 12:32:08 +0000 2018",
                        "default_profile": true,
                        "default_profile_image": false,
                        "description": "Gay greek btm boy, ready for a life full of lust. Open for dms.",
                        "entities": {
                            "description": {
                                "urls": []
                            }
                        },
                        "favourites_count": 8765,
                        "follow_request_sent": false,
                        "followers_count": 220,
                        "following": false,
                        "friends_count": 237,
                        "geo_enabled": false,
                        "has_extended_profile": false,
                        "id": 1075368179235467264,
                        "id_str": "1075368179235467264",
                        "is_translation_enabled": false,
                        "is_translator": false,
                        "lang": "el",
                        "listed_count": 1,
                        "location": "\u0391\u03c4\u03c4\u03b9\u03ba\u03ae, \u0395\u03bb\u03bb\u03ac\u03c2",
                        "name": "Gayboyath.",
                        "notifications": false,
                        "profile_background_color": "F5F8FA",
                        "profile_background_image_url": null,
                        "profile_background_image_url_https": null,
                        "profile_background_tile": false,
                        "profile_banner_url": "https://pbs.twimg.com/profile_banners/1075368179235467264/1559689040",
                        "profile_image_url": "http://pbs.twimg.com/profile_images/1136042815740416000/V39bvTiG_normal.jpg",
                        "profile_image_url_https": "https://pbs.twimg.com/profile_images/1136042815740416000/V39bvTiG_normal.jpg",
                        "profile_link_color": "1DA1F2",
                        "profile_sidebar_border_color": "C0DEED",
                        "profile_sidebar_fill_color": "DDEEF6",
                        "profile_text_color": "333333",
                        "profile_use_background_image": true,
                        "protected": false,
                        "screen_name": "gayboyath",
                        "statuses_count": 28,
                        "time_zone": null,
                        "translator_type": "none",
                        "url": null,
                        "utc_offset": null,
                        "verified": false
                    }
                },
                "display_url": "pic.twitter.com/qrZTzdvzvt",
                "expanded_url": "https://twitter.com/gayboyath/status/1098500856155115520/video/1",
                "id": 1098500478554513409,
                "id_str": "1098500478554513409",
                "indices": [
                    102,
                    125
                ],
                "media_url": "http://pbs.twimg.com/ext_tw_video_thumb/1098500478554513409/pu/img/rHYq7RL1MtJBuaZc.jpg",
                "media_url_https": "https://pbs.twimg.com/ext_tw_video_thumb/1098500478554513409/pu/img/rHYq7RL1MtJBuaZc.jpg",
                "sizes": {
                    "large": {
                        "h": 480,
                        "resize": "fit",
                        "w": 848
                    },
                    "medium": {
                        "h": 480,
                        "resize": "fit",
                        "w": 848
                    },
                    "small": {
                        "h": 385,
                        "resize": "fit",
                        "w": 680
                    },
                    "thumb": {
                        "h": 150,
                        "resize": "crop",
                        "w": 150
                    }
                },
                "source_status_id": 1098500856155115520,
                "source_status_id_str": "1098500856155115520",
                "source_user_id": 1075368179235467264,
                "source_user_id_str": "1075368179235467264",
                "type": "video",
                "url": "https://t.co/qrZTzdvzvt",
                "video_info": {
                    "aspect_ratio": [
                        53,
                        30
                    ],
                    "duration_millis": 41066,
                    "variants": [
                        {
                            "content_type": "application/x-mpegURL",
                            "url": "https://video.twimg.com/ext_tw_video/1098500478554513409/pu/pl/AiyBql9JjB90Gvol.m3u8?tag=6"
                        },
                        {
                            "bitrate": 2176000,
                            "content_type": "video/mp4",
                            "url": "https://video.twimg.com/ext_tw_video/1098500478554513409/pu/vid/848x480/Ylsd5x5Zgkor283p.mp4?tag=6"
                        },
                        {
                            "bitrate": 832000,
                            "content_type": "video/mp4",
                            "url": "https://video.twimg.com/ext_tw_video/1098500478554513409/pu/vid/636x360/RnCoJVDruD_QWpqI.mp4?tag=6"
                        },
                        {
                            "bitrate": 256000,
                            "content_type": "video/mp4",
                            "url": "https://video.twimg.com/ext_tw_video/1098500478554513409/pu/vid/318x180/OeYHLzwOJM6qhuXe.mp4?tag=6"
                        }
                    ]
                }
            }
        ]
    },
    "favorite_count": 0,
    "favorited": false,
    "geo": null,
    "id": 1145356262915358720,
    "id_str": "1145356262915358720",
    "in_reply_to_screen_name": null,
    "in_reply_to_status_id": null,
    "in_reply_to_status_id_str": null,
    "in_reply_to_user_id": null,
    "in_reply_to_user_id_str": null,
    "is_quote_status": false,
    "lang": "en",
    "metadata": {
        "iso_language_code": "en",
        "result_type": "recent"
    },
    "place": null,
    "possibly_sensitive": true,
    "retweet_count": 12,
    "retweeted": false,
    "retweeted_status": {
        "contributors": null,
        "coordinates": null,
        "created_at": "Thu Feb 21 08:33:07 +0000 2019",
        "entities": {
            "hashtags": [
                {
                    "indices": [
                        46,
                        50
                    ],
                    "text": "gay"
                },
                {
                    "indices": [
                        51,
                        60
                    ],
                    "text": "gaygreek"
                },
                {
                    "indices": [
                        61,
                        67
                    ],
                    "text": "greek"
                },
                {
                    "indices": [
                        68,
                        75
                    ],
                    "text": "athens"
                },
                {
                    "indices": [
                        76,
                        86
                    ],
                    "text": "vivavideo"
                }
            ],
            "media": [
                {
                    "display_url": "pic.twitter.com/qrZTzdvzvt",
                    "expanded_url": "https://twitter.com/gayboyath/status/1098500856155115520/video/1",
                    "id": 1098500478554513409,
                    "id_str": "1098500478554513409",
                    "indices": [
                        87,
                        110
                    ],
                    "media_url": "http://pbs.twimg.com/ext_tw_video_thumb/1098500478554513409/pu/img/rHYq7RL1MtJBuaZc.jpg",
                    "media_url_https": "https://pbs.twimg.com/ext_tw_video_thumb/1098500478554513409/pu/img/rHYq7RL1MtJBuaZc.jpg",
                    "sizes": {
                        "large": {
                            "h": 480,
                            "resize": "fit",
                            "w": 848
                        },
                        "medium": {
                            "h": 480,
                            "resize": "fit",
                            "w": 848
                        },
                        "small": {
                            "h": 385,
                            "resize": "fit",
                            "w": 680
                        },
                        "thumb": {
                            "h": 150,
                            "resize": "crop",
                            "w": 150
                        }
                    },
                    "type": "photo",
                    "url": "https://t.co/qrZTzdvzvt"
                }
            ],
            "symbols": [],
            "urls": [],
            "user_mentions": []
        },
        "extended_entities": {
            "media": [
                {
                    "additional_media_info": {
                        "monetizable": false
                    },
                    "display_url": "pic.twitter.com/qrZTzdvzvt",
                    "expanded_url": "https://twitter.com/gayboyath/status/1098500856155115520/video/1",
                    "id": 1098500478554513409,
                    "id_str": "1098500478554513409",
                    "indices": [
                        87,
                        110
                    ],
                    "media_url": "http://pbs.twimg.com/ext_tw_video_thumb/1098500478554513409/pu/img/rHYq7RL1MtJBuaZc.jpg",
                    "media_url_https": "https://pbs.twimg.com/ext_tw_video_thumb/1098500478554513409/pu/img/rHYq7RL1MtJBuaZc.jpg",
                    "sizes": {
                        "large": {
                            "h": 480,
                            "resize": "fit",
                            "w": 848
                        },
                        "medium": {
                            "h": 480,
                            "resize": "fit",
                            "w": 848
                        },
                        "small": {
                            "h": 385,
                            "resize": "fit",
                            "w": 680
                        },
                        "thumb": {
                            "h": 150,
                            "resize": "crop",
                            "w": 150
                        }
                    },
                    "type": "video",
                    "url": "https://t.co/qrZTzdvzvt",
                    "video_info": {
                        "aspect_ratio": [
                            53,
                            30
                        ],
                        "duration_millis": 41066,
                        "variants": [
                            {
                                "content_type": "application/x-mpegURL",
                                "url": "https://video.twimg.com/ext_tw_video/1098500478554513409/pu/pl/AiyBql9JjB90Gvol.m3u8?tag=6"
                            },
                            {
                                "bitrate": 2176000,
                                "content_type": "video/mp4",
                                "url": "https://video.twimg.com/ext_tw_video/1098500478554513409/pu/vid/848x480/Ylsd5x5Zgkor283p.mp4?tag=6"
                            },
                            {
                                "bitrate": 832000,
                                "content_type": "video/mp4",
                                "url": "https://video.twimg.com/ext_tw_video/1098500478554513409/pu/vid/636x360/RnCoJVDruD_QWpqI.mp4?tag=6"
                            },
                            {
                                "bitrate": 256000,
                                "content_type": "video/mp4",
                                "url": "https://video.twimg.com/ext_tw_video/1098500478554513409/pu/vid/318x180/OeYHLzwOJM6qhuXe.mp4?tag=6"
                            }
                        ]
                    }
                }
            ]
        },
        "favorite_count": 61,
        "favorited": false,
        "geo": null,
        "id": 1098500856155115520,
        "id_str": "1098500856155115520",
        "in_reply_to_screen_name": null,
        "in_reply_to_status_id": null,
        "in_reply_to_status_id_str": null,
        "in_reply_to_user_id": null,
        "in_reply_to_user_id_str": null,
        "is_quote_status": false,
        "lang": "en",
        "metadata": {
            "iso_language_code": "en",
            "result_type": "recent"
        },
        "place": null,
        "possibly_sensitive": false,
        "retweet_count": 12,
        "retweeted": false,
        "source": "<a href=\"http://twitter.com/download/android\" rel=\"nofollow\">Twitter for Android</a>",
        "text": "Arab tourist visiting Athens fucking me hard. #gay #gaygreek #greek #athens #vivavideo https://t.co/qrZTzdvzvt",
        "truncated": false,
        "user": {
            "contributors_enabled": false,
            "created_at": "Wed Dec 19 12:32:08 +0000 2018",
            "default_profile": true,
            "default_profile_image": false,
            "description": "Gay greek btm boy, ready for a life full of lust. Open for dms.",
            "entities": {
                "description": {
                    "urls": []
                }
            },
            "favourites_count": 8765,
            "follow_request_sent": false,
            "followers_count": 220,
            "following": false,
            "friends_count": 237,
            "geo_enabled": false,
            "has_extended_profile": false,
            "id": 1075368179235467264,
            "id_str": "1075368179235467264",
            "is_translation_enabled": false,
            "is_translator": false,
            "lang": "el",
            "listed_count": 1,
            "location": "\u0391\u03c4\u03c4\u03b9\u03ba\u03ae, \u0395\u03bb\u03bb\u03ac\u03c2",
            "name": "Gayboyath.",
            "notifications": false,
            "profile_background_color": "F5F8FA",
            "profile_background_image_url": null,
            "profile_background_image_url_https": null,
            "profile_background_tile": false,
            "profile_banner_url": "https://pbs.twimg.com/profile_banners/1075368179235467264/1559689040",
            "profile_image_url": "http://pbs.twimg.com/profile_images/1136042815740416000/V39bvTiG_normal.jpg",
            "profile_image_url_https": "https://pbs.twimg.com/profile_images/1136042815740416000/V39bvTiG_normal.jpg",
            "profile_link_color": "1DA1F2",
            "profile_sidebar_border_color": "C0DEED",
            "profile_sidebar_fill_color": "DDEEF6",
            "profile_text_color": "333333",
            "profile_use_background_image": true,
            "protected": false,
            "screen_name": "gayboyath",
            "statuses_count": 28,
            "time_zone": null,
            "translator_type": "none",
            "url": null,
            "utc_offset": null,
            "verified": false
        }
    },
    "source": "<a href=\"http://twitter.com\" rel=\"nofollow\">Twitter Web Client</a>",
    "text": "RT @gayboyath: Arab tourist visiting Athens fucking me hard. #gay #gaygreek #greek #athens #vivavideo https://t.co/qrZTzdvzvt",
    "truncated": false,
    "user": {
        "contributors_enabled": false,
        "created_at": "Sun Aug 14 08:57:53 +0000 2011",
        "default_profile": false,
        "default_profile_image": false,
        "description": "\ud83d\udd1e18+, Greek gay submissive bottom. \u0388\u03bb\u03bb\u03b7\u03bd\u03b1\u03c2 \u03b3\u03ba\u03ad\u03b9 \u03c0\u03b1\u03b8\u03b7\u03c4\u03b9\u03ba\u03cc\u03c2\u2764\nFeel free to message me\ud83c\udf88",
        "entities": {
            "description": {
                "urls": []
            }
        },
        "favourites_count": 12638,
        "follow_request_sent": false,
        "followers_count": 754,
        "following": false,
        "friends_count": 1022,
        "geo_enabled": false,
        "has_extended_profile": false,
        "id": 354786743,
        "id_str": "354786743",
        "is_translation_enabled": false,
        "is_translator": false,
        "lang": "el",
        "listed_count": 6,
        "location": "",
        "name": "GayGreek",
        "notifications": false,
        "profile_background_color": "022330",
        "profile_background_image_url": "http://abs.twimg.com/images/themes/theme15/bg.png",
        "profile_background_image_url_https": "https://abs.twimg.com/images/themes/theme15/bg.png",
        "profile_background_tile": false,
        "profile_banner_url": "https://pbs.twimg.com/profile_banners/354786743/1545314518",
        "profile_image_url": "http://pbs.twimg.com/profile_images/1075753180531752961/sd6MpdzW_normal.jpg",
        "profile_image_url_https": "https://pbs.twimg.com/profile_images/1075753180531752961/sd6MpdzW_normal.jpg",
        "profile_link_color": "0084B4",
        "profile_sidebar_border_color": "A8C7F7",
        "profile_sidebar_fill_color": "C0DFEC",
        "profile_text_color": "333333",
        "profile_use_background_image": true,
        "protected": false,
        "screen_name": "GayGreekBottom",
        "statuses_count": 4749,
        "time_zone": null,
        "translator_type": "none",
        "url": null,
        "utc_offset": null,
        "verified": false
    }
}
