{
    "contributors": null,
    "coordinates": null,
    "created_at": "Sat Aug 17 16:43:32 +0000 2019",
    "entities": {
        "hashtags": [
            {
                "indices": [
                    43,
                    49
                ],
                "text": "Roman"
            },
            {
                "indices": [
                    102,
                    108
                ],
                "text": "Greek"
            }
        ],
        "symbols": [],
        "urls": [],
        "user_mentions": [
            {
                "id": 2742411921,
                "id_str": "2742411921",
                "indices": [
                    3,
                    15
                ],
                "name": "Spartiatis\u03a3\u03c0\u03b1\u03c1\u03c4\u03b9\u03b1\u03c4\u03b7\u03c2",
                "screen_name": "KSpartiatis"
            }
        ]
    },
    "favorite_count": 0,
    "favorited": false,
    "geo": null,
    "id": 1162766925669326848,
    "id_str": "1162766925669326848",
    "in_reply_to_screen_name": null,
    "in_reply_to_status_id": null,
    "in_reply_to_status_id_str": null,
    "in_reply_to_user_id": null,
    "in_reply_to_user_id_str": null,
    "is_quote_status": false,
    "lang": "en",
    "metadata": {
        "iso_language_code": "en",
        "result_type": "recent"
    },
    "place": null,
    "retweet_count": 10,
    "retweeted": false,
    "retweeted_status": {
        "contributors": null,
        "coordinates": null,
        "created_at": "Thu Aug 15 16:44:30 +0000 2019",
        "entities": {
            "hashtags": [
                {
                    "indices": [
                        26,
                        32
                    ],
                    "text": "Roman"
                },
                {
                    "indices": [
                        85,
                        91
                    ],
                    "text": "Greek"
                }
            ],
            "symbols": [],
            "urls": [
                {
                    "display_url": "twitter.com/i/web/status/1\u2026",
                    "expanded_url": "https://twitter.com/i/web/status/1162042392482123777",
                    "indices": [
                        117,
                        140
                    ],
                    "url": "https://t.co/K1UVIJm97U"
                }
            ],
            "user_mentions": []
        },
        "favorite_count": 18,
        "favorited": false,
        "geo": null,
        "id": 1162042392482123777,
        "id_str": "1162042392482123777",
        "in_reply_to_screen_name": null,
        "in_reply_to_status_id": null,
        "in_reply_to_status_id_str": null,
        "in_reply_to_user_id": null,
        "in_reply_to_user_id_str": null,
        "is_quote_status": false,
        "lang": "en",
        "metadata": {
            "iso_language_code": "en",
            "result_type": "recent"
        },
        "place": null,
        "possibly_sensitive": false,
        "retweet_count": 10,
        "retweeted": false,
        "source": "<a href=\"http://twitter.com/download/android\" rel=\"nofollow\">Twitter for Android</a>",
        "text": "Bust of Herodotus.\n2nd CE #Roman copy of a 4th CE BC Greek original.\nBorn in ancient #Greek city of Halicarnassus (\u2026 https://t.co/K1UVIJm97U",
        "truncated": true,
        "user": {
            "contributors_enabled": false,
            "created_at": "Thu Aug 14 06:54:38 +0000 2014",
            "default_profile": false,
            "default_profile_image": false,
            "description": "\u0395\u039a \u03a4\u0397\u03a3 \u039a\u039f\u039d\u0395\u03a9\u03a3 \u039c\u039f\u03a5 \u0391\u039d\u0391\u0393\u0395\u039d\u039d\u03a9\u039c\u0391\u0399,\n\u271d ICXC NIKA \u271d\n\u039c\u039f\u039b\u03a9\u039d \u039b\u0391\u0392\u0395, \n\u0391\u039c\u03a5\u039d\u0395\u03a3\u0398\u0391\u0399 \u03a0\u0395\u03a1\u0399 \u03a0\u0391\u03a4\u03a1\u0399\u03a3, \u03a0\u0391\u039d\u03a4\u039f\u03a4\u0395 \u0396\u0397\u03a4\u0395\u0399\u039d \u03a4\u0397\u039d \u0391\u039b\u0397\u0398\u0395\u0399\u0391\u039d,\nMacedonia is GREEK.....\u0397 \u039c\u03b1\u03ba\u03b5\u03b4\u03bf\u03bd\u03af\u03b1 \u03b5\u03af\u03bd\u03b1\u03b9 \u0395\u03bb\u03bb\u03b7\u03bd\u03b9\u03ba\u03ae.",
            "entities": {
                "description": {
                    "urls": []
                }
            },
            "favourites_count": 4985,
            "follow_request_sent": false,
            "followers_count": 895,
            "following": false,
            "friends_count": 89,
            "geo_enabled": false,
            "has_extended_profile": false,
            "id": 2742411921,
            "id_str": "2742411921",
            "is_translation_enabled": false,
            "is_translator": false,
            "lang": null,
            "listed_count": 12,
            "location": "",
            "name": "Spartiatis\u03a3\u03c0\u03b1\u03c1\u03c4\u03b9\u03b1\u03c4\u03b7\u03c2",
            "notifications": false,
            "profile_background_color": "000000",
            "profile_background_image_url": "http://abs.twimg.com/images/themes/theme1/bg.png",
            "profile_background_image_url_https": "https://abs.twimg.com/images/themes/theme1/bg.png",
            "profile_background_tile": false,
            "profile_banner_url": "https://pbs.twimg.com/profile_banners/2742411921/1408079365",
            "profile_image_url": "http://pbs.twimg.com/profile_images/716793616270815233/sWsMBfh__normal.jpg",
            "profile_image_url_https": "https://pbs.twimg.com/profile_images/716793616270815233/sWsMBfh__normal.jpg",
            "profile_link_color": "0024B3",
            "profile_sidebar_border_color": "000000",
            "profile_sidebar_fill_color": "000000",
            "profile_text_color": "000000",
            "profile_use_background_image": false,
            "protected": false,
            "screen_name": "KSpartiatis",
            "statuses_count": 11012,
            "time_zone": null,
            "translator_type": "none",
            "url": null,
            "utc_offset": null,
            "verified": false
        }
    },
    "source": "<a href=\"https://mobile.twitter.com\" rel=\"nofollow\">Twitter Web App</a>",
    "text": "RT @KSpartiatis: Bust of Herodotus.\n2nd CE #Roman copy of a 4th CE BC Greek original.\nBorn in ancient #Greek city of Halicarnassus (modern\u2026",
    "truncated": false,
    "user": {
        "contributors_enabled": false,
        "created_at": "Wed Feb 05 19:40:15 +0000 2014",
        "default_profile": true,
        "default_profile_image": false,
        "description": "I AM A GREEK MACEDONIAN! We 3.5 Million Greek Macedonians are tired on beeing robbed on our IDENTITY, HISTORY,NAME AND SYMBOLS! We want our name Macedonia backI",
        "entities": {
            "description": {
                "urls": []
            },
            "url": {
                "urls": [
                    {
                        "display_url": "macedonia-evidence.org/obama-letter-f\u2026",
                        "expanded_url": "http://macedonia-evidence.org/obama-letter-fyrom.html",
                        "indices": [
                            0,
                            23
                        ],
                        "url": "https://t.co/6dAumsIUhJ"
                    }
                ]
            }
        },
        "favourites_count": 232978,
        "follow_request_sent": false,
        "followers_count": 5155,
        "following": false,
        "friends_count": 5671,
        "geo_enabled": false,
        "has_extended_profile": false,
        "id": 2326604153,
        "id_str": "2326604153",
        "is_translation_enabled": false,
        "is_translator": false,
        "lang": null,
        "listed_count": 280,
        "location": "Pella,Ancient Macedonia,Greece",
        "name": "Pallas Athena",
        "notifications": false,
        "profile_background_color": "C0DEED",
        "profile_background_image_url": "http://abs.twimg.com/images/themes/theme1/bg.png",
        "profile_background_image_url_https": "https://abs.twimg.com/images/themes/theme1/bg.png",
        "profile_background_tile": false,
        "profile_banner_url": "https://pbs.twimg.com/profile_banners/2326604153/1458208091",
        "profile_image_url": "http://pbs.twimg.com/profile_images/1139658099705483267/vpj9dxbj_normal.png",
        "profile_image_url_https": "https://pbs.twimg.com/profile_images/1139658099705483267/vpj9dxbj_normal.png",
        "profile_link_color": "1DA1F2",
        "profile_sidebar_border_color": "C0DEED",
        "profile_sidebar_fill_color": "DDEEF6",
        "profile_text_color": "333333",
        "profile_use_background_image": true,
        "protected": false,
        "screen_name": "Makedni",
        "statuses_count": 449739,
        "time_zone": null,
        "translator_type": "none",
        "url": "https://t.co/6dAumsIUhJ",
        "utc_offset": null,
        "verified": false
    }
}
