{
    "contributors": null,
    "coordinates": {
        "coordinates": [
            24.4333,
            36.75
        ],
        "type": "Point"
    },
    "created_at": "Tue Apr 23 17:50:31 +0000 2019",
    "entities": {
        "hashtags": [
            {
                "indices": [
                    32,
                    54
                ],
                "text": "whateveryourdaybrings"
            },
            {
                "indices": [
                    55,
                    73
                ],
                "text": "prettypinkrooster"
            }
        ],
        "symbols": [],
        "urls": [
            {
                "display_url": "instagram.com/prettypinkroos\u2026",
                "expanded_url": "https://www.instagram.com/prettypinkrooster/p/Bwm2ff6B_B3/?utm_source=ig_twitter_share&igshid=7zhotmb1yalg",
                "indices": [
                    101,
                    124
                ],
                "url": "https://t.co/pM7yiu16Jc"
            }
        ],
        "user_mentions": []
    },
    "favorite_count": 0,
    "favorited": false,
    "geo": {
        "coordinates": [
            36.75,
            24.4333
        ],
        "type": "Point"
    },
    "id": 1120746787977842688,
    "id_str": "1120746787977842688",
    "in_reply_to_screen_name": null,
    "in_reply_to_status_id": null,
    "in_reply_to_status_id_str": null,
    "in_reply_to_user_id": null,
    "in_reply_to_user_id_str": null,
    "is_quote_status": false,
    "lang": "en",
    "metadata": {
        "iso_language_code": "en",
        "result_type": "recent"
    },
    "place": {
        "attributes": {},
        "bounding_box": {
            "coordinates": [
                [
                    [
                        24.1007683,
                        35.3398723
                    ],
                    [
                        29.6447644,
                        35.3398723
                    ],
                    [
                        29.6447644,
                        37.9995949
                    ],
                    [
                        24.1007683,
                        37.9995949
                    ]
                ]
            ],
            "type": "Polygon"
        },
        "contained_within": [],
        "country": "Greece",
        "country_code": "GR",
        "full_name": "South Aegean, Greece",
        "id": "0100c1ec5a9b2083",
        "name": "South Aegean",
        "place_type": "admin",
        "url": "https://api.twitter.com/1.1/geo/id/0100c1ec5a9b2083.json"
    },
    "possibly_sensitive": true,
    "retweet_count": 0,
    "retweeted": false,
    "source": "<a href=\"http://instagram.com\" rel=\"nofollow\">Instagram</a>",
    "text": "\ud83d\udc13\ud83d\udc97\ud83d\ude0dOh have we got news for you! #whateveryourdaybrings #prettypinkrooster @ Plaka, Kikladhes, Greece https://t.co/pM7yiu16Jc",
    "truncated": false,
    "user": {
        "contributors_enabled": false,
        "created_at": "Mon Oct 20 01:52:47 +0000 2014",
        "default_profile": false,
        "default_profile_image": false,
        "description": "",
        "entities": {
            "description": {
                "urls": []
            },
            "url": {
                "urls": [
                    {
                        "display_url": "ThePrettyPinkRooster.com",
                        "expanded_url": "http://ThePrettyPinkRooster.com",
                        "indices": [
                            0,
                            22
                        ],
                        "url": "http://t.co/r5fW0kQQYQ"
                    }
                ]
            }
        },
        "favourites_count": 114,
        "follow_request_sent": false,
        "followers_count": 164,
        "following": false,
        "friends_count": 483,
        "geo_enabled": true,
        "has_extended_profile": false,
        "id": 2866188890,
        "id_str": "2866188890",
        "is_translation_enabled": false,
        "is_translator": false,
        "lang": "en",
        "listed_count": 12,
        "location": "",
        "name": "The Pretty Pink Rooster Boutique",
        "notifications": false,
        "profile_background_color": "000000",
        "profile_background_image_url": "http://abs.twimg.com/images/themes/theme1/bg.png",
        "profile_background_image_url_https": "https://abs.twimg.com/images/themes/theme1/bg.png",
        "profile_background_tile": true,
        "profile_banner_url": "https://pbs.twimg.com/profile_banners/2866188890/1552525581",
        "profile_image_url": "http://pbs.twimg.com/profile_images/1105997132706783234/6PWw2o-c_normal.png",
        "profile_image_url_https": "https://pbs.twimg.com/profile_images/1105997132706783234/6PWw2o-c_normal.png",
        "profile_link_color": "EA98AC",
        "profile_sidebar_border_color": "000000",
        "profile_sidebar_fill_color": "000000",
        "profile_text_color": "000000",
        "profile_use_background_image": true,
        "protected": false,
        "screen_name": "PPRBoutique",
        "statuses_count": 3644,
        "time_zone": null,
        "translator_type": "none",
        "url": "http://t.co/r5fW0kQQYQ",
        "utc_offset": null,
        "verified": false
    }
}

