{
    "contributors": null,
    "coordinates": null,
    "created_at": "Sat Jul 06 08:33:26 +0000 2019",
    "entities": {
        "hashtags": [
            {
                "indices": [
                    103,
                    124
                ],
                "text": "dinnerintheskygreece"
            },
            {
                "indices": [
                    125,
                    137
                ],
                "text": "athens_city"
            }
        ],
        "symbols": [],
        "urls": [],
        "user_mentions": [
            {
                "id": 2932433800,
                "id_str": "2932433800",
                "indices": [
                    3,
                    12
                ],
                "name": "DinnerintheSky",
                "screen_name": "DinnerGR"
            }
        ]
    },
    "favorite_count": 0,
    "favorited": false,
    "geo": null,
    "id": 1147423297233215488,
    "id_str": "1147423297233215488",
    "in_reply_to_screen_name": null,
    "in_reply_to_status_id": null,
    "in_reply_to_status_id_str": null,
    "in_reply_to_user_id": null,
    "in_reply_to_user_id_str": null,
    "is_quote_status": false,
    "lang": "en",
    "metadata": {
        "iso_language_code": "en",
        "result_type": "recent"
    },
    "place": null,
    "retweet_count": 1,
    "retweeted": false,
    "retweeted_status": {
        "contributors": null,
        "coordinates": {
            "coordinates": [
                23.71213853,
                37.97834608
            ],
            "type": "Point"
        },
        "created_at": "Thu Jul 04 08:09:02 +0000 2019",
        "entities": {
            "hashtags": [
                {
                    "indices": [
                        89,
                        110
                    ],
                    "text": "dinnerintheskygreece"
                }
            ],
            "symbols": [],
            "urls": [
                {
                    "display_url": "twitter.com/i/web/status/1\u2026",
                    "expanded_url": "https://twitter.com/i/web/status/1146692380151574528",
                    "indices": [
                        112,
                        135
                    ],
                    "url": "https://t.co/K9Z1RzCDGw"
                }
            ],
            "user_mentions": []
        },
        "favorite_count": 1,
        "favorited": false,
        "geo": {
            "coordinates": [
                37.97834608,
                23.71213853
            ],
            "type": "Point"
        },
        "id": 1146692380151574528,
        "id_str": "1146692380151574528",
        "in_reply_to_screen_name": null,
        "in_reply_to_status_id": null,
        "in_reply_to_status_id_str": null,
        "in_reply_to_user_id": null,
        "in_reply_to_user_id_str": null,
        "is_quote_status": false,
        "lang": "en",
        "metadata": {
            "iso_language_code": "en",
            "result_type": "recent"
        },
        "place": {
            "attributes": {},
            "bounding_box": {
                "coordinates": [
                    [
                        [
                            22.8905274,
                            35.8224754
                        ],
                        [
                            24.1165237,
                            35.8224754
                        ],
                        [
                            24.1165237,
                            38.3409863
                        ],
                        [
                            22.8905274,
                            38.3409863
                        ]
                    ]
                ],
                "type": "Polygon"
            },
            "contained_within": [],
            "country": "Hellas",
            "country_code": "GR",
            "full_name": "Attiki, Greece",
            "id": "00279a5763b04e35",
            "name": "Attiki",
            "place_type": "admin",
            "url": "https://api.twitter.com/1.1/geo/id/00279a5763b04e35.json"
        },
        "possibly_sensitive": false,
        "retweet_count": 1,
        "retweeted": false,
        "source": "<a href=\"http://instagram.com\" rel=\"nofollow\">Instagram</a>",
        "text": "Can we get an \u201cAmen!\u201d for the power of desserts? Homemade, of course! On air, of course! #dinnerintheskygreece\u2026 https://t.co/K9Z1RzCDGw",
        "truncated": true,
        "user": {
            "contributors_enabled": false,
            "created_at": "Fri Dec 19 18:28:03 +0000 2014",
            "default_profile": true,
            "default_profile_image": false,
            "description": "",
            "entities": {
                "description": {
                    "urls": []
                },
                "url": {
                    "urls": [
                        {
                            "display_url": "dinnerinthesky.gr",
                            "expanded_url": "http://www.dinnerinthesky.gr",
                            "indices": [
                                0,
                                22
                            ],
                            "url": "http://t.co/x6Mins1vTH"
                        }
                    ]
                }
            },
            "favourites_count": 9,
            "follow_request_sent": false,
            "followers_count": 99,
            "following": false,
            "friends_count": 329,
            "geo_enabled": true,
            "has_extended_profile": false,
            "id": 2932433800,
            "id_str": "2932433800",
            "is_translation_enabled": false,
            "is_translator": false,
            "lang": null,
            "listed_count": 0,
            "location": "\u03a4\u03b5\u03c7\u03bd\u03cc\u03c0\u03bf\u03bb\u03b9\u03c2, \u03a0\u03b5\u03b9\u03c1\u03b1\u03ce\u03c2 100, \u0393\u03ba\u03ac\u03b6\u03b9",
            "name": "DinnerintheSky",
            "notifications": false,
            "profile_background_color": "C0DEED",
            "profile_background_image_url": "http://abs.twimg.com/images/themes/theme1/bg.png",
            "profile_background_image_url_https": "https://abs.twimg.com/images/themes/theme1/bg.png",
            "profile_background_tile": false,
            "profile_banner_url": "https://pbs.twimg.com/profile_banners/2932433800/1432116643",
            "profile_image_url": "http://pbs.twimg.com/profile_images/546010446138863617/XWkeEp2n_normal.jpeg",
            "profile_image_url_https": "https://pbs.twimg.com/profile_images/546010446138863617/XWkeEp2n_normal.jpeg",
            "profile_link_color": "1DA1F2",
            "profile_sidebar_border_color": "C0DEED",
            "profile_sidebar_fill_color": "DDEEF6",
            "profile_text_color": "333333",
            "profile_use_background_image": true,
            "protected": false,
            "screen_name": "DinnerGR",
            "statuses_count": 137,
            "time_zone": null,
            "translator_type": "none",
            "url": "http://t.co/x6Mins1vTH",
            "utc_offset": null,
            "verified": false
        }
    },
    "source": "<a href=\"http://twitter.com/download/iphone\" rel=\"nofollow\">Twitter for iPhone</a>",
    "text": "RT @DinnerGR: Can we get an \u201cAmen!\u201d for the power of desserts? Homemade, of course! On air, of course! #dinnerintheskygreece #athens_city #\u2026",
    "truncated": false,
    "user": {
        "contributors_enabled": false,
        "created_at": "Sun Nov 01 22:56:00 +0000 2009",
        "default_profile": false,
        "default_profile_image": false,
        "description": "CEO of myself, editor-in-chic, addicted consumer and socialite philosopher. But why don't you just check my blog?",
        "entities": {
            "description": {
                "urls": []
            },
            "url": {
                "urls": [
                    {
                        "display_url": "poshfashionnews.com",
                        "expanded_url": "http://www.poshfashionnews.com/",
                        "indices": [
                            0,
                            22
                        ],
                        "url": "http://t.co/S0TDBBrmjN"
                    }
                ]
            }
        },
        "favourites_count": 1321,
        "follow_request_sent": false,
        "followers_count": 2344,
        "following": false,
        "friends_count": 28,
        "geo_enabled": true,
        "has_extended_profile": false,
        "id": 86821971,
        "id_str": "86821971",
        "is_translation_enabled": false,
        "is_translator": false,
        "lang": null,
        "listed_count": 250,
        "location": "planet POSH",
        "name": "PoshFashionNews.com",
        "notifications": false,
        "profile_background_color": "FFF04D",
        "profile_background_image_url": "http://abs.twimg.com/images/themes/theme1/bg.png",
        "profile_background_image_url_https": "https://abs.twimg.com/images/themes/theme1/bg.png",
        "profile_background_tile": true,
        "profile_banner_url": "https://pbs.twimg.com/profile_banners/86821971/1396959042",
        "profile_image_url": "http://pbs.twimg.com/profile_images/471997573738536961/tE9ooMxo_normal.jpeg",
        "profile_image_url_https": "https://pbs.twimg.com/profile_images/471997573738536961/tE9ooMxo_normal.jpeg",
        "profile_link_color": "0099CC",
        "profile_sidebar_border_color": "FFFFFF",
        "profile_sidebar_fill_color": "F6FFD1",
        "profile_text_color": "333333",
        "profile_use_background_image": true,
        "protected": false,
        "screen_name": "PoshFashion_",
        "statuses_count": 69445,
        "time_zone": null,
        "translator_type": "none",
        "url": "http://t.co/S0TDBBrmjN",
        "utc_offset": null,
        "verified": false
    }
}
