{
    "contributors": null,
    "coordinates": null,
    "created_at": "Mon Aug 26 18:49:28 +0000 2019",
    "entities": {
        "hashtags": [
            {
                "indices": [
                    16,
                    30
                ],
                "text": "MissionMangal"
            }
        ],
        "symbols": [],
        "urls": [],
        "user_mentions": [
            {
                "id": 851760735059365888,
                "id_str": "851760735059365888",
                "indices": [
                    3,
                    14
                ],
                "name": "BollyTrick",
                "screen_name": "TrickBolly"
            }
        ]
    },
    "favorite_count": 0,
    "favorited": false,
    "geo": null,
    "id": 1166060108893151233,
    "id_str": "1166060108893151233",
    "in_reply_to_screen_name": null,
    "in_reply_to_status_id": null,
    "in_reply_to_status_id_str": null,
    "in_reply_to_user_id": null,
    "in_reply_to_user_id_str": null,
    "is_quote_status": false,
    "lang": "en",
    "metadata": {
        "iso_language_code": "en",
        "result_type": "recent"
    },
    "place": null,
    "retweet_count": 16,
    "retweeted": false,
    "retweeted_status": {
        "contributors": null,
        "coordinates": null,
        "created_at": "Mon Aug 26 18:05:31 +0000 2019",
        "entities": {
            "hashtags": [
                {
                    "indices": [
                        0,
                        14
                    ],
                    "text": "MissionMangal"
                }
            ],
            "symbols": [],
            "urls": [
                {
                    "display_url": "twitter.com/i/web/status/1\u2026",
                    "expanded_url": "https://twitter.com/i/web/status/1166049045350977541",
                    "indices": [
                        117,
                        140
                    ],
                    "url": "https://t.co/mUFbfp5KDS"
                }
            ],
            "user_mentions": []
        },
        "favorite_count": 31,
        "favorited": false,
        "geo": null,
        "id": 1166049045350977541,
        "id_str": "1166049045350977541",
        "in_reply_to_screen_name": null,
        "in_reply_to_status_id": null,
        "in_reply_to_status_id_str": null,
        "in_reply_to_user_id": null,
        "in_reply_to_user_id_str": null,
        "is_quote_status": false,
        "lang": "en",
        "metadata": {
            "iso_language_code": "en",
            "result_type": "recent"
        },
        "place": null,
        "retweet_count": 16,
        "retweeted": false,
        "source": "<a href=\"https://mobile.twitter.com\" rel=\"nofollow\">Twitter Web App</a>",
        "text": "#MissionMangal 2nd Monday footfalls in few multiplexes:\n\n(2nd Friday data in bracket)\nWave R Garden Delhi: 412 (602\u2026 https://t.co/mUFbfp5KDS",
        "truncated": true,
        "user": {
            "contributors_enabled": false,
            "created_at": "Tue Apr 11 11:35:59 +0000 2017",
            "default_profile": true,
            "default_profile_image": false,
            "description": "Project Bollywood BO collections using real data from different theatres across regions.",
            "entities": {
                "description": {
                    "urls": []
                }
            },
            "favourites_count": 0,
            "follow_request_sent": false,
            "followers_count": 4100,
            "following": false,
            "friends_count": 5,
            "geo_enabled": false,
            "has_extended_profile": false,
            "id": 851760735059365888,
            "id_str": "851760735059365888",
            "is_translation_enabled": false,
            "is_translator": false,
            "lang": null,
            "listed_count": 22,
            "location": "",
            "name": "BollyTrick",
            "notifications": false,
            "profile_background_color": "F5F8FA",
            "profile_background_image_url": null,
            "profile_background_image_url_https": null,
            "profile_background_tile": false,
            "profile_image_url": "http://pbs.twimg.com/profile_images/862299326734671872/04KQ3hN2_normal.jpg",
            "profile_image_url_https": "https://pbs.twimg.com/profile_images/862299326734671872/04KQ3hN2_normal.jpg",
            "profile_link_color": "1DA1F2",
            "profile_sidebar_border_color": "C0DEED",
            "profile_sidebar_fill_color": "DDEEF6",
            "profile_text_color": "333333",
            "profile_use_background_image": true,
            "protected": false,
            "screen_name": "TrickBolly",
            "statuses_count": 3906,
            "time_zone": null,
            "translator_type": "none",
            "url": null,
            "utc_offset": null,
            "verified": false
        }
    },
    "source": "<a href=\"http://twitter.com/download/android\" rel=\"nofollow\">Twitter for Android</a>",
    "text": "RT @TrickBolly: #MissionMangal 2nd Monday footfalls in few multiplexes:\n\n(2nd Friday data in bracket)\nWave R Garden Delhi: 412 (602)\nIMAX W\u2026",
    "truncated": false,
    "user": {
        "contributors_enabled": false,
        "created_at": "Fri May 05 08:35:42 +0000 2017",
        "default_profile": true,
        "default_profile_image": false,
        "description": "Love TV series especially from Netflix and movies in general  Akshay fan since his start",
        "entities": {
            "description": {
                "urls": []
            }
        },
        "favourites_count": 3295,
        "follow_request_sent": false,
        "followers_count": 107,
        "following": false,
        "friends_count": 36,
        "geo_enabled": true,
        "has_extended_profile": false,
        "id": 860412677105094657,
        "id_str": "860412677105094657",
        "is_translation_enabled": false,
        "is_translator": false,
        "lang": null,
        "listed_count": 0,
        "location": "",
        "name": "Akshay",
        "notifications": false,
        "profile_background_color": "F5F8FA",
        "profile_background_image_url": null,
        "profile_background_image_url_https": null,
        "profile_background_tile": false,
        "profile_image_url": "http://pbs.twimg.com/profile_images/1019309792957878273/sqA-d-y4_normal.jpg",
        "profile_image_url_https": "https://pbs.twimg.com/profile_images/1019309792957878273/sqA-d-y4_normal.jpg",
        "profile_link_color": "1DA1F2",
        "profile_sidebar_border_color": "C0DEED",
        "profile_sidebar_fill_color": "DDEEF6",
        "profile_text_color": "333333",
        "profile_use_background_image": true,
        "protected": false,
        "screen_name": "Akshay__oberoi",
        "statuses_count": 9164,
        "time_zone": null,
        "translator_type": "none",
        "url": null,
        "utc_offset": null,
        "verified": false
    }
}
