{
    "contributors": null,
    "coordinates": null,
    "created_at": "Tue Apr 23 16:30:42 +0000 2019",
    "entities": {
        "hashtags": [],
        "symbols": [],
        "urls": [],
        "user_mentions": [
            {
                "id": 869156636,
                "id_str": "869156636",
                "indices": [
                    3,
                    14
                ],
                "name": "Muhammed Muheisen",
                "screen_name": "Muheisen81"
            }
        ]
    },
    "favorite_count": 0,
    "favorited": false,
    "geo": null,
    "id": 1120726703465218049,
    "id_str": "1120726703465218049",
    "in_reply_to_screen_name": null,
    "in_reply_to_status_id": null,
    "in_reply_to_status_id_str": null,
    "in_reply_to_user_id": null,
    "in_reply_to_user_id_str": null,
    "is_quote_status": false,
    "lang": "en",
    "metadata": {
        "iso_language_code": "en",
        "result_type": "recent"
    },
    "place": null,
    "retweet_count": 15,
    "retweeted": false,
    "retweeted_status": {
        "contributors": null,
        "coordinates": null,
        "created_at": "Sun Apr 21 12:32:55 +0000 2019",
        "entities": {
            "hashtags": [],
            "symbols": [],
            "urls": [
                {
                    "display_url": "twitter.com/i/web/status/1\u2026",
                    "expanded_url": "https://twitter.com/i/web/status/1119942086822977536",
                    "indices": [
                        117,
                        140
                    ],
                    "url": "https://t.co/TC4LVBLb9L"
                }
            ],
            "user_mentions": []
        },
        "favorite_count": 20,
        "favorited": false,
        "geo": null,
        "id": 1119942086822977536,
        "id_str": "1119942086822977536",
        "in_reply_to_screen_name": null,
        "in_reply_to_status_id": null,
        "in_reply_to_status_id_str": null,
        "in_reply_to_user_id": null,
        "in_reply_to_user_id_str": null,
        "is_quote_status": false,
        "lang": "en",
        "metadata": {
            "iso_language_code": "en",
            "result_type": "recent"
        },
        "place": null,
        "possibly_sensitive": false,
        "retweet_count": 15,
        "retweeted": false,
        "source": "<a href=\"http://twitter.com/download/iphone\" rel=\"nofollow\">Twitter for iPhone</a>",
        "text": "Mohammed and his mother are refugees from Afghanistan, looked out from a bus window transporting them to a camp yes\u2026 https://t.co/TC4LVBLb9L",
        "truncated": true,
        "user": {
            "contributors_enabled": false,
            "created_at": "Tue Oct 09 03:36:56 +0000 2012",
            "default_profile": true,
            "default_profile_image": false,
            "description": "Two-time Pulitzer Prize winner & National Geographic Photographer. Founder of @everydayrefugee Foundation. Global Ambassador @visitjordan & Canon Ambassador.",
            "entities": {
                "description": {
                    "urls": []
                },
                "url": {
                    "urls": [
                        {
                            "display_url": "MuhammedMuheisen.com",
                            "expanded_url": "http://MuhammedMuheisen.com",
                            "indices": [
                                0,
                                23
                            ],
                            "url": "https://t.co/iyk9xtqkHQ"
                        }
                    ]
                }
            },
            "favourites_count": 1261,
            "follow_request_sent": false,
            "followers_count": 5521,
            "following": false,
            "friends_count": 304,
            "geo_enabled": true,
            "has_extended_profile": false,
            "id": 869156636,
            "id_str": "869156636",
            "is_translation_enabled": false,
            "is_translator": false,
            "lang": "en",
            "listed_count": 263,
            "location": "Earth",
            "name": "Muhammed Muheisen",
            "notifications": false,
            "profile_background_color": "C0DEED",
            "profile_background_image_url": "http://abs.twimg.com/images/themes/theme1/bg.png",
            "profile_background_image_url_https": "https://abs.twimg.com/images/themes/theme1/bg.png",
            "profile_background_tile": false,
            "profile_banner_url": "https://pbs.twimg.com/profile_banners/869156636/1467407563",
            "profile_image_url": "http://pbs.twimg.com/profile_images/1012711919982014465/2-u43dvG_normal.jpg",
            "profile_image_url_https": "https://pbs.twimg.com/profile_images/1012711919982014465/2-u43dvG_normal.jpg",
            "profile_link_color": "1DA1F2",
            "profile_sidebar_border_color": "C0DEED",
            "profile_sidebar_fill_color": "DDEEF6",
            "profile_text_color": "333333",
            "profile_use_background_image": true,
            "protected": false,
            "screen_name": "Muheisen81",
            "statuses_count": 1038,
            "time_zone": null,
            "translator_type": "none",
            "url": "https://t.co/iyk9xtqkHQ",
            "utc_offset": null,
            "verified": true
        }
    },
    "source": "<a href=\"https://mobile.twitter.com\" rel=\"nofollow\">Twitter Web App</a>",
    "text": "RT @Muheisen81: Mohammed and his mother are refugees from Afghanistan, looked out from a bus window transporting them to a camp yesterday i\u2026",
    "truncated": false,
    "user": {
        "contributors_enabled": false,
        "created_at": "Tue Feb 15 16:27:59 +0000 2011",
        "default_profile": false,
        "default_profile_image": false,
        "description": "Mediator & Educator @ Anatomy of Political Melancholy Athens_Schwarz Foundation /assistant editor @aglimpseof /staying with the struggle \u2640\ufe0f\ud83c\udf0d",
        "entities": {
            "description": {
                "urls": []
            },
            "url": {
                "urls": [
                    {
                        "display_url": "linkedin.com/in/dora-vasila\u2026",
                        "expanded_url": "https://www.linkedin.com/in/dora-vasilakou-74824052?trk=nav_responsive_tab_profile",
                        "indices": [
                            0,
                            23
                        ],
                        "url": "https://t.co/aLdio5czuU"
                    }
                ]
            }
        },
        "favourites_count": 3110,
        "follow_request_sent": false,
        "followers_count": 1844,
        "following": false,
        "friends_count": 3789,
        "geo_enabled": false,
        "has_extended_profile": false,
        "id": 252644913,
        "id_str": "252644913",
        "is_translation_enabled": false,
        "is_translator": false,
        "lang": "el",
        "listed_count": 35,
        "location": "Athens",
        "name": "Dora Vasilakou",
        "notifications": false,
        "profile_background_color": "6B6B6B",
        "profile_background_image_url": "http://abs.twimg.com/images/themes/theme14/bg.gif",
        "profile_background_image_url_https": "https://abs.twimg.com/images/themes/theme14/bg.gif",
        "profile_background_tile": true,
        "profile_banner_url": "https://pbs.twimg.com/profile_banners/252644913/1548923547",
        "profile_image_url": "http://pbs.twimg.com/profile_images/1090890147208589312/cU1ntsiL_normal.jpg",
        "profile_image_url_https": "https://pbs.twimg.com/profile_images/1090890147208589312/cU1ntsiL_normal.jpg",
        "profile_link_color": "981CEB",
        "profile_sidebar_border_color": "000000",
        "profile_sidebar_fill_color": "FFF200",
        "profile_text_color": "FF385F",
        "profile_use_background_image": true,
        "protected": false,
        "screen_name": "doravasilakou",
        "statuses_count": 8430,
        "time_zone": null,
        "translator_type": "none",
        "url": "https://t.co/aLdio5czuU",
        "utc_offset": null,
        "verified": false
    }
}

