{
    "contributors": null,
    "coordinates": null,
    "created_at": "Mon Jul 01 21:12:26 +0000 2019",
    "entities": {
        "hashtags": [
            {
                "indices": [
                    15,
                    21
                ],
                "text": "Dawgs"
            }
        ],
        "symbols": [],
        "urls": [
            {
                "display_url": "twitter.com/i/web/status/1\u2026",
                "expanded_url": "https://twitter.com/i/web/status/1145802365959909385",
                "indices": [
                    121,
                    144
                ],
                "url": "https://t.co/2jB4X1C5ts"
            }
        ],
        "user_mentions": [
            {
                "id": 19302184,
                "id_str": "19302184",
                "indices": [
                    56,
                    62
                ],
                "name": "USATF",
                "screen_name": "usatf"
            }
        ]
    },
    "favorite_count": 43,
    "favorited": false,
    "geo": null,
    "id": 1145802365959909385,
    "id_str": "1145802365959909385",
    "in_reply_to_screen_name": null,
    "in_reply_to_status_id": null,
    "in_reply_to_status_id_str": null,
    "in_reply_to_user_id": null,
    "in_reply_to_user_id_str": null,
    "is_quote_status": false,
    "lang": "en",
    "metadata": {
        "iso_language_code": "en",
        "result_type": "popular"
    },
    "place": null,
    "possibly_sensitive": false,
    "retweet_count": 5,
    "retweeted": false,
    "source": "<a href=\"http://twitter.com\" rel=\"nofollow\">Twitter Web Client</a>",
    "text": "Welcome to the #Dawgs family, Melissa!\n\n1\u20e32\u20e3 years with @usatf, worked with Team USA at 3\u20e3 Olympic Games &amp; multiple\u2026 https://t.co/2jB4X1C5ts",
    "truncated": true,
    "user": {
        "contributors_enabled": false,
        "created_at": "Wed Jun 19 15:58:33 +0000 2013",
        "default_profile": false,
        "default_profile_image": false,
        "description": "Official Twitter Account of Georgia Track & Field and Cross Country \ud83c\udfc6 2018 Indoor National Champions \ud83c\udfc6 2018 Outdoor National Champions",
        "entities": {
            "description": {
                "urls": []
            },
            "url": {
                "urls": [
                    {
                        "display_url": "georgiadogs.com",
                        "expanded_url": "http://georgiadogs.com",
                        "indices": [
                            0,
                            23
                        ],
                        "url": "https://t.co/EHXxXHESO0"
                    }
                ]
            }
        },
        "favourites_count": 668,
        "follow_request_sent": false,
        "followers_count": 8833,
        "following": false,
        "friends_count": 185,
        "geo_enabled": false,
        "has_extended_profile": false,
        "id": 1531260889,
        "id_str": "1531260889",
        "is_translation_enabled": false,
        "is_translator": false,
        "lang": "en",
        "listed_count": 90,
        "location": "Athens, GA",
        "name": "Georgia Track&Field",
        "notifications": false,
        "profile_background_color": "C0DEED",
        "profile_background_image_url": "http://abs.twimg.com/images/themes/theme1/bg.png",
        "profile_background_image_url_https": "https://abs.twimg.com/images/themes/theme1/bg.png",
        "profile_background_tile": false,
        "profile_banner_url": "https://pbs.twimg.com/profile_banners/1531260889/1547480504",
        "profile_image_url": "http://pbs.twimg.com/profile_images/1039937487408427008/ua9Rr-UL_normal.jpg",
        "profile_image_url_https": "https://pbs.twimg.com/profile_images/1039937487408427008/ua9Rr-UL_normal.jpg",
        "profile_link_color": "DD2E44",
        "profile_sidebar_border_color": "000000",
        "profile_sidebar_fill_color": "DDEEF6",
        "profile_text_color": "333333",
        "profile_use_background_image": true,
        "protected": false,
        "screen_name": "UGATrack",
        "statuses_count": 6788,
        "time_zone": null,
        "translator_type": "none",
        "url": "https://t.co/EHXxXHESO0",
        "utc_offset": null,
        "verified": true
    }
}
