{
    "contributors": null,
    "coordinates": null,
    "created_at": "Thu Aug 01 09:14:05 +0000 2019",
    "entities": {
        "hashtags": [],
        "symbols": [],
        "urls": [],
        "user_mentions": [
            {
                "id": 2303299808,
                "id_str": "2303299808",
                "indices": [
                    3,
                    18
                ],
                "name": "Beautiful Black Child \ud83d\udc86\u200d\u2642\ufe0f",
                "screen_name": "walter_sentsho"
            }
        ]
    },
    "favorite_count": 0,
    "favorited": false,
    "geo": null,
    "id": 1156855612371820544,
    "id_str": "1156855612371820544",
    "in_reply_to_screen_name": null,
    "in_reply_to_status_id": null,
    "in_reply_to_status_id_str": null,
    "in_reply_to_user_id": null,
    "in_reply_to_user_id_str": null,
    "is_quote_status": true,
    "lang": "en",
    "metadata": {
        "iso_language_code": "en",
        "result_type": "recent"
    },
    "place": null,
    "quoted_status_id": 1156554056078376962,
    "quoted_status_id_str": "1156554056078376962",
    "retweet_count": 39,
    "retweeted": false,
    "retweeted_status": {
        "contributors": null,
        "coordinates": null,
        "created_at": "Wed Jul 31 16:31:23 +0000 2019",
        "entities": {
            "hashtags": [],
            "symbols": [],
            "urls": [
                {
                    "display_url": "twitter.com/i/web/status/1\u2026",
                    "expanded_url": "https://twitter.com/i/web/status/1156603273023033345",
                    "indices": [
                        117,
                        140
                    ],
                    "url": "https://t.co/M95QPkxgyJ"
                }
            ],
            "user_mentions": []
        },
        "favorite_count": 93,
        "favorited": false,
        "geo": null,
        "id": 1156603273023033345,
        "id_str": "1156603273023033345",
        "in_reply_to_screen_name": null,
        "in_reply_to_status_id": null,
        "in_reply_to_status_id_str": null,
        "in_reply_to_user_id": null,
        "in_reply_to_user_id_str": null,
        "is_quote_status": true,
        "lang": "en",
        "metadata": {
            "iso_language_code": "en",
            "result_type": "recent"
        },
        "place": null,
        "possibly_sensitive": false,
        "quoted_status": {
            "contributors": null,
            "coordinates": null,
            "created_at": "Wed Jul 31 13:15:49 +0000 2019",
            "entities": {
                "hashtags": [],
                "media": [
                    {
                        "display_url": "pic.twitter.com/2Y0toR0I2k",
                        "expanded_url": "https://twitter.com/Amo_Mufasa/status/1156554056078376962/photo/1",
                        "id": 1156554050957139971,
                        "id_str": "1156554050957139971",
                        "indices": [
                            18,
                            41
                        ],
                        "media_url": "http://pbs.twimg.com/media/EAznyBrW4AMxKKE.jpg",
                        "media_url_https": "https://pbs.twimg.com/media/EAznyBrW4AMxKKE.jpg",
                        "sizes": {
                            "large": {
                                "h": 212,
                                "resize": "fit",
                                "w": 400
                            },
                            "medium": {
                                "h": 212,
                                "resize": "fit",
                                "w": 400
                            },
                            "small": {
                                "h": 212,
                                "resize": "fit",
                                "w": 400
                            },
                            "thumb": {
                                "h": 150,
                                "resize": "crop",
                                "w": 150
                            }
                        },
                        "type": "photo",
                        "url": "https://t.co/2Y0toR0I2k"
                    }
                ],
                "symbols": [],
                "urls": [],
                "user_mentions": []
            },
            "extended_entities": {
                "media": [
                    {
                        "display_url": "pic.twitter.com/2Y0toR0I2k",
                        "expanded_url": "https://twitter.com/Amo_Mufasa/status/1156554056078376962/photo/1",
                        "id": 1156554050957139971,
                        "id_str": "1156554050957139971",
                        "indices": [
                            18,
                            41
                        ],
                        "media_url": "http://pbs.twimg.com/media/EAznyBrW4AMxKKE.jpg",
                        "media_url_https": "https://pbs.twimg.com/media/EAznyBrW4AMxKKE.jpg",
                        "sizes": {
                            "large": {
                                "h": 212,
                                "resize": "fit",
                                "w": 400
                            },
                            "medium": {
                                "h": 212,
                                "resize": "fit",
                                "w": 400
                            },
                            "small": {
                                "h": 212,
                                "resize": "fit",
                                "w": 400
                            },
                            "thumb": {
                                "h": 150,
                                "resize": "crop",
                                "w": 150
                            }
                        },
                        "type": "photo",
                        "url": "https://t.co/2Y0toR0I2k"
                    }
                ]
            },
            "favorite_count": 23,
            "favorited": false,
            "geo": null,
            "id": 1156554056078376962,
            "id_str": "1156554056078376962",
            "in_reply_to_screen_name": null,
            "in_reply_to_status_id": null,
            "in_reply_to_status_id_str": null,
            "in_reply_to_user_id": null,
            "in_reply_to_user_id_str": null,
            "is_quote_status": false,
            "lang": "in",
            "metadata": {
                "iso_language_code": "en",
                "result_type": "recent"
            },
            "place": null,
            "possibly_sensitive": false,
            "retweet_count": 5,
            "retweeted": false,
            "source": "<a href=\"http://twitter.com/download/android\" rel=\"nofollow\">Twitter for Android</a>",
            "text": "Sco Pa Tu Manaa ? https://t.co/2Y0toR0I2k",
            "truncated": false,
            "user": {
                "contributors_enabled": false,
                "created_at": "Sat Jan 27 06:10:19 +0000 2018",
                "default_profile": true,
                "default_profile_image": false,
                "description": "it's wild out there and Tau is all about that wildlife.",
                "entities": {
                    "description": {
                        "urls": []
                    }
                },
                "favourites_count": 313,
                "follow_request_sent": false,
                "followers_count": 607,
                "following": false,
                "friends_count": 185,
                "geo_enabled": true,
                "has_extended_profile": true,
                "id": 957133648079343618,
                "id_str": "957133648079343618",
                "is_translation_enabled": false,
                "is_translator": false,
                "lang": null,
                "listed_count": 1,
                "location": "Botswana",
                "name": "Tau",
                "notifications": false,
                "profile_background_color": "F5F8FA",
                "profile_background_image_url": null,
                "profile_background_image_url_https": null,
                "profile_background_tile": false,
                "profile_banner_url": "https://pbs.twimg.com/profile_banners/957133648079343618/1564575288",
                "profile_image_url": "http://pbs.twimg.com/profile_images/1156537510371176452/v5exvsCT_normal.jpg",
                "profile_image_url_https": "https://pbs.twimg.com/profile_images/1156537510371176452/v5exvsCT_normal.jpg",
                "profile_link_color": "1DA1F2",
                "profile_sidebar_border_color": "C0DEED",
                "profile_sidebar_fill_color": "DDEEF6",
                "profile_text_color": "333333",
                "profile_use_background_image": true,
                "protected": false,
                "screen_name": "Amo_Mufasa",
                "statuses_count": 33347,
                "time_zone": null,
                "translator_type": "none",
                "url": null,
                "utc_offset": null,
                "verified": false
            }
        },
        "quoted_status_id": 1156554056078376962,
        "quoted_status_id_str": "1156554056078376962",
        "retweet_count": 39,
        "retweeted": false,
        "source": "<a href=\"http://twitter.com/download/iphone\" rel=\"nofollow\">Twitter for iPhone</a>",
        "text": "The only beer \u201csome people\u201d don\u2019t drink because of their fake social status but deep down they envy us cause they k\u2026 https://t.co/M95QPkxgyJ",
        "truncated": true,
        "user": {
            "contributors_enabled": false,
            "created_at": "Tue Jan 21 15:56:23 +0000 2014",
            "default_profile": true,
            "default_profile_image": false,
            "description": "I\u2019m just here to enjoy life in any possible way|| no negative \ud83d\udc4e energy allowed || be happy \ud83d\ude0a || Extrovert || Motivated || Friendliest ever \ud83d\ude02\ud83d\ude02",
            "entities": {
                "description": {
                    "urls": []
                }
            },
            "favourites_count": 7473,
            "follow_request_sent": false,
            "followers_count": 2077,
            "following": false,
            "friends_count": 1288,
            "geo_enabled": true,
            "has_extended_profile": true,
            "id": 2303299808,
            "id_str": "2303299808",
            "is_translation_enabled": false,
            "is_translator": false,
            "lang": null,
            "listed_count": 5,
            "location": "Gaborone",
            "name": "Beautiful Black Child \ud83d\udc86\u200d\u2642\ufe0f",
            "notifications": false,
            "profile_background_color": "C0DEED",
            "profile_background_image_url": "http://abs.twimg.com/images/themes/theme1/bg.png",
            "profile_background_image_url_https": "https://abs.twimg.com/images/themes/theme1/bg.png",
            "profile_background_tile": false,
            "profile_banner_url": "https://pbs.twimg.com/profile_banners/2303299808/1556875120",
            "profile_image_url": "http://pbs.twimg.com/profile_images/1156169376288202763/Z9foxylu_normal.jpg",
            "profile_image_url_https": "https://pbs.twimg.com/profile_images/1156169376288202763/Z9foxylu_normal.jpg",
            "profile_link_color": "1DA1F2",
            "profile_sidebar_border_color": "C0DEED",
            "profile_sidebar_fill_color": "DDEEF6",
            "profile_text_color": "333333",
            "profile_use_background_image": true,
            "protected": false,
            "screen_name": "walter_sentsho",
            "statuses_count": 15959,
            "time_zone": null,
            "translator_type": "none",
            "url": null,
            "utc_offset": null,
            "verified": false
        }
    },
    "source": "<a href=\"http://twitter.com/download/android\" rel=\"nofollow\">Twitter for Android</a>",
    "text": "RT @walter_sentsho: The only beer \u201csome people\u201d don\u2019t drink because of their fake social status but deep down they envy us cause they know\u2026",
    "truncated": false,
    "user": {
        "contributors_enabled": false,
        "created_at": "Sun Aug 01 15:59:38 +0000 2010",
        "default_profile": false,
        "default_profile_image": false,
        "description": "Everybody you meet loves something, is afraid of something, and has lost something.",
        "entities": {
            "description": {
                "urls": []
            }
        },
        "favourites_count": 3920,
        "follow_request_sent": false,
        "followers_count": 365,
        "following": false,
        "friends_count": 491,
        "geo_enabled": true,
        "has_extended_profile": false,
        "id": 173482612,
        "id_str": "173482612",
        "is_translation_enabled": false,
        "is_translator": false,
        "lang": null,
        "listed_count": 2,
        "location": "Gaborone, Botswana",
        "name": "Roger from American Dad is my spirit Animal",
        "notifications": false,
        "profile_background_color": "C0DEED",
        "profile_background_image_url": "http://abs.twimg.com/images/themes/theme1/bg.png",
        "profile_background_image_url_https": "https://abs.twimg.com/images/themes/theme1/bg.png",
        "profile_background_tile": false,
        "profile_banner_url": "https://pbs.twimg.com/profile_banners/173482612/1530141135",
        "profile_image_url": "http://pbs.twimg.com/profile_images/1142383463468818433/hpY4niGU_normal.jpg",
        "profile_image_url_https": "https://pbs.twimg.com/profile_images/1142383463468818433/hpY4niGU_normal.jpg",
        "profile_link_color": "0084B4",
        "profile_sidebar_border_color": "FFFFFF",
        "profile_sidebar_fill_color": "DDEEF6",
        "profile_text_color": "333333",
        "profile_use_background_image": true,
        "protected": false,
        "screen_name": "apropos_vernon",
        "statuses_count": 4635,
        "time_zone": null,
        "translator_type": "none",
        "url": null,
        "utc_offset": null,
        "verified": false
    }
}
