{
    "contributors": null,
    "coordinates": null,
    "created_at": "Thu Jul 04 08:48:05 +0000 2019",
    "entities": {
        "hashtags": [],
        "symbols": [],
        "urls": [
            {
                "display_url": "twitter.com/i/web/status/1\u2026",
                "expanded_url": "https://twitter.com/i/web/status/1146702205665390597",
                "indices": [
                    117,
                    140
                ],
                "url": "https://t.co/HMHJYNlSAD"
            }
        ],
        "user_mentions": [
            {
                "id": 18764018,
                "id_str": "18764018",
                "indices": [
                    0,
                    14
                ],
                "name": "Alia Papageorgiou \ud83d\uddde\ufe0f",
                "screen_name": "Eurocentrique"
            },
            {
                "id": 1425256856,
                "id_str": "1425256856",
                "indices": [
                    15,
                    26
                ],
                "name": "Omaira Gill",
                "screen_name": "OmairaGill"
            }
        ]
    },
    "favorite_count": 1,
    "favorited": false,
    "geo": null,
    "id": 1146702205665390597,
    "id_str": "1146702205665390597",
    "in_reply_to_screen_name": "Eurocentrique",
    "in_reply_to_status_id": 1146677150256439296,
    "in_reply_to_status_id_str": "1146677150256439296",
    "in_reply_to_user_id": 18764018,
    "in_reply_to_user_id_str": "18764018",
    "is_quote_status": false,
    "lang": "en",
    "metadata": {
        "iso_language_code": "en",
        "result_type": "recent"
    },
    "place": null,
    "retweet_count": 0,
    "retweeted": false,
    "source": "<a href=\"http://twitter.com/download/iphone\" rel=\"nofollow\">Twitter for iPhone</a>",
    "text": "@Eurocentrique @OmairaGill Plaka, Pangrati, Agia Paraskevi, in the area near the big chain hotels too, and on our b\u2026 https://t.co/HMHJYNlSAD",
    "truncated": true,
    "user": {
        "contributors_enabled": false,
        "created_at": "Fri Nov 20 15:07:59 +0000 2009",
        "default_profile": true,
        "default_profile_image": false,
        "description": "News assignment editor at CBC Montreal, and longtime arts reporter.",
        "entities": {
            "description": {
                "urls": []
            },
            "url": {
                "urls": [
                    {
                        "display_url": "cbc.ca/montreal",
                        "expanded_url": "http://www.cbc.ca/montreal",
                        "indices": [
                            0,
                            22
                        ],
                        "url": "http://t.co/Ae3sIEYOcg"
                    }
                ]
            }
        },
        "favourites_count": 11281,
        "follow_request_sent": false,
        "followers_count": 2467,
        "following": false,
        "friends_count": 2170,
        "geo_enabled": true,
        "has_extended_profile": false,
        "id": 91358248,
        "id_str": "91358248",
        "is_translation_enabled": false,
        "is_translator": false,
        "lang": null,
        "listed_count": 107,
        "location": "Montreal, Canada",
        "name": "Anna Asimakopulos",
        "notifications": false,
        "profile_background_color": "C0DEED",
        "profile_background_image_url": "http://abs.twimg.com/images/themes/theme1/bg.png",
        "profile_background_image_url_https": "https://abs.twimg.com/images/themes/theme1/bg.png",
        "profile_background_tile": false,
        "profile_image_url": "http://pbs.twimg.com/profile_images/1941029040/anna-a_normal.jpg",
        "profile_image_url_https": "https://pbs.twimg.com/profile_images/1941029040/anna-a_normal.jpg",
        "profile_link_color": "1DA1F2",
        "profile_sidebar_border_color": "C0DEED",
        "profile_sidebar_fill_color": "DDEEF6",
        "profile_text_color": "333333",
        "profile_use_background_image": true,
        "protected": false,
        "screen_name": "asimakoaa",
        "statuses_count": 20992,
        "time_zone": null,
        "translator_type": "none",
        "url": "http://t.co/Ae3sIEYOcg",
        "utc_offset": null,
        "verified": true
    }
}
