{
    "contributors": null,
    "coordinates": null,
    "created_at": "Sat Aug 17 16:40:37 +0000 2019",
    "entities": {
        "hashtags": [],
        "symbols": [],
        "urls": [],
        "user_mentions": [
            {
                "id": 952364011,
                "id_str": "952364011",
                "indices": [
                    3,
                    18
                ],
                "name": "Ancient Origins",
                "screen_name": "ancientorigins"
            }
        ]
    },
    "favorite_count": 0,
    "favorited": false,
    "geo": null,
    "id": 1162766187899555842,
    "id_str": "1162766187899555842",
    "in_reply_to_screen_name": null,
    "in_reply_to_status_id": null,
    "in_reply_to_status_id_str": null,
    "in_reply_to_user_id": null,
    "in_reply_to_user_id_str": null,
    "is_quote_status": false,
    "lang": "en",
    "metadata": {
        "iso_language_code": "en",
        "result_type": "recent"
    },
    "place": null,
    "possibly_sensitive": false,
    "retweet_count": 6,
    "retweeted": false,
    "retweeted_status": {
        "contributors": null,
        "coordinates": null,
        "created_at": "Sat Aug 17 16:15:08 +0000 2019",
        "entities": {
            "hashtags": [],
            "symbols": [],
            "urls": [
                {
                    "display_url": "twitter.com/i/web/status/1\u2026",
                    "expanded_url": "https://twitter.com/i/web/status/1162759778629824513",
                    "indices": [
                        117,
                        140
                    ],
                    "url": "https://t.co/BcAuFHRZ7U"
                }
            ],
            "user_mentions": []
        },
        "favorite_count": 10,
        "favorited": false,
        "geo": null,
        "id": 1162759778629824513,
        "id_str": "1162759778629824513",
        "in_reply_to_screen_name": null,
        "in_reply_to_status_id": null,
        "in_reply_to_status_id_str": null,
        "in_reply_to_user_id": null,
        "in_reply_to_user_id_str": null,
        "is_quote_status": false,
        "lang": "en",
        "metadata": {
            "iso_language_code": "en",
            "result_type": "recent"
        },
        "place": null,
        "possibly_sensitive": false,
        "retweet_count": 6,
        "retweeted": false,
        "source": "<a href=\"https://app.agorapulse.com\" rel=\"nofollow\">AgoraPulse Manager</a>",
        "text": "The Kritios Boy is an Early Classical Greek sculpture with an eventful history. He began his life in the world-reno\u2026 https://t.co/BcAuFHRZ7U",
        "truncated": true,
        "user": {
            "contributors_enabled": false,
            "created_at": "Fri Nov 16 20:25:09 +0000 2012",
            "default_profile": false,
            "default_profile_image": false,
            "description": "The best in archaeology, lost civilizations, sacred texts, ancient places, artifacts, mysteries & unexplained phenomena. Always keeping an open mind!",
            "entities": {
                "description": {
                    "urls": []
                },
                "url": {
                    "urls": [
                        {
                            "display_url": "ancient-origins.net",
                            "expanded_url": "http://www.ancient-origins.net",
                            "indices": [
                                0,
                                22
                            ],
                            "url": "http://t.co/pHmWpf4Rka"
                        }
                    ]
                }
            },
            "favourites_count": 7536,
            "follow_request_sent": false,
            "followers_count": 39691,
            "following": false,
            "friends_count": 163,
            "geo_enabled": false,
            "has_extended_profile": false,
            "id": 952364011,
            "id_str": "952364011",
            "is_translation_enabled": false,
            "is_translator": false,
            "lang": null,
            "listed_count": 1009,
            "location": "Ireland",
            "name": "Ancient Origins",
            "notifications": false,
            "profile_background_color": "EDD68A",
            "profile_background_image_url": "http://abs.twimg.com/images/themes/theme1/bg.png",
            "profile_background_image_url_https": "https://abs.twimg.com/images/themes/theme1/bg.png",
            "profile_background_tile": false,
            "profile_banner_url": "https://pbs.twimg.com/profile_banners/952364011/1396005399",
            "profile_image_url": "http://pbs.twimg.com/profile_images/862334074702180352/Fjv-Np86_normal.jpg",
            "profile_image_url_https": "https://pbs.twimg.com/profile_images/862334074702180352/Fjv-Np86_normal.jpg",
            "profile_link_color": "A57430",
            "profile_sidebar_border_color": "FFFFFF",
            "profile_sidebar_fill_color": "DDEEF6",
            "profile_text_color": "93A644",
            "profile_use_background_image": true,
            "protected": false,
            "screen_name": "ancientorigins",
            "statuses_count": 40341,
            "time_zone": null,
            "translator_type": "none",
            "url": "http://t.co/pHmWpf4Rka",
            "utc_offset": null,
            "verified": false
        }
    },
    "source": "<a href=\"http://twitter.com/download/iphone\" rel=\"nofollow\">Twitter for iPhone</a>",
    "text": "RT @ancientorigins: The Kritios Boy is an Early Classical Greek sculpture with an eventful history. He began his life in the world-renowned\u2026",
    "truncated": false,
    "user": {
        "contributors_enabled": false,
        "created_at": "Sun Jun 24 16:16:29 +0000 2012",
        "default_profile": false,
        "default_profile_image": false,
        "description": "This is my RAFAEL NADAL outlet (+lit, film, music). DUOD\u00c9CIMA! Don't follow me if u don't tweet positively abt Rafa. Character counts. INFP. header\ud83d\udcf7 @Yoyoyyu17",
        "entities": {
            "description": {
                "urls": []
            },
            "url": {
                "urls": [
                    {
                        "display_url": "melissa1949.wordpress.com",
                        "expanded_url": "http://melissa1949.wordpress.com/",
                        "indices": [
                            0,
                            23
                        ],
                        "url": "https://t.co/784mPADitJ"
                    }
                ]
            }
        },
        "favourites_count": 174209,
        "follow_request_sent": false,
        "followers_count": 2821,
        "following": false,
        "friends_count": 2532,
        "geo_enabled": false,
        "has_extended_profile": true,
        "id": 617251841,
        "id_str": "617251841",
        "is_translation_enabled": false,
        "is_translator": false,
        "lang": null,
        "listed_count": 60,
        "location": "",
        "name": "Melissa \u03a6\u03b9\u03bb\u03bf\u03c1\u03b1\u03c6\u03b1\u03af\u03b11\ufe0f\u20e38\ufe0f\u20e3",
        "notifications": false,
        "profile_background_color": "C0DEED",
        "profile_background_image_url": "http://abs.twimg.com/images/themes/theme1/bg.png",
        "profile_background_image_url_https": "https://abs.twimg.com/images/themes/theme1/bg.png",
        "profile_background_tile": true,
        "profile_banner_url": "https://pbs.twimg.com/profile_banners/617251841/1412009937",
        "profile_image_url": "http://pbs.twimg.com/profile_images/484102767355904001/fAxoTh7N_normal.jpeg",
        "profile_image_url_https": "https://pbs.twimg.com/profile_images/484102767355904001/fAxoTh7N_normal.jpeg",
        "profile_link_color": "0084B4",
        "profile_sidebar_border_color": "C0DEED",
        "profile_sidebar_fill_color": "DDEEF6",
        "profile_text_color": "333333",
        "profile_use_background_image": true,
        "protected": false,
        "screen_name": "athena1949",
        "statuses_count": 104856,
        "time_zone": null,
        "translator_type": "none",
        "url": "https://t.co/784mPADitJ",
        "utc_offset": null,
        "verified": false
    }
}
