{
    "contributors": null,
    "coordinates": null,
    "created_at": "Sun Aug 18 11:21:22 +0000 2019",
    "entities": {
        "hashtags": [
            {
                "indices": [
                    102,
                    109
                ],
                "text": "Avlaki"
            }
        ],
        "symbols": [],
        "urls": [
            {
                "display_url": "twitter.com/i/web/status/1\u2026",
                "expanded_url": "https://twitter.com/i/web/status/1163048237630152704",
                "indices": [
                    116,
                    139
                ],
                "url": "https://t.co/iPJek8Nzr2"
            }
        ],
        "user_mentions": []
    },
    "favorite_count": 0,
    "favorited": false,
    "geo": null,
    "id": 1163048237630152704,
    "id_str": "1163048237630152704",
    "in_reply_to_screen_name": null,
    "in_reply_to_status_id": null,
    "in_reply_to_status_id_str": null,
    "in_reply_to_user_id": null,
    "in_reply_to_user_id_str": null,
    "is_quote_status": false,
    "lang": "en",
    "metadata": {
        "iso_language_code": "en",
        "result_type": "recent"
    },
    "place": null,
    "possibly_sensitive": false,
    "retweet_count": 0,
    "retweeted": false,
    "source": "<a href=\"http://twitter.com\" rel=\"nofollow\">Twitter Web Client</a>",
    "text": "Strange how colours change under the sea - here the rocky area looks pink and the sandy seabed, blue. #Avlaki near\u2026 https://t.co/iPJek8Nzr2",
    "truncated": true,
    "user": {
        "contributors_enabled": false,
        "created_at": "Mon Mar 12 14:38:53 +0000 2012",
        "default_profile": false,
        "default_profile_image": false,
        "description": "Shutterbug! Sing in choirs. Interested in botany, astronomy, geology & Sci-Fi. Half Greek, half Welsh! Taken! My other Twitter account is @morgannike49",
        "entities": {
            "description": {
                "urls": []
            }
        },
        "favourites_count": 5540,
        "follow_request_sent": false,
        "followers_count": 1073,
        "following": false,
        "friends_count": 1299,
        "geo_enabled": false,
        "has_extended_profile": true,
        "id": 522303405,
        "id_str": "522303405",
        "is_translation_enabled": false,
        "is_translator": false,
        "lang": null,
        "listed_count": 9,
        "location": "Athens, Greece",
        "name": "Nike Margaret Morgan",
        "notifications": false,
        "profile_background_color": "000000",
        "profile_background_image_url": "http://abs.twimg.com/images/themes/theme1/bg.png",
        "profile_background_image_url_https": "https://abs.twimg.com/images/themes/theme1/bg.png",
        "profile_background_tile": false,
        "profile_banner_url": "https://pbs.twimg.com/profile_banners/522303405/1491910587",
        "profile_image_url": "http://pbs.twimg.com/profile_images/851761049737064448/riUIszxU_normal.jpg",
        "profile_image_url_https": "https://pbs.twimg.com/profile_images/851761049737064448/riUIszxU_normal.jpg",
        "profile_link_color": "91D2FA",
        "profile_sidebar_border_color": "000000",
        "profile_sidebar_fill_color": "000000",
        "profile_text_color": "000000",
        "profile_use_background_image": false,
        "protected": false,
        "screen_name": "NikeMorgan",
        "statuses_count": 33589,
        "time_zone": null,
        "translator_type": "none",
        "url": null,
        "utc_offset": null,
        "verified": false
    }
}
