{
    "contributors": null,
    "coordinates": null,
    "created_at": "Mon Apr 29 15:27:57 +0000 2019",
    "entities": {
        "hashtags": [
            {
                "indices": [
                    0,
                    12
                ],
                "text": "visitgreece"
            },
            {
                "indices": [
                    14,
                    24
                ],
                "text": "Santorini"
            },
            {
                "indices": [
                    44,
                    52
                ],
                "text": "tourism"
            },
            {
                "indices": [
                    69,
                    75
                ],
                "text": "Crete"
            },
            {
                "indices": [
                    76,
                    84
                ],
                "text": "Kasteli"
            },
            {
                "indices": [
                    98,
                    112
                ],
                "text": "privatisation"
            }
        ],
        "symbols": [],
        "urls": [
            {
                "display_url": "twitter.com/i/web/status/1\u2026",
                "expanded_url": "https://twitter.com/i/web/status/1122885237288185860",
                "indices": [
                    115,
                    138
                ],
                "url": "https://t.co/Td1v2RquTB"
            }
        ],
        "user_mentions": []
    },
    "favorite_count": 0,
    "favorited": false,
    "geo": null,
    "id": 1122885237288185860,
    "id_str": "1122885237288185860",
    "in_reply_to_screen_name": null,
    "in_reply_to_status_id": null,
    "in_reply_to_status_id_str": null,
    "in_reply_to_user_id": null,
    "in_reply_to_user_id_str": null,
    "is_quote_status": false,
    "lang": "en",
    "metadata": {
        "iso_language_code": "en",
        "result_type": "recent"
    },
    "place": null,
    "possibly_sensitive": false,
    "retweet_count": 0,
    "retweeted": false,
    "source": "<a href=\"http://twitter.com\" rel=\"nofollow\">Twitter Web Client</a>",
    "text": "#visitgreece: #Santorini in top10 ruined by #tourism. Most recently: #Crete #Kasteli plateau from #privatisation,\u2026 https://t.co/Td1v2RquTB",
    "truncated": true,
    "user": {
        "contributors_enabled": false,
        "created_at": "Thu Apr 26 04:10:08 +0000 2012",
        "default_profile": true,
        "default_profile_image": false,
        "description": "Private Equity, M&A and Development Consultant",
        "entities": {
            "description": {
                "urls": []
            },
            "url": {
                "urls": [
                    {
                        "display_url": "linkedin.com/in/petechatzip\u2026",
                        "expanded_url": "https://www.linkedin.com/in/petechatziplis",
                        "indices": [
                            0,
                            23
                        ],
                        "url": "https://t.co/ljdC1A3OO8"
                    }
                ]
            }
        },
        "favourites_count": 6126,
        "follow_request_sent": false,
        "followers_count": 501,
        "following": false,
        "friends_count": 710,
        "geo_enabled": true,
        "has_extended_profile": false,
        "id": 563429665,
        "id_str": "563429665",
        "is_translation_enabled": false,
        "is_translator": false,
        "lang": "en",
        "listed_count": 49,
        "location": "New York, NY",
        "name": "Pete Chatziplis",
        "notifications": false,
        "profile_background_color": "C0DEED",
        "profile_background_image_url": "http://abs.twimg.com/images/themes/theme1/bg.png",
        "profile_background_image_url_https": "https://abs.twimg.com/images/themes/theme1/bg.png",
        "profile_background_tile": false,
        "profile_banner_url": "https://pbs.twimg.com/profile_banners/563429665/1446438091",
        "profile_image_url": "http://pbs.twimg.com/profile_images/661032772899762176/a5yqkhs9_normal.jpg",
        "profile_image_url_https": "https://pbs.twimg.com/profile_images/661032772899762176/a5yqkhs9_normal.jpg",
        "profile_link_color": "1DA1F2",
        "profile_sidebar_border_color": "C0DEED",
        "profile_sidebar_fill_color": "DDEEF6",
        "profile_text_color": "333333",
        "profile_use_background_image": true,
        "protected": false,
        "screen_name": "petechatziplis",
        "statuses_count": 6602,
        "time_zone": null,
        "translator_type": "none",
        "url": "https://t.co/ljdC1A3OO8",
        "utc_offset": null,
        "verified": false
    }
}
