{
    "contributors": null,
    "coordinates": null,
    "created_at": "Wed Aug 21 08:36:17 +0000 2019",
    "entities": {
        "hashtags": [
            {
                "indices": [
                    20,
                    32
                ],
                "text": "HumanRights"
            },
            {
                "indices": [
                    72,
                    79
                ],
                "text": "Greece"
            }
        ],
        "symbols": [],
        "urls": [],
        "user_mentions": [
            {
                "id": 2401562948,
                "id_str": "2401562948",
                "indices": [
                    3,
                    13
                ],
                "name": "Herry",
                "screen_name": "HeroNapit"
            },
            {
                "id": 14361155,
                "id_str": "14361155",
                "indices": [
                    59,
                    68
                ],
                "name": "UNHCR, the UN Refugee Agency",
                "screen_name": "Refugees"
            }
        ]
    },
    "favorite_count": 0,
    "favorited": false,
    "geo": null,
    "id": 1164093854032646144,
    "id_str": "1164093854032646144",
    "in_reply_to_screen_name": null,
    "in_reply_to_status_id": null,
    "in_reply_to_status_id_str": null,
    "in_reply_to_user_id": null,
    "in_reply_to_user_id_str": null,
    "is_quote_status": false,
    "lang": "en",
    "metadata": {
        "iso_language_code": "en",
        "result_type": "recent"
    },
    "place": null,
    "retweet_count": 28,
    "retweeted": false,
    "retweeted_status": {
        "contributors": null,
        "coordinates": null,
        "created_at": "Tue Aug 20 10:46:12 +0000 2019",
        "entities": {
            "hashtags": [
                {
                    "indices": [
                        5,
                        17
                    ],
                    "text": "HumanRights"
                },
                {
                    "indices": [
                        57,
                        64
                    ],
                    "text": "Greece"
                }
            ],
            "symbols": [],
            "urls": [
                {
                    "display_url": "twitter.com/i/web/status/1\u2026",
                    "expanded_url": "https://twitter.com/i/web/status/1163764162972938241",
                    "indices": [
                        117,
                        140
                    ],
                    "url": "https://t.co/GQrlNRrGgt"
                }
            ],
            "user_mentions": [
                {
                    "id": 14361155,
                    "id_str": "14361155",
                    "indices": [
                        44,
                        53
                    ],
                    "name": "UNHCR, the UN Refugee Agency",
                    "screen_name": "Refugees"
                }
            ]
        },
        "favorite_count": 22,
        "favorited": false,
        "geo": null,
        "id": 1163764162972938241,
        "id_str": "1163764162972938241",
        "in_reply_to_screen_name": null,
        "in_reply_to_status_id": null,
        "in_reply_to_status_id_str": null,
        "in_reply_to_user_id": null,
        "in_reply_to_user_id_str": null,
        "is_quote_status": false,
        "lang": "en",
        "metadata": {
            "iso_language_code": "en",
            "result_type": "recent"
        },
        "place": null,
        "possibly_sensitive": false,
        "retweet_count": 28,
        "retweeted": false,
        "source": "<a href=\"https://mobile.twitter.com\" rel=\"nofollow\">Twitter Web App</a>",
        "text": "Dear #HumanRights defenders, Let's show the @Refugees in #Greece that we stand in solidarity with them, join the ca\u2026 https://t.co/GQrlNRrGgt",
        "truncated": true,
        "user": {
            "contributors_enabled": false,
            "created_at": "Fri Mar 21 13:21:36 +0000 2014",
            "default_profile": false,
            "default_profile_image": false,
            "description": "Giving voice to the voiceless. Views my own. RT, like & follow \u2260 endorsement. #SaveArash #FreeNazanin #FreeNarges #FreeArash #FreeTaheri #Iran #Syria #Yemen",
            "entities": {
                "description": {
                    "urls": []
                }
            },
            "favourites_count": 31310,
            "follow_request_sent": false,
            "followers_count": 4466,
            "following": false,
            "friends_count": 1325,
            "geo_enabled": false,
            "has_extended_profile": false,
            "id": 2401562948,
            "id_str": "2401562948",
            "is_translation_enabled": false,
            "is_translator": false,
            "lang": null,
            "listed_count": 11,
            "location": "",
            "name": "Herry",
            "notifications": false,
            "profile_background_color": "000000",
            "profile_background_image_url": "http://abs.twimg.com/images/themes/theme1/bg.png",
            "profile_background_image_url_https": "https://abs.twimg.com/images/themes/theme1/bg.png",
            "profile_background_tile": false,
            "profile_banner_url": "https://pbs.twimg.com/profile_banners/2401562948/1565772835",
            "profile_image_url": "http://pbs.twimg.com/profile_images/1155374927005884416/ALrYd56a_normal.jpg",
            "profile_image_url_https": "https://pbs.twimg.com/profile_images/1155374927005884416/ALrYd56a_normal.jpg",
            "profile_link_color": "1B95E0",
            "profile_sidebar_border_color": "000000",
            "profile_sidebar_fill_color": "000000",
            "profile_text_color": "000000",
            "profile_use_background_image": false,
            "protected": false,
            "screen_name": "HeroNapit",
            "statuses_count": 71567,
            "time_zone": null,
            "translator_type": "none",
            "url": null,
            "utc_offset": null,
            "verified": false
        }
    },
    "source": "<a href=\"https://mobile.twitter.com\" rel=\"nofollow\">Twitter Web App</a>",
    "text": "RT @HeroNapit: Dear #HumanRights defenders, Let's show the @Refugees in #Greece that we stand in solidarity with them, join the call to sav\u2026",
    "truncated": false,
    "user": {
        "contributors_enabled": false,
        "created_at": "Sun Dec 13 04:41:17 +0000 2015",
        "default_profile": true,
        "default_profile_image": false,
        "description": "I stand with #Refugees. Views my own. RT \u2260 endorsement. No #DeathPenalty! STOP the execution! #Syria #Uighurs #Uyghurs #Yemen\ud83d\udc94",
        "entities": {
            "description": {
                "urls": []
            }
        },
        "favourites_count": 9300,
        "follow_request_sent": false,
        "followers_count": 1353,
        "following": false,
        "friends_count": 39,
        "geo_enabled": false,
        "has_extended_profile": false,
        "id": 4466684596,
        "id_str": "4466684596",
        "is_translation_enabled": false,
        "is_translator": false,
        "lang": null,
        "listed_count": 10,
        "location": "Indonesia",
        "name": "Asia-Africa Cutting Edge",
        "notifications": false,
        "profile_background_color": "F5F8FA",
        "profile_background_image_url": null,
        "profile_background_image_url_https": null,
        "profile_background_tile": false,
        "profile_banner_url": "https://pbs.twimg.com/profile_banners/4466684596/1565404596",
        "profile_image_url": "http://pbs.twimg.com/profile_images/1153763748139565058/9BWArRwU_normal.jpg",
        "profile_image_url_https": "https://pbs.twimg.com/profile_images/1153763748139565058/9BWArRwU_normal.jpg",
        "profile_link_color": "1DA1F2",
        "profile_sidebar_border_color": "C0DEED",
        "profile_sidebar_fill_color": "DDEEF6",
        "profile_text_color": "333333",
        "profile_use_background_image": true,
        "protected": false,
        "screen_name": "Mr_HerryRodin",
        "statuses_count": 24951,
        "time_zone": null,
        "translator_type": "none",
        "url": null,
        "utc_offset": null,
        "verified": false
    }
}
