{
    "contributors": null,
    "coordinates": {
        "coordinates": [
            -84.612057,
            35.4487803
        ],
        "type": "Point"
    },
    "created_at": "Sun Jun 30 15:21:11 +0000 2019",
    "entities": {
        "hashtags": [],
        "symbols": [],
        "urls": [
            {
                "display_url": "twitter.com/i/web/status/1\u2026",
                "expanded_url": "https://twitter.com/i/web/status/1145351582336221185",
                "indices": [
                    116,
                    139
                ],
                "url": "https://t.co/5OzMaKqzI2"
            }
        ],
        "user_mentions": []
    },
    "favorite_count": 0,
    "favorited": false,
    "geo": {
        "coordinates": [
            35.4487803,
            -84.612057
        ],
        "type": "Point"
    },
    "id": 1145351582336221185,
    "id_str": "1145351582336221185",
    "in_reply_to_screen_name": null,
    "in_reply_to_status_id": null,
    "in_reply_to_status_id_str": null,
    "in_reply_to_user_id": null,
    "in_reply_to_user_id_str": null,
    "is_quote_status": false,
    "lang": "en",
    "metadata": {
        "iso_language_code": "en",
        "result_type": "recent"
    },
    "place": {
        "attributes": {},
        "bounding_box": {
            "coordinates": [
                [
                    [
                        -84.688591,
                        35.398719
                    ],
                    [
                        -84.525246,
                        35.398719
                    ],
                    [
                        -84.525246,
                        35.492382
                    ],
                    [
                        -84.688591,
                        35.492382
                    ]
                ]
            ],
            "type": "Polygon"
        },
        "contained_within": [],
        "country": "United States",
        "country_code": "US",
        "full_name": "Athens, TN",
        "id": "35f73f0698fa5f98",
        "name": "Athens",
        "place_type": "city",
        "url": "https://api.twitter.com/1.1/geo/id/35f73f0698fa5f98.json"
    },
    "retweet_count": 0,
    "retweeted": false,
    "source": "<a href=\"https://www.careerarc.com\" rel=\"nofollow\">CareerArc 2.0</a>",
    "text": "Nervous to apply for a job like \"Retail Store Associate\" at CVS Health? Apply even if you're not a 100% match. You\u2026 https://t.co/5OzMaKqzI2",
    "truncated": true,
    "user": {
        "contributors_enabled": false,
        "created_at": "Tue Mar 30 20:41:35 +0000 2010",
        "default_profile": false,
        "default_profile_image": false,
        "description": "Follow this account for geo-targeted Retail job tweets in Chattanooga, TN. Need help? Tweet us at @CareerArc!",
        "entities": {
            "description": {
                "urls": []
            },
            "url": {
                "urls": [
                    {
                        "display_url": "bit.ly/2KgHVcK",
                        "expanded_url": "http://bit.ly/2KgHVcK",
                        "indices": [
                            0,
                            23
                        ],
                        "url": "https://t.co/YmtyQbyrno"
                    }
                ]
            }
        },
        "favourites_count": 0,
        "follow_request_sent": false,
        "followers_count": 334,
        "following": false,
        "friends_count": 280,
        "geo_enabled": true,
        "has_extended_profile": false,
        "id": 127999744,
        "id_str": "127999744",
        "is_translation_enabled": false,
        "is_translator": false,
        "lang": "en",
        "listed_count": 48,
        "location": "Chattanooga, TN",
        "name": "TMJ-TNC Retail Jobs",
        "notifications": false,
        "profile_background_color": "253956",
        "profile_background_image_url": "http://abs.twimg.com/images/themes/theme1/bg.png",
        "profile_background_image_url_https": "https://abs.twimg.com/images/themes/theme1/bg.png",
        "profile_background_tile": false,
        "profile_banner_url": "https://pbs.twimg.com/profile_banners/127999744/1455837738",
        "profile_image_url": "http://pbs.twimg.com/profile_images/700460351276462080/8uSjFFTW_normal.jpg",
        "profile_image_url_https": "https://pbs.twimg.com/profile_images/700460351276462080/8uSjFFTW_normal.jpg",
        "profile_link_color": "4A913C",
        "profile_sidebar_border_color": "000000",
        "profile_sidebar_fill_color": "407DB0",
        "profile_text_color": "000000",
        "profile_use_background_image": true,
        "protected": false,
        "screen_name": "tmj_TNC_retail",
        "statuses_count": 511,
        "time_zone": null,
        "translator_type": "none",
        "url": "https://t.co/YmtyQbyrno",
        "utc_offset": null,
        "verified": false
    }
}
