{
    "contributors": null,
    "coordinates": null,
    "created_at": "Mon Jul 01 18:38:48 +0000 2019",
    "entities": {
        "hashtags": [],
        "symbols": [],
        "urls": [],
        "user_mentions": [
            {
                "id": 3098836397,
                "id_str": "3098836397",
                "indices": [
                    0,
                    13
                ],
                "name": "Alicia E. Stallings",
                "screen_name": "ae_stallings"
            },
            {
                "id": 900725265764102145,
                "id_str": "900725265764102145",
                "indices": [
                    14,
                    30
                ],
                "name": "Ars longa",
                "screen_name": "Arslongawebsite"
            }
        ]
    },
    "favorite_count": 1,
    "favorited": false,
    "geo": null,
    "id": 1145763701858787329,
    "id_str": "1145763701858787329",
    "in_reply_to_screen_name": "ae_stallings",
    "in_reply_to_status_id": 1145759790762725382,
    "in_reply_to_status_id_str": "1145759790762725382",
    "in_reply_to_user_id": 3098836397,
    "in_reply_to_user_id_str": "3098836397",
    "is_quote_status": false,
    "lang": "en",
    "metadata": {
        "iso_language_code": "en",
        "result_type": "recent"
    },
    "place": null,
    "retweet_count": 0,
    "retweeted": false,
    "source": "<a href=\"http://twitter.com/download/iphone\" rel=\"nofollow\">Twitter for iPhone</a>",
    "text": "@ae_stallings @Arslongawebsite Haven\u2019t been to the Cycladic Museum! \ud83d\ude03Acropolis Museum is amaaazing",
    "truncated": false,
    "user": {
        "contributors_enabled": false,
        "created_at": "Fri Jul 27 17:20:06 +0000 2018",
        "default_profile": true,
        "default_profile_image": false,
        "description": "https://t.co/NgH21DLccG composes Ancient GreekLatinWorld music inspired by Classics. writer. MA Classics. BA English, Music, Psych, & Classics.",
        "entities": {
            "description": {
                "urls": [
                    {
                        "display_url": "bit.ly/BettinaJoyDeGu\u2026",
                        "expanded_url": "http://bit.ly/BettinaJoyDeGuzman-cdbaby",
                        "indices": [
                            0,
                            23
                        ],
                        "url": "https://t.co/NgH21DLccG"
                    }
                ]
            },
            "url": {
                "urls": [
                    {
                        "display_url": "bettinajoydeguzman.com",
                        "expanded_url": "http://www.bettinajoydeguzman.com",
                        "indices": [
                            0,
                            23
                        ],
                        "url": "https://t.co/e0FKDFejlN"
                    }
                ]
            }
        },
        "favourites_count": 26078,
        "follow_request_sent": false,
        "followers_count": 1542,
        "following": false,
        "friends_count": 1439,
        "geo_enabled": false,
        "has_extended_profile": false,
        "id": 1022894411728936960,
        "id_str": "1022894411728936960",
        "is_translation_enabled": false,
        "is_translator": false,
        "lang": "en",
        "listed_count": 20,
        "location": "",
        "name": "Ancientlyric",
        "notifications": false,
        "profile_background_color": "F5F8FA",
        "profile_background_image_url": null,
        "profile_background_image_url_https": null,
        "profile_background_tile": false,
        "profile_banner_url": "https://pbs.twimg.com/profile_banners/1022894411728936960/1532713060",
        "profile_image_url": "http://pbs.twimg.com/profile_images/1022898356740186112/LMuELDeO_normal.jpg",
        "profile_image_url_https": "https://pbs.twimg.com/profile_images/1022898356740186112/LMuELDeO_normal.jpg",
        "profile_link_color": "1DA1F2",
        "profile_sidebar_border_color": "C0DEED",
        "profile_sidebar_fill_color": "DDEEF6",
        "profile_text_color": "333333",
        "profile_use_background_image": true,
        "protected": false,
        "screen_name": "ancientlyric",
        "statuses_count": 3531,
        "time_zone": null,
        "translator_type": "none",
        "url": "https://t.co/e0FKDFejlN",
        "utc_offset": null,
        "verified": false
    }
}
