{
    "contributors": null,
    "coordinates": null,
    "created_at": "Sat Aug 17 16:17:49 +0000 2019",
    "entities": {
        "hashtags": [],
        "symbols": [],
        "urls": [],
        "user_mentions": []
    },
    "favorite_count": 1,
    "favorited": false,
    "geo": null,
    "id": 1162760451312275456,
    "id_str": "1162760451312275456",
    "in_reply_to_screen_name": null,
    "in_reply_to_status_id": null,
    "in_reply_to_status_id_str": null,
    "in_reply_to_user_id": null,
    "in_reply_to_user_id_str": null,
    "is_quote_status": false,
    "lang": "en",
    "metadata": {
        "iso_language_code": "en",
        "result_type": "recent"
    },
    "place": null,
    "retweet_count": 0,
    "retweeted": false,
    "source": "<a href=\"http://twitter.com/download/iphone\" rel=\"nofollow\">Twitter for iPhone</a>",
    "text": "turns out the acropolis museum closes at 8 pm. we got there at 7:13 pm. (-.-)y-., o O",
    "truncated": false,
    "user": {
        "contributors_enabled": false,
        "created_at": "Sun Jan 06 17:56:56 +0000 2019",
        "default_profile": false,
        "default_profile_image": false,
        "description": "very angry and hateful. swears too much, won't be changed later.",
        "entities": {
            "description": {
                "urls": []
            }
        },
        "favourites_count": 3214,
        "follow_request_sent": false,
        "followers_count": 2,
        "following": false,
        "friends_count": 177,
        "geo_enabled": false,
        "has_extended_profile": false,
        "id": 1081972902067621889,
        "id_str": "1081972902067621889",
        "is_translation_enabled": false,
        "is_translator": false,
        "lang": null,
        "listed_count": 0,
        "location": "the void",
        "name": "a disappointment",
        "notifications": false,
        "profile_background_color": "000000",
        "profile_background_image_url": "http://abs.twimg.com/images/themes/theme1/bg.png",
        "profile_background_image_url_https": "https://abs.twimg.com/images/themes/theme1/bg.png",
        "profile_background_tile": false,
        "profile_image_url": "http://pbs.twimg.com/profile_images/1161385450038267905/8uPJ7BNB_normal.jpg",
        "profile_image_url_https": "https://pbs.twimg.com/profile_images/1161385450038267905/8uPJ7BNB_normal.jpg",
        "profile_link_color": "6D6DC0",
        "profile_sidebar_border_color": "000000",
        "profile_sidebar_fill_color": "000000",
        "profile_text_color": "000000",
        "profile_use_background_image": false,
        "protected": false,
        "screen_name": "spite_and_wit",
        "statuses_count": 739,
        "time_zone": null,
        "translator_type": "none",
        "url": null,
        "utc_offset": null,
        "verified": false
    }
}
