{
    "contributors": null,
    "coordinates": {
        "coordinates": [
            23.7275388,
            37.9838096
        ],
        "type": "Point"
    },
    "created_at": "Tue Jun 25 12:48:04 +0000 2019",
    "entities": {
        "hashtags": [
            {
                "indices": [
                    16,
                    23
                ],
                "text": "Athens"
            }
        ],
        "symbols": [],
        "urls": [
            {
                "display_url": "twitter.com/i/web/status/1\u2026",
                "expanded_url": "https://twitter.com/i/web/status/1143501111984185344",
                "indices": [
                    117,
                    140
                ],
                "url": "https://t.co/pURD4E5ajr"
            }
        ],
        "user_mentions": []
    },
    "favorite_count": 1,
    "favorited": false,
    "geo": {
        "coordinates": [
            37.9838096,
            23.7275388
        ],
        "type": "Point"
    },
    "id": 1143501111984185344,
    "id_str": "1143501111984185344",
    "in_reply_to_screen_name": null,
    "in_reply_to_status_id": null,
    "in_reply_to_status_id_str": null,
    "in_reply_to_user_id": null,
    "in_reply_to_user_id_str": null,
    "is_quote_status": false,
    "lang": "en",
    "metadata": {
        "iso_language_code": "en",
        "result_type": "recent"
    },
    "place": {
        "attributes": {},
        "bounding_box": {
            "coordinates": [
                [
                    [
                        22.8905274,
                        35.8224754
                    ],
                    [
                        24.1165237,
                        35.8224754
                    ],
                    [
                        24.1165237,
                        38.3409863
                    ],
                    [
                        22.8905274,
                        38.3409863
                    ]
                ]
            ],
            "type": "Polygon"
        },
        "contained_within": [],
        "country": "Hellas",
        "country_code": "GR",
        "full_name": "Attiki, Greece",
        "id": "00279a5763b04e35",
        "name": "Attiki",
        "place_type": "admin",
        "url": "https://api.twitter.com/1.1/geo/id/00279a5763b04e35.json"
    },
    "retweet_count": 0,
    "retweeted": false,
    "source": "<a href=\"https://www.careerarc.com\" rel=\"nofollow\">CareerArc 2.0</a>",
    "text": "We're hiring in #Athens, Attica! Click the link in our bio to apply to this job and more: Brand Management Summer M\u2026 https://t.co/pURD4E5ajr",
    "truncated": true,
    "user": {
        "contributors_enabled": false,
        "created_at": "Fri May 29 02:54:56 +0000 2009",
        "default_profile": false,
        "default_profile_image": false,
        "description": "Follow this account for geo-targeted Other job tweets in Greece. Need help? Tweet us at @CareerArc!",
        "entities": {
            "description": {
                "urls": []
            },
            "url": {
                "urls": [
                    {
                        "display_url": "bit.ly/2KdjA7k",
                        "expanded_url": "http://bit.ly/2KdjA7k",
                        "indices": [
                            0,
                            23
                        ],
                        "url": "https://t.co/0v6wWdXKa9"
                    }
                ]
            }
        },
        "favourites_count": 0,
        "follow_request_sent": false,
        "followers_count": 617,
        "following": false,
        "friends_count": 485,
        "geo_enabled": true,
        "has_extended_profile": false,
        "id": 43256956,
        "id_str": "43256956",
        "is_translation_enabled": false,
        "is_translator": false,
        "lang": "en",
        "listed_count": 108,
        "location": "Greece",
        "name": "TMJ-GRC Jobs",
        "notifications": false,
        "profile_background_color": "253956",
        "profile_background_image_url": "http://abs.twimg.com/images/themes/theme1/bg.png",
        "profile_background_image_url_https": "https://abs.twimg.com/images/themes/theme1/bg.png",
        "profile_background_tile": false,
        "profile_banner_url": "https://pbs.twimg.com/profile_banners/43256956/1453666924",
        "profile_image_url": "http://pbs.twimg.com/profile_images/691355298259283968/BM8xOyd2_normal.jpg",
        "profile_image_url_https": "https://pbs.twimg.com/profile_images/691355298259283968/BM8xOyd2_normal.jpg",
        "profile_link_color": "4A913C",
        "profile_sidebar_border_color": "000000",
        "profile_sidebar_fill_color": "407DB0",
        "profile_text_color": "000000",
        "profile_use_background_image": true,
        "protected": false,
        "screen_name": "tmj_grc_jobs",
        "statuses_count": 252,
        "time_zone": null,
        "translator_type": "none",
        "url": "https://t.co/0v6wWdXKa9",
        "utc_offset": null,
        "verified": false
    }
}
