{
    "contributors": null,
    "coordinates": null,
    "created_at": "Wed Jul 24 13:13:42 +0000 2019",
    "entities": {
        "hashtags": [],
        "symbols": [],
        "urls": [
            {
                "display_url": "twitter.com/i/web/status/1\u2026",
                "expanded_url": "https://twitter.com/i/web/status/1154016808703332353",
                "indices": [
                    94,
                    117
                ],
                "url": "https://t.co/7zJ6Z2Eqkl"
            }
        ],
        "user_mentions": []
    },
    "favorite_count": 1,
    "favorited": false,
    "geo": null,
    "id": 1154016808703332353,
    "id_str": "1154016808703332353",
    "in_reply_to_screen_name": null,
    "in_reply_to_status_id": null,
    "in_reply_to_status_id_str": null,
    "in_reply_to_user_id": null,
    "in_reply_to_user_id_str": null,
    "is_quote_status": false,
    "lang": "en",
    "metadata": {
        "iso_language_code": "en",
        "result_type": "recent"
    },
    "place": {
        "attributes": {},
        "bounding_box": {
            "coordinates": [
                [
                    [
                        23.7256437337207,
                        37.977813801221295
                    ],
                    [
                        23.7256437337207,
                        37.977813801221295
                    ],
                    [
                        23.7256437337207,
                        37.977813801221295
                    ],
                    [
                        23.7256437337207,
                        37.977813801221295
                    ]
                ]
            ],
            "type": "Polygon"
        },
        "contained_within": [],
        "country": "Hellas",
        "country_code": "GR",
        "full_name": "Monastiraki Center",
        "id": "07d9d08e35887001",
        "name": "Monastiraki Center",
        "place_type": "poi",
        "url": "https://api.twitter.com/1.1/geo/id/07d9d08e35887001.json"
    },
    "possibly_sensitive": false,
    "retweet_count": 0,
    "retweeted": false,
    "source": "<a href=\"http://twitter.com/download/iphone\" rel=\"nofollow\">Twitter for iPhone</a>",
    "text": "May my eyes be keen,\nmay my vision be true, may I see what is more clearly than what may be.\u2026 https://t.co/7zJ6Z2Eqkl",
    "truncated": true,
    "user": {
        "contributors_enabled": false,
        "created_at": "Mon Jan 21 06:39:56 +0000 2019",
        "default_profile": true,
        "default_profile_image": false,
        "description": "There\u2019s nothing I can\u2019t do, except reaching the top shelf..I can\u2019t do THAT \ud83c\uddec\ud83c\uddf7\ud83c\uddea\ud83c\uddf8\ud83c\uddf5\ud83c\uddf9 @soyyobitchachas",
        "entities": {
            "description": {
                "urls": []
            }
        },
        "favourites_count": 2044,
        "follow_request_sent": false,
        "followers_count": 100,
        "following": false,
        "friends_count": 164,
        "geo_enabled": true,
        "has_extended_profile": true,
        "id": 1087238346341056513,
        "id_str": "1087238346341056513",
        "is_translation_enabled": false,
        "is_translator": false,
        "lang": null,
        "listed_count": 2,
        "location": "Attiki, Greece",
        "name": "\ud835\udd16Elva",
        "notifications": false,
        "profile_background_color": "F5F8FA",
        "profile_background_image_url": null,
        "profile_background_image_url_https": null,
        "profile_background_tile": false,
        "profile_banner_url": "https://pbs.twimg.com/profile_banners/1087238346341056513/1563974630",
        "profile_image_url": "http://pbs.twimg.com/profile_images/1154115743660892167/odTMAtFh_normal.jpg",
        "profile_image_url_https": "https://pbs.twimg.com/profile_images/1154115743660892167/odTMAtFh_normal.jpg",
        "profile_link_color": "1DA1F2",
        "profile_sidebar_border_color": "C0DEED",
        "profile_sidebar_fill_color": "DDEEF6",
        "profile_text_color": "333333",
        "profile_use_background_image": true,
        "protected": false,
        "screen_name": "80_elva",
        "statuses_count": 862,
        "time_zone": null,
        "translator_type": "none",
        "url": null,
        "utc_offset": null,
        "verified": false
    }
}
