{
    "contributors": null,
    "coordinates": {
        "coordinates": [
            -82.0718017,
            39.3363195
        ],
        "type": "Point"
    },
    "created_at": "Mon Jul 01 18:33:33 +0000 2019",
    "entities": {
        "hashtags": [
            {
                "indices": [
                    53,
                    60
                ],
                "text": "Athens"
            }
        ],
        "symbols": [],
        "urls": [
            {
                "display_url": "bit.ly/2NsCFsO",
                "expanded_url": "http://bit.ly/2NsCFsO",
                "indices": [
                    85,
                    108
                ],
                "url": "https://t.co/lMaCqZaZSi"
            }
        ],
        "user_mentions": []
    },
    "favorite_count": 0,
    "favorited": false,
    "geo": {
        "coordinates": [
            39.3363195,
            -82.0718017
        ],
        "type": "Point"
    },
    "id": 1145762379394736128,
    "id_str": "1145762379394736128",
    "in_reply_to_screen_name": null,
    "in_reply_to_status_id": null,
    "in_reply_to_status_id_str": null,
    "in_reply_to_user_id": null,
    "in_reply_to_user_id_str": null,
    "is_quote_status": false,
    "lang": "en",
    "metadata": {
        "iso_language_code": "en",
        "result_type": "recent"
    },
    "place": {
        "attributes": {},
        "bounding_box": {
            "coordinates": [
                [
                    [
                        -82.173479,
                        39.27973
                    ],
                    [
                        -82.01933,
                        39.27973
                    ],
                    [
                        -82.01933,
                        39.361038
                    ],
                    [
                        -82.173479,
                        39.361038
                    ]
                ]
            ],
            "type": "Polygon"
        },
        "contained_within": [],
        "country": "United States",
        "country_code": "US",
        "full_name": "Athens, OH",
        "id": "77aa8a0640caa98c",
        "name": "Athens",
        "place_type": "city",
        "url": "https://api.twitter.com/1.1/geo/id/77aa8a0640caa98c.json"
    },
    "possibly_sensitive": false,
    "retweet_count": 0,
    "retweeted": false,
    "source": "<a href=\"https://www.careerarc.com\" rel=\"nofollow\">CareerArc 2.0</a>",
    "text": "Want to work at O'Reilly Auto Parts? We're hiring in #Athens, OH! Click for details: https://t.co/lMaCqZaZSi",
    "truncated": false,
    "user": {
        "contributors_enabled": false,
        "created_at": "Thu Feb 26 20:44:04 +0000 2009",
        "default_profile": false,
        "default_profile_image": false,
        "description": "Follow this account for geo-targeted Sales job tweets in Ohio Non-Metro. Need help? Tweet us at @CareerArc!",
        "entities": {
            "description": {
                "urls": []
            },
            "url": {
                "urls": [
                    {
                        "display_url": "bit.ly/2Kad69e",
                        "expanded_url": "http://bit.ly/2Kad69e",
                        "indices": [
                            0,
                            23
                        ],
                        "url": "https://t.co/etkV8hRERs"
                    }
                ]
            }
        },
        "favourites_count": 0,
        "follow_request_sent": false,
        "followers_count": 432,
        "following": false,
        "friends_count": 298,
        "geo_enabled": true,
        "has_extended_profile": false,
        "id": 22058982,
        "id_str": "22058982",
        "is_translation_enabled": false,
        "is_translator": false,
        "lang": "en",
        "listed_count": 129,
        "location": "Ohio",
        "name": "TMJ-OH-US Sales Jobs",
        "notifications": false,
        "profile_background_color": "253956",
        "profile_background_image_url": "http://abs.twimg.com/images/themes/theme1/bg.png",
        "profile_background_image_url_https": "https://abs.twimg.com/images/themes/theme1/bg.png",
        "profile_background_tile": false,
        "profile_banner_url": "https://pbs.twimg.com/profile_banners/22058982/1448132770",
        "profile_image_url": "http://pbs.twimg.com/profile_images/668143375103606785/eBUoSZaj_normal.jpg",
        "profile_image_url_https": "https://pbs.twimg.com/profile_images/668143375103606785/eBUoSZaj_normal.jpg",
        "profile_link_color": "4A913C",
        "profile_sidebar_border_color": "000000",
        "profile_sidebar_fill_color": "407DB0",
        "profile_text_color": "000000",
        "profile_use_background_image": true,
        "protected": false,
        "screen_name": "tmj_oh_sales",
        "statuses_count": 510,
        "time_zone": null,
        "translator_type": "none",
        "url": "https://t.co/etkV8hRERs",
        "utc_offset": null,
        "verified": false
    }
}
