{
    "contributors": null,
    "coordinates": null,
    "created_at": "Fri Jul 05 10:22:08 +0000 2019",
    "entities": {
        "hashtags": [],
        "symbols": [],
        "urls": [
            {
                "display_url": "vivawallet.queue-it.net/?c=vivawallet&\u2026",
                "expanded_url": "http://vivawallet.queue-it.net/?c=vivawallet&e=florenceacropolis&q=df7a7846-4654-42e1-ad34-1ca97199951a&cid=el-GR",
                "indices": [
                    107,
                    130
                ],
                "url": "https://t.co/fLvTHNwJOB"
            }
        ],
        "user_mentions": [
            {
                "id": 54930650,
                "id_str": "54930650",
                "indices": [
                    3,
                    19
                ],
                "name": "florence welch",
                "screen_name": "florencemachine"
            }
        ]
    },
    "favorite_count": 0,
    "favorited": false,
    "geo": null,
    "id": 1147088264773459969,
    "id_str": "1147088264773459969",
    "in_reply_to_screen_name": null,
    "in_reply_to_status_id": null,
    "in_reply_to_status_id_str": null,
    "in_reply_to_user_id": null,
    "in_reply_to_user_id_str": null,
    "is_quote_status": false,
    "lang": "en",
    "metadata": {
        "iso_language_code": "en",
        "result_type": "recent"
    },
    "place": null,
    "possibly_sensitive": false,
    "retweet_count": 43,
    "retweeted": false,
    "retweeted_status": {
        "contributors": null,
        "coordinates": null,
        "created_at": "Fri Jul 05 08:38:52 +0000 2019",
        "entities": {
            "hashtags": [],
            "media": [
                {
                    "display_url": "pic.twitter.com/4wVIpJ5YXI",
                    "expanded_url": "https://twitter.com/florencemachine/status/1147062275485982720/photo/1",
                    "id": 1147062267642597376,
                    "id_str": "1147062267642597376",
                    "indices": [
                        112,
                        135
                    ],
                    "media_url": "http://pbs.twimg.com/media/D-svDhYXUAA082F.jpg",
                    "media_url_https": "https://pbs.twimg.com/media/D-svDhYXUAA082F.jpg",
                    "sizes": {
                        "large": {
                            "h": 1350,
                            "resize": "fit",
                            "w": 1080
                        },
                        "medium": {
                            "h": 1200,
                            "resize": "fit",
                            "w": 960
                        },
                        "small": {
                            "h": 680,
                            "resize": "fit",
                            "w": 544
                        },
                        "thumb": {
                            "h": 150,
                            "resize": "crop",
                            "w": 150
                        }
                    },
                    "type": "photo",
                    "url": "https://t.co/4wVIpJ5YXI"
                }
            ],
            "symbols": [],
            "urls": [
                {
                    "display_url": "vivawallet.queue-it.net/?c=vivawallet&\u2026",
                    "expanded_url": "http://vivawallet.queue-it.net/?c=vivawallet&e=florenceacropolis&q=df7a7846-4654-42e1-ad34-1ca97199951a&cid=el-GR",
                    "indices": [
                        86,
                        109
                    ],
                    "url": "https://t.co/fLvTHNwJOB"
                }
            ],
            "user_mentions": []
        },
        "extended_entities": {
            "media": [
                {
                    "display_url": "pic.twitter.com/4wVIpJ5YXI",
                    "expanded_url": "https://twitter.com/florencemachine/status/1147062275485982720/photo/1",
                    "id": 1147062267642597376,
                    "id_str": "1147062267642597376",
                    "indices": [
                        112,
                        135
                    ],
                    "media_url": "http://pbs.twimg.com/media/D-svDhYXUAA082F.jpg",
                    "media_url_https": "https://pbs.twimg.com/media/D-svDhYXUAA082F.jpg",
                    "sizes": {
                        "large": {
                            "h": 1350,
                            "resize": "fit",
                            "w": 1080
                        },
                        "medium": {
                            "h": 1200,
                            "resize": "fit",
                            "w": 960
                        },
                        "small": {
                            "h": 680,
                            "resize": "fit",
                            "w": 544
                        },
                        "thumb": {
                            "h": 150,
                            "resize": "crop",
                            "w": 150
                        }
                    },
                    "type": "photo",
                    "url": "https://t.co/4wVIpJ5YXI"
                }
            ]
        },
        "favorite_count": 436,
        "favorited": false,
        "geo": null,
        "id": 1147062275485982720,
        "id_str": "1147062275485982720",
        "in_reply_to_screen_name": null,
        "in_reply_to_status_id": null,
        "in_reply_to_status_id_str": null,
        "in_reply_to_user_id": null,
        "in_reply_to_user_id_str": null,
        "is_quote_status": false,
        "lang": "en",
        "metadata": {
            "iso_language_code": "en",
            "result_type": "recent"
        },
        "place": null,
        "possibly_sensitive": false,
        "retweet_count": 43,
        "retweeted": false,
        "source": "<a href=\"http://twitter.com/download/iphone\" rel=\"nofollow\">Twitter for iPhone</a>",
        "text": "Tickets for the Acropolis show at the Herodion Theatre are on sale now.\nFind them at: https://t.co/fLvTHNwJOB \u2728 https://t.co/4wVIpJ5YXI",
        "truncated": false,
        "user": {
            "contributors_enabled": false,
            "created_at": "Wed Jul 08 15:37:36 +0000 2009",
            "default_profile": false,
            "default_profile_image": false,
            "description": "To celebrate 10 years of the album Lungs, Florence + The Machine will release a 10 year  edition on colour LP, cassette, and  exclusive double vinyl box set:",
            "entities": {
                "description": {
                    "urls": []
                },
                "url": {
                    "urls": [
                        {
                            "display_url": "FATM.lnk.to/Lungs10",
                            "expanded_url": "https://FATM.lnk.to/Lungs10",
                            "indices": [
                                0,
                                23
                            ],
                            "url": "https://t.co/avFKRYb037"
                        }
                    ]
                }
            },
            "favourites_count": 102,
            "follow_request_sent": false,
            "followers_count": 1086678,
            "following": false,
            "friends_count": 205,
            "geo_enabled": true,
            "has_extended_profile": false,
            "id": 54930650,
            "id_str": "54930650",
            "is_translation_enabled": false,
            "is_translator": false,
            "lang": null,
            "listed_count": 5905,
            "location": "",
            "name": "florence welch",
            "notifications": false,
            "profile_background_color": "ABB8C2",
            "profile_background_image_url": "http://abs.twimg.com/images/themes/theme10/bg.gif",
            "profile_background_image_url_https": "https://abs.twimg.com/images/themes/theme10/bg.gif",
            "profile_background_tile": true,
            "profile_banner_url": "https://pbs.twimg.com/profile_banners/54930650/1562160597",
            "profile_image_url": "http://pbs.twimg.com/profile_images/1146410721812582400/jhXPjeXY_normal.png",
            "profile_image_url_https": "https://pbs.twimg.com/profile_images/1146410721812582400/jhXPjeXY_normal.png",
            "profile_link_color": "ABB8C2",
            "profile_sidebar_border_color": "65B0DA",
            "profile_sidebar_fill_color": "7AC3EE",
            "profile_text_color": "3D1957",
            "profile_use_background_image": false,
            "protected": false,
            "screen_name": "florencemachine",
            "statuses_count": 2382,
            "time_zone": null,
            "translator_type": "none",
            "url": "https://t.co/avFKRYb037",
            "utc_offset": null,
            "verified": true
        }
    },
    "source": "<a href=\"http://twitter.com/download/android\" rel=\"nofollow\">Twitter for Android</a>",
    "text": "RT @florencemachine: Tickets for the Acropolis show at the Herodion Theatre are on sale now.\nFind them at: https://t.co/fLvTHNwJOB \u2728 https:\u2026",
    "truncated": false,
    "user": {
        "contributors_enabled": false,
        "created_at": "Wed Oct 14 15:38:41 +0000 2009",
        "default_profile": false,
        "default_profile_image": false,
        "description": "Eu me divirto muito aqui!",
        "entities": {
            "description": {
                "urls": []
            }
        },
        "favourites_count": 7757,
        "follow_request_sent": false,
        "followers_count": 445,
        "following": false,
        "friends_count": 1322,
        "geo_enabled": true,
        "has_extended_profile": true,
        "id": 82387464,
        "id_str": "82387464",
        "is_translation_enabled": false,
        "is_translator": false,
        "lang": null,
        "listed_count": 5,
        "location": "Goi\u00e2nia-GO",
        "name": "Silvana Bessa",
        "notifications": false,
        "profile_background_color": "AC8545",
        "profile_background_image_url": "http://abs.twimg.com/images/themes/theme7/bg.gif",
        "profile_background_image_url_https": "https://abs.twimg.com/images/themes/theme7/bg.gif",
        "profile_background_tile": true,
        "profile_banner_url": "https://pbs.twimg.com/profile_banners/82387464/1482733709",
        "profile_image_url": "http://pbs.twimg.com/profile_images/1049000349170851842/0aaJaowU_normal.jpg",
        "profile_image_url_https": "https://pbs.twimg.com/profile_images/1049000349170851842/0aaJaowU_normal.jpg",
        "profile_link_color": "17A4A4",
        "profile_sidebar_border_color": "234478",
        "profile_sidebar_fill_color": "09475E",
        "profile_text_color": "DF9A13",
        "profile_use_background_image": true,
        "protected": false,
        "screen_name": "bessasilvana",
        "statuses_count": 23377,
        "time_zone": null,
        "translator_type": "none",
        "url": null,
        "utc_offset": null,
        "verified": false
    }
}
