{
    "contributors": null,
    "coordinates": null,
    "created_at": "Mon Jul 01 13:36:05 +0000 2019",
    "entities": {
        "hashtags": [
            {
                "indices": [
                    62,
                    69
                ],
                "text": "Africa"
            },
            {
                "indices": [
                    95,
                    102
                ],
                "text": "Athens"
            },
            {
                "indices": [
                    109,
                    114
                ],
                "text": "Rome"
            }
        ],
        "symbols": [],
        "urls": [],
        "user_mentions": [
            {
                "id": 1124446534706188288,
                "id_str": "1124446534706188288",
                "indices": [
                    3,
                    14
                ],
                "name": "History of Eritrea",
                "screen_name": "Erihistory"
            }
        ]
    },
    "favorite_count": 0,
    "favorited": false,
    "geo": null,
    "id": 1145687520358723585,
    "id_str": "1145687520358723585",
    "in_reply_to_screen_name": null,
    "in_reply_to_status_id": null,
    "in_reply_to_status_id_str": null,
    "in_reply_to_user_id": null,
    "in_reply_to_user_id_str": null,
    "is_quote_status": false,
    "lang": "en",
    "metadata": {
        "iso_language_code": "en",
        "result_type": "recent"
    },
    "place": null,
    "retweet_count": 3,
    "retweeted": false,
    "retweeted_status": {
        "contributors": null,
        "coordinates": null,
        "created_at": "Mon Jul 01 09:00:48 +0000 2019",
        "entities": {
            "hashtags": [
                {
                    "indices": [
                        46,
                        53
                    ],
                    "text": "Africa"
                },
                {
                    "indices": [
                        79,
                        86
                    ],
                    "text": "Athens"
                },
                {
                    "indices": [
                        93,
                        98
                    ],
                    "text": "Rome"
                }
            ],
            "symbols": [],
            "urls": [
                {
                    "display_url": "twitter.com/i/web/status/1\u2026",
                    "expanded_url": "https://twitter.com/i/web/status/1145618243534508032",
                    "indices": [
                        120,
                        143
                    ],
                    "url": "https://t.co/sZ7UXzf6pT"
                }
            ],
            "user_mentions": []
        },
        "favorite_count": 5,
        "favorited": false,
        "geo": null,
        "id": 1145618243534508032,
        "id_str": "1145618243534508032",
        "in_reply_to_screen_name": "Erihistory",
        "in_reply_to_status_id": 1145618242884362240,
        "in_reply_to_status_id_str": "1145618242884362240",
        "in_reply_to_user_id": 1124446534706188288,
        "in_reply_to_user_id_str": "1124446534706188288",
        "is_quote_status": false,
        "lang": "en",
        "metadata": {
            "iso_language_code": "en",
            "result_type": "recent"
        },
        "place": null,
        "possibly_sensitive": false,
        "retweet_count": 3,
        "retweeted": false,
        "source": "<a href=\"http://twitter.com\" rel=\"nofollow\">Twitter Web Client</a>",
        "text": "\"This is one of the richest heritage areas in #Africa,\" \"It can be compared to #Athens &amp; #Rome as it has excellent\u2026 https://t.co/sZ7UXzf6pT",
        "truncated": true,
        "user": {
            "contributors_enabled": false,
            "created_at": "Fri May 03 22:51:59 +0000 2019",
            "default_profile": true,
            "default_profile_image": false,
            "description": "A people without the knowledge of their past history, origin and culture is like a tree without roots.    \n\nMarcus Garvey",
            "entities": {
                "description": {
                    "urls": []
                }
            },
            "favourites_count": 72,
            "follow_request_sent": false,
            "followers_count": 186,
            "following": false,
            "friends_count": 84,
            "geo_enabled": false,
            "has_extended_profile": true,
            "id": 1124446534706188288,
            "id_str": "1124446534706188288",
            "is_translation_enabled": false,
            "is_translator": false,
            "lang": "en",
            "listed_count": 0,
            "location": "",
            "name": "History of Eritrea",
            "notifications": false,
            "profile_background_color": "F5F8FA",
            "profile_background_image_url": null,
            "profile_background_image_url_https": null,
            "profile_background_tile": false,
            "profile_banner_url": "https://pbs.twimg.com/profile_banners/1124446534706188288/1556940270",
            "profile_image_url": "http://pbs.twimg.com/profile_images/1124454526012944384/2hfn1LWq_normal.png",
            "profile_image_url_https": "https://pbs.twimg.com/profile_images/1124454526012944384/2hfn1LWq_normal.png",
            "profile_link_color": "1DA1F2",
            "profile_sidebar_border_color": "C0DEED",
            "profile_sidebar_fill_color": "DDEEF6",
            "profile_text_color": "333333",
            "profile_use_background_image": true,
            "protected": false,
            "screen_name": "Erihistory",
            "statuses_count": 234,
            "time_zone": null,
            "translator_type": "none",
            "url": null,
            "utc_offset": null,
            "verified": false
        }
    },
    "source": "<a href=\"http://twitter.com/download/android\" rel=\"nofollow\">Twitter for Android</a>",
    "text": "RT @Erihistory: \"This is one of the richest heritage areas in #Africa,\" \"It can be compared to #Athens &amp; #Rome as it has excellent parallel\u2026",
    "truncated": false,
    "user": {
        "contributors_enabled": false,
        "created_at": "Mon May 19 17:22:11 +0000 2014",
        "default_profile": true,
        "default_profile_image": false,
        "description": "#Eritrea #Eritrean",
        "entities": {
            "description": {
                "urls": []
            }
        },
        "favourites_count": 9787,
        "follow_request_sent": false,
        "followers_count": 993,
        "following": false,
        "friends_count": 223,
        "geo_enabled": false,
        "has_extended_profile": true,
        "id": 2507959950,
        "id_str": "2507959950",
        "is_translation_enabled": false,
        "is_translator": false,
        "lang": "en",
        "listed_count": 23,
        "location": "Eritrea",
        "name": "Kibri Hager",
        "notifications": false,
        "profile_background_color": "C0DEED",
        "profile_background_image_url": "http://abs.twimg.com/images/themes/theme1/bg.png",
        "profile_background_image_url_https": "https://abs.twimg.com/images/themes/theme1/bg.png",
        "profile_background_tile": false,
        "profile_banner_url": "https://pbs.twimg.com/profile_banners/2507959950/1512323749",
        "profile_image_url": "http://pbs.twimg.com/profile_images/1144106467953238016/1z-hOsOT_normal.jpg",
        "profile_image_url_https": "https://pbs.twimg.com/profile_images/1144106467953238016/1z-hOsOT_normal.jpg",
        "profile_link_color": "1DA1F2",
        "profile_sidebar_border_color": "C0DEED",
        "profile_sidebar_fill_color": "DDEEF6",
        "profile_text_color": "333333",
        "profile_use_background_image": true,
        "protected": false,
        "screen_name": "kibrihager",
        "statuses_count": 7389,
        "time_zone": null,
        "translator_type": "none",
        "url": null,
        "utc_offset": null,
        "verified": false
    }
}
