{
    "contributors": null,
    "coordinates": null,
    "created_at": "Sat Jul 06 07:09:50 +0000 2019",
    "entities": {
        "hashtags": [],
        "media": [
            {
                "display_url": "pic.twitter.com/XeMZMLAzFG",
                "expanded_url": "https://twitter.com/acondura/status/1147402258105217024/photo/1",
                "id": 1147402063212679168,
                "id_str": "1147402063212679168",
                "indices": [
                    22,
                    45
                ],
                "media_url": "http://pbs.twimg.com/media/D-xkGOhXkAAUbe3.jpg",
                "media_url_https": "https://pbs.twimg.com/media/D-xkGOhXkAAUbe3.jpg",
                "sizes": {
                    "large": {
                        "h": 1536,
                        "resize": "fit",
                        "w": 2048
                    },
                    "medium": {
                        "h": 900,
                        "resize": "fit",
                        "w": 1200
                    },
                    "small": {
                        "h": 510,
                        "resize": "fit",
                        "w": 680
                    },
                    "thumb": {
                        "h": 150,
                        "resize": "crop",
                        "w": 150
                    }
                },
                "type": "photo",
                "url": "https://t.co/XeMZMLAzFG"
            }
        ],
        "symbols": [],
        "urls": [],
        "user_mentions": []
    },
    "extended_entities": {
        "media": [
            {
                "display_url": "pic.twitter.com/XeMZMLAzFG",
                "expanded_url": "https://twitter.com/acondura/status/1147402258105217024/photo/1",
                "id": 1147402063212679168,
                "id_str": "1147402063212679168",
                "indices": [
                    22,
                    45
                ],
                "media_url": "http://pbs.twimg.com/media/D-xkGOhXkAAUbe3.jpg",
                "media_url_https": "https://pbs.twimg.com/media/D-xkGOhXkAAUbe3.jpg",
                "sizes": {
                    "large": {
                        "h": 1536,
                        "resize": "fit",
                        "w": 2048
                    },
                    "medium": {
                        "h": 900,
                        "resize": "fit",
                        "w": 1200
                    },
                    "small": {
                        "h": 510,
                        "resize": "fit",
                        "w": 680
                    },
                    "thumb": {
                        "h": 150,
                        "resize": "crop",
                        "w": 150
                    }
                },
                "type": "photo",
                "url": "https://t.co/XeMZMLAzFG"
            }
        ]
    },
    "favorite_count": 0,
    "favorited": false,
    "geo": null,
    "id": 1147402258105217024,
    "id_str": "1147402258105217024",
    "in_reply_to_screen_name": null,
    "in_reply_to_status_id": null,
    "in_reply_to_status_id_str": null,
    "in_reply_to_user_id": null,
    "in_reply_to_user_id_str": null,
    "is_quote_status": false,
    "lang": "en",
    "metadata": {
        "iso_language_code": "en",
        "result_type": "recent"
    },
    "place": null,
    "possibly_sensitive": false,
    "retweet_count": 0,
    "retweeted": false,
    "source": "<a href=\"http://twitter.com\" rel=\"nofollow\">Twitter Web Client</a>",
    "text": "One side of Acropolis https://t.co/XeMZMLAzFG",
    "truncated": false,
    "user": {
        "contributors_enabled": false,
        "created_at": "Mon Jan 04 05:51:33 +0000 2010",
        "default_profile": true,
        "default_profile_image": false,
        "description": "On freelancing and traveling",
        "entities": {
            "description": {
                "urls": []
            },
            "url": {
                "urls": [
                    {
                        "display_url": "condurachi.ro",
                        "expanded_url": "http://condurachi.ro",
                        "indices": [
                            0,
                            23
                        ],
                        "url": "https://t.co/hZWLulICF5"
                    }
                ]
            }
        },
        "favourites_count": 0,
        "follow_request_sent": false,
        "followers_count": 15,
        "following": false,
        "friends_count": 2,
        "geo_enabled": false,
        "has_extended_profile": false,
        "id": 101674060,
        "id_str": "101674060",
        "is_translation_enabled": false,
        "is_translator": false,
        "lang": null,
        "listed_count": 0,
        "location": "Bucharest, Romania",
        "name": "Andrei Condurachi",
        "notifications": false,
        "profile_background_color": "C0DEED",
        "profile_background_image_url": "http://abs.twimg.com/images/themes/theme1/bg.png",
        "profile_background_image_url_https": "https://abs.twimg.com/images/themes/theme1/bg.png",
        "profile_background_tile": false,
        "profile_image_url": "http://pbs.twimg.com/profile_images/378800000534213640/190264774d531cd93cd1fbf6426251f3_normal.jpeg",
        "profile_image_url_https": "https://pbs.twimg.com/profile_images/378800000534213640/190264774d531cd93cd1fbf6426251f3_normal.jpeg",
        "profile_link_color": "1DA1F2",
        "profile_sidebar_border_color": "C0DEED",
        "profile_sidebar_fill_color": "DDEEF6",
        "profile_text_color": "333333",
        "profile_use_background_image": true,
        "protected": false,
        "screen_name": "acondura",
        "statuses_count": 14,
        "time_zone": null,
        "translator_type": "none",
        "url": "https://t.co/hZWLulICF5",
        "utc_offset": null,
        "verified": false
    }
}
