{
    "contributors": null,
    "coordinates": null,
    "created_at": "Mon Apr 29 12:17:49 +0000 2019",
    "entities": {
        "hashtags": [
            {
                "indices": [
                    88,
                    105
                ],
                "text": "TuFitHaiToHitHai"
            }
        ],
        "symbols": [],
        "urls": [
            {
                "display_url": "twitter.com/i/web/status/1\u2026",
                "expanded_url": "https://twitter.com/i/web/status/1122837389154480130",
                "indices": [
                    107,
                    130
                ],
                "url": "https://t.co/GCjyYPf61E"
            }
        ],
        "user_mentions": []
    },
    "favorite_count": 1,
    "favorited": false,
    "geo": null,
    "id": 1122837389154480130,
    "id_str": "1122837389154480130",
    "in_reply_to_screen_name": null,
    "in_reply_to_status_id": null,
    "in_reply_to_status_id_str": null,
    "in_reply_to_user_id": null,
    "in_reply_to_user_id_str": null,
    "is_quote_status": false,
    "lang": "en",
    "metadata": {
        "iso_language_code": "en",
        "result_type": "recent"
    },
    "place": null,
    "possibly_sensitive": false,
    "retweet_count": 0,
    "retweeted": false,
    "source": "<a href=\"http://twitter.com/download/android\" rel=\"nofollow\">Twitter for Android</a>",
    "text": "Team Growfitter Wishing you all Happy International Dance Day \ud83d\udc83Dance Towards Health.. \ud83d\udcaa #TuFitHaiToHitHai\u2026 https://t.co/GCjyYPf61E",
    "truncated": true,
    "user": {
        "contributors_enabled": false,
        "created_at": "Sat Jun 18 08:39:00 +0000 2016",
        "default_profile": true,
        "default_profile_image": false,
        "description": "Explore best health and fitness centers nearby. Get best deals and discounts on fitness membership only on https://t.co/VmiZZxX7hR",
        "entities": {
            "description": {
                "urls": [
                    {
                        "display_url": "Growfitter.com",
                        "expanded_url": "http://Growfitter.com",
                        "indices": [
                            107,
                            130
                        ],
                        "url": "https://t.co/VmiZZxX7hR"
                    }
                ]
            },
            "url": {
                "urls": [
                    {
                        "display_url": "growfitter.com",
                        "expanded_url": "http://www.growfitter.com",
                        "indices": [
                            0,
                            23
                        ],
                        "url": "https://t.co/QXp1TcOuMv"
                    }
                ]
            }
        },
        "favourites_count": 247,
        "follow_request_sent": false,
        "followers_count": 169,
        "following": false,
        "friends_count": 43,
        "geo_enabled": false,
        "has_extended_profile": true,
        "id": 744087001163390976,
        "id_str": "744087001163390976",
        "is_translation_enabled": false,
        "is_translator": false,
        "lang": "en",
        "listed_count": 6,
        "location": "Mumbai, India",
        "name": "Growfitter",
        "notifications": false,
        "profile_background_color": "F5F8FA",
        "profile_background_image_url": null,
        "profile_background_image_url_https": null,
        "profile_background_tile": false,
        "profile_banner_url": "https://pbs.twimg.com/profile_banners/744087001163390976/1550742725",
        "profile_image_url": "http://pbs.twimg.com/profile_images/1092829601347252225/SAXNn6AA_normal.jpg",
        "profile_image_url_https": "https://pbs.twimg.com/profile_images/1092829601347252225/SAXNn6AA_normal.jpg",
        "profile_link_color": "1DA1F2",
        "profile_sidebar_border_color": "C0DEED",
        "profile_sidebar_fill_color": "DDEEF6",
        "profile_text_color": "333333",
        "profile_use_background_image": true,
        "protected": false,
        "screen_name": "growfitter",
        "statuses_count": 648,
        "time_zone": null,
        "translator_type": "none",
        "url": "https://t.co/QXp1TcOuMv",
        "utc_offset": null,
        "verified": false
    }
}
