{
    "contributors": null,
    "coordinates": null,
    "created_at": "Mon Jul 01 09:22:03 +0000 2019",
    "entities": {
        "hashtags": [],
        "symbols": [],
        "urls": [],
        "user_mentions": [
            {
                "id": 3022914767,
                "id_str": "3022914767",
                "indices": [
                    3,
                    18
                ],
                "name": "Rallying Is Life \u2618\ufe0f",
                "screen_name": "rallyingislife"
            }
        ]
    },
    "favorite_count": 0,
    "favorited": false,
    "geo": null,
    "id": 1145623590995419137,
    "id_str": "1145623590995419137",
    "in_reply_to_screen_name": null,
    "in_reply_to_status_id": null,
    "in_reply_to_status_id_str": null,
    "in_reply_to_user_id": null,
    "in_reply_to_user_id_str": null,
    "is_quote_status": false,
    "lang": "en",
    "metadata": {
        "iso_language_code": "en",
        "result_type": "recent"
    },
    "place": null,
    "retweet_count": 1,
    "retweeted": false,
    "retweeted_status": {
        "contributors": null,
        "coordinates": null,
        "created_at": "Mon Jul 01 08:29:55 +0000 2019",
        "entities": {
            "hashtags": [],
            "media": [
                {
                    "display_url": "pic.twitter.com/UGZN2cJN6t",
                    "expanded_url": "https://twitter.com/rallyingislife/status/1145610469966843904/photo/1",
                    "id": 1145610019972534273,
                    "id_str": "1145610019972534273",
                    "indices": [
                        108,
                        131
                    ],
                    "media_url": "http://pbs.twimg.com/media/D-YGPlOXUAEqXAE.jpg",
                    "media_url_https": "https://pbs.twimg.com/media/D-YGPlOXUAEqXAE.jpg",
                    "sizes": {
                        "large": {
                            "h": 622,
                            "resize": "fit",
                            "w": 564
                        },
                        "medium": {
                            "h": 622,
                            "resize": "fit",
                            "w": 564
                        },
                        "small": {
                            "h": 622,
                            "resize": "fit",
                            "w": 564
                        },
                        "thumb": {
                            "h": 150,
                            "resize": "crop",
                            "w": 150
                        }
                    },
                    "type": "photo",
                    "url": "https://t.co/UGZN2cJN6t"
                }
            ],
            "symbols": [],
            "urls": [],
            "user_mentions": []
        },
        "extended_entities": {
            "media": [
                {
                    "display_url": "pic.twitter.com/UGZN2cJN6t",
                    "expanded_url": "https://twitter.com/rallyingislife/status/1145610469966843904/photo/1",
                    "id": 1145610019972534273,
                    "id_str": "1145610019972534273",
                    "indices": [
                        108,
                        131
                    ],
                    "media_url": "http://pbs.twimg.com/media/D-YGPlOXUAEqXAE.jpg",
                    "media_url_https": "https://pbs.twimg.com/media/D-YGPlOXUAEqXAE.jpg",
                    "sizes": {
                        "large": {
                            "h": 622,
                            "resize": "fit",
                            "w": 564
                        },
                        "medium": {
                            "h": 622,
                            "resize": "fit",
                            "w": 564
                        },
                        "small": {
                            "h": 622,
                            "resize": "fit",
                            "w": 564
                        },
                        "thumb": {
                            "h": 150,
                            "resize": "crop",
                            "w": 150
                        }
                    },
                    "type": "photo",
                    "url": "https://t.co/UGZN2cJN6t"
                }
            ]
        },
        "favorite_count": 10,
        "favorited": false,
        "geo": null,
        "id": 1145610469966843904,
        "id_str": "1145610469966843904",
        "in_reply_to_screen_name": null,
        "in_reply_to_status_id": null,
        "in_reply_to_status_id_str": null,
        "in_reply_to_user_id": null,
        "in_reply_to_user_id_str": null,
        "is_quote_status": false,
        "lang": "en",
        "metadata": {
            "iso_language_code": "en",
            "result_type": "recent"
        },
        "place": null,
        "possibly_sensitive": false,
        "retweet_count": 1,
        "retweeted": false,
        "source": "<a href=\"http://twitter.com\" rel=\"nofollow\">Twitter Web Client</a>",
        "text": "Old skool service for the Mini of Paddy Hopkirk - Ron Crelin, on their to winning the 1967 Acropolis Rally. https://t.co/UGZN2cJN6t",
        "truncated": false,
        "user": {
            "contributors_enabled": false,
            "created_at": "Sat Feb 07 09:48:28 +0000 2015",
            "default_profile": false,
            "default_profile_image": false,
            "description": "Fan of all things rally. Check out Rallying is Life on Facebook https://t.co/WF76xK8XL5",
            "entities": {
                "description": {
                    "urls": [
                        {
                            "display_url": "facebook.com/StayMiddle/",
                            "expanded_url": "https://www.facebook.com/StayMiddle/",
                            "indices": [
                                64,
                                87
                            ],
                            "url": "https://t.co/WF76xK8XL5"
                        }
                    ]
                },
                "url": {
                    "urls": [
                        {
                            "display_url": "facebook.com/StayMiddle/",
                            "expanded_url": "https://www.facebook.com/StayMiddle/",
                            "indices": [
                                0,
                                23
                            ],
                            "url": "https://t.co/WF76xK8XL5"
                        }
                    ]
                }
            },
            "favourites_count": 2011,
            "follow_request_sent": false,
            "followers_count": 2148,
            "following": false,
            "friends_count": 1574,
            "geo_enabled": false,
            "has_extended_profile": false,
            "id": 3022914767,
            "id_str": "3022914767",
            "is_translation_enabled": false,
            "is_translator": false,
            "lang": "en",
            "listed_count": 16,
            "location": "",
            "name": "Rallying Is Life \u2618\ufe0f",
            "notifications": false,
            "profile_background_color": "000000",
            "profile_background_image_url": "http://abs.twimg.com/images/themes/theme1/bg.png",
            "profile_background_image_url_https": "https://abs.twimg.com/images/themes/theme1/bg.png",
            "profile_background_tile": false,
            "profile_banner_url": "https://pbs.twimg.com/profile_banners/3022914767/1559897116",
            "profile_image_url": "http://pbs.twimg.com/profile_images/1040321436215328769/OAw8fu7d_normal.jpg",
            "profile_image_url_https": "https://pbs.twimg.com/profile_images/1040321436215328769/OAw8fu7d_normal.jpg",
            "profile_link_color": "FAB81E",
            "profile_sidebar_border_color": "000000",
            "profile_sidebar_fill_color": "000000",
            "profile_text_color": "000000",
            "profile_use_background_image": false,
            "protected": false,
            "screen_name": "rallyingislife",
            "statuses_count": 5799,
            "time_zone": null,
            "translator_type": "none",
            "url": "https://t.co/WF76xK8XL5",
            "utc_offset": null,
            "verified": false
        }
    },
    "source": "<a href=\"https://mobile.twitter.com\" rel=\"nofollow\">Twitter Web App</a>",
    "text": "RT @rallyingislife: Old skool service for the Mini of Paddy Hopkirk - Ron Crelin, on their to winning the 1967 Acropolis Rally. https://t.c\u2026",
    "truncated": false,
    "user": {
        "contributors_enabled": false,
        "created_at": "Fri Nov 16 17:55:57 +0000 2012",
        "default_profile": true,
        "default_profile_image": false,
        "description": "",
        "entities": {
            "description": {
                "urls": []
            }
        },
        "favourites_count": 14972,
        "follow_request_sent": false,
        "followers_count": 144,
        "following": false,
        "friends_count": 653,
        "geo_enabled": false,
        "has_extended_profile": false,
        "id": 952124436,
        "id_str": "952124436",
        "is_translation_enabled": false,
        "is_translator": false,
        "lang": "en",
        "listed_count": 0,
        "location": "GREECE",
        "name": "SAKIS BELLAS",
        "notifications": false,
        "profile_background_color": "C0DEED",
        "profile_background_image_url": "http://abs.twimg.com/images/themes/theme1/bg.png",
        "profile_background_image_url_https": "https://abs.twimg.com/images/themes/theme1/bg.png",
        "profile_background_tile": false,
        "profile_banner_url": "https://pbs.twimg.com/profile_banners/952124436/1412076599",
        "profile_image_url": "http://pbs.twimg.com/profile_images/516210520563527681/KJ_f3E-Z_normal.jpeg",
        "profile_image_url_https": "https://pbs.twimg.com/profile_images/516210520563527681/KJ_f3E-Z_normal.jpeg",
        "profile_link_color": "1DA1F2",
        "profile_sidebar_border_color": "C0DEED",
        "profile_sidebar_fill_color": "DDEEF6",
        "profile_text_color": "333333",
        "profile_use_background_image": true,
        "protected": false,
        "screen_name": "SAKISBELLAS",
        "statuses_count": 6370,
        "time_zone": null,
        "translator_type": "none",
        "url": null,
        "utc_offset": null,
        "verified": false
    }
}
