{
    "contributors": null,
    "coordinates": null,
    "created_at": "Sun Jun 30 12:48:38 +0000 2019",
    "entities": {
        "hashtags": [
            {
                "indices": [
                    55,
                    62
                ],
                "text": "Lindos"
            }
        ],
        "symbols": [],
        "urls": [],
        "user_mentions": [
            {
                "id": 1058339268790308864,
                "id_str": "1058339268790308864",
                "indices": [
                    3,
                    17
                ],
                "name": "Digital Maps of the Ancient World",
                "screen_name": "DigitalMapsAW"
            }
        ]
    },
    "favorite_count": 0,
    "favorited": false,
    "geo": null,
    "id": 1145313192689754118,
    "id_str": "1145313192689754118",
    "in_reply_to_screen_name": null,
    "in_reply_to_status_id": null,
    "in_reply_to_status_id_str": null,
    "in_reply_to_user_id": null,
    "in_reply_to_user_id_str": null,
    "is_quote_status": false,
    "lang": "en",
    "metadata": {
        "iso_language_code": "en",
        "result_type": "recent"
    },
    "place": null,
    "retweet_count": 2,
    "retweeted": false,
    "retweeted_status": {
        "contributors": null,
        "coordinates": null,
        "created_at": "Sun Jun 30 12:04:23 +0000 2019",
        "entities": {
            "hashtags": [
                {
                    "indices": [
                        36,
                        43
                    ],
                    "text": "Lindos"
                }
            ],
            "symbols": [],
            "urls": [
                {
                    "display_url": "twitter.com/i/web/status/1\u2026",
                    "expanded_url": "https://twitter.com/i/web/status/1145302056812634112",
                    "indices": [
                        117,
                        140
                    ],
                    "url": "https://t.co/zEXl6Sam7A"
                }
            ],
            "user_mentions": []
        },
        "favorite_count": 13,
        "favorited": false,
        "geo": null,
        "id": 1145302056812634112,
        "id_str": "1145302056812634112",
        "in_reply_to_screen_name": null,
        "in_reply_to_status_id": null,
        "in_reply_to_status_id_str": null,
        "in_reply_to_user_id": null,
        "in_reply_to_user_id_str": null,
        "is_quote_status": false,
        "lang": "en",
        "metadata": {
            "iso_language_code": "en",
            "result_type": "recent"
        },
        "place": null,
        "possibly_sensitive": false,
        "retweet_count": 2,
        "retweeted": false,
        "source": "<a href=\"http://twitter.com/download/iphone\" rel=\"nofollow\">Twitter for iPhone</a>",
        "text": "In classical times the acropolis of #Lindos was dominated by the massive temple of Athena Lindia, which attained it\u2026 https://t.co/zEXl6Sam7A",
        "truncated": true,
        "user": {
            "contributors_enabled": false,
            "created_at": "Fri Nov 02 12:45:19 +0000 2018",
            "default_profile": true,
            "default_profile_image": false,
            "description": "A Classics teacher, who is using Digital Maps to illustrate the Ancient World in a new way. Also follow me on Facebook and Instagram.",
            "entities": {
                "description": {
                    "urls": []
                },
                "url": {
                    "urls": [
                        {
                            "display_url": "digitalmapsoftheancientworld.com",
                            "expanded_url": "http://www.digitalmapsoftheancientworld.com",
                            "indices": [
                                0,
                                23
                            ],
                            "url": "https://t.co/nY8klZq7es"
                        }
                    ]
                }
            },
            "favourites_count": 665,
            "follow_request_sent": false,
            "followers_count": 2392,
            "following": false,
            "friends_count": 1220,
            "geo_enabled": false,
            "has_extended_profile": true,
            "id": 1058339268790308864,
            "id_str": "1058339268790308864",
            "is_translation_enabled": false,
            "is_translator": false,
            "lang": "en",
            "listed_count": 41,
            "location": "Edinburgh, Scotland",
            "name": "Digital Maps of the Ancient World",
            "notifications": false,
            "profile_background_color": "F5F8FA",
            "profile_background_image_url": null,
            "profile_background_image_url_https": null,
            "profile_background_tile": false,
            "profile_banner_url": "https://pbs.twimg.com/profile_banners/1058339268790308864/1541165760",
            "profile_image_url": "http://pbs.twimg.com/profile_images/1058341610482733057/jWI6OQ4z_normal.jpg",
            "profile_image_url_https": "https://pbs.twimg.com/profile_images/1058341610482733057/jWI6OQ4z_normal.jpg",
            "profile_link_color": "1DA1F2",
            "profile_sidebar_border_color": "C0DEED",
            "profile_sidebar_fill_color": "DDEEF6",
            "profile_text_color": "333333",
            "profile_use_background_image": true,
            "protected": false,
            "screen_name": "DigitalMapsAW",
            "statuses_count": 1153,
            "time_zone": null,
            "translator_type": "none",
            "url": "https://t.co/nY8klZq7es",
            "utc_offset": null,
            "verified": false
        }
    },
    "source": "<a href=\"https://mobile.twitter.com\" rel=\"nofollow\">Twitter Web App</a>",
    "text": "RT @DigitalMapsAW: In classical times the acropolis of #Lindos was dominated by the massive temple of Athena Lindia, which attained its fin\u2026",
    "truncated": false,
    "user": {
        "contributors_enabled": false,
        "created_at": "Thu Mar 26 15:05:04 +0000 2015",
        "default_profile": false,
        "default_profile_image": false,
        "description": "In love with coding, art and nature. Searching for beauty in everything and everywhere\ud83c\udf40\n\ud83d\udd4a\ufe0fRetwetees \u2260 endorsement \ud83d\udd4a\ufe0f",
        "entities": {
            "description": {
                "urls": []
            }
        },
        "favourites_count": 5858,
        "follow_request_sent": false,
        "followers_count": 1544,
        "following": false,
        "friends_count": 1472,
        "geo_enabled": false,
        "has_extended_profile": false,
        "id": 3118978558,
        "id_str": "3118978558",
        "is_translation_enabled": false,
        "is_translator": false,
        "lang": "en",
        "listed_count": 25,
        "location": "\ud83c\udf0e",
        "name": "ZM Style",
        "notifications": false,
        "profile_background_color": "000000",
        "profile_background_image_url": "http://abs.twimg.com/images/themes/theme1/bg.png",
        "profile_background_image_url_https": "https://abs.twimg.com/images/themes/theme1/bg.png",
        "profile_background_tile": false,
        "profile_banner_url": "https://pbs.twimg.com/profile_banners/3118978558/1444934171",
        "profile_image_url": "http://pbs.twimg.com/profile_images/661476652560486400/3Jv3_5Yn_normal.jpg",
        "profile_image_url_https": "https://pbs.twimg.com/profile_images/661476652560486400/3Jv3_5Yn_normal.jpg",
        "profile_link_color": "9266CC",
        "profile_sidebar_border_color": "000000",
        "profile_sidebar_fill_color": "000000",
        "profile_text_color": "000000",
        "profile_use_background_image": false,
        "protected": false,
        "screen_name": "zm_style",
        "statuses_count": 15760,
        "time_zone": null,
        "translator_type": "none",
        "url": null,
        "utc_offset": null,
        "verified": false
    }
}
