{
    "contributors": null,
    "coordinates": null,
    "created_at": "Sun Jun 30 11:43:22 +0000 2019",
    "entities": {
        "hashtags": [
            {
                "indices": [
                    89,
                    96
                ],
                "text": "Athens"
            }
        ],
        "media": [
            {
                "display_url": "pic.twitter.com/2R9ZCfONdp",
                "expanded_url": "https://twitter.com/NikeMorgan/status/1145296765056425990/photo/1",
                "id": 1145296583099125760,
                "id_str": "1145296583099125760",
                "indices": [
                    97,
                    120
                ],
                "media_url": "http://pbs.twimg.com/media/D-TpLJ4XkAAfJPA.jpg",
                "media_url_https": "https://pbs.twimg.com/media/D-TpLJ4XkAAfJPA.jpg",
                "sizes": {
                    "large": {
                        "h": 1536,
                        "resize": "fit",
                        "w": 2048
                    },
                    "medium": {
                        "h": 900,
                        "resize": "fit",
                        "w": 1200
                    },
                    "small": {
                        "h": 510,
                        "resize": "fit",
                        "w": 680
                    },
                    "thumb": {
                        "h": 150,
                        "resize": "crop",
                        "w": 150
                    }
                },
                "type": "photo",
                "url": "https://t.co/2R9ZCfONdp"
            }
        ],
        "symbols": [],
        "urls": [],
        "user_mentions": []
    },
    "extended_entities": {
        "media": [
            {
                "display_url": "pic.twitter.com/2R9ZCfONdp",
                "expanded_url": "https://twitter.com/NikeMorgan/status/1145296765056425990/photo/1",
                "id": 1145296583099125760,
                "id_str": "1145296583099125760",
                "indices": [
                    97,
                    120
                ],
                "media_url": "http://pbs.twimg.com/media/D-TpLJ4XkAAfJPA.jpg",
                "media_url_https": "https://pbs.twimg.com/media/D-TpLJ4XkAAfJPA.jpg",
                "sizes": {
                    "large": {
                        "h": 1536,
                        "resize": "fit",
                        "w": 2048
                    },
                    "medium": {
                        "h": 900,
                        "resize": "fit",
                        "w": 1200
                    },
                    "small": {
                        "h": 510,
                        "resize": "fit",
                        "w": 680
                    },
                    "thumb": {
                        "h": 150,
                        "resize": "crop",
                        "w": 150
                    }
                },
                "type": "photo",
                "url": "https://t.co/2R9ZCfONdp"
            }
        ]
    },
    "favorite_count": 1,
    "favorited": false,
    "geo": null,
    "id": 1145296765056425990,
    "id_str": "1145296765056425990",
    "in_reply_to_screen_name": null,
    "in_reply_to_status_id": null,
    "in_reply_to_status_id_str": null,
    "in_reply_to_user_id": null,
    "in_reply_to_user_id_str": null,
    "is_quote_status": false,
    "lang": "en",
    "metadata": {
        "iso_language_code": "en",
        "result_type": "recent"
    },
    "place": null,
    "possibly_sensitive": false,
    "retweet_count": 0,
    "retweeted": false,
    "source": "<a href=\"http://twitter.com\" rel=\"nofollow\">Twitter Web Client</a>",
    "text": "The church of St George, on the top of Lycabettus Hill\nTaken from the Acropolis Dec 2018\n#Athens https://t.co/2R9ZCfONdp",
    "truncated": false,
    "user": {
        "contributors_enabled": false,
        "created_at": "Mon Mar 12 14:38:53 +0000 2012",
        "default_profile": false,
        "default_profile_image": false,
        "description": "Photograph wild flowers in and around Athens, Greece. Sing in choirs. Interested in botany, astronomy and geology. Sci-Fi fan. Half Greek, half Welsh! Taken!",
        "entities": {
            "description": {
                "urls": []
            }
        },
        "favourites_count": 4930,
        "follow_request_sent": false,
        "followers_count": 1013,
        "following": false,
        "friends_count": 1227,
        "geo_enabled": false,
        "has_extended_profile": true,
        "id": 522303405,
        "id_str": "522303405",
        "is_translation_enabled": false,
        "is_translator": false,
        "lang": "en",
        "listed_count": 9,
        "location": "Athens, Greece",
        "name": "Nike Margaret Morgan",
        "notifications": false,
        "profile_background_color": "000000",
        "profile_background_image_url": "http://abs.twimg.com/images/themes/theme1/bg.png",
        "profile_background_image_url_https": "https://abs.twimg.com/images/themes/theme1/bg.png",
        "profile_background_tile": false,
        "profile_banner_url": "https://pbs.twimg.com/profile_banners/522303405/1491910587",
        "profile_image_url": "http://pbs.twimg.com/profile_images/851761049737064448/riUIszxU_normal.jpg",
        "profile_image_url_https": "https://pbs.twimg.com/profile_images/851761049737064448/riUIszxU_normal.jpg",
        "profile_link_color": "91D2FA",
        "profile_sidebar_border_color": "000000",
        "profile_sidebar_fill_color": "000000",
        "profile_text_color": "000000",
        "profile_use_background_image": false,
        "protected": false,
        "screen_name": "NikeMorgan",
        "statuses_count": 30665,
        "time_zone": null,
        "translator_type": "none",
        "url": null,
        "utc_offset": null,
        "verified": false
    }
}
