{
    "contributors": null,
    "coordinates": null,
    "created_at": "Sun Jun 30 14:18:33 +0000 2019",
    "entities": {
        "hashtags": [
            {
                "indices": [
                    71,
                    91
                ],
                "text": "reunitetheparthenon"
            },
            {
                "indices": [
                    92,
                    106
                ],
                "text": "bringthemback"
            },
            {
                "indices": [
                    107,
                    114
                ],
                "text": "athens"
            }
        ],
        "symbols": [],
        "urls": [
            {
                "display_url": "twitter.com/i/web/status/1\u2026",
                "expanded_url": "https://twitter.com/i/web/status/1145335820410212357",
                "indices": [
                    116,
                    139
                ],
                "url": "https://t.co/JupO1SKGxL"
            }
        ],
        "user_mentions": [
            {
                "id": 32871995,
                "id_str": "32871995",
                "indices": [
                    40,
                    47
                ],
                "name": "Tony Margaritis",
                "screen_name": "sthmel"
            },
            {
                "id": 19066345,
                "id_str": "19066345",
                "indices": [
                    56,
                    70
                ],
                "name": "British Museum",
                "screen_name": "britishmuseum"
            }
        ]
    },
    "favorite_count": 1,
    "favorited": false,
    "geo": null,
    "id": 1145335820410212357,
    "id_str": "1145335820410212357",
    "in_reply_to_screen_name": null,
    "in_reply_to_status_id": null,
    "in_reply_to_status_id_str": null,
    "in_reply_to_user_id": null,
    "in_reply_to_user_id_str": null,
    "is_quote_status": true,
    "lang": "en",
    "metadata": {
        "iso_language_code": "en",
        "result_type": "recent"
    },
    "place": {
        "attributes": {},
        "bounding_box": {
            "coordinates": [
                [
                    [
                        144.593741856,
                        -38.433859306
                    ],
                    [
                        145.512528832,
                        -38.433859306
                    ],
                    [
                        145.512528832,
                        -37.5112737225
                    ],
                    [
                        144.593741856,
                        -37.5112737225
                    ]
                ]
            ],
            "type": "Polygon"
        },
        "contained_within": [],
        "country": "Australia",
        "country_code": "AU",
        "full_name": "Melbourne, Victoria",
        "id": "01864a8a64df9dc4",
        "name": "Melbourne",
        "place_type": "city",
        "url": "https://api.twitter.com/1.1/geo/id/01864a8a64df9dc4.json"
    },
    "possibly_sensitive": false,
    "quoted_status": {
        "contributors": null,
        "coordinates": null,
        "created_at": "Sun Jun 30 14:11:45 +0000 2019",
        "entities": {
            "hashtags": [
                {
                    "indices": [
                        100,
                        114
                    ],
                    "text": "bringthemback"
                }
            ],
            "symbols": [],
            "urls": [
                {
                    "display_url": "vimeo.com/345306794",
                    "expanded_url": "https://vimeo.com/345306794",
                    "indices": [
                        76,
                        99
                    ],
                    "url": "https://t.co/8eNqysRnA7"
                },
                {
                    "display_url": "twitter.com/i/web/status/1\u2026",
                    "expanded_url": "https://twitter.com/i/web/status/1145334107997523969",
                    "indices": [
                        116,
                        139
                    ],
                    "url": "https://t.co/MWCo7dbCtW"
                }
            ],
            "user_mentions": [
                {
                    "id": 19066345,
                    "id_str": "19066345",
                    "indices": [
                        4,
                        18
                    ],
                    "name": "British Museum",
                    "screen_name": "britishmuseum"
                }
            ]
        },
        "favorite_count": 1,
        "favorited": false,
        "geo": null,
        "id": 1145334107997523969,
        "id_str": "1145334107997523969",
        "in_reply_to_screen_name": null,
        "in_reply_to_status_id": null,
        "in_reply_to_status_id_str": null,
        "in_reply_to_user_id": null,
        "in_reply_to_user_id_str": null,
        "is_quote_status": false,
        "lang": "en",
        "metadata": {
            "iso_language_code": "en",
            "result_type": "recent"
        },
        "place": {
            "attributes": {},
            "bounding_box": {
                "coordinates": [
                    [
                        [
                            144.593741856,
                            -38.433859306
                        ],
                        [
                            145.512528832,
                            -38.433859306
                        ],
                        [
                            145.512528832,
                            -37.5112737225
                        ],
                        [
                            144.593741856,
                            -37.5112737225
                        ]
                    ]
                ],
                "type": "Polygon"
            },
            "contained_within": [],
            "country": "Australia",
            "country_code": "AU",
            "full_name": "Melbourne, Victoria",
            "id": "01864a8a64df9dc4",
            "name": "Melbourne",
            "place_type": "city",
            "url": "https://api.twitter.com/1.1/geo/id/01864a8a64df9dc4.json"
        },
        "possibly_sensitive": false,
        "retweet_count": 0,
        "retweeted": false,
        "source": "<a href=\"http://twitter.com/download/iphone\" rel=\"nofollow\">Twitter for iPhone</a>",
        "text": "Hey @britishmuseum here\u2019s a little homemade video I made just for you guys. https://t.co/8eNqysRnA7 #bringthemback\u2026 https://t.co/MWCo7dbCtW",
        "truncated": true,
        "user": {
            "contributors_enabled": false,
            "created_at": "Sat Apr 18 12:50:04 +0000 2009",
            "default_profile": true,
            "default_profile_image": false,
            "description": "Tweets are my own opinions / views and not those of South Melbourne FC",
            "entities": {
                "description": {
                    "urls": []
                }
            },
            "favourites_count": 2229,
            "follow_request_sent": false,
            "followers_count": 429,
            "following": false,
            "friends_count": 752,
            "geo_enabled": true,
            "has_extended_profile": false,
            "id": 32871995,
            "id_str": "32871995",
            "is_translation_enabled": false,
            "is_translator": false,
            "lang": "en",
            "listed_count": 11,
            "location": "Melbourne",
            "name": "Tony Margaritis",
            "notifications": false,
            "profile_background_color": "C0DEED",
            "profile_background_image_url": "http://abs.twimg.com/images/themes/theme1/bg.png",
            "profile_background_image_url_https": "https://abs.twimg.com/images/themes/theme1/bg.png",
            "profile_background_tile": false,
            "profile_banner_url": "https://pbs.twimg.com/profile_banners/32871995/1520066055",
            "profile_image_url": "http://pbs.twimg.com/profile_images/1080292387245645830/z7q9Ire__normal.jpg",
            "profile_image_url_https": "https://pbs.twimg.com/profile_images/1080292387245645830/z7q9Ire__normal.jpg",
            "profile_link_color": "1DA1F2",
            "profile_sidebar_border_color": "C0DEED",
            "profile_sidebar_fill_color": "DDEEF6",
            "profile_text_color": "333333",
            "profile_use_background_image": true,
            "protected": false,
            "screen_name": "sthmel",
            "statuses_count": 3399,
            "time_zone": null,
            "translator_type": "none",
            "url": null,
            "utc_offset": null,
            "verified": false
        }
    },
    "quoted_status_id": 1145334107997523969,
    "quoted_status_id_str": "1145334107997523969",
    "retweet_count": 0,
    "retweeted": false,
    "source": "<a href=\"http://twitter.com/download/iphone\" rel=\"nofollow\">Twitter for iPhone</a>",
    "text": "Excellent video made by Tony Margaritis @sthmel for the @britishmuseum #reunitetheparthenon #bringthemback #athens\u2026 https://t.co/JupO1SKGxL",
    "truncated": true,
    "user": {
        "contributors_enabled": false,
        "created_at": "Tue Apr 16 14:52:55 +0000 2013",
        "default_profile": true,
        "default_profile_image": false,
        "description": "Barrister, Commentator, Activist and Free Speech Campaigner",
        "entities": {
            "description": {
                "urls": []
            },
            "url": {
                "urls": [
                    {
                        "display_url": "vicbar.com.au/profile?4433",
                        "expanded_url": "http://www.vicbar.com.au/profile?4433",
                        "indices": [
                            0,
                            23
                        ],
                        "url": "https://t.co/ghgedwCrMX"
                    }
                ]
            }
        },
        "favourites_count": 2837,
        "follow_request_sent": false,
        "followers_count": 1888,
        "following": false,
        "friends_count": 4806,
        "geo_enabled": true,
        "has_extended_profile": false,
        "id": 1357072916,
        "id_str": "1357072916",
        "is_translation_enabled": false,
        "is_translator": false,
        "lang": "en",
        "listed_count": 22,
        "location": "Melbourne",
        "name": "Jim Mellas",
        "notifications": false,
        "profile_background_color": "C0DEED",
        "profile_background_image_url": "http://abs.twimg.com/images/themes/theme1/bg.png",
        "profile_background_image_url_https": "https://abs.twimg.com/images/themes/theme1/bg.png",
        "profile_background_tile": false,
        "profile_banner_url": "https://pbs.twimg.com/profile_banners/1357072916/1534866149",
        "profile_image_url": "http://pbs.twimg.com/profile_images/944696663108591616/_A77B789_normal.jpg",
        "profile_image_url_https": "https://pbs.twimg.com/profile_images/944696663108591616/_A77B789_normal.jpg",
        "profile_link_color": "1DA1F2",
        "profile_sidebar_border_color": "C0DEED",
        "profile_sidebar_fill_color": "DDEEF6",
        "profile_text_color": "333333",
        "profile_use_background_image": true,
        "protected": false,
        "screen_name": "jimmellas",
        "statuses_count": 1298,
        "time_zone": null,
        "translator_type": "none",
        "url": "https://t.co/ghgedwCrMX",
        "utc_offset": null,
        "verified": false
    }
}
