{
    "id": "e34a4d6d477db7dd33fe7061f658f46cf6ae4eca",
    "location": {
        "lat": 37.9726803,
        "lng": 23.7435956
    },
    "name": "Harry Truman Statue",
    "rating": 4.2,
    "reviews": [
        {
            "author_name": "Jivko Velev",
            "author_url": "https://www.google.com/maps/contrib/103249447441139739826/reviews",
            "language": "en",
            "profile_photo_url": "https://lh5.googleusercontent.com/-qsesFEFoOCk/AAAAAAAAAAI/AAAAAAAAAAA/ACHi3rcsQRMVY5LaAF4MYKQ06JkkG7djpA/s128-c0x00000000-cc-rp-mo-ba5/photo.jpg",
            "rating": 4,
            "relative_time_description": "in the last week",
            "text": "Harry Truman statue is close to the National garden. Next to it is a small water fountain. He was 33th President of the USA.",
            "time": 1565094222
        },
        {
            "author_name": "Eftihis Efthimiou",
            "author_url": "https://www.google.com/maps/contrib/102640159038292561048/reviews",
            "language": "en",
            "profile_photo_url": "https://lh5.googleusercontent.com/-ZVOwfUnU4N4/AAAAAAAAAAI/AAAAAAAAAAA/ACHi3rcTSjp3fn-Rr4ro0OCVgfiAumbBYg/s128-c0x00000000-cc-rp-mo-ba4/photo.jpg",
            "rating": 5,
            "relative_time_description": "2 weeks ago",
            "text": "Amazing, the spitting image!",
            "time": 1563745018
        },
        {
            "author_name": "Christina Kostaki",
            "author_url": "https://www.google.com/maps/contrib/115078257258021267752/reviews",
            "language": "en",
            "profile_photo_url": "https://lh4.googleusercontent.com/-mAkoC-7uVwY/AAAAAAAAAAI/AAAAAAAAAAA/ACHi3rc-bVhR2epDABxNS4R690hE09ccuA/s128-c0x00000000-cc-rp-mo/photo.jpg",
            "rating": 1,
            "relative_time_description": "7 months ago",
            "text": "This place doesnt serve proper drinks and doesnt deliver recepts.poor service and music.",
            "time": 1546740225
        },
        {
            "author_name": "Dale Cooper",
            "author_url": "https://www.google.com/maps/contrib/102664098014534293750/reviews",
            "language": "en",
            "profile_photo_url": "https://lh5.googleusercontent.com/-a0LTMFawO04/AAAAAAAAAAI/AAAAAAAABF4/ZqqY3dFiiYk/s128-c0x00000000-cc-rp-mo-ba3/photo.jpg",
            "rating": 5,
            "relative_time_description": "2 years ago",
            "text": "Weather was perfect!\n",
            "time": 1490280875
        },
        {
            "author_name": "\u039d\u03af\u03ba\u03bf\u03c2 \u0391\u03bd\u03c4\u03c9\u03bd\u03af\u03bf\u03c5",
            "author_url": "https://www.google.com/maps/contrib/107986554993460087420/reviews",
            "language": "el",
            "profile_photo_url": "https://lh5.googleusercontent.com/-4c---MtnrB0/AAAAAAAAAAI/AAAAAAAAAAA/ACHi3rdEAK007Pcx6uoooY0Uk1WVBF2RAQ/s128-c0x00000000-cc-rp-mo-ba2/photo.jpg",
            "rating": 2,
            "relative_time_description": "a month ago",
            "text": "\u03a0\u03bf\u03bb\u03cd \u03c3\u03c6\u03b9\u03c7\u03c4\u03cc\u03c2 \u03c7\u03b1\u03c1\u03b1\u03ba\u03c4\u03ae\u03c1\u03b1\u03c2.",
            "time": 1561807316
        }
    ],
    "type": "point_of_interest"
}