{
    "id": "d9fc15cd4f461e9104b99638bead730e83c3ddca",
    "location": {
        "lat": 37.9974064,
        "lng": 23.7314401
    },
    "name": "Historical Archives Of National Bank",
    "rating": 4.1,
    "reviews": [
        {
            "author_name": "Michael Papadakis",
            "author_url": "https://www.google.com/maps/contrib/101226932961934054351/reviews",
            "language": "el",
            "profile_photo_url": "https://lh4.googleusercontent.com/-9G_zPAB_dRU/AAAAAAAAAAI/AAAAAAAAAPU/EfdFDN2hK6E/s128-c0x00000000-cc-rp-mo-ba5/photo.jpg",
            "rating": 1,
            "relative_time_description": "2 months ago",
            "text": "??? \u03a0\u03ac\u03c1\u03ba\u03b1\u03c1\u03b1 \u03b3\u03b9\u03b1 \u03bb\u03af\u03b3\u03bf \u03b1\u03c0' \u03ad\u03be\u03c9 \u03b3\u03b9\u03b1 \u03bd\u03b1 \u03bc\u03b9\u03bb\u03ae\u03c3\u03c9 \u03c3\u03c4\u03bf \u03c4\u03b7\u03bb\u03ad\u03c6\u03c9\u03bd\u03bf !",
            "time": 1557525401
        },
        {
            "author_name": "Mukong Zestomi",
            "author_url": "https://www.google.com/maps/contrib/112236521685166442179/reviews",
            "profile_photo_url": "https://lh3.googleusercontent.com/-Qq198ysWE98/AAAAAAAAAAI/AAAAAAAAAAk/Fz3_TBjGgCQ/s128-c0x00000000-cc-rp-mo/photo.jpg",
            "rating": 4,
            "relative_time_description": "a week ago",
            "text": "",
            "time": 1563886553
        },
        {
            "author_name": "Mahmoud Mousa",
            "author_url": "https://www.google.com/maps/contrib/100339956757113930457/reviews",
            "profile_photo_url": "https://lh4.googleusercontent.com/-_9Ud_WM5WXw/AAAAAAAAAAI/AAAAAAAAABY/NpwOUPAFGaM/s128-c0x00000000-cc-rp-mo-ba3/photo.jpg",
            "rating": 4,
            "relative_time_description": "7 months ago",
            "text": "",
            "time": 1544940438
        },
        {
            "author_name": "Manos M",
            "author_url": "https://www.google.com/maps/contrib/109542252860768982363/reviews",
            "profile_photo_url": "https://lh4.googleusercontent.com/-SIWgP1uO54E/AAAAAAAAAAI/AAAAAAAAFHk/ULYU_WT-eBo/s128-c0x00000000-cc-rp-mo/photo.jpg",
            "rating": 5,
            "relative_time_description": "a year ago",
            "text": "",
            "time": 1503204275
        },
        {
            "author_name": "\u00d6mer Tar\u0131k Sel\u00e7uk",
            "author_url": "https://www.google.com/maps/contrib/101659795447396305994/reviews",
            "profile_photo_url": "https://lh5.googleusercontent.com/-GAZjoneLniI/AAAAAAAAAAI/AAAAAAAAAAA/ACHi3ret01Yc7flIKxhT4I9IyTTHUWjrPg/s128-c0x00000000-cc-rp-mo-ba5/photo.jpg",
            "rating": 5,
            "relative_time_description": "2 weeks ago",
            "text": "",
            "time": 1563226309
        }
    ],
	"type":"museum"
}

