{
    "id": "485901e9a678fdea58ff83e0bdf9323032190321",
    "location": {
        "lat": 37.9699019,
        "lng": 23.7314464
    },
    "name": "Melina Mercouri Monument",
    "rating": 4.3,
    "reviews": [
        {
            "author_name": "Mariusz Marcinkowski",
            "author_url": "https://www.google.com/maps/contrib/104368043422320391916/reviews",
            "language": "en",
            "profile_photo_url": "https://lh6.googleusercontent.com/-ue5-gIr-ZCo/AAAAAAAAAAI/AAAAAAAAC64/t_vwUA_Hd5Y/s128-c0x00000000-cc-rp-mo-ba4/photo.jpg",
            "rating": 4,
            "relative_time_description": "2 months ago",
            "text": "6\u20ac entry is too much as for single monument entry fee. Remaining of the construction itself is worth seeing though.",
            "time": 1559051702
        },
        {
            "author_name": "SophieFramboise",
            "author_url": "https://www.google.com/maps/contrib/116860946141463632813/reviews",
            "language": "en",
            "profile_photo_url": "https://lh4.googleusercontent.com/-R-4otkR98Tk/AAAAAAAAAAI/AAAAAAAAAAA/ACHi3rc4IGldxjpYLIR-li0wxwSE8WksXA/s128-c0x00000000-cc-rp-mo-ba4/photo.jpg",
            "rating": 4,
            "relative_time_description": "a week ago",
            "text": "It quit nice point to meet up",
            "time": 1564383166
        },
        {
            "author_name": "Giannis Machairas",
            "author_url": "https://www.google.com/maps/contrib/105528881112720393362/reviews",
            "language": "en",
            "profile_photo_url": "https://lh5.googleusercontent.com/-c5ILnvy2Mf0/AAAAAAAAAAI/AAAAAAAAB7Q/sMVaengmLAM/s128-c0x00000000-cc-rp-mo-ba4/photo.jpg",
            "rating": 5,
            "relative_time_description": "3 months ago",
            "text": "Melina is the most important figure of modern Greece. A role model for women.",
            "time": 1555401668
        },
        {
            "author_name": "Kendra Jones",
            "author_url": "https://www.google.com/maps/contrib/115991349152218424070/reviews",
            "language": "en",
            "profile_photo_url": "https://lh4.googleusercontent.com/-j6eDQiy5pBU/AAAAAAAAAAI/AAAAAAAAAAA/ACHi3rfGwwvbd0mwW6fSuIzOEZWvXGmhFg/s128-c0x00000000-cc-rp-mo-ba5/photo.jpg",
            "rating": 5,
            "relative_time_description": "3 weeks ago",
            "text": "The pics say it all",
            "time": 1563200034
        },
        {
            "author_name": "Calvin Prest",
            "author_url": "https://www.google.com/maps/contrib/114340370313326112429/reviews",
            "language": "en",
            "profile_photo_url": "https://lh3.googleusercontent.com/-j-9v_IL9J_4/AAAAAAAAAAI/AAAAAAAAANc/8JMO_MRCtuw/s128-c0x00000000-cc-rp-mo-ba5/photo.jpg",
            "rating": 5,
            "relative_time_description": "3 weeks ago",
            "text": "Free statue to look at",
            "time": 1563596041
        }
    ],
    "type": "point_of_interest"
}