{
    "id": "19d0d174ebd88b0fcbef93dc2c577723c26f3fbf",
    "location": {
        "lat": 37.976577,
        "lng": 23.74052
    },
    "name": "Contemporary Art | Zoumboulakis Galleries",
    "rating": 4.3,
    "reviews": [
        {
            "author_name": "Spyros Papaioannou",
            "author_url": "https://www.google.com/maps/contrib/102623559631327395277/reviews",
            "profile_photo_url": "https://lh5.googleusercontent.com/-U7Sc7VR349o/AAAAAAAAAAI/AAAAAAAAF1w/Wih_ypOtmjc/s128-c0x00000000-cc-rp-mo-ba6/photo.jpg",
            "rating": 5,
            "relative_time_description": "a month ago",
            "text": "",
            "time": 1561680694
        },
        {
            "author_name": "George Giakoumis",
            "author_url": "https://www.google.com/maps/contrib/113278565146576794586/reviews",
            "profile_photo_url": "https://lh5.googleusercontent.com/-fQOzSzEA8ew/AAAAAAAAAAI/AAAAAAAAYqU/GUGcANWf1pw/s128-c0x00000000-cc-rp-mo-ba4/photo.jpg",
            "rating": 4,
            "relative_time_description": "3 months ago",
            "text": "",
            "time": 1557402530
        },
        {
            "author_name": "george p",
            "author_url": "https://www.google.com/maps/contrib/100704025749260881981/reviews",
            "profile_photo_url": "https://lh6.googleusercontent.com/-21Q9Q86z95E/AAAAAAAAAAI/AAAAAAAAAGs/45YlZN-NV4A/s128-c0x00000000-cc-rp-mo-ba3/photo.jpg",
            "rating": 5,
            "relative_time_description": "6 months ago",
            "text": "",
            "time": 1548169767
        },
        {
            "author_name": "Natalia Karapanagioti",
            "author_url": "https://www.google.com/maps/contrib/106739283305675570119/reviews",
            "profile_photo_url": "https://lh6.googleusercontent.com/-tOKM7A2QUPg/AAAAAAAAAAI/AAAAAAAAAAA/ACHi3rdT7UVtqwxfFNB-thxaxwMD1FXcbg/s128-c0x00000000-cc-rp-mo/photo.jpg",
            "rating": 5,
            "relative_time_description": "a year ago",
            "text": "",
            "time": 1521438893
        },
        {
            "author_name": "Christos Bertzeletos",
            "author_url": "https://www.google.com/maps/contrib/116312049037016264851/reviews",
            "profile_photo_url": "https://lh5.googleusercontent.com/-viT1ZvNe1aE/AAAAAAAAAAI/AAAAAAAAADA/dbLB8wD8w10/s128-c0x00000000-cc-rp-mo/photo.jpg",
            "rating": 5,
            "relative_time_description": "2 months ago",
            "text": "",
            "time": 1558910222
        }
    ],
    "type": "art_gallery"
}