{
    "id": "7593c0992ba78af628fb43c2f96751a9b596c57c",
    "location": {
        "lat": 37.9753259,
        "lng": 23.7251768
    },
    "name": "Museum of Modern Greek Culture",
    "rating": 4.5,
    "reviews": [
        {
            "author_name": "ROY AU",
            "author_url": "https://www.google.com/maps/contrib/100545157968307447339/reviews",
            "language": "en",
            "profile_photo_url": "https://lh5.googleusercontent.com/-igzP344pm-Q/AAAAAAAAAAI/AAAAAAAACz0/eIJxw1Vf06A/s128-c0x00000000-cc-rp-mo-ba4/photo.jpg",
            "rating": 4,
            "relative_time_description": "a year ago",
            "text": "Great Heritage ! \u20ac15 for entry",
            "time": 1506001009
        },
        {
            "author_name": "Ni Kyr",
            "author_url": "https://www.google.com/maps/contrib/104548797499416008896/reviews",
            "language": "en",
            "profile_photo_url": "https://lh4.googleusercontent.com/-b6tG_ZtHakM/AAAAAAAAAAI/AAAAAAAABEo/4hEvkjKF5U8/s128-c0x00000000-cc-rp-mo-ba4/photo.jpg",
            "rating": 5,
            "relative_time_description": "2 years ago",
            "text": "Museum opens in 2019.",
            "time": 1484896674
        },
        {
            "author_name": "\u03a3\u03c9\u03c4\u03ae\u03c1\u03b7\u03c2 \u03a3\u03c9\u03c4\u03b7\u03c1\u03cc\u03c0\u03bf\u03c5\u03bb\u03bf\u03c2",
            "author_url": "https://www.google.com/maps/contrib/105265520708306750582/reviews",
            "language": "el",
            "profile_photo_url": "https://lh6.googleusercontent.com/-i2gQZSq8mSs/AAAAAAAAAAI/AAAAAAAAGl0/pK5hItU5M6Y/s128-c0x00000000-cc-rp-mo-ba4/photo.jpg",
            "rating": 5,
            "relative_time_description": "5 months ago",
            "text": "\u0392\u03c1\u03ad\u03b8\u03b7\u03ba\u03b1 \u03c3\u03c4\u03bf \u03bd\u03ad\u03bf \u039c\u03bf\u03c5\u03c3\u03b5\u03af\u03bf \u03c0\u03bf\u03c5 \u03ba\u03b1\u03c4\u03b1\u03bb\u03b1\u03bc\u03b2\u03ac\u03bd\u03b5\u03b9 \u03ad\u03bd\u03b1 \u03c4\u03b5\u03c4\u03c1\u03ac\u03b3\u03c9\u03bd\u03bf \u0391\u03b4\u03c1\u03b9\u03b1\u03bd\u03bf\u03cd, \u039a\u03bb\u03ac\u03b4\u03bf\u03c5 \u03ba\u03b1\u03b9 \u0392\u03c1\u03c5\u03c3\u03b1\u03ba\u03b9\u03bf\u03c5. \u039a\u03c5\u03c1\u03b9\u03bf\u03bb\u03b5\u03ba\u03c4\u03b9\u03ba\u03ac \u03b7 \u03ba\u03b1\u03c1\u03b4\u03b9\u03ac \u03c4\u03b7\u03c2 \u03c0\u03cc\u03bb\u03b7\u03c2 \u03c4\u03b7\u03c2 \u0391\u03b8\u03ae\u03bd\u03b1\u03c2 \u03c4\u03bf\u03c5 19\u03bf\u03c5 \u03b1\u03b9\u03ce\u03bd\u03b1. \u0391\u03bd\u03b1\u03c3\u03c4\u03b7\u03bb\u03c9\u03bc\u03b5\u03bd\u03b1 \u03c4\u03b1 \u03ba\u03c4\u03af\u03c1\u03b9\u03b1 \u03ba\u03b1\u03b8\u03ce\u03c2 \u03ba\u03b1\u03b9 \u03c4\u03bf \u03b5\u03ba\u03ba\u03bb\u03b7\u03c3\u03ac\u03ba\u03b9 \u03c4\u03bf\u03c5 \u0391\u03b3\u03af\u03bf\u03c5 \u0395\u03bb\u03b9\u03c3\u03c3\u03b1\u03b9\u03bf\u03c5 \u03c3\u03c4\u03bf \u03bf\u03c0\u03bf\u03af\u03bf \u03b5\u03c8\u03b5\u03bb\u03bd\u03b5 \u03bf \u0391\u03bb\u03ad\u03be\u03b1\u03bd\u03b4\u03c1\u03bf\u03c2 \u03a0\u03b1\u03c0\u03b1\u03b4\u03b9\u03b1\u03bc\u03ac\u03bd\u03c4\u03b7\u03c2.\n\u03a4\u03bf \u03c3\u03c0\u03af\u03c4\u03b9 \u03c4\u03bf\u03c5 \u038a\u03c9\u03bd\u03b1 \u0394\u03c1\u03b1\u03b3\u03bf\u03cd\u03bc\u03b7 \u03ae\u03c4\u03b1\u03bd \u03b7 \u03b1\u03c6\u03bf\u03c1\u03bc\u03ae \u03b3\u03b9\u03b1 \u03c4\u03b7\u03bd \u03b5\u03c0\u03af\u03c3\u03ba\u03b5\u03c8\u03ae \u03cc\u03c0\u03bf\u03c5 \u03bf\u03b9 \u03a6\u03af\u03bb\u03bf\u03b9 \u03c4\u03bf\u03c5 \u039c\u03bf\u03c5\u03c3\u03b5\u03af\u03bf\u03c5 \u03bf\u03c1\u03b3\u03ac\u03bd\u03c9\u03c3\u03b1\u03bd \u03b5\u03ba\u03b4\u03ae\u03bb\u03c9\u03c3\u03b7 \u03b3\u03b9\u03b1 \u03c4\u03bf\u03bd \u038a\u03c9\u03bd\u03b1 \u03bc\u03b5 \u03b4\u03b9\u03b1\u03bb\u03ad\u03be\u03b5\u03b9\u03c2 \u03b3\u03b9\u03b1 \u03c4\u03b7\u03bd \u03b6\u03c9\u03ae \u03c4\u03bf\u03c5 \u03ba\u03b1\u03b9 \u03c4\u03bf\u03c5 \u03ad\u03c1\u03b3\u03bf\u03c5 \u03c4\u03bf\u03c5.\n\u03a3\u03c4\u03bf \u03c3\u03c0\u03af\u03c4\u03b9 \u03c4\u03bf\u03c5 \u03b8\u03b1 \u03b5\u03b3\u03ba\u03b1\u03c4\u03b1\u03c3\u03c4\u03b1\u03b8\u03bf\u03c5\u03bd \u03c4\u03b1 \u03b5\u03bd\u03b4\u03cd\u03bc\u03b1\u03c4\u03b1 \u03ba\u03b1\u03b8\u03ce\u03c2 \u03ad\u03c7\u03b5\u03b9 \u03b1\u03c0\u03bf\u03c6\u03b1\u03c3\u03b9\u03c3\u03c4\u03b5\u03af \u03c3\u03b5 \u03ba\u03ac\u03b8\u03b5 \u03c3\u03c0\u03af\u03c4\u03b9 \u03ba\u03b1\u03b9 \u03ad\u03bd\u03b1 \u03b5\u03af\u03b4\u03bf\u03c2 \u03b5\u03ba\u03b8\u03b5\u03bc\u03ac\u03c4\u03c9\u03bd.",
            "time": 1548596729
        },
        {
            "author_name": "christa juengling",
            "author_url": "https://www.google.com/maps/contrib/114411865444464315290/reviews",
            "language": "de",
            "profile_photo_url": "https://lh6.googleusercontent.com/-b9fp6Xi2ovo/AAAAAAAAAAI/AAAAAAAAAAA/ACHi3rd7hT6jkrgqFRk62UvlD0A2x0IyvA/s128-c0x00000000-cc-rp-mo/photo.jpg",
            "rating": 5,
            "relative_time_description": "10 months ago",
            "text": "Der Besuch dort ist immer von Erfolg gekr\u00f6nt.Ich finde stets ein passendes Geschenk",
            "time": 1535986243
        },
        {
            "author_name": "F. Gomes",
            "author_url": "https://www.google.com/maps/contrib/104839758151639999420/reviews",
            "language": "pt",
            "profile_photo_url": "https://lh6.googleusercontent.com/-sS3Hcvjwrng/AAAAAAAAAAI/AAAAAAAAAB8/OohGjtcaCDk/s128-c0x00000000-cc-rp-mo-ba6/photo.jpg",
            "rating": 5,
            "relative_time_description": "2 years ago",
            "text": "\u00d3tima experi\u00eancia! Tudo na Gr\u00e9cia \u00e9 espetacular para quem enxerga com a alma.",
            "time": 1494272997
        }
    ],
	"type":"museum"
}

