{
    "id": "540bd990c4156ba1e193d68909a47d71beedf993",
    "location": {
        "lat": 37.9721049,
        "lng": 23.7299059
    },
    "name": "School Life and Education Museum",
    "rating": 4.5,
    "reviews": [
        {
            "author_name": "Coralia-Alexandra Costas",
            "author_url": "https://www.google.com/maps/contrib/102082874108249328353/reviews",
            "language": "en",
            "profile_photo_url": "https://lh3.googleusercontent.com/a-/AAuE7mAL_LRLofh6Jj9qUuYrY4EzsH6MC-rsG_GTqpQD=s128-c0x00000000-cc-rp-mo",
            "rating": 5,
            "relative_time_description": "4 weeks ago",
            "text": "Great place, great experience, great people",
            "time": 1562071475
        },
        {
            "author_name": "Helleno File",
            "author_url": "https://www.google.com/maps/contrib/113916380763140994272/reviews",
            "language": "en",
            "profile_photo_url": "https://lh5.googleusercontent.com/-ZU3IjhKRrIg/AAAAAAAAAAI/AAAAAAAAAAA/ACHi3rfJEw1X3EH4rDL-aamntqp5Q0wzKg/s128-c0x00000000-cc-rp-mo/photo.jpg",
            "rating": 5,
            "relative_time_description": "a year ago",
            "text": "I came upon this museum by chance on the way to the Acropolis museum from Monastiraki and loved it! As we say in English it's small but perfectly formed - over three floors with a narrow staircase. There are displays of objects (including some terrifying textbooks) and classrooms set up with rows of desks and \"forms\" as they were called - I just about remember a few of them in my first secondary school in Britain. There's a brief account (in Greek and English) of the history of Greek education, including unexpectedly under the Metaxas dictatorship. The school group who were leaving as I arrived seemed to have enjoyed it! [Adult entrance \u20ac3.00, May 2018]",
            "time": 1526491380
        },
        {
            "author_name": "Soerish Chattarpal",
            "author_url": "https://www.google.com/maps/contrib/109918263246425087275/reviews",
            "language": "en",
            "profile_photo_url": "https://lh5.googleusercontent.com/-dfQNPp_NRZM/AAAAAAAAAAI/AAAAAAAAAAA/ACHi3rfdf4eFKDUpfxmRNg7lS193j3V2Ug/s128-c0x00000000-cc-rp-mo-ba4/photo.jpg",
            "rating": 5,
            "relative_time_description": "a year ago",
            "text": "Cosy museum of the way school was presented to children back in the years after world war II.",
            "time": 1527104935
        },
        {
            "author_name": "Georgios Aronis",
            "author_url": "https://www.google.com/maps/contrib/117368127243096439660/reviews",
            "language": "en",
            "profile_photo_url": "https://lh3.googleusercontent.com/a-/AAuE7mBB6PWyWxaGygTn1Yb8fjd9z1LR52-ZjTcD5yPi5w=s128-c0x00000000-cc-rp-mo-ba6",
            "rating": 5,
            "relative_time_description": "2 years ago",
            "text": "Great museum for learn the Greek educational system for the last 200 years. ",
            "time": 1500820732
        },
        {
            "author_name": "Tinks P",
            "author_url": "https://www.google.com/maps/contrib/104883879410452252811/reviews",
            "language": "en",
            "profile_photo_url": "https://lh3.googleusercontent.com/a-/AAuE7mBBW-xTauTGlwxDWJNJEbVFJPA-znTAdoOqmMAR=s128-c0x00000000-cc-rp-mo-ba4",
            "rating": 2,
            "relative_time_description": "a year ago",
            "text": "Don't bother with this one!",
            "time": 1514401388
        }
    ],
	"type":"museum"
}

