{
    "id": "b2c3afde5b4573f60919770f5832952321200817",
    "location": {
        "lat": 37.977066,
        "lng": 23.722942
    },
    "name": "Museum of Illusions Athens - Greece",
    "rating": 4.1,
    "reviews": [
        {
            "author_name": "Eva Barlia",
            "author_url": "https://www.google.com/maps/contrib/105501543475274746323/reviews",
            "language": "en",
            "profile_photo_url": "https://lh6.googleusercontent.com/-p9S3q0JrH9k/AAAAAAAAAAI/AAAAAAAAAAA/ACHi3rcbP3FtY4F36NPgBmVKIslcWa7s9w/s128-c0x00000000-cc-rp-mo-ba3/photo.jpg",
            "rating": 5,
            "relative_time_description": "a week ago",
            "text": "This museum is very fun and educational both for children and adults! The personnel is very kind and helpful. The museum is located in the most touristic neighborhood of Athens under the Acropolis and it is easily accessible by subway.",
            "time": 1563890918
        },
        {
            "author_name": "Adam White",
            "author_url": "https://www.google.com/maps/contrib/110964760782916389498/reviews",
            "language": "en",
            "profile_photo_url": "https://lh6.googleusercontent.com/-qxh634OFYfU/AAAAAAAAAAI/AAAAAAAJeWs/-x-W48xj05Q/s128-c0x00000000-cc-rp-mo-ba4/photo.jpg",
            "rating": 3,
            "relative_time_description": "in the last week",
            "text": "I heard great things about this museum and it could be fun if you came in with the right attitude and expectations. \n\nI found the museum was a bit of a tourist trap with an eye for aesthetic and Instagram. There are some fun photo ops but nothing too special to be found inside. \n\nThe highlight for me was the two perspective rooms that created some cool illusions that you couldn't encounter in any other way, but I'm not sure it's worth paying more than the Agora for it.",
            "time": 1564488436
        },
        {
            "author_name": "Oscar Geschinsky",
            "author_url": "https://www.google.com/maps/contrib/103084084932303595087/reviews",
            "language": "en",
            "profile_photo_url": "https://lh6.googleusercontent.com/-iaoQ-tHI0GA/AAAAAAAAAAI/AAAAAAAAAKs/byRXO7cqAJw/s128-c0x00000000-cc-rp-mo/photo.jpg",
            "rating": 5,
            "relative_time_description": "a week ago",
            "text": "We were 10 and had an amazing time at this museum, we had plenty of fun, the puzzles and activities were interesting and the guides were really nice, helpful and fun.\nI am glad to recommend this museum.",
            "time": 1563826083
        },
        {
            "author_name": "Yaniv Berman",
            "author_url": "https://www.google.com/maps/contrib/115219083789400053377/reviews",
            "language": "en",
            "profile_photo_url": "https://lh6.googleusercontent.com/-75fDabc72XQ/AAAAAAAAAAI/AAAAAAAAIns/ttTfnTfr8p8/s128-c0x00000000-cc-rp-mo-ba5/photo.jpg",
            "rating": 4,
            "relative_time_description": "3 months ago",
            "text": "There is something very captivating in these optical illusions that make the visit at this small but very imaginative museum worth the trouble. It's an hour or so that the children will never forget. The bonus are all the funny photos you'll take yourself which the kids will love to experience again and again.",
            "time": 1555964374
        },
        {
            "author_name": "Kostas S.",
            "author_url": "https://www.google.com/maps/contrib/117440558821662036947/reviews",
            "language": "en",
            "profile_photo_url": "https://lh6.googleusercontent.com/-cUqtUUz-Hvo/AAAAAAAAAAI/AAAAAAAAAC4/YtV9guzx02g/s128-c0x00000000-cc-rp-mo-ba3/photo.jpg",
            "rating": 5,
            "relative_time_description": "4 weeks ago",
            "text": "Extremely helpful and kind the guy from the staff who gave instructions and took our photo with the illusions on the second floor. Nice museum, it was a pleasant experience since it was not so crowded.",
            "time": 1562071919
        }
    ],
	"type":"museum"
}

