{
    "id": "9d01e15c3656221c9ffb4c4f02517f7fdfb4c467",
    "location": {
        "lat": 37.9823694,
        "lng": 23.7309385
    },
    "name": "Statue of fighter Alekos Panagoulis",
    "rating": 3.8,
    "reviews": [
        {
            "author_name": "Panagiotis Boulougouras",
            "author_url": "https://www.google.com/maps/contrib/103815338633049734201/reviews",
            "language": "en",
            "profile_photo_url": "https://lh6.googleusercontent.com/-Ztrb1RtWfYM/AAAAAAAAAAI/AAAAAAABVLQ/rV9ugrMpe2U/s128-c0x00000000-cc-rp-mo-ba6/photo.jpg",
            "rating": 3,
            "relative_time_description": "3 years ago",
            "text": "Alexandros Panagoulis was a Greek politician and poet. He took an active role in the fight against the Regime of the Colonels in Greece. ",
            "time": 1463880015
        },
        {
            "author_name": "George Zounaropoulos",
            "author_url": "https://www.google.com/maps/contrib/105350708967802787972/reviews",
            "language": "en",
            "profile_photo_url": "https://lh4.googleusercontent.com/-abQBPGxnRKk/AAAAAAAAAAI/AAAAAAAAGPo/PsK87uqFiUA/s128-c0x00000000-cc-rp-mo-ba5/photo.jpg",
            "rating": 4,
            "relative_time_description": "2 years ago",
            "text": "Ok yeah",
            "time": 1491087672
        },
        {
            "author_name": "mpampis antoniadis",
            "author_url": "https://www.google.com/maps/contrib/102265196765336206278/reviews",
            "language": "el",
            "profile_photo_url": "https://lh5.googleusercontent.com/-FJP8_uPCb64/AAAAAAAAAAI/AAAAAAAACQw/3DbNJ3n4Qzk/s128-c0x00000000-cc-rp-mo/photo.jpg",
            "rating": 4,
            "relative_time_description": "a year ago",
            "text": "\u039f \u0391\u03bb\u03ad\u03be\u03b1\u03bd\u03b4\u03c1\u03bf\u03c2 \u03a0\u03b1\u03bd\u03b1\u03b3\u03bf\u03cd\u03bb\u03b7\u03c2 \u03b3\u03b5\u03bd\u03bd\u03ae\u03b8\u03b7\u03ba\u03b5 \u03c3\u03c4\u03b7\u03bd \u0393\u03bb\u03c5\u03c6\u03ac\u03b4\u03b1. \u0394\u03b5\u03c5\u03c4\u03b5\u03c1\u03cc\u03c4\u03bf\u03ba\u03bf\u03c2 \u03b3\u03b9\u03bf\u03c2 \u03c4\u03b7\u03c2 \u0391\u03b8\u03b7\u03bd\u03ac\u03c2 \u039a\u03b1\u03ba\u03b1\u03b2\u03bf\u03cd\u03bb\u03b7 (1908-1991) \u03ba\u03b1\u03b9 \u03c4\u03bf\u03c5 \u0392\u03b1\u03c3\u03b9\u03bb\u03b5\u03af\u03bf\u03c5 \u03a0\u03b1\u03bd\u03b1\u03b3\u03bf\u03cd\u03bb\u03b7, \u03b1\u03be\u03b9\u03c9\u03bc\u03b1\u03c4\u03b9\u03ba\u03bf\u03cd \u03c4\u03bf\u03c5 \u03c3\u03c4\u03c1\u03b1\u03c4\u03bf\u03cd \u03be\u03b7\u03c1\u03ac\u03c2. \u0391\u03b4\u03b5\u03c1\u03c6\u03cc\u03c2 \u03c4\u03bf\u03c5 \u0393\u03b5\u03c9\u03c1\u03b3\u03af\u03bf\u03c5 \u03a0\u03b1\u03bd\u03b1\u03b3\u03bf\u03cd\u03bb\u03b7, \u03b8\u03cd\u03bc\u03b1\u03c4\u03bf\u03c2 \u03c4\u03bf\u03c5 \u03ba\u03b1\u03b8\u03b5\u03c3\u03c4\u03ce\u03c4\u03bf\u03c2 \u03c4\u03c9\u03bd \u03a3\u03c5\u03bd\u03c4\u03b1\u03b3\u03bc\u03b1\u03c4\u03b1\u03c1\u03c7\u03ce\u03bd, \u03ba\u03b1\u03b9 \u03c4\u03bf\u03c5 \u0395\u03c5\u03c3\u03c4\u03b1\u03b8\u03af\u03bf\u03c5 \u03a0\u03b1\u03bd\u03b1\u03b3\u03bf\u03cd\u03bb\u03b7, \u03bc\u03b5\u03c4\u03ad\u03c0\u03b5\u03b9\u03c4\u03b1 \u03c0\u03bf\u03bb\u03b9\u03c4\u03b9\u03ba\u03bf\u03cd \u03ac\u03bd\u03b4\u03c1\u03b1. \u0391\u03c0\u03cc \u03c4\u03b7\u03bd \u03c0\u03bb\u03b5\u03c5\u03c1\u03ac \u03c4\u03bf\u03c5 \u03c0\u03b1\u03c4\u03ad\u03c1\u03b1 \u03c4\u03bf\u03c5 \u03ba\u03b1\u03c4\u03b1\u03b3\u03cc\u03c4\u03b1\u03bd \u03b1\u03c0\u03cc \u03c4\u03b7\u03bd \u0394\u03af\u03b2\u03c1\u03b7 (\u039b\u03b1\u03bc\u03c0\u03b5\u03af\u03b1) \u0397\u03bb\u03b5\u03af\u03b1\u03c2 \u03ba\u03b1\u03b9 \u03b1\u03c0\u03cc \u03c4\u03b7\u03bd \u03c0\u03bb\u03b5\u03c5\u03c1\u03ac \u03c4\u03b7\u03c2 \u03bc\u03b7\u03c4\u03ad\u03c1\u03b1\u03c2 \u03c4\u03bf\u03c5 \u03b1\u03c0\u03cc \u03c4\u03bf \u03a3\u03cd\u03b2\u03c1\u03bf \u039b\u03b5\u03c5\u03ba\u03ac\u03b4\u03b1\u03c2. \u0395\u03be\u03b1\u03b9\u03c4\u03af\u03b1\u03c2 \u03c4\u03b7\u03c2 \u03ba\u03b1\u03c4\u03bf\u03c7\u03ae\u03c2 \u03b1\u03c0\u03cc \u03c4\u03b9\u03c2 \u03b4\u03c5\u03bd\u03ac\u03bc\u03b5\u03b9\u03c2 \u03c4\u03bf\u03c5 \u0386\u03be\u03bf\u03bd\u03b1, \u03bf \u0391. \u03a0\u03b1\u03bd\u03b1\u03b3\u03bf\u03cd\u03bb\u03b7\u03c2 \u03c0\u03ad\u03c1\u03b1\u03c3\u03b5 \u03bc\u03ad\u03c1\u03bf\u03c2 \u03c4\u03b7\u03c2 \u03c0\u03b1\u03b9\u03b4\u03b9\u03ba\u03ae\u03c2 \u03c4\u03bf\u03c5 \u03b7\u03bb\u03b9\u03ba\u03af\u03b1\u03c2 \u03c3\u03c4\u03b7 \u039b\u03b5\u03c5\u03ba\u03ac\u03b4\u03b1. \u03a3\u03c0\u03bf\u03cd\u03b4\u03b1\u03c3\u03b5 \u03c3\u03c4\u03bf \u0395\u03b8\u03bd\u03b9\u03ba\u03cc \u039c\u03b5\u03c4\u03c3\u03cc\u03b2\u03b9\u03bf \u03a0\u03bf\u03bb\u03c5\u03c4\u03b5\u03c7\u03bd\u03b5\u03af\u03bf \u03c3\u03c4\u03b7\u03bd \u03a3\u03c7\u03bf\u03bb\u03ae \u039c\u03b7\u03c7\u03b1\u03bd\u03bf\u03bb\u03cc\u03b3\u03c9\u03bd-\u0397\u03bb\u03b5\u03ba\u03c4\u03c1\u03bf\u03bb\u03cc\u03b3\u03c9\u03bd.",
            "time": 1518028164
        },
        {
            "author_name": "NiNo P",
            "author_url": "https://www.google.com/maps/contrib/115278194258463339327/reviews",
            "language": "el",
            "profile_photo_url": "https://lh4.googleusercontent.com/-p0d364UswLY/AAAAAAAAAAI/AAAAAAAAAGU/hZASUqF_LVM/s128-c0x00000000-cc-rp-mo-ba3/photo.jpg",
            "rating": 5,
            "relative_time_description": "a year ago",
            "text": "\u03a9\u03c1\u03b1\u03af\u03b1 \u03c0\u03bb\u03b1\u03c4\u03b5\u03af\u03b1",
            "time": 1530195990
        },
        {
            "author_name": "Shadow Storm",
            "author_url": "https://www.google.com/maps/contrib/103840378494879303271/reviews",
            "profile_photo_url": "https://lh3.googleusercontent.com/-C1n2fynNAn4/AAAAAAAAAAI/AAAAAAAAGBc/BlfzcmBBCM4/s128-c0x00000000-cc-rp-mo-ba3/photo.jpg",
            "rating": 4,
            "relative_time_description": "8 months ago",
            "text": "",
            "time": 1543645975
        }
    ],
    "type": "point_of_interest"
}