{
    "id": "fd677aa21979ba8f01ebee4354197883b938d57e",
    "location": {
        "lat": 37.9791906,
        "lng": 23.7200141
    },
    "name": "Exile Museum - Museum of Political Exiles, Ai-Stratis",
    "rating": 4.5,
    "reviews": [
        {
            "author_name": "miltoid 19",
            "author_url": "https://www.google.com/maps/contrib/117925952136359284675/reviews",
            "language": "en",
            "profile_photo_url": "https://lh3.googleusercontent.com/-2Vfmuzf19f8/AAAAAAAAAAI/AAAAAAAAAgI/CTsGJd0D71k/s128-c0x00000000-cc-rp-mo-ba3/photo.jpg",
            "rating": 4,
            "relative_time_description": "3 months ago",
            "text": "Interesting history about a lesser know part of the modern Greek history",
            "time": 1554369715
        },
        {
            "author_name": "Eirini Stav",
            "author_url": "https://www.google.com/maps/contrib/105842163001597416467/reviews",
            "language": "el",
            "profile_photo_url": "https://lh6.googleusercontent.com/-BHbMo2zmaW8/AAAAAAAAAAI/AAAAAAAAHYo/KF8x7BkY30M/s128-c0x00000000-cc-rp-mo/photo.jpg",
            "rating": 5,
            "relative_time_description": "4 weeks ago",
            "text": "\u039c\u03b9\u03ba\u03c1\u03cc \u03b1\u03bb\u03bb\u03ac \u03c0\u03b5\u03c1\u03b9\u03b5\u03ba\u03c4\u03b9\u03ba\u03cc!! \u0391\u03be\u03af\u03b6\u03b5\u03b9 \u03c4\u03bf\u03bd \u03c7\u03c1\u03cc\u03bd\u03bf \u03c3\u03b1\u03c2 \u03bc\u03b9\u03b1 \u03b9\u03c3\u03c4\u03bf\u03c1\u03af\u03b1 \u03c0\u03bf\u03c5 \u03b4\u03b5\u03bd \u03bc\u03c0\u03bf\u03c1\u03b5\u03af \u03bd\u03b1 \u03be\u03b5\u03c7\u03b1\u03c3\u03c4\u03b5\u03af!!",
            "time": 1562049170
        },
        {
            "author_name": "di Zhang",
            "author_url": "https://www.google.com/maps/contrib/101967700479330092321/reviews",
            "language": "zh-Hant",
            "profile_photo_url": "https://lh5.googleusercontent.com/-CZlscJ_dRRE/AAAAAAAAAAI/AAAAAAAAVRA/Urpp1FbIhV4/s128-c0x00000000-cc-rp-mo-ba5/photo.jpg",
            "rating": 5,
            "relative_time_description": "2 years ago",
            "text": "\u63a5\u5f85\u8001\u723a\u723a\u8d85\u8d0a",
            "time": 1487755877
        },
        {
            "author_name": "Angeline Basuki",
            "author_url": "https://www.google.com/maps/contrib/101793005684197825222/reviews",
            "profile_photo_url": "https://lh4.googleusercontent.com/-4OOPwdAxSho/AAAAAAAAAAI/AAAAAAAAAH0/lviZf61RlBk/s128-c0x00000000-cc-rp-mo-ba4/photo.jpg",
            "rating": 4,
            "relative_time_description": "3 months ago",
            "text": "",
            "time": 1554962741
        },
        {
            "author_name": "Urbis Vivendi",
            "author_url": "https://www.google.com/maps/contrib/100943461030141926857/reviews",
            "profile_photo_url": "https://lh5.googleusercontent.com/-ojGzb8YT0UA/AAAAAAAAAAI/AAAAAAAAF70/bVuneVlShXo/s128-c0x00000000-cc-rp-mo-ba4/photo.jpg",
            "rating": 5,
            "relative_time_description": "6 months ago",
            "text": "",
            "time": 1547856566
        }
    ],
	"type":"museum"
}

