{
    "id": "424c057313b6827fc7a980bb435e8460bba48f12",
    "location": {
        "lat": 37.976256,
        "lng": 23.741262
    },
    "name": "Art Appel Gallery for Contemporary Art",
    "rating": 4.4,
    "reviews": [
        {
            "author_name": "Armando Ramos",
            "author_url": "https://www.google.com/maps/contrib/117144825109247158205/reviews",
            "language": "en",
            "profile_photo_url": "https://lh3.googleusercontent.com/-WFhCw0PycJI/AAAAAAAAAAI/AAAAAAAAAAA/ACHi3rfxGndPVBtep5ovTLyOpOW9QBCEvA/s128-c0x00000000-cc-rp-mo-ba5/photo.jpg",
            "rating": 5,
            "relative_time_description": "7 months ago",
            "text": "Fantastic selection",
            "time": 1545998713
        },
        {
            "author_name": "Dimitri Katris",
            "author_url": "https://www.google.com/maps/contrib/116430972517901663440/reviews",
            "language": "el",
            "profile_photo_url": "https://lh5.googleusercontent.com/-kjPL41lUBcA/AAAAAAAAAAI/AAAAAAAAGnk/FaCz0UE-tyI/s128-c0x00000000-cc-rp-mo-ba4/photo.jpg",
            "rating": 5,
            "relative_time_description": "4 months ago",
            "text": "\u0395\u03be\u03b1\u03b9\u03c1\u03b5\u03c4\u03b9\u03ba\u03b7 \u03b3\u03ba\u03b1\u03bb\u03b5\u03c1\u03b9, \u03c6\u03b9\u03bb\u03bf\u03be\u03b5\u03bd\u03bf\u03c2 \u03c7\u03c9\u03c1\u03bf\u03c2, \u03c5\u03c0\u03b5\u03c1\u03bf\u03c7\u03bf\u03b9 \u03b1\u03bd\u03b8\u03c1\u03c9\u03c0\u03bf\u03b9",
            "time": 1553982632
        },
        {
            "author_name": "christina karamanli",
            "author_url": "https://www.google.com/maps/contrib/111742471953353092436/reviews",
            "language": "el",
            "profile_photo_url": "https://lh6.googleusercontent.com/-idQqDQNrdcM/AAAAAAAAAAI/AAAAAAAAN64/jeapvDH9CZI/s128-c0x00000000-cc-rp-mo-ba5/photo.jpg",
            "rating": 4,
            "relative_time_description": "a year ago",
            "text": "\u0396\u03b5\u03c3\u03c4\u03cc\u03c2 \u03c7\u03ce\u03c1\u03bf\u03c2 \u03ba\u03b1\u03b9 \u03c3\u03b5 \u03c3\u03c5\u03bd\u03b4\u03b9\u03b1\u03c3\u03bc\u03bf \u03bc\u03b5 \u03c4\u03bf\u03bd \u03bc\u03b9\u03ba\u03c1\u03cc \u03ba\u03ae\u03c0\u03bf \u03c4\u03bf\u03c5 \u03c4\u03b5\u03bb\u03b5\u03b9\u03bf\u03c2!!!",
            "time": 1522663188
        },
        {
            "author_name": "\u03a3\u03c4\u03ac\u03b8\u03b7\u03c2 \u0399\u03bd\u03c4\u03b6\u03ad\u03c2",
            "author_url": "https://www.google.com/maps/contrib/106173385877768846807/reviews",
            "language": "el",
            "profile_photo_url": "https://lh4.googleusercontent.com/-u4crwzIj3zU/AAAAAAAAAAI/AAAAAAAACtU/3unpxtP70oQ/s128-c0x00000000-cc-rp-mo-ba4/photo.jpg",
            "rating": 5,
            "relative_time_description": "a year ago",
            "text": "\u03a6\u03c9\u03c4\u03b5\u03b9\u03bd\u03cc\u03c2 \u03ba\u03b1\u03b9 \u03b6\u03b5\u03c3\u03c4\u03cc\u03c2 \u03c7\u03ce\u03c1\u03bf\u03c2 \u03bc\u03b5 \u03b1\u03be\u03b9\u03cc\u03bb\u03bf\u03b3\u03bf\u03c5\u03c2 \u03b1\u03bd\u03b8\u03c1\u03ce\u03c0\u03bf\u03c5\u03c2",
            "time": 1516904044
        },
        {
            "author_name": "Konstantinos Kontogiannis",
            "author_url": "https://www.google.com/maps/contrib/113654225536666367153/reviews",
            "language": "el",
            "profile_photo_url": "https://lh5.googleusercontent.com/--TCrAnmKUEM/AAAAAAAAAAI/AAAAAAAAAco/6goNDoS7XSg/s128-c0x00000000-cc-rp-mo-ba4/photo.jpg",
            "rating": 5,
            "relative_time_description": "10 months ago",
            "text": "\u03a9\u03c1\u03b1\u03af\u03bf\u03c2 \u03c7\u03ce\u03c1\u03bf\u03c2",
            "time": 1538148699
        }
    ],
    "type": "art_gallery"
}