{
    "id": "73de4c3bb86c5d63fc4260deccde2bf6101b091f",
    "location": {
        "lat": 37.9705391,
        "lng": 23.7269009
    },
    "name": "Temple of Themis",
    "rating": 4.4,
    "reviews": [
        {
            "author_name": "NMK T",
            "author_url": "https://www.google.com/maps/contrib/117698158949105840612/reviews",
            "language": "fi",
            "profile_photo_url": "https://lh4.googleusercontent.com/-XP2CJeNAJ6Q/AAAAAAAAAAI/AAAAAAAAAHY/-RybZLemIaQ/s128-c0x00000000-cc-rp-mo-ba4/photo.jpg",
            "rating": 3,
            "relative_time_description": "4 weeks ago",
            "text": "Huollossa",
            "time": 1563094309
        },
        {
            "author_name": "Juan Diego Javier",
            "author_url": "https://www.google.com/maps/contrib/105569194234771348736/reviews",
            "profile_photo_url": "https://lh4.googleusercontent.com/-6IejaW48viw/AAAAAAAAAAI/AAAAAAAAAG8/OCNHNu5wO5k/s128-c0x00000000-cc-rp-mo-ba6/photo.jpg",
            "rating": 4,
            "relative_time_description": "2 months ago",
            "text": "",
            "time": 1559766191
        },
        {
            "author_name": "\u042e\u043b\u0438\u044f \u0420\u044b\u0431\u043a\u0430",
            "author_url": "https://www.google.com/maps/contrib/109756810324516640971/reviews",
            "profile_photo_url": "https://lh4.googleusercontent.com/-e3ERiv0qWVE/AAAAAAAAAAI/AAAAAAAABdM/T1qZPC9lAD8/s128-c0x00000000-cc-rp-mo-ba5/photo.jpg",
            "rating": 5,
            "relative_time_description": "3 months ago",
            "text": "",
            "time": 1557516831
        },
        {
            "author_name": "alejandro molina",
            "author_url": "https://www.google.com/maps/contrib/103529570770078187766/reviews",
            "profile_photo_url": "https://lh6.googleusercontent.com/-KDcBmzIyFh4/AAAAAAAAAAI/AAAAAAAAAAQ/RuOygUVn5xs/s128-c0x00000000-cc-rp-mo/photo.jpg",
            "rating": 5,
            "relative_time_description": "10 months ago",
            "text": "",
            "time": 1539346060
        },
        {
            "author_name": "\u0421\u0435\u0440\u0433\u0435\u0439 \u0413\u0440\u043e\u043c\u043e\u0432",
            "author_url": "https://www.google.com/maps/contrib/101044745312091699126/reviews",
            "profile_photo_url": "https://lh6.googleusercontent.com/-xI08noJTBVA/AAAAAAAAAAI/AAAAAAAAAzM/yvX8n0Ogwq8/s128-c0x00000000-cc-rp-mo/photo.jpg",
            "rating": 4,
            "relative_time_description": "10 months ago",
            "text": "",
            "time": 1538306923
        }
    ],
    "type": "point_of_interest"
}