{
    "id": "8b3786ae5d6a8602242b7f1c9d2000848ad423fe",
    "location": {
        "lat": 37.9613163,
        "lng": 23.7053809
    },
    "name": "National Resistance Monument",
    "rating": 4,
    "reviews": [
        {
            "author_name": "Evangelos Lampos",
            "author_url": "https://www.google.com/maps/contrib/103332964245233686025/reviews",
            "language": "el",
            "profile_photo_url": "https://lh5.googleusercontent.com/-eNZtvY0g0bY/AAAAAAAAAAI/AAAAAAAAAAA/ACHi3rdE0Dwqt6TWbuPZh73uLqi18NtWhA/s128-c0x00000000-cc-rp-mo/photo.jpg",
            "rating": 3,
            "relative_time_description": "a year ago",
            "text": "\u0394\u03c5\u03c3\u03c4\u03c5\u03c7\u03c9\u03c2 \u03b5\u03b9\u03bd\u03b1\u03b9 \u03c3\u03c0\u03b1\u03bd\u03b9\u03b1 \u03b1\u03bd\u03bf\u03b9\u03ba\u03c4\u03bf",
            "time": 1516447911
        },
        {
            "author_name": "\u0391\u03bd\u03c4\u03ce\u03bd\u03b7\u03c2 \u039a\u03bf\u03c1\u03af\u03bd\u03b8\u03b9\u03bf\u03c2",
            "author_url": "https://www.google.com/maps/contrib/102706603536476223218/reviews",
            "profile_photo_url": "https://lh3.googleusercontent.com/-T88mteNqxE4/AAAAAAAAAAI/AAAAAAAAABs/nfTn1g-yrTc/s128-c0x00000000-cc-rp-mo-ba5/photo.jpg",
            "rating": 5,
            "relative_time_description": "2 years ago",
            "text": "",
            "time": 1497456874
        }
    ],
    "type": "point_of_interest"
}