{
    "id": "b56d1680197e19e92620781432a53f0830247c0d",
    "location": {
        "lat": 37.9744353,
        "lng": 23.735182
    },
    "name": "\u038a\u03b4\u03c1\u03c5\u03bc\u03b1 \u0386\u03b3\u03b3\u03b5\u03bb\u03bf\u03c5 & \u039b\u03b7\u03c4\u03ce\u03c2 \u039a\u03b1\u03c4\u03b1\u03ba\u03bf\u03c5\u03b6\u03b7\u03bd\u03bf\u03cd",
    "rating": 4.6,
    "reviews": [
        {
            "author_name": "Dimitris Markouizos",
            "author_url": "https://www.google.com/maps/contrib/107547528226878751264/reviews",
            "language": "en",
            "profile_photo_url": "https://lh3.googleusercontent.com/-c8HPG7bs2AE/AAAAAAAAAAI/AAAAAAAACK8/LaZZdqFb0rA/s128-c0x00000000-cc-rp-mo-ba3/photo.jpg",
            "rating": 5,
            "relative_time_description": "3 weeks ago",
            "text": "Very interesting place filled with so many stories.",
            "time": 1562983843
        },
        {
            "author_name": "Vici Ellos",
            "author_url": "https://www.google.com/maps/contrib/104716888270781015143/reviews",
            "language": "el",
            "profile_photo_url": "https://lh5.googleusercontent.com/-kUHDxGT3v1o/AAAAAAAAAAI/AAAAAAAAAAA/ACHi3rcBtTtQIbMf4W8DcZXCbQjj_5UQvw/s128-c0x00000000-cc-rp-mo-ba2/photo.jpg",
            "rating": 5,
            "relative_time_description": "2 months ago",
            "text": "\u03a0\u03bf\u03bb\u03cd \u03cc\u03bc\u03bf\u03c1\u03c6\u03bf \u03ba\u03b1\u03b9 \u03c6\u03b9\u03bb\u03cc\u03be\u03b5\u03bd\u03bf \u03c0\u03b5\u03c1\u03b9\u03b2\u03ac\u03bb\u03bb\u03bf\u03bd!",
            "time": 1558331403
        },
        {
            "author_name": "\u0393\u0399\u03a9\u03a1\u0393\u039f\u03a3 \u0398\u0391\u039d\u039f\u03a0\u039f\u03a5\u039b\u039f\u03a3",
            "author_url": "https://www.google.com/maps/contrib/112293104956713097475/reviews",
            "language": "el",
            "profile_photo_url": "https://lh3.googleusercontent.com/-CXlQAA6tMlw/AAAAAAAAAAI/AAAAAAAAAAA/ACHi3rfmTgIqSDe_beBrkdkpQIy2WhDjew/s128-c0x00000000-cc-rp-mo-ba4/photo.jpg",
            "rating": 5,
            "relative_time_description": "4 months ago",
            "text": "\u0395\u03be\u03b1\u03b9\u03c1\u03b5\u03c4\u03b9\u03ba\u03cc",
            "time": 1554221520
        },
        {
            "author_name": "OLGA T.",
            "author_url": "https://www.google.com/maps/contrib/103993317395687674161/reviews",
            "profile_photo_url": "https://lh3.googleusercontent.com/-XZGH38BlpOg/AAAAAAAAAAI/AAAAAAAAAAA/ACHi3rcD586jejR-jkk2-SOjjr_aZBmc7A/s128-c0x00000000-cc-rp-mo-ba3/photo.jpg",
            "rating": 5,
            "relative_time_description": "a month ago",
            "text": "",
            "time": 1560257408
        },
        {
            "author_name": "Myrtilo",
            "author_url": "https://www.google.com/maps/contrib/109341546410441541227/reviews",
            "profile_photo_url": "https://lh3.googleusercontent.com/-fxDtz2MG2HU/AAAAAAAAAAI/AAAAAAAAdMM/IGHiRipErnk/s128-c0x00000000-cc-rp-mo/photo.jpg",
            "rating": 4,
            "relative_time_description": "3 months ago",
            "text": "",
            "time": 1556745602
        }
    ],
	"type":"museum"
}

