{
    "id": "6c127f7d76f7da9911cf58736c0920a377df07cf",
    "location": {
        "lat": 37.9762006,
        "lng": 23.708141
    },
    "name": "Art Workshop",
    "rating": 5,
    "reviews": [
        {
            "author_name": "Oencue Feleko\u011flu",
            "author_url": "https://www.google.com/maps/contrib/111075093356143371921/reviews",
            "profile_photo_url": "https://lh6.googleusercontent.com/-aZawy7Xq1bw/AAAAAAAAAAI/AAAAAAAAAFs/PYS3M460Em0/s128-c0x00000000-cc-rp-mo-ba4/photo.jpg",
            "rating": 5,
            "relative_time_description": "a year ago",
            "text": "",
            "time": 1530774244
        }
    ],
	"type":"museum"
}

