{
    "id": "837b987952bd392bfd6d85238357aa4925a643d2",
    "location": {
        "lat": 37.9731575,
        "lng": 23.7269076
    },
    "name": "Athens University History Museum",
    "rating": 4.5,
    "reviews": [
        {
            "author_name": "Gillian Steyn",
            "author_url": "https://www.google.com/maps/contrib/117406380300216155023/reviews",
            "language": "en",
            "profile_photo_url": "https://lh5.googleusercontent.com/-dmCPvFm9AeM/AAAAAAAAAAI/AAAAAAAABvU/fGbolWrRvZE/s128-c0x00000000-cc-rp-mo-ba2/photo.jpg",
            "rating": 4,
            "relative_time_description": "a week ago",
            "text": "It's hidden in the middle of Plaka and Anafiotika, there are almost no tourists there. It's a hidden gem and has a beautiful terrice view of the whole city. Student discount is available and it's quite interesting inside.",
            "time": 1563350153
        },
        {
            "author_name": "Helle Damgaard Andersen",
            "author_url": "https://www.google.com/maps/contrib/107555979530501632903/reviews",
            "language": "en",
            "profile_photo_url": "https://lh4.googleusercontent.com/-sKHRxW3SrgE/AAAAAAAAAAI/AAAAAAAAAAA/ACHi3rf3XxiaYEXBrNGJccP7hVoMJtubdQ/s128-c0x00000000-cc-rp-mo-ba3/photo.jpg",
            "rating": 1,
            "relative_time_description": "4 weeks ago",
            "text": "Sorry not interesting....",
            "time": 1561544755
        },
        {
            "author_name": "Miriam Groombridge",
            "author_url": "https://www.google.com/maps/contrib/110667835246691587033/reviews",
            "language": "en",
            "profile_photo_url": "https://lh3.googleusercontent.com/-rDTCoSh5sGM/AAAAAAAAAAI/AAAAAAAAAAA/ACHi3rdSv4aSzQ_3K2kUAU0tbhzwTz6BMw/s128-c0x00000000-cc-rp-mo/photo.jpg",
            "rating": 4,
            "relative_time_description": "10 months ago",
            "text": "Interesting little museum about the history of Athens, the University and the building itself.  Literally in the shadow of the Acropolis, I was surprised that there weren't more visitors - most definitely worth the two Euro entry.",
            "time": 1537472495
        },
        {
            "author_name": "Debbie Theodosiou",
            "author_url": "https://www.google.com/maps/contrib/109612965001522393132/reviews",
            "language": "en",
            "profile_photo_url": "https://lh3.googleusercontent.com/-XZ_cXvrUzR8/AAAAAAAAAAI/AAAAAAAAC2M/A6IRBXTG9nc/s128-c0x00000000-cc-rp-mo-ba4/photo.jpg",
            "rating": 5,
            "relative_time_description": "2 years ago",
            "text": "Really nice and interesting museum that is located in the heart of the most beautiful neighborhood of historic Athens, Plaka. The visitor can learn the history of the oldest University in the balkans and see in real life scientific stuff such as old dentist tools, chairs, scientific stuff etc. The big plus the amazing view of Athens from the top floor. ",
            "time": 1490715413
        },
        {
            "author_name": "Winfred van de Put",
            "author_url": "https://www.google.com/maps/contrib/104385012001026597290/reviews",
            "language": "en",
            "profile_photo_url": "https://lh5.googleusercontent.com/-eb7Blpxh17Y/AAAAAAAAAAI/AAAAAAAASe4/FqQXbSFkI-o/s128-c0x00000000-cc-rp-mo-ba3/photo.jpg",
            "rating": 4,
            "relative_time_description": "a year ago",
            "text": "nice museum about the history of Athens University, beautiful building",
            "time": 1529904753
        }
    ],
	"type":"museum"
}

