{
    "id": "aaf82db52f61ad1970b7d71f53ab2f4d60463c77",
    "location": {
        "lat": 37.9819906,
        "lng": 23.7158328
    },
    "name": "Greek Traditional Scarfs Oikonomopoulos",
    "rating": 5,
    "reviews": [
        {
            "author_name": "Ni Kyr",
            "author_url": "https://www.google.com/maps/contrib/104548797499416008896/reviews",
            "profile_photo_url": "https://lh4.googleusercontent.com/-b6tG_ZtHakM/AAAAAAAAAAI/AAAAAAAABEo/4hEvkjKF5U8/s128-c0x00000000-cc-rp-mo-ba4/photo.jpg",
            "rating": 5,
            "relative_time_description": "2 years ago",
            "text": "",
            "time": 1481186159
        }
    ],
	"type":"museum"
}

