{
    "id": "461f9831d228f1361b4f7c68b7b68f7985b69d89",
    "location": {
        "lat": 37.9862542,
        "lng": 23.7336326
    },
    "name": "#justice for Zak/Zakie Graffiti",
    "rating": 5,
    "reviews": [
        {
            "author_name": "Katia Razak",
            "author_url": "https://www.google.com/maps/contrib/114087350524197366154/reviews",
            "language": "el",
            "profile_photo_url": "https://lh3.googleusercontent.com/-xJ5sxHAWFRk/AAAAAAAAAAI/AAAAAAAABd0/zqFUOo2Cr-0/s128-c0x00000000-cc-rp-mo-ba4/photo.jpg",
            "rating": 5,
            "relative_time_description": "a month ago",
            "text": "\u03a4\u03bf \u03bd\u03ad\u03bf \u03b5\u03bd\u03c4\u03c5\u03c0\u03c9\u03c3\u03b9\u03b1\u03ba\u03cc \u03b3\u03ba\u03c1\u03ac\u03c6\u03b9\u03c4\u03b9 \u03c0\u03bf\u03c5 \u03ba\u03bf\u03c3\u03bc\u03b5\u03af \u03c4\u03bf\u03bd \u03c4\u03bf\u03af\u03c7\u03bf \u03bc\u03b9\u03b1\u03c2 \u03c0\u03bf\u03bb\u03c5\u03ba\u03b1\u03c4\u03bf\u03b9\u03ba\u03af\u03b1\u03c2 \u03c3\u03c4\u03b1 \u0395\u03be\u03ac\u03c1\u03c7\u03b5\u03b9\u03b1 (\u03a3\u03bf\u03c5\u03bb\u03c4\u03ac\u03bd\u03b7 \u03ba\u03b1\u03b9 \u03a3\u03bf\u03bb\u03c9\u03bc\u03bf\u03cd) \u03c4\u03bf \u03bf\u03c0\u03bf\u03af\u03bf \u03ad\u03c6\u03c4\u03b9\u03b1\u03be\u03b1\u03bd \u03bf\u03b9 politicalstencil.com \u03ba\u03b1\u03b9 \u03b7 \u03c0\u03c1\u03c9\u03c4\u03bf\u03b2\u03bf\u03c5\u03bb\u03af\u03b1 \u00abJustice For Zak/Zackie\u00bb\n\n\u039f \u0396\u03b1\u03c7\u03b1\u03c1\u03af\u03b1\u03c2 \u039a\u03c9\u03c3\u03c4\u03cc\u03c0\u03bf\u03c5\u03bb\u03bf\u03c2, \u03ae \u03b1\u03bb\u03bb\u03b9\u03ce\u03c2 \u0396\u03b1\u03ba, \u03ae\u03c4\u03b1\u03bd \u03b1\u03ba\u03c4\u03b9\u03b2\u03b9\u03c3\u03c4\u03ae\u03c2 \u03c4\u03b7\u03c2 \u039b\u039f\u0391\u03a4\u039a\u0399 \u03ba\u03bf\u03b9\u03bd\u03cc\u03c4\u03b7\u03c4\u03b1\u03c2 \u03b4\u03bf\u03bb\u03bf\u03c6\u03bf\u03bd\u03ae\u03b8\u03b7\u03ba\u03b5 \u03c3\u03c4\u03b9\u03c2 21 \u03a3\u03b5\u03c0\u03c4\u03b5\u03bc\u03b2\u03c1\u03af\u03bf\u03c5 2018.",
            "time": 1561320042
        }
    ],
	"type":"museum"
}

