{
    "id": "3360d07c5715daa1bba1ec182d341e7fe195add8",
    "location": {
        "lat": 37.9805039,
        "lng": 23.7208476
    },
    "name": "Collaborative Studio Incorrect Movement",
    "rating": 4.4,
    "reviews": [
        {
            "author_name": "Stella Kaper",
            "author_url": "https://www.google.com/maps/contrib/114057407331644514845/reviews",
            "language": "el",
            "profile_photo_url": "https://lh3.googleusercontent.com/-oFpFbfOJcu4/AAAAAAAAAAI/AAAAAAAAABE/KLxqbMxsE8I/s128-c0x00000000-cc-rp-mo-ba4/photo.jpg",
            "rating": 5,
            "relative_time_description": "12 months ago",
            "text": "\u03a0\u03bf\u03bb\u03cd \u03cc\u03bc\u03bf\u03c1\u03c6\u03bf \u03c3\u03c4\u03bf\u03cd\u03bd\u03c4\u03b9\u03bf,\u03ad\u03c4\u03c5\u03c7\u03b5 \u03bd\u03b1 \u03c0\u03b1\u03c1\u03b1\u03ba\u03bf\u03bb\u03bf\u03c5\u03b8\u03ae\u03c3\u03c9 \u03bc\u03b1\u03b8\u03ae\u03bc\u03b1\u03c4\u03b1 \u03b3\u03b9\u03cc\u03b3\u03ba\u03b1,\u03bc\u03b5\u03b3\u03ac\u03bb\u03bf\u03c2 \u03bf \u03c7\u03ce\u03c1\u03bf\u03c2 \u03ba\u03b1\u03b9 \u03c3\u03bf\u03c5 \u03b2\u03b3\u03ac\u03b6\u03b5\u03b9 \u03b7\u03c1\u03b5\u03bc\u03af\u03b1 & \u03c7\u03b1\u03bb\u03ac\u03c1\u03c9\u03c3\u03b7! \u03bc\u03c0\u03c1\u03ac\u03b2\u03bf \u03b3\u03b9\u03b1 \u03c4\u03b7\u03bd \u03c0\u03c1\u03bf\u03c3\u03c0\u03ac\u03b8\u03b5\u03b9\u03b1,\u03b5\u03af\u03bd\u03b1\u03b9 \u03c9\u03c1\u03b1\u03af\u03bf \u03bd\u03b1 \u03c5\u03c0\u03ac\u03c1\u03c7\u03bf\u03c5\u03bd \u03c4\u03ad\u03c4\u03bf\u03b9\u03bf\u03b9 \u03c7\u03ce\u03c1\u03bf\u03b9, \u03bc\u03b1\u03c2 \u03ba\u03ac\u03bd\u03bf\u03c5\u03bd \u03ba\u03b1\u03bb\u03cd\u03c4\u03b5\u03c1\u03bf\u03c5\u03c2 \u03b1\u03bd\u03b8\u03c1\u03ce\u03c0\u03bf\u03c5\u03c2!",
            "time": 1533285469
        },
        {
            "author_name": "Konstantinos Hytis",
            "author_url": "https://www.google.com/maps/contrib/108513270500625395335/reviews",
            "language": "el",
            "profile_photo_url": "https://lh6.googleusercontent.com/-mohCP9VF51A/AAAAAAAAAAI/AAAAAAACfVk/VPgQnJ1uUxY/s128-c0x00000000-cc-rp-mo-ba5/photo.jpg",
            "rating": 4,
            "relative_time_description": "2 years ago",
            "text": "\u0395\u03bd\u03b4\u03b9\u03b1\u03c6\u03ad\u03c1\u03bf\u03c5\u03c3\u03b1 \u03c3\u03c7\u03bf\u03bb\u03ae! \u039a\u03b9\u03bd\u03ae\u03c3\u03b5\u03b9\u03c2 \u03c0\u03bf\u03c5 \u03bc\u03b5\u03c4\u03b1\u03c6\u03ad\u03c1\u03bf\u03c5\u03bd \u03b3\u03b1\u03bb\u03ae\u03bd\u03b7 \u03ba \u03b1\u03c1\u03bc\u03bf\u03bd\u03af\u03b1!",
            "time": 1497297789
        },
        {
            "author_name": "Panos Soldatos",
            "author_url": "https://www.google.com/maps/contrib/100697545592721121235/reviews",
            "language": "el",
            "profile_photo_url": "https://lh6.googleusercontent.com/-PEDG-rjaB2Q/AAAAAAAAAAI/AAAAAAAAAAA/ACHi3rcWpTd-5BucjNPI1xn64uL3b4H6ig/s128-c0x00000000-cc-rp-mo-ba4/photo.jpg",
            "rating": 5,
            "relative_time_description": "2 years ago",
            "text": "\u03a0\u03bf\u03bb\u03c5 \u03b1\u03be\u03b9\u03bf\u03bb\u03bf\u03b3\u03b7 \u03c0\u03c1\u03bf\u03c3\u03c0\u03b1\u03b8\u03b5\u03b9\u03b1 \u03b1\u03bd\u03c9\u03c4\u03b5\u03c1\u03b7 \u03c4\u03c9\u03bd \u03c0\u03c1\u03bf\u03c3\u03b4\u03bf\u03ba\u03b9\u03c9\u03bd..",
            "time": 1489935751
        },
        {
            "author_name": "Indrit Salliu",
            "author_url": "https://www.google.com/maps/contrib/113109919733983752927/reviews",
            "profile_photo_url": "https://lh6.googleusercontent.com/-QinrsuJcjOA/AAAAAAAAAAI/AAAAAAAAQc0/ntElnpQYiWw/s128-c0x00000000-cc-rp-mo/photo.jpg",
            "rating": 5,
            "relative_time_description": "a year ago",
            "text": "",
            "time": 1531237474
        },
        {
            "author_name": "it don't mean a thing if it ain't got that swing!",
            "author_url": "https://www.google.com/maps/contrib/117012867633548874843/reviews",
            "profile_photo_url": "https://lh6.googleusercontent.com/-4ibKi0MoSLI/AAAAAAAAAAI/AAAAAAAAAAA/ACHi3rfNauLQD8Or9gBjyTtrYBB35F3BRg/s128-c0x00000000-cc-rp-mo/photo.jpg",
            "rating": 5,
            "relative_time_description": "a year ago",
            "text": "",
            "time": 1516222149
        }
    ],
	"type":"museum"
}

