{
    "id": "f24717d59ef17fff70da9776c5f8c9105c677c74",
    "location": {
        "lat": 37.9776361,
        "lng": 23.7327983
    },
    "name": "Old Parliament",
    "rating": 4.7,
    "reviews": [
        {
            "author_name": "Ioannis Paisis",
            "author_url": "https://www.google.com/maps/contrib/100798324337210552131/reviews",
            "language": "en",
            "profile_photo_url": "https://lh4.googleusercontent.com/-Xb5y38oIXYY/AAAAAAAAAAI/AAAAAAAAAOA/WLYG0kXYShA/s128-c0x00000000-cc-rp-mo-ba6/photo.jpg",
            "rating": 5,
            "relative_time_description": "2 weeks ago",
            "text": "Impressive neoclassical building used as Parliament a few decades ago. Nowadays it houses a museum about the independence of Greece. You need about one hour to explore it. On Sunday the entrance is free. The first Sunday of every month there is tour guide free of charge on 12.00. It deserves a visit.",
            "time": 1562946670
        },
        {
            "author_name": "sptwo orbital",
            "author_url": "https://www.google.com/maps/contrib/104363050576202436879/reviews",
            "language": "en",
            "profile_photo_url": "https://lh6.googleusercontent.com/-3i7JXwP_5XQ/AAAAAAAAAAI/AAAAAAAAAFA/yITa_XUllD0/s128-c0x00000000-cc-rp-mo-ba3/photo.jpg",
            "rating": 5,
            "relative_time_description": "a month ago",
            "text": "It is amazing in architecture and neoclassical decoration. Also, means a lot to the Greek nation. A must.",
            "time": 1559588284
        },
        {
            "author_name": "Kyr Raf",
            "author_url": "https://www.google.com/maps/contrib/113767788253682370260/reviews",
            "language": "en",
            "profile_photo_url": "https://lh5.googleusercontent.com/-AmCnIDIbnMw/AAAAAAAAAAI/AAAAAAAAAAA/ACHi3rfervUJHAQzhFV4TWlfw-7uFFJY9Q/s128-c0x00000000-cc-rp-mo-ba4/photo.jpg",
            "rating": 5,
            "relative_time_description": "2 months ago",
            "text": "A must see attraction.\nCozy and alternative bars in the numerous alleys!",
            "time": 1556869334
        },
        {
            "author_name": "\u0394\u0399\u039f\u039d\u03a5\u03a3\u0399\u039f\u03a3 \u039c\u0391\u03a1\u0393\u0391\u03a1\u0397\u03a3",
            "author_url": "https://www.google.com/maps/contrib/100276972592719007387/reviews",
            "language": "en",
            "profile_photo_url": "https://lh3.googleusercontent.com/-c_fZQo0-4LY/AAAAAAAAAAI/AAAAAAAANOE/o3TuiqKEop0/s128-c0x00000000-cc-rp-mo/photo.jpg",
            "rating": 5,
            "relative_time_description": "2 weeks ago",
            "text": "Modern history of Greece in front of your eyes",
            "time": 1562759617
        },
        {
            "author_name": "Jane Cooke",
            "author_url": "https://www.google.com/maps/contrib/115031647011243762879/reviews",
            "language": "en",
            "profile_photo_url": "https://lh3.googleusercontent.com/-U5ZXGEsonmk/AAAAAAAAAAI/AAAAAAAAAwQ/EpfwXTZcRxM/s128-c0x00000000-cc-rp-mo-ba3/photo.jpg",
            "rating": 5,
            "relative_time_description": "2 months ago",
            "text": "This museum tells the story of Greek Independence through pictures and artefacts. It's also the former Greek Parliament. It's about an hour to go round.",
            "time": 1557839140
        }
    ],
	"type":"museum"
}

