{
    "id": "7c0615f05e910ffb2c9c9d75537c7d73cd29f10a",
    "location": {
        "lat": 37.9722754,
        "lng": 23.73229
    },
    "name": "\u039c\u03bf\u03c5\u03c3\u03b5\u03af\u03bf \u03a6\u03c1\u03c5\u03c3\u03af\u03c1\u03b1",
    "rating": 4.5,
    "reviews": [
        {
            "author_name": "Jane Dimock",
            "author_url": "https://www.google.com/maps/contrib/107895759610404016686/reviews",
            "language": "en",
            "profile_photo_url": "https://lh3.googleusercontent.com/-2JXPWe3_hjQ/AAAAAAAAAAI/AAAAAAAAAAA/ACHi3rexxW8NGJhnc2qeJwBRiebP7euX8Q/s128-c0x00000000-cc-rp-mo/photo.jpg",
            "rating": 5,
            "relative_time_description": "4 months ago",
            "text": "The building is lovely and I enjoyed the work of 10 women. The styles and media they worked in were so very individual. I especially admired the installation on Marie Xristea and am disappointed not to find it on the internet. It deserves a wider audience.",
            "time": 1554039482
        },
        {
            "author_name": "Barbara Kokkotas",
            "author_url": "https://www.google.com/maps/contrib/106883432712088229978/reviews",
            "language": "en",
            "profile_photo_url": "https://lh6.googleusercontent.com/-rUDjwZLqGA8/AAAAAAAAAAI/AAAAAAAAFqg/xYMOsLVizUU/s128-c0x00000000-cc-rp-mo/photo.jpg",
            "rating": 4,
            "relative_time_description": "5 months ago",
            "text": "A well placed private museum of contemporary art in the heart of Plaka.. Worth visiting",
            "time": 1549438635
        },
        {
            "author_name": "Konstantinos Diplas",
            "author_url": "https://www.google.com/maps/contrib/103071074001066214763/reviews",
            "language": "en",
            "profile_photo_url": "https://lh4.googleusercontent.com/-BBOXevEEfTs/AAAAAAAAAAI/AAAAAAAAAAA/ACHi3rfqYYfZwWvL4SrYsM8lLqI1Mzx_yw/s128-c0x00000000-cc-rp-mo-ba3/photo.jpg",
            "rating": 4,
            "relative_time_description": "5 months ago",
            "text": "ALWAYS WITH AN EXCELLENT EXHIBITION",
            "time": 1551334193
        },
        {
            "author_name": "Anastasia Gureeva",
            "author_url": "https://www.google.com/maps/contrib/103105834762413510840/reviews",
            "language": "en",
            "profile_photo_url": "https://lh3.googleusercontent.com/-hO7wu0p6yVg/AAAAAAAAAAI/AAAAAAAAMUM/3PyPIsBlpww/s128-c0x00000000-cc-rp-mo-ba3/photo.jpg",
            "rating": 5,
            "relative_time_description": "10 months ago",
            "text": "well hidden but spectacular (for modern painting lovers)",
            "time": 1536259227
        },
        {
            "author_name": "Christin Laugren",
            "author_url": "https://www.google.com/maps/contrib/116810532861757826279/reviews",
            "language": "en",
            "profile_photo_url": "https://lh3.googleusercontent.com/-ctLVayIEOM8/AAAAAAAAAAI/AAAAAAAAAAA/ACHi3rewGB7FwgxWJqeqMTvpSLH0gl3xVw/s128-c0x00000000-cc-rp-mo/photo.jpg",
            "rating": 5,
            "relative_time_description": "3 weeks ago",
            "text": "Beautiful!!",
            "time": 1562683606
        }
    ],
	"type":"museum"
}

