{
    "id": "e6f7239553c34621d3ffd7343007e04e267700a7",
    "location": {
        "lat": 37.9741519,
        "lng": 23.7082938
    },
    "name": "Benaki Museum",
    "rating": 4.7,
    "reviews": [
        {
            "author_name": "Yibin Zhang",
            "author_url": "https://www.google.com/maps/contrib/107553426044114793502/reviews",
            "language": "en",
            "profile_photo_url": "https://lh5.googleusercontent.com/-ZqjS1IFVngM/AAAAAAAAAAI/AAAAAAAAAEU/VbPsL5_wQ00/s128-c0x00000000-cc-rp-mo-ba2/photo.jpg",
            "rating": 5,
            "relative_time_description": "2 weeks ago",
            "text": "Really great contemporary art gallery. You can easily spend at least 2-3 Hours here. It's definitely worth the money. And there is 50% student discount.",
            "time": 1562247634
        },
        {
            "author_name": "Ioannis Paisis",
            "author_url": "https://www.google.com/maps/contrib/100798324337210552131/reviews",
            "language": "en",
            "profile_photo_url": "https://lh4.googleusercontent.com/-Xb5y38oIXYY/AAAAAAAAAAI/AAAAAAAAAOA/WLYG0kXYShA/s128-c0x00000000-cc-rp-mo-ba6/photo.jpg",
            "rating": 5,
            "relative_time_description": "2 months ago",
            "text": "A modern building that houses very interesting collections. The exhibition \"Road of Arabia\" was fantastic. The tour guide, the artifacts and the whole presentation was very impressive.",
            "time": 1557672077
        },
        {
            "author_name": "Katerina Theologou",
            "author_url": "https://www.google.com/maps/contrib/112602950182289743792/reviews",
            "language": "en",
            "profile_photo_url": "https://lh6.googleusercontent.com/-vyB6BeKm-kw/AAAAAAAAAAI/AAAAAAAAAHw/3wWEc_2-4cs/s128-c0x00000000-cc-rp-mo/photo.jpg",
            "rating": 5,
            "relative_time_description": "2 months ago",
            "text": "I always enjoy spending quality time here. Interesting and very well presented exhibitions all year round. Few minutes walking from metro station.",
            "time": 1556538064
        },
        {
            "author_name": "luigi belotti",
            "author_url": "https://www.google.com/maps/contrib/115923268798129108863/reviews",
            "language": "en",
            "profile_photo_url": "https://lh6.googleusercontent.com/-f5lk2esiXWM/AAAAAAAAAAI/AAAAAAAAAY4/9ZNGwZIk6Hs/s128-c0x00000000-cc-rp-mo-ba4/photo.jpg",
            "rating": 5,
            "relative_time_description": "2 months ago",
            "text": "It's a must to visit. The temporary exhibitions are always very well organized. The one I just visited \"the roads to Arabia\" is a flashback on Arabian culture.",
            "time": 1558850303
        },
        {
            "author_name": "George Solidakis",
            "author_url": "https://www.google.com/maps/contrib/116222437576027909522/reviews",
            "language": "en",
            "profile_photo_url": "https://lh5.googleusercontent.com/-q0vu_M_KjIE/AAAAAAAAAAI/AAAAAAAAAAA/ACHi3rcZ3rwoU_2hyUOXdzNcmcALUyNDRg/s128-c0x00000000-cc-rp-mo-ba4/photo.jpg",
            "rating": 5,
            "relative_time_description": "a month ago",
            "text": "A modern museum and a place I always like to explore!",
            "time": 1560023929
        }
    ],
	"type":"museum"
}

