{
    "id": "98352c4cf6793d37eb03d281c3a205e7e7e9c1f4",
    "location": {
        "lat": 37.969357,
        "lng": 23.730519
    },
    "name": "Athens Pinball Museum",
    "rating": 4.8,
    "reviews": [
        {
            "author_name": "diddy kong",
            "author_url": "https://www.google.com/maps/contrib/118352943729950836311/reviews",
            "language": "en",
            "profile_photo_url": "https://lh6.googleusercontent.com/-S6Cqyf002_0/AAAAAAAAAAI/AAAAAAAAAAA/ACHi3rfEKwwTkwhvTe72RHU6yjVB0xkG0g/s128-c0x00000000-cc-rp-mo-ba3/photo.jpg",
            "rating": 5,
            "relative_time_description": "in the last week",
            "text": "This place was so much fun! You pay \u20ac10 and can come and go as many times as you like during the day. They have air-conditioning and a bar so it's a good place to escape the heat. They can give you a quick tour when you enter so you can learn some history of pinball. There were a few machines not working but definitely more than enough to keep us occupied. It was cool getting to see the evolution in the game over time. Made me feel like a kid again!",
            "time": 1564401187
        },
        {
            "author_name": "emrachael",
            "author_url": "https://www.google.com/maps/contrib/110177071931597462460/reviews",
            "language": "en",
            "profile_photo_url": "https://lh6.googleusercontent.com/-3QzkmobaFsY/AAAAAAAAAAI/AAAAAAAAAFY/0nwxXmKQtxI/s128-c0x00000000-cc-rp-mo-ba3/photo.jpg",
            "rating": 5,
            "relative_time_description": "a week ago",
            "text": "10\u20ac for unlimited pinball play till close. Workers are super friendly. A few machines under restoration, but there are definitely enough to go around. Must try the Adams family one as I found it the best! Thoroughly enjoyed and a way to spend an afternoon!",
            "time": 1563758261
        },
        {
            "author_name": "Cayman Kai",
            "author_url": "https://www.google.com/maps/contrib/109388704784745309987/reviews",
            "language": "en",
            "profile_photo_url": "https://lh3.googleusercontent.com/-ubCpMKWtWME/AAAAAAAAAAI/AAAAAAAAAAA/ACHi3rcoa6mn9HZBxNvT0HnBLunwyPkjBA/s128-c0x00000000-cc-rp-mo/photo.jpg",
            "rating": 5,
            "relative_time_description": "2 months ago",
            "text": "Really cool place with a retro feel. I\u2019m a super pinball nerd and I was very impressed by the variety of machines and history included on each. Even if you\u2019re just a casual pinball player, it\u2019s a great deal (only 10\u20ac for unlimited play!) to stop in and have a great time with your friends and have a drink.",
            "time": 1558131542
        },
        {
            "author_name": "Andy",
            "author_url": "https://www.google.com/maps/contrib/109212127292343416148/reviews",
            "language": "en",
            "profile_photo_url": "https://lh3.googleusercontent.com/-40xw8CNbyVA/AAAAAAAAAAI/AAAAAAAAfWo/EFsMUFFPPPU/s128-c0x00000000-cc-rp-mo-ba4/photo.jpg",
            "rating": 4,
            "relative_time_description": "a month ago",
            "text": "A fantastic place not far from the A5 tour bus stop. It's 10 euros for play as much as you like. There are machines dating back to the 50s, while some are out of order, anyone over 30 is sure to recognise something from there child hood.\nThe establishment offers drinks and souvenirs as well as plenty of seating from when you are in need of a rest",
            "time": 1560425412
        },
        {
            "author_name": "Derek Hollier-Day",
            "author_url": "https://www.google.com/maps/contrib/109066172295351481433/reviews",
            "language": "en",
            "profile_photo_url": "https://lh5.googleusercontent.com/-zn--DOHacJw/AAAAAAAAAAI/AAAAAAAAEvo/zGX78BlqNmA/s128-c0x00000000-cc-rp-mo-ba3/photo.jpg",
            "rating": 5,
            "relative_time_description": "a month ago",
            "text": "Amazing place to go when in Athens. Its 10 euros to hop in and out all day, reasonable price on drinks, can play on most of the machines though some are under restoration. Old machines as far back as the 50s, and even a rare Addams Family gold. Biggest Pinball Museum in Europe, with super friendly staff, welcoming retro atmosphere, would happily come back again",
            "time": 1560425405
        }
    ],
	"type":"museum"
}

