{
    "id": "5ea660ffec0a51c6530b138cc1e7651d1b3efeb9",
    "location": {
        "lat": 37.9780804,
        "lng": 23.7196735
    },
    "name": "\u039c\u03bf\u03c5\u03c3\u03b5\u03b9\u03bf \u039d\u03b5\u03bf\u03c4\u03b5\u03c1\u03b7\u03c2 \u039a\u03b5\u03c1\u03b1\u03bc\u03b9\u03ba\u03b7\u03c2 \u03a4\u03b5\u03c7\u03bd\u03b7\u03c2",
    "rating": 4.8,
    "reviews": [
        {
            "author_name": "Sofia Ignatiadou",
            "author_url": "https://www.google.com/maps/contrib/116875644544203054383/reviews",
            "language": "el",
            "profile_photo_url": "https://lh6.googleusercontent.com/-8gtebnGxLX0/AAAAAAAAAAI/AAAAAAAAAAA/ACHi3reCpQoF56gibdKlr0m8Kge8Ac8gDw/s128-c0x00000000-cc-rp-mo-ba4/photo.jpg",
            "rating": 4,
            "relative_time_description": "7 months ago",
            "text": "\u0391\u03be\u03af\u03b6\u03b5\u03b9 \u03c4\u03bf\u03bd \u03ba\u03cc\u03c0\u03bf \u03b7 \u03b5\u03c0\u03af\u03c3\u03ba\u03b5\u03c8\u03b7 \u03c3\u03c4\u03bf\u03bd \u03c7\u03ce\u03c1\u03bf \u03c4\u03cc\u03c3\u03bf \u03b3\u03b9\u03b1 \u03c4\u03b1 \u03ba\u03b1\u03b8\u03b1\u03c5\u03c4\u03cc \u03bc\u03bf\u03c5\u03c3\u03b5\u03b9\u03b1\u03ba\u03ac \u03c3\u03c4\u03bf\u03b9\u03c7\u03b5\u03af\u03b1 \u03cc\u03c3\u03bf \u03b3\u03b9\u03b1 \u03c4\u03bf \u03b9\u03b4\u03b9\u03b1\u03af\u03c4\u03b5\u03c1\u03bf \u03ba\u03c4\u03af\u03c1\u03b9\u03bf.",
            "time": 1544297994
        },
        {
            "author_name": "Irene Z",
            "author_url": "https://www.google.com/maps/contrib/107270344519543455629/reviews",
            "profile_photo_url": "https://lh5.googleusercontent.com/-qJElpvrdKbE/AAAAAAAAAAI/AAAAAAAAAAA/ACHi3rdBmQOpnXmQdljEK8MNpA1-lORzAw/s128-c0x00000000-cc-rp-mo/photo.jpg",
            "rating": 5,
            "relative_time_description": "2 months ago",
            "text": "",
            "time": 1558985694
        },
        {
            "author_name": "Thelxy Chatziantoniou",
            "author_url": "https://www.google.com/maps/contrib/116913853291639519702/reviews",
            "profile_photo_url": "https://lh4.googleusercontent.com/-lJkU_CFZ6BM/AAAAAAAAAAI/AAAAAAAAAAA/ACHi3rcajqaaIuy_Bmh11YnJRS0xrYTdcg/s128-c0x00000000-cc-rp-mo/photo.jpg",
            "rating": 5,
            "relative_time_description": "a month ago",
            "text": "",
            "time": 1561498421
        },
        {
            "author_name": "Nikos Lamprinos",
            "author_url": "https://www.google.com/maps/contrib/104993092395533965777/reviews",
            "profile_photo_url": "https://lh5.googleusercontent.com/-Wc8YTbxFxmQ/AAAAAAAAAAI/AAAAAAAADy4/QPc8qnTEazc/s128-c0x00000000-cc-rp-mo-ba4/photo.jpg",
            "rating": 5,
            "relative_time_description": "3 months ago",
            "text": "",
            "time": 1554277802
        },
        {
            "author_name": "fraularus fraularus",
            "author_url": "https://www.google.com/maps/contrib/112866764556593668513/reviews",
            "profile_photo_url": "https://lh4.googleusercontent.com/-0i7Q6LRmFs4/AAAAAAAAAAI/AAAAAAAAACw/ox83qmauvBw/s128-c0x00000000-cc-rp-mo-ba4/photo.jpg",
            "rating": 5,
            "relative_time_description": "5 months ago",
            "text": "",
            "time": 1550147986
        }
    ],
	"type":"museum"
}

