{
    "id": "39e59e9307a3a7b478033d29de23284e9c079546",
    "location": {
        "lat": 37.9754096,
        "lng": 23.7445869
    },
    "name": "Byzantine And Christian Museum",
    "rating": 4.6,
    "reviews": [
        {
            "author_name": "Desmond Cole",
            "author_url": "https://www.google.com/maps/contrib/102141828005672137821/reviews",
            "language": "en",
            "profile_photo_url": "https://lh5.googleusercontent.com/-MGo07f0iZDo/AAAAAAAAAAI/AAAAAAAAAAA/ACHi3rcWHpdQSY5Hv71mzXcdpUs17lDhFA/s128-c0x00000000-cc-rp-mo-ba5/photo.jpg",
            "rating": 5,
            "relative_time_description": "2 weeks ago",
            "text": "I loved this museum. It opens a window on a world that is not well known - the whole Byzantine Christian art and culture of the Eastern Mediterranean. I loved the painted icons, and the carved marble depicting early Christian symbols.there is also a reconstruction of a small chapel with the paintings on all the walls and archers, it is very beautiful. You have a sense here of Christian art and culture going back to the very early days.",
            "time": 1562261012
        },
        {
            "author_name": "Merrel Holles",
            "author_url": "https://www.google.com/maps/contrib/105512840521188284868/reviews",
            "language": "en",
            "profile_photo_url": "https://lh4.googleusercontent.com/-BTxlnukAKr0/AAAAAAAAAAI/AAAAAAAAAAA/ACHi3rdiFnD0ZkGGwanssKXAkbl5t9uezQ/s128-c0x00000000-cc-rp-mo-ba3/photo.jpg",
            "rating": 5,
            "relative_time_description": "a week ago",
            "text": "Not the most well know museum of Athens, it is a very impressive collection of very different pieces of religious artifacts, representing various periods of Christianity. The permanent exhibition is hosted at the excellently arranged underground area of a historic building, Villa Ilissia. We spent two & a halve hours going through the permanent exhibition. The museum\u2019s gardens are worth visiting as well as its cafe. If you can arrange it, the museum\u2019s restaurant offers an excellent choice for lunch.",
            "time": 1563241863
        },
        {
            "author_name": "Sam Dabit",
            "author_url": "https://www.google.com/maps/contrib/116968722799924325137/reviews",
            "language": "en",
            "profile_photo_url": "https://lh5.googleusercontent.com/-PXFsv89M1jY/AAAAAAAAAAI/AAAAAAAAbNg/qvuc7CXsZbE/s128-c0x00000000-cc-rp-mo-ba5/photo.jpg",
            "rating": 4,
            "relative_time_description": "in the last week",
            "text": "A glorious collection of Byzantine art including iconography. The staff in the museum proper are not that friendly , very stoic and stonefaced which is a surprise considering the traffic in and out. Otherwise, the staff in the coffee shop and gift shops were extremely pleasant and I enjoyed chatting with them. The collection of icons truly exemplifies the finest examples of the progression of orthodoxy over millennia.  It was so nice seeing original icons that we have seen represented in churches around the world as Orthodox Christians. This is definitely worth a visit. Expect to spend about three hours if you stop and see everything including reading of the descriptions of each item. Both the permanent and temporary exhibits are fascinating.",
            "time": 1563637836
        },
        {
            "author_name": "Parker Johnson",
            "author_url": "https://www.google.com/maps/contrib/116417962657422776795/reviews",
            "language": "en",
            "profile_photo_url": "https://lh6.googleusercontent.com/-VlizEgqJ2Gs/AAAAAAAAAAI/AAAAAAAAiZ0/aLienON-2fs/s128-c0x00000000-cc-rp-mo/photo.jpg",
            "rating": 4,
            "relative_time_description": "a month ago",
            "text": "Fantastic Museum! While I personally could read everything, some plaques are small, and the lighting (especially to preserve the paintings) are a bit dim. Also, I highly suggest bringing your phone to Google if you're not well versed in Greek Christianity or church history to provide context for who the Saint being depicted is. (they have free WiFi)",
            "time": 1559915082
        },
        {
            "author_name": "Chris Bing",
            "author_url": "https://www.google.com/maps/contrib/100363558848045195678/reviews",
            "language": "en",
            "profile_photo_url": "https://lh5.googleusercontent.com/-MW6FyhRcNZs/AAAAAAAAAAI/AAAAAAAAja8/PzSu2xfJ6oM/s128-c0x00000000-cc-rp-mo-ba6/photo.jpg",
            "rating": 5,
            "relative_time_description": "2 months ago",
            "text": "Truly excellent museum. Unlike the culture museum which is just down the road they don't try to fit in every example of 20 similar things with a tiny caption for each that you're not going to bother to read because you're just not that interested in so many bits of pottery. Instead there are well-selected and well-spaced items with decent amounts of text and it takes you more or less chronologically through the Byzantine period. I learned a lot.",
            "time": 1558037777
        }
    ],
	"type":"museum"
}

