{
    "id": "bf5468ad050fddabe1f0b8944ae6ced8e004f19d",
    "location": {
        "lat": 37.97914069999999,
        "lng": 23.738361
    },
    "name": "\u039b\u03cd\u03ba\u03b5\u03b9\u03bf\u03bd \u03c4\u03c9\u03bd \u0395\u03bb\u03bb\u03b7\u03bd\u03af\u03b4\u03c9\u03bd | \u039a\u03b5\u03bd\u03c4\u03c1\u03b9\u03ba\u03cc, \u0391\u03b8\u03ae\u03bd\u03b1",
    "rating": 4.8,
    "reviews": [
        {
            "author_name": "Stelios Economides",
            "author_url": "https://www.google.com/maps/contrib/112753060121025366778/reviews",
            "language": "en",
            "profile_photo_url": "https://lh6.googleusercontent.com/-rmJEoCwcUWw/AAAAAAAAAAI/AAAAAAAAAAA/ACHi3rfPIjMTFDiHQiYS_rEiBkhDbreS5g/s128-c0x00000000-cc-rp-mo/photo.jpg",
            "rating": 5,
            "relative_time_description": "2 months ago",
            "text": "All times classic! Very slow in teaching Greek traditional dances.",
            "time": 1557857627
        },
        {
            "author_name": "Fluffymuffin14 pic",
            "author_url": "https://www.google.com/maps/contrib/109610134281020430626/reviews",
            "language": "el",
            "profile_photo_url": "https://lh4.googleusercontent.com/-9D95qWqhryk/AAAAAAAAAAI/AAAAAAAAACA/oIP-4yNpVnI/s128-c0x00000000-cc-rp-mo/photo.jpg",
            "rating": 3,
            "relative_time_description": "3 months ago",
            "text": "\u03a9\u03c1\u03b1\u03af\u03bf \u03c3\u03b1\u03bd \u03ba\u03c4\u03ae\u03c1\u03b9\u03bf \u03b2\u03ad\u03b2\u03b1\u03b9\u03b1 \u03ad\u03c7\u03bf\u03c5\u03bd \u03c0\u03bf\u03bb\u03cd \u03b4\u03c5\u03bd\u03b1\u03c4\u03ac \u03c4\u03b7 \u03bc\u03bf\u03c5\u03c3\u03b9\u03ba\u03ae \u03ba\u03b1\u03b9 \u03bd\u03cc\u03bc\u03b9\u03b6\u03c9 \u03ad\u03c7\u03b5\u03b9 \u03b8\u03ad\u03bc\u03b1 \u03bc\u03b5 \u03c4\u03bf\u03bd \u03b1\u03b5\u03c1\u03b9\u03c3\u03bc\u03cc... \u0388\u03c0\u03c1\u03b5\u03c0\u03b5 \u03bd\u03b1 \u03ad\u03c7\u03b5\u03b9 \u03c0\u03b5\u03c1\u03b9\u03c3\u03c3\u03cc\u03c4\u03b5\u03c1\u03b1 \u03c0\u03b1\u03c1\u03ac\u03b8\u03c5\u03c1\u03b1 \u03b1\u03bd\u03bf\u03b9\u03c7\u03c4\u03ac...",
            "time": 1554283332
        },
        {
            "author_name": "haris aggeloyiannis",
            "author_url": "https://www.google.com/maps/contrib/111556529311519263754/reviews",
            "language": "el",
            "profile_photo_url": "https://lh6.googleusercontent.com/-ZhgwT6TWRkA/AAAAAAAAAAI/AAAAAAAAAAA/ACHi3rfBUGlpapx2x2-1MO1jLxZrt9eSIA/s128-c0x00000000-cc-rp-mo-ba3/photo.jpg",
            "rating": 5,
            "relative_time_description": "6 months ago",
            "text": "\u0397 \u03b6\u03c9\u03bd\u03c4\u03b1\u03bd\u03ae \u0399\u03c3\u03c4\u03bf\u03c1\u03af\u03b1 \u03c4\u03b7\u03c2 \u0395\u03bb\u03bb\u03ac\u03b4\u03b1\u03c2\n\u0394\u03b7\u03bc\u03b9\u03bf\u03c5\u03c1\u03b3\u03af\u03b1 \u03ba\u03b1\u03b9 \u03c3\u03c5\u03bd\u03ad\u03c7\u03b9\u03c3\u03b7 \u03c4\u03b7\u03c2 \u03c0\u03b1\u03c1\u03ac\u03b4\u03bf\u03c3\u03b7\u03c2 \u03bc\u03b1\u03c2 \u03bc\u03b5 \u03c4\u03b7\u03bd \u03c3\u03c5\u03bc\u03b1\u03bd\u03c4\u03b9\u03ba\u03ae \u03c3\u03c5\u03bc\u03b2\u03bf\u03bb\u03ae \u03c4\u03bf\u03c5 \u0394\u03ac\u03c3\u03ba\u03b1\u03bb\u03bf\u03c5 \u039b\u03b5\u03c5\u03c4\u03b5\u03c1\u03b7 \u0394\u03c1\u03b1\u03bd\u03b4\u03b1\u03ba\u03b9 \u03bc\u03b5 \u03c4\u03b9\u03c2 \u03b1\u03c3\u03c4\u03b5\u03af\u03c1\u03b5\u03c5\u03c4\u03b5\u03c2 \u03b3\u03bd\u03c9\u03c3\u03b5\u03b9\u03c2 \u03c4\u03bf\u03c5, \u03b1\u03bb\u03bb\u03b1 \u03ba\u03b1\u03b9 \u03bf\u03bb\u03bf\u03c5\u03c2 \u03c4\u03bf\u03c5\u03c2 \u03c5\u03c0\u03bf\u03bb\u03bf\u03b9\u03c0\u03bf\u03c5\u03c2 \u03c3\u03c5\u03bd\u03c4\u03b5\u03bb\u03b5\u03c3\u03c4\u03b5\u03c2 \u03c5\u03c0\u03bf \u03c4\u03b7\u03bd \u03b1\u03c8\u03bf\u03b3\u03b7 \u03c0\u03c1\u03bf\u03b5\u03b4\u03c1\u03b5\u03af\u03b1 \u03c4\u03b7\u03c2 \u03ba\u03b1\u03c2 \u03a4\u03c3\u03b1\u03bb\u03b4\u03b1\u03c1\u03b7 \u0395\u03bb\u03ad\u03bd\u03b7\u03c2.\n\u039c\u03b1\u03ba\u03ac\u03c1\u03b9 \u03bd\u03b1 \u03b5\u03c1\u03c7\u03bf\u03bd\u03c4\u03b1\u03b9 \u03c3\u03c5\u03bd\u03ad\u03c7\u03b5\u03b9\u03b1 \u03cc\u03bb\u03bf \u03ba\u03b1\u03b9 \u03c0\u03b5\u03c1\u03b9\u03c3\u03c3\u03bf\u03c4\u03b5\u03c1\u03bf\u03b9 \u03ba\u03b1\u03b9 \u03b9\u03b4\u03b9\u03b1\u03b9\u03c4\u03ad\u03c1\u03c9\u03c2 \u03bc\u03b9\u03ba\u03c1\u03b1 \u03c0\u03b1\u03b9\u03b4\u03b9\u03ac.",
            "time": 1547249138
        },
        {
            "author_name": "Maria Sofatsa",
            "author_url": "https://www.google.com/maps/contrib/108125124017369052212/reviews",
            "language": "el",
            "profile_photo_url": "https://lh4.googleusercontent.com/-lIS2bPHgxvs/AAAAAAAAAAI/AAAAAAAAAAA/ACHi3rc2F17OX3QeFZehKqps45yQ6SZHGQ/s128-c0x00000000-cc-rp-mo-ba4/photo.jpg",
            "rating": 5,
            "relative_time_description": "5 months ago",
            "text": "\u03a9\u03c1\u03b1\u03af\u03bf \u03ba\u03c4\u03ae\u03c1\u03b9\u03bf \u03b1\u03bb\u03bb\u03ac \u03c4\u03bf \u03c0\u03b9\u03bf \u03c3\u03b7\u03bc\u03b1\u03bd\u03c4\u03b9\u03ba\u03cc \u03b5\u03af\u03bd\u03b1\u03b9 \u03b7 \u03b4\u03bf\u03c5\u03bb\u03b5\u03b9\u03ac \u03c0\u03bf\u03c5 \u03b3\u03af\u03bd\u03b5\u03c4\u03b1\u03b9 \u03bc\u03ad\u03c3\u03b1 \u03c3\u03b5 \u03b1\u03c5\u03c4\u03cc!!!",
            "time": 1550908553
        },
        {
            "author_name": "\u0393\u03b9\u03ce\u03c1\u03b3\u03bf\u03c2 \u039a\u03b1\u03c6\u03b5\u03bd\u03c4\u03b6\u03ae\u03c2",
            "author_url": "https://www.google.com/maps/contrib/106531997674284217853/reviews",
            "language": "el",
            "profile_photo_url": "https://lh6.googleusercontent.com/-ePci8sqAUCo/AAAAAAAAAAI/AAAAAAAAAAA/ACHi3rewhpFwWboonNSmIzUj-1bsXysBZQ/s128-c0x00000000-cc-rp-mo/photo.jpg",
            "rating": 5,
            "relative_time_description": "a month ago",
            "text": "\u03a4\u03bf \u03ba\u03b1\u03bb\u03cd\u03c4\u03b5\u03c1\u03bf \u03c7\u03bf\u03c1\u03b5\u03c5\u03c4\u03b9\u03ba\u03cc \u03c3\u03c4\u03bf\u03bd \u03ba\u03cc\u03c3\u03bc\u03bf",
            "time": 1560439590
        }
    ],
	"type":"museum"
}

