{
    "id": "863d0af251566c2da6645bd3b65a48f953047ca4",
    "location": {
        "lat": 37.971376,
        "lng": 23.727523
    },
    "name": "Old Acropolis Museum",
    "rating": 4.2,
    "reviews": [
        {
            "author_name": "Graham Short",
            "author_url": "https://www.google.com/maps/contrib/107083037723450767082/reviews",
            "language": "en",
            "profile_photo_url": "https://lh3.googleusercontent.com/-wlG1cvXVdAc/AAAAAAAAAAI/AAAAAAAABc0/0oZQbJWdq24/s128-c0x00000000-cc-rp-mo-ba5/photo.jpg",
            "rating": 5,
            "relative_time_description": "4 months ago",
            "text": "Excellent museum well laid out -The new structure is impressive and the work is displayed to its upmost- a must see when in Athens",
            "time": 1551998601
        },
        {
            "author_name": "GreeceYou Lei",
            "author_url": "https://www.google.com/maps/contrib/107632606669737740218/reviews",
            "language": "en",
            "profile_photo_url": "https://lh5.googleusercontent.com/-3_ehL01BBT4/AAAAAAAAAAI/AAAAAAAAANk/dIWoAkNPkzg/s128-c0x00000000-cc-rp-mo-ba5/photo.jpg",
            "rating": 5,
            "relative_time_description": "2 years ago",
            "text": "is now closed . had the chance to get inside before the new museum opens it was a bit small but it functioned well",
            "time": 1488005079
        },
        {
            "author_name": "Jessie Findley",
            "author_url": "https://www.google.com/maps/contrib/115642794956367063298/reviews",
            "language": "en",
            "profile_photo_url": "https://lh3.googleusercontent.com/-Mp95jg1B6uk/AAAAAAAAAAI/AAAAAAAAAHM/Q-fIUjPSBSI/s128-c0x00000000-cc-rp-mo-ba3/photo.jpg",
            "rating": 5,
            "relative_time_description": "2 years ago",
            "text": "Incredible!",
            "time": 1485510039
        },
        {
            "author_name": "Melody Cort\u00e9s De Ar\u00e9valo",
            "author_url": "https://www.google.com/maps/contrib/112623940185130823808/reviews",
            "language": "es",
            "profile_photo_url": "https://lh6.googleusercontent.com/-nmYG5NlAf24/AAAAAAAAAAI/AAAAAAAAAAA/ACHi3rc_set0xWkri3AgE4wotzFShFisGQ/s128-c0x00000000-cc-rp-mo-ba4/photo.jpg",
            "rating": 4,
            "relative_time_description": "a month ago",
            "text": "Si te gusta la historia de Grecia este es tu sitio. Muy impertinentes con el hecho de no hacer fotos, aunque a medida que avanza la tarde y en el piso superior, hay algunos a los que no les importa tanto.\nEs incre\u00edble la belleza escult\u00f3rica que llegaron a alcanzar en la antigua Grecia. Hay algunas piezas como la del le\u00f3n atacando al toro, la de las vestales, la reproducci\u00f3n de las esculturas de los dioses Griegos.....que te dejan sin habla.\nVe con tiempo si te gustan los museos, porque lo necesitar\u00e1s.\nRecomendable.",
            "time": 1559157724
        },
        {
            "author_name": "Arkadiy Koval",
            "author_url": "https://www.google.com/maps/contrib/113749229115587591863/reviews",
            "language": "ru",
            "profile_photo_url": "https://lh6.googleusercontent.com/-3SCKhirS-Gc/AAAAAAAAAAI/AAAAAAAADxs/fwEgUwrnQ_M/s128-c0x00000000-cc-rp-mo-ba3/photo.jpg",
            "rating": 4,
            "relative_time_description": "8 months ago",
            "text": "\u041d\u043e\u0432\u044b\u0439 \u043a\u0440\u0430\u0441\u0438\u0432\u044b\u0439 \u043c\u0443\u0437\u0435\u0439 \u0441 \u0438\u043d\u0441\u0442\u0430\u043b\u043b\u044f\u0446\u0438\u0435\u0439 \u0432\u0441\u0435\u0433\u043e \u0447\u0442\u043e \u0443\u0434\u0430\u043b\u043e\u0441\u044c \u0440\u0430\u0441\u043a\u043e\u043f\u0430\u0442\u044c \u0432 \u041f\u0430\u0440\u0444\u0435\u043d\u043e\u043d\u0435.. \u0432\u0435\u0440\u0445\u043d\u0438\u0439 \u044f\u0440\u0443\u0441 \u044d\u0442\u043e \u0432\u043e\u043e\u0431\u0449\u0435 \u043f\u043e \u0441\u0443\u0442\u0438 \u043a\u0440\u044b\u0448\u0430 \u041f\u0430\u0440\u0444\u0435\u043d\u043e\u043d\u0430.. \u0442\u043e\u0447\u043d\u0435\u0435 \u0441\u043a\u0443\u043b\u044c\u043f\u0442\u0443\u0440\u044b \u043a\u043e\u0442\u043e\u0440\u044b\u0435 \u043d\u0430 \u043d\u0435\u0439 \u0431\u044b\u043b\u0438. \u0412\u043f\u0435\u0447\u0430\u0442\u043b\u0435\u043d\u0438\u0435 \u0434\u0432\u043e\u0439\u0441\u0442\u0432\u0435\u043d\u043d\u043e\u0435.. \u0441 \u043e\u0434\u043d\u043e\u0439 \u0441\u0442\u043e\u0440\u043e\u043d\u044b \u044d\u0442\u043e \u043a\u0440\u0430\u0441\u0438\u0432\u043e \u0438 \u044d\u0442\u043e \u0438\u0441\u0442\u043e\u0440\u0438\u044f..  \u0441 \u0434\u0440\u0443\u0433\u043e\u0439 \u0441\u0442\u043e\u0440\u043e\u043d\u044b \u0436\u0430\u043b\u043a\u043e.. \u0432\u0430\u0440\u0432\u0430\u0440\u0441\u043a\u0438 \u0440\u0430\u0437\u0440\u0443\u0448\u0430\u0435\u043c\u043e\u0435 \u0432\u0435\u043a\u0430\u043c\u0438 \u0437\u0434\u0430\u043d\u0438\u0435 \u043a\u043e\u0442\u043e\u0440\u043e\u0435 \u043f\u044b\u0442\u0430\u044e\u0442\u0441\u044f \u0432\u043e\u0441\u0441\u0442\u0430\u043d\u043e\u0432\u0438\u0442\u044c \u0445\u043e\u0442\u044c \u043a\u0430\u043a \u0442\u043e...",
            "time": 1542549315
        }
    ],
	"type":"museum"
}

