{
    "id": "0cddc37ff4c528aaf3a7ff9baeebc0b53f6bd14d",
    "location": {
        "lat": 37.9780265,
        "lng": 23.7330465
    },
    "name": "Statue of Theodoros Kolokotronis",
    "rating": 4.8,
    "reviews": [
        {
            "author_name": "Kirk Keilholtz",
            "author_url": "https://www.google.com/maps/contrib/113793195318255787773/reviews",
            "language": "en",
            "profile_photo_url": "https://lh5.googleusercontent.com/-9SskoAWF4k0/AAAAAAAAAAI/AAAAAAAAHhk/WSHLb_H_dxs/s128-c0x00000000-cc-rp-mo-ba3/photo.jpg",
            "rating": 3,
            "relative_time_description": "a week ago",
            "text": "I wouldn\u2019t go out of your way to visit here, but if you are close, an interesting tribute to probably the most significant general in Greece\u2019s War of Independence.",
            "time": 1564568883
        },
        {
            "author_name": "Biggy Sukuoi",
            "author_url": "https://www.google.com/maps/contrib/111583117585422715338/reviews",
            "language": "en",
            "profile_photo_url": "https://lh6.googleusercontent.com/-5NorF8aVVII/AAAAAAAAAAI/AAAAAAAAA9A/XlpZRtvsd6w/s128-c0x00000000-cc-rp-mo/photo.jpg",
            "rating": 5,
            "relative_time_description": "a month ago",
            "text": "Good for a walk in this area",
            "time": 1561295726
        },
        {
            "author_name": "Soraya Koendjbiharie",
            "author_url": "https://www.google.com/maps/contrib/102295017470069860587/reviews",
            "language": "en",
            "profile_photo_url": "https://lh3.googleusercontent.com/-BX5AJ_UAuZA/AAAAAAAAAAI/AAAAAAAAI1Q/70r-mPxLpLU/s128-c0x00000000-cc-rp-mo-ba5/photo.jpg",
            "rating": 3,
            "relative_time_description": "4 months ago",
            "text": "Nice view and close to Syntagma",
            "time": 1554891730
        },
        {
            "author_name": "Roman Vander",
            "author_url": "https://www.google.com/maps/contrib/112376472746020416563/reviews",
            "language": "en",
            "profile_photo_url": "https://lh4.googleusercontent.com/-_rT5gI7s0uY/AAAAAAAAAAI/AAAAAAAAAAA/ACHi3re1KPtXyd92ydncqgc_ZsDQlEchIg/s128-c0x00000000-cc-rp-mo-ba4/photo.jpg",
            "rating": 5,
            "relative_time_description": "2 months ago",
            "text": "Impressive statue",
            "time": 1558126261
        },
        {
            "author_name": "\u0394\u03b7\u03bc\u03b7\u03c4\u03c1\u03b7\u03c2 \u03a3\u03b1\u03c1\u03ba\u03b5\u03c4\u03b6\u03b7\u03c2",
            "author_url": "https://www.google.com/maps/contrib/113093540793238478486/reviews",
            "language": "en",
            "profile_photo_url": "https://lh4.googleusercontent.com/-nbqEqX-hghc/AAAAAAAAAAI/AAAAAAAAyes/DU79TaPxS2Q/s128-c0x00000000-cc-rp-mo-ba5/photo.jpg",
            "rating": 4,
            "relative_time_description": "2 years ago",
            "text": "Old Greek Parliement used to be here",
            "time": 1485520485
        }
    ],
    "type": "point_of_interest"
}