{
    "id": "ceb9141484a33a843ad31093b36e3394beb34641",
    "location": {
        "lat": 37.9728031,
        "lng": 23.7259674
    },
    "name": "The Paul and Alexandra Canellopoulos Museum",
    "rating": 4.4,
    "reviews": [
        {
            "author_name": "Nick F",
            "author_url": "https://www.google.com/maps/contrib/107808115662805818674/reviews",
            "language": "en",
            "profile_photo_url": "https://lh5.googleusercontent.com/-cuA4HtKIgZA/AAAAAAAAAAI/AAAAAAAAAAk/VqVcEUa9pYQ/s128-c0x00000000-cc-rp-mo-ba5/photo.jpg",
            "rating": 5,
            "relative_time_description": "a month ago",
            "text": "It's one of the richest private collection of Greek art. Tickets 4 \u20ac",
            "time": 1560083630
        },
        {
            "author_name": "petro cani",
            "author_url": "https://www.google.com/maps/contrib/100198816166518290569/reviews",
            "language": "en",
            "profile_photo_url": "https://lh3.googleusercontent.com/-FiwHVD-UqJE/AAAAAAAAAAI/AAAAAAAAAAA/ACHi3rcig46VNz0PikgPiYOPacg_cTevqg/s128-c0x00000000-cc-rp-mo/photo.jpg",
            "rating": 4,
            "relative_time_description": "3 months ago",
            "text": "Very good museum",
            "time": 1555403857
        },
        {
            "author_name": "Ger Sellars",
            "author_url": "https://www.google.com/maps/contrib/110984758690228654482/reviews",
            "language": "en",
            "profile_photo_url": "https://lh6.googleusercontent.com/-ulrp0X155sA/AAAAAAAAAAI/AAAAAAAAAAA/ACHi3reF-l5FArgGTE_DXn1SEI_u7lTMtw/s128-c0x00000000-cc-rp-mo-ba7/photo.jpg",
            "rating": 3,
            "relative_time_description": "10 months ago",
            "text": "Small selection spread over a few rooms.  The Byzantine section was closed when I visited so it was hard to assess how big that is. Only the classical section was open.",
            "time": 1537349137
        },
        {
            "author_name": "No Name",
            "author_url": "https://www.google.com/maps/contrib/112035970820001899751/reviews",
            "language": "en",
            "profile_photo_url": "https://lh3.googleusercontent.com/-MC-tKslldzo/AAAAAAAAAAI/AAAAAAAAAAA/ACHi3rcTwAQgDyy8cW-TLV31dv72vwpKkA/s128-c0x00000000-cc-rp-mo/photo.jpg",
            "rating": 1,
            "relative_time_description": "a year ago",
            "text": "Different opening hours are published in internet on the official webpage of the ministry of culture. When we went there we had only 15 minutes left, because the museum closed at 3 p.m. and not at 4.30 p.m. as published on the website! The people at the museum knew about that problem, but at the ministry apparently nobody bothers....",
            "time": 1504559858
        },
        {
            "author_name": "Alexandros Tsikolatas",
            "author_url": "https://www.google.com/maps/contrib/109864225359654485630/reviews",
            "language": "en",
            "profile_photo_url": "https://lh3.googleusercontent.com/-w5bwf3EbENE/AAAAAAAAAAI/AAAAAAAAAqE/nC-a1nKDQcg/s128-c0x00000000-cc-rp-mo-ba6/photo.jpg",
            "rating": 5,
            "relative_time_description": "2 years ago",
            "text": "Very educational for greek and foreign school kids. Program tutors are great, very kind and helpful!",
            "time": 1484729849
        }
    ],
	"type":"museum"
}

