{
    "id": "0e6c387dc2ced7c88d3335495d3b0b34c4f8755d",
    "location": {
        "lat": 37.9777599,
        "lng": 23.7215652
    },
    "name": "MOMus - \u039c\u03bf\u03c5\u03c3\u03b5\u03af\u03bf \u0386\u03bb\u03b5\u03be \u039c\u03c5\u03bb\u03c9\u03bd\u03ac | MOMus - Museum Alex Mylona",
    "rating": 4.9,
    "reviews": [
        {
            "author_name": "Nick K",
            "author_url": "https://www.google.com/maps/contrib/100254776350265823672/reviews",
            "language": "en",
            "profile_photo_url": "https://lh4.googleusercontent.com/-2olvAdL_3oY/AAAAAAAAAAI/AAAAAAAAAQE/K1pCgn-nqWI/s128-c0x00000000-cc-rp-mo-ba2/photo.jpg",
            "rating": 5,
            "relative_time_description": "7 months ago",
            "text": "A very beautiful museum with great temporary exhibitions and a wonderful permanent collection of sculptures and photos  from Alex Mylona.",
            "time": 1544386763
        },
        {
            "author_name": "MARIA TRIPOL",
            "author_url": "https://www.google.com/maps/contrib/101105078700155774573/reviews",
            "language": "el",
            "profile_photo_url": "https://lh4.googleusercontent.com/-mt3F0DssjTE/AAAAAAAAAAI/AAAAAAAAAAA/ACHi3rdK6wfD9LI95NwWpFESXwCRpffEPA/s128-c0x00000000-cc-rp-mo-ba4/photo.jpg",
            "rating": 5,
            "relative_time_description": "4 months ago",
            "text": "\u03a0\u03bf\u03bb\u03cd \u03ba\u03b1\u03bb\u03ae \u03c0\u03c1\u03bf\u03c3\u03c0\u03ac\u03b8\u03b5\u03b9\u03b1. \u03a9\u03c1\u03b1\u03af\u03bf\u03c2 \u03c7\u03ce\u03c1\u03bf\u03c2, \u03ba\u03b1\u03c4\u03b1\u03c0\u03bb\u03b7\u03ba\u03c4\u03b9\u03ba\u03ac \u03c4\u03b1 \u03b5\u03ba\u03b8\u03ad\u03bc\u03b1\u03c4\u03b1. \u0391\u03be\u03af\u03b6\u03b5\u03b9 \u03bd\u03b1 \u03c3\u03c4\u03b7\u03c1\u03b9\u03c7\u03b8\u03b5\u03af.",
            "time": 1554062308
        },
        {
            "author_name": "Unicorn Vaya",
            "author_url": "https://www.google.com/maps/contrib/111063524328725025734/reviews",
            "language": "nl",
            "profile_photo_url": "https://lh5.googleusercontent.com/-pRhKZ5_ZISc/AAAAAAAAAAI/AAAAAAAAAPc/mNXOF1MpbJk/s128-c0x00000000-cc-rp-mo-ba3/photo.jpg",
            "rating": 4,
            "relative_time_description": "2 weeks ago",
            "text": "Heel intresant",
            "time": 1563104078
        },
        {
            "author_name": "\u03c7\u03c1\u03b9\u03c3\u03c4\u03b9\u03bd\u03b1 \u03ba\u03b1\u03c4\u03c3\u03b1\u03ba\u03bf\u03c5\u03bb\u03b1",
            "author_url": "https://www.google.com/maps/contrib/102631286117040928768/reviews",
            "profile_photo_url": "https://lh6.googleusercontent.com/-hJLjiAUssxU/AAAAAAAAAAI/AAAAAAAAAHE/_5H0bpZptvs/s128-c0x00000000-cc-rp-mo/photo.jpg",
            "rating": 5,
            "relative_time_description": "2 weeks ago",
            "text": "",
            "time": 1563000257
        },
        {
            "author_name": "maria kas",
            "author_url": "https://www.google.com/maps/contrib/113047047783509267137/reviews",
            "profile_photo_url": "https://lh5.googleusercontent.com/-uXS-n40FIUo/AAAAAAAAAAI/AAAAAAAAAds/tuJDWo-M_Mg/s128-c0x00000000-cc-rp-mo/photo.jpg",
            "rating": 5,
            "relative_time_description": "2 months ago",
            "text": "",
            "time": 1557614521
        }
    ],
	"type":"museum"
}

