{
    "id": "4156be500e8fda24920e0abd2fa6941cf77f89ef",
    "location": {
        "lat": 37.9782523,
        "lng": 23.7320962
    },
    "name": "\u039c\u03bf\u03c5\u03c3\u03b5\u03af\u03bf \u0399\u03c3\u03c4\u03bf\u03c1\u03af\u03b1\u03c2 \u0395\u03bb\u03b5\u03c5\u03b8\u03b5\u03c1\u03af\u03bf\u03c5 \u0392\u03b5\u03bd\u03b9\u03b6\u03ad\u03bb\u03bf\u03c5",
    "rating": 5,
    "reviews": [
        {
            "author_name": "\u03a3\u03c4\u03b5\u03bb\u03b9\u03bf\u03c2 \u039c\u03c0\u03b5\u03c1\u03bd\u03b9\u03b4\u03b1\u03ba\u03b7\u03c2",
            "author_url": "https://www.google.com/maps/contrib/104262412488235920836/reviews",
            "language": "el",
            "profile_photo_url": "https://lh5.googleusercontent.com/-mlyYS2EUimM/AAAAAAAAAAI/AAAAAAAAAAA/ACHi3rfS69nJkp_9SvQ3xCdr83VlBnx6_g/s128-c0x00000000-cc-rp-mo-ba6/photo.jpg",
            "rating": 5,
            "relative_time_description": "3 months ago",
            "text": "\u039c\u03bf\u03c5\u03c3\u03b5\u03af\u03bf \u03b1\u03c6\u03b9\u03b5\u03c1\u03c9\u03bc\u03ad\u03bd\u03bf \u03c3\u03c4\u03b7\u03bd \u03b9\u03c3\u03c4\u03bf\u03c1\u03af\u03b1 \u03c4\u03bf\u03c5 \u03c3\u03c0\u03bf\u03c5\u03b4\u03b1\u03af\u03bf\u03c5 \u03c0\u03bf\u03bb\u03b9\u03c4\u03b9\u03ba\u03bf\u03cd \u0395\u03bb\u03b5\u03c5\u03b8\u03b5\u03c1\u03af\u03bf\u03c5 \u0392\u03b5\u03bd\u03b9\u03b6\u03ad\u03bb\u03bf\u03c5. \u0395\u03bb\u03b5\u03cd\u03b8\u03b5\u03c1\u03b7 \u03b5\u03af\u03c3\u03bf\u03b4\u03bf\u03c2 \u03ba\u03b1\u03b8\u03b7\u03bc\u03b5\u03c1\u03b9\u03bd\u03ac, \u03c0\u03c1\u03c9\u03b9\u03bd\u03cc \u03c9\u03c1\u03ac\u03c1\u03b9\u03bf, \u03a3\u03b1\u03b2\u03b2\u03b1\u03c4\u03bf\u03ba\u03cd\u03c1\u03b9\u03b1\u03ba\u03bf \u03ba\u03bb\u03b5\u03b9\u03c3\u03c4\u03ac.",
            "time": 1554571388
        }
    ],
	"type":"museum"
}

