{
    "id": "c0301bb3882f0c9bba6a3fa9758b9503ac391f15",
    "location": {
        "lat": 37.973994,
        "lng": 23.7091807
    },
    "name": "AMOQA",
    "rating": 4.4,
    "reviews": [
        {
            "author_name": "George Antonopoulos",
            "author_url": "https://www.google.com/maps/contrib/103215779607819611065/reviews",
            "language": "en",
            "profile_photo_url": "https://lh4.googleusercontent.com/-3QftwD2jeYM/AAAAAAAAAAI/AAAAAAAACis/hDBhbJl3g8E/s128-c0x00000000-cc-rp-mo-ba4/photo.jpg",
            "rating": 5,
            "relative_time_description": "a year ago",
            "text": "Unique blend of cultures.\nFull of joy, belly dance and middle eastern food.",
            "time": 1523002510
        },
        {
            "author_name": "Nik Sym",
            "author_url": "https://www.google.com/maps/contrib/110261993015285105050/reviews",
            "language": "el",
            "profile_photo_url": "https://lh4.googleusercontent.com/-8mwB1dCJPzc/AAAAAAAAAAI/AAAAAAAAABo/oeY11FyJdOE/s128-c0x00000000-cc-rp-mo-ba4/photo.jpg",
            "rating": 1,
            "relative_time_description": "11 months ago",
            "text": "\u0395\u03af\u03bc\u03b1\u03c3\u03c4\u03b1\u03bd \u03ba\u03b1\u03bb\u03b5\u03c3\u03bc\u03ad\u03bd\u03bf\u03b9 \u03c3\u03b5 \u03ad\u03bd\u03b1 \u03c0\u03b1\u03b9\u03b4\u03b9\u03ba\u03cc \u03c0\u03ac\u03c1\u03c4\u03b9.   \u039f \u03c7\u03ce\u03c1\u03bf\u03c2 \u03b5\u03af\u03bd\u03b1\u03b9... \u038c\u03c4\u03b9 \u03bd\u03b1 \u03bd\u03b1\u03b9. \u039a\u03b1\u03b9 \u03ba\u03b1\u03bb\u03ac \u03b4\u03b7\u03bc\u03b9\u03bf\u03c5\u03c1\u03b3\u03b9\u03ba\u03ae \u03b1\u03c0\u03b1\u03c3\u03c7\u03cc\u03bb\u03b7\u03c3\u03b7... \u039c\u03cc\u03bd\u03bf \u03c0\u03bf\u03c5 \u03b5\u03af\u03bd\u03b1\u03b9 \u03b3\u03b9\u03b1 \"\u03c8\u03c9\u03bd\u03b9\u03c3\u03bc\u03ad\u03bd\u03bf\u03c5\u03c2\" \u03c0\u03bf\u03c5 \u03bd\u03bf\u03bc\u03af\u03b6\u03bf\u03c5\u03bd \u03cc\u03c4\u03b9 \u03c4\u03bf \u03b4\u03b9\u03b1\u03c6\u03bf\u03c1\u03b5\u03c4\u03b9\u03ba\u03cc \u03b5\u03af\u03bd\u03b1\u03b9 \u03c0\u03ac\u03bd\u03c4\u03b1 \u03ba\u03b1\u03bb\u03cc. \u03a4\u03bf \u03c3\u03c5\u03b3\u03ba\u03b5\u03ba\u03c1\u03b9\u03bc\u03ad\u03bd\u03bf, \u03b3\u03b9\u03b1 \u03c0\u03b1\u03b9\u03b4\u03b9\u03ba\u03cc \u03c0\u03ac\u03c1\u03c4\u03b9 \u03c0\u03ac\u03bd\u03c4\u03c9\u03c2 \u03b5\u03af\u03bd\u03b1\u03b9 \u03b5\u03c0\u03b9\u03ba\u03af\u03bd\u03b4\u03c5\u03bd\u03bf \u03ba\u03b1\u03b9 \u03b2\u03c1\u03cc\u03bc\u03b9\u03ba\u03bf. \u0395\u03ba\u03b5\u03af\u03bd\u03b7 \u03c4\u03b7 \u03bc\u03ad\u03c1\u03b1 2 \u03c0\u03b1\u03b9\u03b4\u03ac\u03ba\u03b9\u03b1 \u03c7\u03c4\u03cd\u03c0\u03b7\u03c3\u03b1\u03bd....",
            "time": 1535661179
        },
        {
            "author_name": "Aisha Saleous",
            "author_url": "https://www.google.com/maps/contrib/117011620699378102877/reviews",
            "profile_photo_url": "https://lh3.googleusercontent.com/-o_sJndiYNo0/AAAAAAAAAAI/AAAAAAAAXX8/8YKlIqepA0A/s128-c0x00000000-cc-rp-mo-ba3/photo.jpg",
            "rating": 5,
            "relative_time_description": "9 months ago",
            "text": "",
            "time": 1540740946
        },
        {
            "author_name": "Georgia Eleni Tigkinagka",
            "author_url": "https://www.google.com/maps/contrib/105935272996401905782/reviews",
            "profile_photo_url": "https://lh3.googleusercontent.com/-Ginmww1u78c/AAAAAAAAAAI/AAAAAAAAJIw/WTGl4ix-ZaY/s128-c0x00000000-cc-rp-mo-ba3/photo.jpg",
            "rating": 4,
            "relative_time_description": "9 months ago",
            "text": "",
            "time": 1540023889
        },
        {
            "author_name": "Jeny Peteinatou",
            "author_url": "https://www.google.com/maps/contrib/103228957683510770589/reviews",
            "profile_photo_url": "https://lh6.googleusercontent.com/-EYC9Tu5A5W0/AAAAAAAAAAI/AAAAAAAAABk/OtKHyQhnS-E/s128-c0x00000000-cc-rp-mo/photo.jpg",
            "rating": 5,
            "relative_time_description": "9 months ago",
            "text": "",
            "time": 1539695199
        }
    ],
	"type":"museum"
}

