{
    "id": "1c2f3e9477a86d2e2afb08dab1cae770bb587cb1",
    "location": {
        "lat": 37.9759541,
        "lng": 23.725925
    },
    "name": "Tzisdarakis Mosque / Museum of Greek Folk Art",
    "rating": 4.3,
    "reviews": [
        {
            "author_name": "Michael A.",
            "author_url": "https://www.google.com/maps/contrib/102916719769789005391/reviews",
            "language": "en",
            "profile_photo_url": "https://lh5.googleusercontent.com/-Xwk2wrcfpmM/AAAAAAAAAAI/AAAAAAAAA3g/N8ZHeE6nnG0/s128-c0x00000000-cc-rp-mo-ba6/photo.jpg",
            "rating": 3,
            "relative_time_description": "4 months ago",
            "text": "Small former mosque overlooking Monastiraki square, that now houses a folk art museum. The exhibition wasn't quite my thing, but as with all present and former houses of worship, it provides a pleasant quiet escape from the tourist bustle outside, and some of the features of the mosque were beautifully restored.",
            "time": 1552696024
        },
        {
            "author_name": "Faruk Yaz\u0131c\u0131",
            "author_url": "https://www.google.com/maps/contrib/101075787936951189536/reviews",
            "language": "en",
            "profile_photo_url": "https://lh3.googleusercontent.com/-vDbQlIcSE88/AAAAAAAAAAI/AAAAAAAALeg/_H4g9eO46vw/s128-c0x00000000-cc-rp-mo-ba5/photo.jpg",
            "rating": 5,
            "relative_time_description": "10 months ago",
            "text": "It's a traditional Ottoman mosque. The building is quite authentic with it's architecture. However I don't think it's utilized well. It was closed when went there. Such a building in the heart of a touristic square could be in better conditions..",
            "time": 1536678125
        },
        {
            "author_name": "islandhighlander",
            "author_url": "https://www.google.com/maps/contrib/108411253774694081721/reviews",
            "language": "en",
            "profile_photo_url": "https://lh3.googleusercontent.com/-i_ncJ7oxTU8/AAAAAAAAAAI/AAAAAAAAIM8/QHQmvwIvXKI/s128-c0x00000000-cc-rp-mo-ba4/photo.jpg",
            "rating": 5,
            "relative_time_description": "2 years ago",
            "text": "Really great site in athens",
            "time": 1484736982
        },
        {
            "author_name": "Margarita Lacruz Diaus",
            "author_url": "https://www.google.com/maps/contrib/108875293420564035046/reviews",
            "language": "en",
            "profile_photo_url": "https://lh3.googleusercontent.com/-_whSGi-4A2s/AAAAAAAAAAI/AAAAAAAAABg/z8rhw9kerNw/s128-c0x00000000-cc-rp-mo-ba4/photo.jpg",
            "rating": 3,
            "relative_time_description": "a year ago",
            "text": "Aa",
            "time": 1508348344
        },
        {
            "author_name": "ashi ezz",
            "author_url": "https://www.google.com/maps/contrib/113970124587450847831/reviews",
            "language": "en",
            "profile_photo_url": "https://lh3.googleusercontent.com/-tGS_q1_54YM/AAAAAAAAAAI/AAAAAAAAH4o/IkQF6pUbPmk/s128-c0x00000000-cc-rp-mo-ba5/photo.jpg",
            "rating": 3,
            "relative_time_description": "a year ago",
            "text": "Under construction",
            "time": 1531944482
        }
    ],
	"type":"museum"
}

