{
    "id": "3c29784608e55285a40938f1203adfd0d5d5774f",
    "location": {
        "lat": 37.978471,
        "lng": 23.720286
    },
    "name": "Kentro Meletis Neoteris Keramikis",
    "rating": 4.7,
    "reviews": [
        {
            "author_name": "Sarandos K",
            "author_url": "https://www.google.com/maps/contrib/109301106226618662400/reviews",
            "language": "en",
            "profile_photo_url": "https://lh6.googleusercontent.com/-Bn-1tj--IRs/AAAAAAAAAAI/AAAAAAAARJo/L5adKpRndpA/s128-c0x00000000-cc-rp-mo-ba3/photo.jpg",
            "rating": 5,
            "relative_time_description": "2 years ago",
            "text": "A specialist museum. Special events are great!",
            "time": 1498033399
        },
        {
            "author_name": "\u03a3\u03c0\u03b1\u03c1\u03c4\u03b7 \u039a\u03b1\u03c4\u03c3\u03b9\u03bc\u03b1\u03b3\u03ba\u03bb\u03b7",
            "author_url": "https://www.google.com/maps/contrib/107555380028001783024/reviews",
            "language": "el",
            "profile_photo_url": "https://lh4.googleusercontent.com/-X8vcBiDzS9I/AAAAAAAAAAI/AAAAAAAADPA/XKhLUsGut_0/s128-c0x00000000-cc-rp-mo/photo.jpg",
            "rating": 5,
            "relative_time_description": "3 months ago",
            "text": "\u0393\u03bd\u03ce\u03c1\u03b9\u03c3\u03b1 \u03ba\u03b1\u03c4\u03b1\u03be\u03b9\u03bf\u03bc\u03b5\u03bd\u03bf\u03c5\u03c2 \u03b1\u03bd\u03b8\u03c1\u03ce\u03c0\u03bf\u03c5\u03c2 \u03c0\u03bf\u03c5 \u03ad\u03c7\u03bf\u03c5\u03bd \u03c4\u03bf \u03bc\u03b5\u03c1\u03ac\u03ba\u03b9 \u03bd\u03b1 \u03bc\u03b1\u03c2 \u03bc\u03b5\u03c4\u03b1\u03c6\u03ad\u03c1\u03bf\u03c5\u03bd \u03b3\u03bd\u03ce\u03c3\u03b5\u03b9\u03c2 \u03c0\u03ac\u03bd\u03c9 \u03c3\u03c4\u03b7\u03bd \u03c4\u03ad\u03c7\u03bd\u03b7 \u03c4\u03b7\u03c2 \u03ba\u03b5\u03c1\u03b1\u03bc\u03b9\u03ba\u03ae\u03c2!!!! \u03a3\u03b1\u03c2 \u03c0\u03b1\u03c1\u03b1\u03b8\u03ad\u03c4\u03c9 \u03ad\u03bd\u03b1 \u03b1\u03c0\u03cc \u03c4\u03b1 \u03ad\u03c1\u03b3\u03b1 \u03bc\u03bf\u03c5!!!",
            "time": 1555741386
        },
        {
            "author_name": "George Papadakis",
            "author_url": "https://www.google.com/maps/contrib/107937872903144124670/reviews",
            "language": "el",
            "profile_photo_url": "https://lh6.googleusercontent.com/-ssXsBPREMkM/AAAAAAAAAAI/AAAAAAAAAAA/ACHi3rfe3mc09uPEaCg4aK7Ze_XrllMmFQ/s128-c0x00000000-cc-rp-mo-ba4/photo.jpg",
            "rating": 5,
            "relative_time_description": "2 months ago",
            "text": "\u03a0\u03bf\u03bb\u03bb\u03ae \u03ba\u03b1\u03bb\u03ae \u03c0\u03c1\u03bf\u03c3\u03c0\u03ac\u03b8\u03b5\u03b9\u03b1 \u03b3\u03b9\u03b1 \u03b1\u03bd\u03ac\u03b4\u03b5\u03b9\u03be\u03b7 \u03c4\u03b7\u03c2 \u03bd\u03b5\u03ce\u03c4\u03b5\u03c1\u03b7\u03c2 \u03ba\u03b5\u03c1\u03b1\u03bc\u03b9\u03ba\u03ae\u03c2 \u03c3\u03c4\u03b7\u03bd \u0395\u03bb\u03bb\u03ac\u03b4\u03b1",
            "time": 1558551822
        },
        {
            "author_name": "Maria Zygomala",
            "author_url": "https://www.google.com/maps/contrib/116870545716713874218/reviews",
            "language": "el",
            "profile_photo_url": "https://lh3.googleusercontent.com/-IyFVXkbWM9o/AAAAAAAAAAI/AAAAAAAAb1A/DZve2PVqxsw/s128-c0x00000000-cc-rp-mo-ba6/photo.jpg",
            "rating": 5,
            "relative_time_description": "a year ago",
            "text": "\u039a\u03ad\u03bd\u03c4\u03c1\u03bf \u039c\u03b5\u03bb\u03ad\u03c4\u03b7\u03c2  \u039d\u03b5\u03c9\u03c4\u03b5\u03c1\u03b7\u03c2  \u039a\u03b5\u03c1\u03b1\u03bc\u03b9\u03ba\u03ae\u03c2 \u03b1\u03be\u03af\u03b6\u03b5\u03b9 \u03b5\u03c0\u03b9\u03c3\u03ba\u03b5\u03c8\u03b7***",
            "time": 1505782615
        },
        {
            "author_name": "Michael Chatzianastassiou",
            "author_url": "https://www.google.com/maps/contrib/118242465124384591523/reviews",
            "language": "el",
            "profile_photo_url": "https://lh3.googleusercontent.com/-oYritqCno-8/AAAAAAAAAAI/AAAAAAAAAAA/ACHi3reG_doFmwK8UZ3ON4Jsozn5kBEGQQ/s128-c0x00000000-cc-rp-mo-ba4/photo.jpg",
            "rating": 5,
            "relative_time_description": "6 months ago",
            "text": "\u039a\u03b5\u03bd\u03c4\u03c1\u03b1",
            "time": 1547335450
        }
    ],
	"type":"museum"
}

