{
    "id": "94adbadada2fd463dc8ff3f2edf2e61febac13a8",
    "location": {
        "lat": 37.9789062,
        "lng": 23.7376958
    },
    "name": "Museum of the History of Greek Costume",
    "rating": 3.9,
    "reviews": [
        {
            "author_name": "M.M. Micha",
            "author_url": "https://www.google.com/maps/contrib/115661446207601137042/reviews",
            "language": "en",
            "profile_photo_url": "https://lh3.googleusercontent.com/-8Ez9_9Y-8lM/AAAAAAAAAAI/AAAAAAAAAAA/ACHi3rcW0Vdys_EJrZelOU609UdajCqWCA/s128-c0x00000000-cc-rp-mo-ba3/photo.jpg",
            "rating": 3,
            "relative_time_description": "a week ago",
            "text": "Tiny collection... Only first floor opened to the public... 4 euros entrance",
            "time": 1563307290
        },
        {
            "author_name": "Bartosz G\u0142owacki",
            "author_url": "https://www.google.com/maps/contrib/115736474605438198840/reviews",
            "language": "en",
            "profile_photo_url": "https://lh6.googleusercontent.com/-Vn91jgZimDY/AAAAAAAAAAI/AAAAAAAABEo/5B2RUoGy4jQ/s128-c0x00000000-cc-rp-mo/photo.jpg",
            "rating": 1,
            "relative_time_description": "4 months ago",
            "text": "Nothing interesting inside, no information about tickets and unpleasant service.",
            "time": 1553168652
        },
        {
            "author_name": "Waldek Gwiazda",
            "author_url": "https://www.google.com/maps/contrib/105344185429136752296/reviews",
            "language": "en",
            "profile_photo_url": "https://lh5.googleusercontent.com/-uKQ50HzEgKs/AAAAAAAAAAI/AAAAAAAAFCc/BkG6YRWucZU/s128-c0x00000000-cc-rp-mo-ba4/photo.jpg",
            "rating": 1,
            "relative_time_description": "4 months ago",
            "text": "In our opinion to small exhibition.  Cost 3EUR for maybe 10-15 min",
            "time": 1552057691
        },
        {
            "author_name": "Nishad Bukhari",
            "author_url": "https://www.google.com/maps/contrib/105466004601490876904/reviews",
            "language": "en",
            "profile_photo_url": "https://lh6.googleusercontent.com/-8d1ooz8U8BU/AAAAAAAAAAI/AAAAAAAAAEA/f79WtUsxCeM/s128-c0x00000000-cc-rp-mo-ba5/photo.jpg",
            "rating": 3,
            "relative_time_description": "4 months ago",
            "text": "The photos uploaded by mistake \nThe uploaded photos belongs to Shindaga Museum Creek Dubai",
            "time": 1553364212
        },
        {
            "author_name": "Perfect Rice",
            "author_url": "https://www.google.com/maps/contrib/117399674684158328646/reviews",
            "language": "en",
            "profile_photo_url": "https://lh3.googleusercontent.com/-0foRqsfUhhI/AAAAAAAAAAI/AAAAAAAAA4M/SJA5fHMPxkE/s128-c0x00000000-cc-rp-mo-ba4/photo.jpg",
            "rating": 1,
            "relative_time_description": "a year ago",
            "text": "Hard to find - even when you're right outside - and really not worth the effort. I wouldn't usually consider \u20ac3 a ripoff no matter what, but this was a ripoff. A tiny exhibit with little to see. I followed some pictures to the second floor, where there were many more pictures and costumes, but was told there was nothing up there to see. Avoid.",
            "time": 1525873336
        }
    ],
	"type":"museum"
}

