{
    "id": "e29e411b68cdab38e8f25750406b25814a701bbf",
    "location": {
        "lat": 37.9815805,
        "lng": 23.7288829
    },
    "name": "Mousio Ethnikis Trapezas",
    "rating": 4.2,
    "reviews": [
        {
            "author_name": "CLAUDIA MARIA SKORUPA",
            "author_url": "https://www.google.com/maps/contrib/110475697244992056959/reviews",
            "language": "el",
            "profile_photo_url": "https://lh5.googleusercontent.com/-JkZuATdYZ7Q/AAAAAAAAAAI/AAAAAAAACps/feh7ru8QG2o/s128-c0x00000000-cc-rp-mo-ba4/photo.jpg",
            "rating": 4,
            "relative_time_description": "9 months ago",
            "text": "\u0395\u03af\u03bd\u03b1\u03b9 \u03ad\u03bd\u03b1 \u03b1\u03c0\u03cc \u03c4\u03b1 \u03b4\u03b9\u03b1\u03c4\u03b7\u03c1\u03b7\u03c4\u03ad\u03b1 \u03ba\u03c4\u03ae\u03c1\u03b9\u03b1 \u03c4\u03b7\u03c2 \u0391\u03b8\u03ae\u03bd\u03b1\u03c2 , \u03c0\u03bf\u03bb\u03cd \u03c9\u03c1\u03b1\u03af\u03bf",
            "time": 1539586293
        },
        {
            "author_name": "Spyros Vossos",
            "author_url": "https://www.google.com/maps/contrib/104324709464713797470/reviews",
            "language": "el",
            "profile_photo_url": "https://lh5.googleusercontent.com/-is91dx6XHlo/AAAAAAAAAAI/AAAAAAAAEt0/_tQieOewXIc/s128-c0x00000000-cc-rp-mo-ba4/photo.jpg",
            "rating": 4,
            "relative_time_description": "8 months ago",
            "text": "\u039a\u03b1\u03c4\u03b1\u03c0\u03bb\u03b7\u03ba\u03c4\u03b9\u03ba\u03ae \u03b5\u03c3\u03c9\u03c4\u03b5\u03c1\u03b9\u03ba\u03ae \u03b4\u03b9\u03b1\u03c1\u03c1\u03cd\u03b8\u03bc\u03b9\u03c3\u03b7!",
            "time": 1543161955
        },
        {
            "author_name": "Dimitris Koz",
            "author_url": "https://www.google.com/maps/contrib/116703129931831686663/reviews",
            "language": "el",
            "profile_photo_url": "https://lh5.googleusercontent.com/-DfHYko3Pkok/AAAAAAAAAAI/AAAAAAAAOv0/h4IrEdWI5zg/s128-c0x00000000-cc-rp-mo-ba6/photo.jpg",
            "rating": 4,
            "relative_time_description": "5 months ago",
            "text": "\u03a0\u03bf\u03bb\u03cd \u03ba\u03b1\u03bb\u03cc",
            "time": 1549966924
        },
        {
            "author_name": "George Ba",
            "author_url": "https://www.google.com/maps/contrib/113895692429407720665/reviews",
            "language": "el",
            "profile_photo_url": "https://lh3.googleusercontent.com/-FefcqiibnW4/AAAAAAAAAAI/AAAAAAAAYqo/XNKQu1brJQc/s128-c0x00000000-cc-rp-mo-ba5/photo.jpg",
            "rating": 5,
            "relative_time_description": "2 years ago",
            "text": "\u0395\u03be\u03b1\u03b9\u03c1\u03b5\u03c4\u03b9\u03ba\u03b1 \u03b5\u03bd\u03b4\u03b9\u03b1\u03c6\u03b5\u03c1\u03bf\u03bd \u03bc\u03bf\u03c5\u03c3\u03b5\u03b9\u03bf. \u039f \u03b5\u03c0\u03b9\u03c3\u03ba\u03b5\u03c0\u03c4\u03b7\u03c2 \u03b1\u03bd\u03b1\u03b6\u03b7\u03c4\u03b1 \u03c4\u03b9\u03c2 \u03c1\u03b9\u03b6\u03b5\u03c2 \u03c4\u03bf\u03c5 \u03c7\u03c1\u03b7\u03bc\u03b1\u03c4\u03bf\u03c2 \u03c3\u03c4\u03bf\u03c5\u03c2 \u03b1\u03c1\u03c7\u03b1\u03b9\u03bf\u03c5\u03c2 \u03c7\u03c1\u03bf\u03bd\u03bf\u03c5\u03c2. \u0394\u03b9\u03b1\u03b4\u03c1\u03b1\u03c3\u03c4\u03b9\u03ba\u03b7 \u03b5\u03bc\u03c0\u03b5\u03b9\u03c1\u03b9\u03b1",
            "time": 1493907387
        },
        {
            "author_name": "jean louis simard",
            "author_url": "https://www.google.com/maps/contrib/105102328681606459419/reviews",
            "language": "nl",
            "profile_photo_url": "https://lh6.googleusercontent.com/-Iz-lfaxLv8U/AAAAAAAAAAI/AAAAAAAAykE/JwKCxFXDSpM/s128-c0x00000000-cc-rp-mo-ba5/photo.jpg",
            "rating": 3,
            "relative_time_description": "2 years ago",
            "text": "Interessant\n",
            "time": 1493647718
        }
    ],
	"type":"museum"
}

