{
    "id": "ee71340ef80827054f69c9f4ac456492a2572655",
    "location": {
        "lat": 37.9780996,
        "lng": 23.7148101
    },
    "name": "\u0392\u03b9\u03bf\u03bc\u03b7\u03c7\u03b1\u03bd\u03b9\u03ba\u03cc \u039c\u03bf\u03c5\u03c3\u03b5\u03af\u03bf \u03a6\u03c9\u03c4\u03b1\u03b5\u03c1\u03af\u03bf\u03c5",
    "rating": 3.8,
    "reviews": [
        {
            "author_name": "Marios Xenos",
            "author_url": "https://www.google.com/maps/contrib/106723191353243599801/reviews",
            "language": "en",
            "profile_photo_url": "https://lh6.googleusercontent.com/-Nwm_QAz7lpY/AAAAAAAAAAI/AAAAAAAAecc/RltDZKq6HYk/s128-c0x00000000-cc-rp-mo-ba4/photo.jpg",
            "rating": 5,
            "relative_time_description": "a year ago",
            "text": "A great spot in Athens. Gas industry of previous century meets nowdays culture. A must see for everyone, traveller or not.",
            "time": 1506197647
        },
        {
            "author_name": "Gemma Phillis",
            "author_url": "https://www.google.com/maps/contrib/108106173533737749970/reviews",
            "language": "en",
            "profile_photo_url": "https://lh4.googleusercontent.com/-NBz6k0bgAnI/AAAAAAAAAAI/AAAAAAAAANU/1aD7THtOJX4/s128-c0x00000000-cc-rp-mo-ba4/photo.jpg",
            "rating": 2,
            "relative_time_description": "a year ago",
            "text": "This is more of a working space than a place to visit, only go if you know of an event that is on.",
            "time": 1510830976
        },
        {
            "author_name": "Roger Brick",
            "author_url": "https://www.google.com/maps/contrib/109036126086984865345/reviews",
            "language": "en",
            "profile_photo_url": "https://lh3.googleusercontent.com/-7d_tfB_lq8w/AAAAAAAAAAI/AAAAAAAB-0s/Jv7GniolBqM/s128-c0x00000000-cc-rp-mo-ba3/photo.jpg",
            "rating": 1,
            "relative_time_description": "3 years ago",
            "text": "There really is no \"museum\" there. It's an event space and they saved a few architectural peices of the old gasworks. These are labeled. \nThat's it. ",
            "time": 1463386605
        },
        {
            "author_name": "Eleni Katouna",
            "author_url": "https://www.google.com/maps/contrib/108783393699769580782/reviews",
            "language": "el",
            "profile_photo_url": "https://lh5.googleusercontent.com/-VQyLjNB9Bgo/AAAAAAAAAAI/AAAAAAAAAHA/kV9oW2VRGJ8/s128-c0x00000000-cc-rp-mo-ba4/photo.jpg",
            "rating": 3,
            "relative_time_description": "5 months ago",
            "text": "Chocalate fest. \u038c\u03c7\u03b9 \u03ba\u03ac\u03c4\u03b9 \u03b9\u03b4\u03b9\u03b1\u03af\u03c4\u03b5\u03c1\u03bf. \u03a5\u03c0\u03ae\u03c1\u03c7\u03b1\u03bd \u03ba\u03b1\u03bc\u03af\u03b1 30 \u03b5\u03ba\u03b8\u03ad\u03c4\u03b5\u03c2 \u03bc\u03b5 \u03c3\u03bf\u03ba\u03bf\u03bb\u03ac\u03c4\u03b5\u03c2, \u03c3\u03bf\u03ba\u03bf\u03bb\u03b1\u03c4\u03b1\u03ba\u03b9\u03b1 \u03ba\u03b1\u03b9 \u03b3\u03bb\u03c5\u03ba\u03ac.(\u03c6\u03c5\u03c3\u03b9\u03ba\u03b1 \u03cc\u03c4\u03b9 \u03ae\u03b8\u03b5\u03bb\u03b5\u03c2 \u03c4\u03bf \u03b1\u03b3\u03cc\u03c1\u03b1\u03b6\u03b5\u03c2). \u0388\u03bd\u03b1 \u03c3\u03c5\u03bd\u03c4\u03c1\u03b9\u03b2\u03b1\u03bd\u03b7 \u03c3\u03bf\u03ba\u03bf\u03bb\u03ac\u03c4\u03b1\u03c2 \u03bc\u03b7 \u03b2\u03c1\u03c9\u03c3\u03b9\u03bc\u03b7, \u03ba\u03b1\u03b9 \u03cc\u03c3\u03bf \u03b3\u03b9\u03b1 \u03c4\u03b1 live Cook \u03b4\u03b5\u03bd \u03bc\u03c0\u03bf\u03c1\u03bf\u03cd\u03c3\u03b5\u03c2 \u03bd\u03b1 \u03b4\u03b5\u03b9\u03c2 \u03b3\u03b9\u03b1\u03c4\u03af \u03b4\u03b5\u03bd \u03b5\u03af\u03c7\u03b5 \u03ba\u03b1\u03b8\u03af\u03c3\u03bc\u03b1\u03c4\u03b1 \u03ce\u03c3\u03c4\u03b5 \u03bf \u03ba\u03cc\u03c3\u03bc\u03bf\u03c2 \u03bd\u03b1 \u03ba\u03ac\u03c4\u03c3\u03b5\u03b9 \u03ba\u03b1\u03b9 \u03bd\u03b1  \u03c0\u03b1\u03c1\u03b1\u03ba\u03bf\u03bb\u03bf\u03c5\u03b8\u03b7\u03c3\u03b5\u03b9, \u03b1\u03bb\u03bb\u03ac \u03ae\u03c4\u03b1\u03bd \u03cc\u03bb\u03bf\u03b9 \u03cc\u03c1\u03b8\u03b9\u03bf\u03b9 \u03ba\u03b1\u03b9 \u03bf\u03b9 \u03c0\u03b9\u03bf \u03c0\u03af\u03c3\u03c9 \u03bf\u03cd\u03c4\u03b5 \u03ad\u03b2\u03bb\u03b5\u03c0\u03b1\u03bd. \u03a4\u03bf \u03b5\u03b9\u03c3\u03b7\u03c4\u03b7\u03c1\u03b9\u03bf 3\u20ac.",
            "time": 1550227252
        },
        {
            "author_name": "Dennis \u03a6\u03c9\u03c4\u03b9\u03b1",
            "author_url": "https://www.google.com/maps/contrib/114409512985148920770/reviews",
            "language": "el",
            "profile_photo_url": "https://lh5.googleusercontent.com/-PMNSUGnonqk/AAAAAAAAAAI/AAAAAAAAWD8/tQFIXQA0sVU/s128-c0x00000000-cc-rp-mo/photo.jpg",
            "rating": 1,
            "relative_time_description": "7 months ago",
            "text": "\u039c\u03bf\u03c5 \u03ac\u03c1\u03b5\u03c3\u03b5 \u03b3\u03b9\u03b1 \u03c4\u03bf\u03bd \u03bb\u03cc\u03b3\u03bf \u03c0\u03c9\u03c2 \u03c0\u03b1\u03c1\u03bf\u03c5\u03c3\u03b9\u03ac\u03b6\u03b5\u03b9 \u03b5\u03bd\u03b4\u03b9\u03b1\u03c6\u03ad\u03c1\u03bf\u03bd\u03c4\u03b1 \u03b1\u03c1\u03c7\u03b1\u03b9\u03bf\u03bb\u03bf\u03b3\u03b9\u03ba\u03ac \u03b5\u03ba\u03b8\u03ad\u03bc\u03b1\u03c4\u03b1 \u03c4\u03c9\u03bd \u0395\u03bb\u03bb\u03ae\u03bd\u03c9\u03bd.",
            "time": 1544191606
        }
    ],
	"type":"museum"
}

