{
    "id": "db8fd979cb90c2d4b3c5a0ddc1cfb19620fb2455",
    "location": {
        "lat": 37.9791226,
        "lng": 23.7423356
    },
    "name": "\u039c\u03bf\u03c5\u03c3\u03b5\u03af\u03bf \u03a4\u03bf\u03c5\u03c1\u03b9\u03c3\u03bc\u03bf\u03cd",
    "rating": 5,
    "reviews": [
        {
            "author_name": "ASPASIA29ify",
            "author_url": "https://www.google.com/maps/contrib/103305853511314267643/reviews",
            "language": "el",
            "profile_photo_url": "https://lh3.googleusercontent.com/-hfmKyYJqu_4/AAAAAAAAAAI/AAAAAAAAAAA/ACHi3rcOR8kR1Khlf29Wvw_mDTMFjn_OXQ/s128-c0x00000000-cc-rp-mo/photo.jpg",
            "rating": 5,
            "relative_time_description": "6 months ago",
            "text": "\u039f \u03c7\u03ce\u03c1\u03bf\u03c2 \u03b5\u03af\u03bd\u03b1\u03b9 \u03bc\u03b9\u03ba\u03c1\u03cc\u03c2 \u03b3\u03b9\u03b1 \u03c4\u03b7\u03bd \u03c0\u03bb\u03b7\u03b8\u03ce\u03c1\u03b1 \u03c4\u03c9\u03bd \u03b5\u03ba\u03b8\u03b5\u03bc\u03ac\u03c4\u03c9\u03bd....\u03b1\u03c2 \u03b2\u03bf\u03b7\u03b8\u03ae\u03c3\u03bf\u03c5\u03bc\u03b5 \u03cc\u03bb\u03bf\u03b9, \u03bd\u03b1 \u03b2\u03c1\u03bf\u03c5\u03bd \u03bf\u03b9 \u03c5\u03c0\u03b5\u03cd\u03b8\u03c5\u03bd\u03bf\u03b9 \u03ad\u03bd\u03b1 \u03bc\u03b5\u03b3\u03b1\u03bb\u03cd\u03c4\u03b5\u03c1\u03bf, \u03bd\u03b1 \u03c7\u03b1\u03b9\u03c1\u03cc\u03bc\u03b1\u03c3\u03c4\u03b5 \u03bc\u03b5 \u03c4\u03b7\u03bd \u03b9\u03c3\u03c4\u03bf\u03c1\u03af\u03b1 \u03c4\u03bf\u03c5 \u03c4\u03bf\u03c5\u03c1\u03b9\u03c3\u03bc\u03bf\u03cd \u03c4\u03b7\u03c2 \u03c7\u03ce\u03c1\u03b1\u03c2....",
            "time": 1547890016
        },
        {
            "author_name": "\u0386\u03bb\u03bd\u03c4\u03bf \u0392\u03ac\u03c4\u03c3\u03b9\u03b1",
            "author_url": "https://www.google.com/maps/contrib/103200937490495523120/reviews",
            "language": "el",
            "profile_photo_url": "https://lh6.googleusercontent.com/-vPqJeUQPYb4/AAAAAAAAAAI/AAAAAAAAdTU/Orvblx3A4eU/s128-c0x00000000-cc-rp-mo-ba4/photo.jpg",
            "rating": 5,
            "relative_time_description": "6 months ago",
            "text": "\u03a0\u03bf\u03bb\u03cd \u03cc\u03bc\u03bf\u03c1\u03c6\u03bf \u03bc\u03ad\u03c1\u03bf\u03c2, \u03bc\u03b5 \u03c0\u03bf\u03bb\u03bb\u03ac \u03b5\u03ba\u03b8\u03ad\u03bc\u03b1\u03c4\u03b1 \u03ba\u03b1\u03b9 2 \u03c0\u03bf\u03bb\u03cd \u03ba\u03b1\u03bb\u03ad\u03c2 \u03be\u03b5\u03bd\u03b1\u03b3\u03bf\u03c5\u03c2",
            "time": 1547815267
        },
        {
            "author_name": "Nitsa Dimitriou",
            "author_url": "https://www.google.com/maps/contrib/103441178474029615976/reviews",
            "language": "el",
            "profile_photo_url": "https://lh6.googleusercontent.com/-dycmO5e4yuE/AAAAAAAAAAI/AAAAAAAAAAA/ACHi3rdFiHUDbUWPC3TTixxS1of8qSUMPw/s128-c0x00000000-cc-rp-mo-ba4/photo.jpg",
            "rating": 5,
            "relative_time_description": "6 months ago",
            "text": "\u0391\u03be\u03b9\u03cc\u03bb\u03bf\u03b3\u03bf\u03c2 \u03c7\u03ce\u03c1\u03bf\u03c2 ..\u0391\u03c8\u03bf\u03b3\u03b7 \u03be\u03b5\u03bd\u03ac\u03b3\u03b7\u03c3\u03b7!",
            "time": 1547845155
        }
    ],
	"type":"museum"
}

