{
    "id": "38a8b1ab1c4dec18177fe3ce75e372aaaea2909b",
    "location": {
        "lat": 37.9805704,
        "lng": 23.7521462
    },
    "name": "Eleftherios Venizelos Museum",
    "rating": 5,
    "reviews": [
        {
            "author_name": "NPap",
            "author_url": "https://www.google.com/maps/contrib/115326049416115349501/reviews",
            "profile_photo_url": "https://lh5.googleusercontent.com/-Mkr4V5OaVmk/AAAAAAAAAAI/AAAAAAAADM4/75amRIXCcKY/s128-c0x00000000-cc-rp-mo/photo.jpg",
            "rating": 5,
            "relative_time_description": "a year ago",
            "text": "",
            "time": 1526127779
        },
        {
            "author_name": "Julia van voorthuizen",
            "author_url": "https://www.google.com/maps/contrib/104724946492968194190/reviews",
            "profile_photo_url": "https://lh3.googleusercontent.com/-e87Zj9uOu_c/AAAAAAAAAAI/AAAAAAAAAAA/ACHi3rcyOX-JELveMOwH7OJJRpk_Ss1FVw/s128-c0x00000000-cc-rp-mo/photo.jpg",
            "rating": 5,
            "relative_time_description": "2 weeks ago",
            "text": "",
            "time": 1563272963
        }
    ],
	"type":"museum"
}

