{
    "id": "e41b443490e41ed6ce28c2ed37c22e96a5db3fe0",
    "location": {
        "lat": 37.9913859,
        "lng": 23.7083846
    },
    "name": "Plato's Academy Ruins",
    "rating": 4.6,
    "reviews": [
        {
            "author_name": "anna k",
            "author_url": "https://www.google.com/maps/contrib/101640488008294999807/reviews",
            "language": "en",
            "profile_photo_url": "https://lh6.googleusercontent.com/-oeXAXpxBhG8/AAAAAAAAAAI/AAAAAAAADJg/wYpT1Lc0lK4/s128-c0x00000000-cc-rp-mo-ba4/photo.jpg",
            "rating": 5,
            "relative_time_description": "3 months ago",
            "text": "One of the best options for a safe dog walk. This park has a special place in my heart.",
            "time": 1556575228
        },
        {
            "author_name": "Abdul Malik Omar",
            "author_url": "https://www.google.com/maps/contrib/111386609789826049068/reviews",
            "language": "en",
            "profile_photo_url": "https://lh4.googleusercontent.com/-mlTsSLjLi3o/AAAAAAAAAAI/AAAAAAAABUk/RTR9vS8BY5Q/s128-c0x00000000-cc-rp-mo/photo.jpg",
            "rating": 5,
            "relative_time_description": "4 months ago",
            "text": "Highly recommended place! You can say that you've walked in the footsteps of Plato and Arisotle in this historic site!",
            "time": 1552441628
        },
        {
            "author_name": "Athanasios Sofikitis",
            "author_url": "https://www.google.com/maps/contrib/104080794726967655218/reviews",
            "language": "en",
            "profile_photo_url": "https://lh5.googleusercontent.com/-EUHr-D3oOao/AAAAAAAAAAI/AAAAAAAAG_g/j3jUzWsx-bs/s128-c0x00000000-cc-rp-mo-ba2/photo.jpg",
            "rating": 5,
            "relative_time_description": "3 months ago",
            "text": "Amazing Place",
            "time": 1554886518
        },
        {
            "author_name": "themistoklis themistoklis",
            "author_url": "https://www.google.com/maps/contrib/102955183141147635625/reviews",
            "language": "el",
            "profile_photo_url": "https://lh3.googleusercontent.com/-JcsnI0SAaBU/AAAAAAAAAAI/AAAAAAAAAAA/ACHi3re2IQg-Sc3uJuMGa8sfrAxRfU4yBg/s128-c0x00000000-cc-rp-mo-ba3/photo.jpg",
            "rating": 5,
            "relative_time_description": "3 months ago",
            "text": "\u0388\u03bd\u03b1 \u03b7\u03c3\u03c5\u03c7\u03b1\u03c3\u03c4\u03ae\u03c1\u03b9\u03bf \u03c3\u03c4\u03b7\u03bd \u03ba\u03b1\u03c1\u03b4\u03b9\u03ac \u03c4\u03ae\u03c2 \u0391\u03b8\u03ae\u03bd\u03b1\u03c2 , \u03b4\u03c5\u03c3\u03c4\u03c5\u03c7\u03ce\u03c2 \u03b4\u03b5\u03bd \u03ad\u03c7\u03b5\u03b9 \u03c4\u03b7\u03bd \u03b1\u03bd\u03c4\u03b9\u03bc\u03b5\u03c4\u03ce\u03c0\u03b9\u03c3\u03b7 \u03c0\u03bf\u03c5 \u03b1\u03c1\u03bc\u03cc\u03b6\u03b5\u03b9 \u03c3\u03b5 \u03b1\u03c5\u03c4\u03cc \u03c4\u03bf \u03b9\u03c3\u03c4\u03bf\u03c1\u03b9\u03ba\u03cc \u03ba\u03b1\u03b9 \u03b9\u03b4\u03b5\u03bf\u03bb\u03bf\u03b3\u03b9\u03ba\u03cc \u03bc\u03ad\u03c1\u03bf\u03c2 \u03ba\u03b1\u03b9 \u03b1\u03c0\u03cc \u03c0\u03bb\u03b5\u03c5\u03c1\u03ac\u03c2 \u03ba\u03c1\u03ac\u03c4\u03bf\u03c5\u03c2 \u03ba\u03b1\u03b9 \u03b1\u03c0\u03cc \u03c0\u03bb\u03b5\u03c5\u03c1\u03ac\u03c2 \u03ba\u03b1\u03c4\u03bf\u03af\u03ba\u03c9\u03bd!!!!!!!!!!",
            "time": 1555603378
        },
        {
            "author_name": "\u0410\u043b\u0435\u043a\u0441\u0430\u043d\u0434\u0440 \u041f\u0443\u0448\u043a\u0430\u0440\u0441\u043a\u0438\u0439",
            "author_url": "https://www.google.com/maps/contrib/109527640086559771549/reviews",
            "language": "ru",
            "profile_photo_url": "https://lh5.googleusercontent.com/-sMhHllcte1o/AAAAAAAAAAI/AAAAAAAAAe0/oadXxpICgpI/s128-c0x00000000-cc-rp-mo-ba3/photo.jpg",
            "rating": 5,
            "relative_time_description": "a month ago",
            "text": "\u041c\u0435\u0441\u0442\u043e, \u043a\u043e\u043d\u0435\u0447\u043d\u043e, \u0441\u043b\u0435\u0433\u043a\u0430 \u0437\u0430\u043f\u0443\u0449\u0435\u043d\u043d\u043e\u0435, \u043d\u043e \u0438\u043c\u0435\u0435\u0442 \u0433\u043b\u0443\u0431\u043e\u043a\u0438\u0439 \u0438\u0441\u0442\u043e\u0440\u0438\u0447\u0435\u0441\u043a\u0438\u0439 \u043a\u043e\u043d\u0442\u0435\u043a\u0441\u0442 (\u043a\u0430\u043a \u0438 \u043a\u0430\u0436\u0434\u044b\u0439 \u0432\u0442\u043e\u0440\u043e\u0439 \u043a\u0430\u043c\u0435\u043d\u044c \u0432 \u0410\u0444\u0438\u043d\u0430\u0445, \u0441\u043f\u0440\u0430\u0432\u0435\u0434\u043b\u0438\u0432\u043e\u0441\u0442\u0438 \u0440\u0430\u0434\u0438). \u0412 \u0446\u0435\u043b\u043e\u043c, \u0442\u0443\u0442 \u043f\u0440\u0438\u044f\u0442\u043d\u043e \u0433\u0443\u043b\u044f\u0442\u044c. \u041c\u043e\u0436\u043d\u043e \u0434\u0430\u0436\u0435 \u043f\u0438\u0432\u043a\u0430 \u043d\u0430\u043a\u0438\u043d\u0443\u0442\u044c, \u043e\u0441\u043e\u0431\u0435\u043d\u043d\u043e \u0432\u0435\u0447\u0435\u0440\u043e\u043c.",
            "time": 1561148592
        }
    ],
	"type":"museum"
}

