{
    "id": "e1a2ae380a15735ed974f3ed1a62290911f66c19",
    "location": {
        "lat": 37.9751813,
        "lng": 23.724219
    },
    "name": "Stoa of Attalos",
    "rating": 4.7,
    "reviews": [
        {
            "author_name": "Daniela Albarracin",
            "author_url": "https://www.google.com/maps/contrib/111077973335689357774/reviews",
            "language": "en",
            "profile_photo_url": "https://lh4.googleusercontent.com/-QEMAV-pKXkY/AAAAAAAAAAI/AAAAAAAAAek/Ec7bcukDRZw/s128-c0x00000000-cc-rp-mo-ba5/photo.jpg",
            "rating": 5,
            "relative_time_description": "in the last week",
            "text": "Great placer with lots of very well organized pieces. You can follow a timeline and understand how people lived. Also, nice area with AC to rest from Athens heat",
            "time": 1564075815
        },
        {
            "author_name": "\u041b\u044e\u0431\u043e\u043c\u0438\u0440 \u0422\u0430\u0443\u043b\u043e\u0432",
            "author_url": "https://www.google.com/maps/contrib/109480859642639753898/reviews",
            "language": "en",
            "profile_photo_url": "https://lh6.googleusercontent.com/-KBpoT1ZBIBI/AAAAAAAAAAI/AAAAAAAAAx0/6xpTw6SZkZY/s128-c0x00000000-cc-rp-mo-ba3/photo.jpg",
            "rating": 5,
            "relative_time_description": "a week ago",
            "text": "The building is really well renovated. It's an exact copy of the original as we understood. Recommend visiting it and the museum inside. The whole ancient Agora has many things to explore",
            "time": 1563726413
        },
        {
            "author_name": "Ioannis Paisis",
            "author_url": "https://www.google.com/maps/contrib/100798324337210552131/reviews",
            "language": "en",
            "profile_photo_url": "https://lh4.googleusercontent.com/-Xb5y38oIXYY/AAAAAAAAAAI/AAAAAAAAAOA/WLYG0kXYShA/s128-c0x00000000-cc-rp-mo-ba6/photo.jpg",
            "rating": 5,
            "relative_time_description": "2 weeks ago",
            "text": "Impressive fully reconstructed building in the area of ancient agora. You could easily imagine the usage of that kind of buildings in ancient times. Definitely worth a visit to admire the building and the collections that houses.",
            "time": 1563041634
        },
        {
            "author_name": "Lene Wilhelmsen",
            "author_url": "https://www.google.com/maps/contrib/111454320547442415896/reviews",
            "language": "en",
            "profile_photo_url": "https://lh5.googleusercontent.com/-ovMdmuvBQhg/AAAAAAAAAAI/AAAAAAAAAAA/ACHi3rev-ONOS0WDujcZ9pCaXSdgCGx61A/s128-c0x00000000-cc-rp-mo-ba3/photo.jpg",
            "rating": 5,
            "relative_time_description": "2 months ago",
            "text": "Loved it! Great exhibition. Crowds could be managed better and sign more explanatory. But still great :)",
            "time": 1556843182
        },
        {
            "author_name": "Vincent Daniels",
            "author_url": "https://www.google.com/maps/contrib/114844787542238140193/reviews",
            "language": "en",
            "profile_photo_url": "https://lh4.googleusercontent.com/-3Pkqb6qAaJ8/AAAAAAAAAAI/AAAAAAAAAAA/ACHi3rdBxzbqDzsAhwLm8qOaU1-bNAiTog/s128-c0x00000000-cc-rp-mo-ba4/photo.jpg",
            "rating": 4,
            "relative_time_description": "3 weeks ago",
            "text": "Nice to see some ancient history dating back to the 1st century ce",
            "time": 1562258793
        }
    ],
	"type":"museum"
}

