{
    "id": "e2633ab6cacd62c948e5f33e6e93a0ba37a96d36",
    "location": {
        "lat": 37.97497329999999,
        "lng": 23.7196059
    },
    "name": "Herakleidon Museum, 2nd building",
    "rating": 4.5,
    "reviews": [
        {
            "author_name": "Michlerish Michlerish",
            "author_url": "https://www.google.com/maps/contrib/109538620843373620698/reviews",
            "language": "en",
            "profile_photo_url": "https://lh5.googleusercontent.com/-WOZ1qL1Rr90/AAAAAAAAAAI/AAAAAAAAAAA/8jFJUBQP93k/s128-c0x00000000-cc-rp-mo-ba5/photo.jpg",
            "rating": 3,
            "relative_time_description": "in the last week",
            "text": "Interesting museum, though there isn't much inside. I guess I had high expectations. It mainly covers the ships they used, armor, communication in battle, how they dug one specific aquaduct (the video was really long and boring but helped me understand), proposed animatronics, and a brief mention of astrological way-finding. Maybe kids would enjoy this one more as there are hands-on examples and extremely helpful staff.",
            "time": 1564431001
        },
        {
            "author_name": "Dorottya Csonka",
            "author_url": "https://www.google.com/maps/contrib/115764328967446610930/reviews",
            "language": "en",
            "profile_photo_url": "https://lh4.googleusercontent.com/-6Fn-P2vPUho/AAAAAAAAAAI/AAAAAAAAMCU/COaybuq_NqQ/s128-c0x00000000-cc-rp-mo-ba3/photo.jpg",
            "rating": 5,
            "relative_time_description": "2 months ago",
            "text": "It was very refreshing after the ancient history. Have you ever noticed that what you learnt in the school is more or less the ancient Greek 's knowledge? I could see more of them, and should be more interactive though.",
            "time": 1559068138
        },
        {
            "author_name": "nikolaos tilkeridis",
            "author_url": "https://www.google.com/maps/contrib/111377728452984289347/reviews",
            "language": "en",
            "profile_photo_url": "https://lh6.googleusercontent.com/-aYRE1xgyuXA/AAAAAAAAAAI/AAAAAAAAABg/4PnnANjHYWA/s128-c0x00000000-cc-rp-mo-ba3/photo.jpg",
            "rating": 5,
            "relative_time_description": "a month ago",
            "text": "Nice small museum near to acropolis. For people how loves mathematics",
            "time": 1561616443
        },
        {
            "author_name": "Stanislav Novikov",
            "author_url": "https://www.google.com/maps/contrib/115539173208101960626/reviews",
            "language": "en",
            "profile_photo_url": "https://lh6.googleusercontent.com/-32CktNPk020/AAAAAAAAAAI/AAAAAAAAAnU/SWmlSdeakms/s128-c0x00000000-cc-rp-mo-ba2/photo.jpg",
            "rating": 5,
            "relative_time_description": "2 months ago",
            "text": "Gives you very nice insight how war was conducted in ancient times",
            "time": 1556892856
        },
        {
            "author_name": "Francis Helayel",
            "author_url": "https://www.google.com/maps/contrib/105438681197826966068/reviews",
            "language": "en",
            "profile_photo_url": "https://lh5.googleusercontent.com/-Zl4QFKrFPao/AAAAAAAAAAI/AAAAAAAAAFc/LAPAqF75hOM/s128-c0x00000000-cc-rp-mo-ba3/photo.jpg",
            "rating": 4,
            "relative_time_description": "3 weeks ago",
            "text": "Quick straight to the point",
            "time": 1562194677
        }
    ],
	"type":"museum"
}

