{
    "id": "e00195b47cab08b380e1203ecb14affd14612658",
    "location": {
        "lat": 37.975952,
        "lng": 23.740446
    },
    "name": "Benaki Museum",
    "rating": 4.6,
    "reviews": [
        {
            "author_name": "La Basil",
            "author_url": "https://www.google.com/maps/contrib/115501990374566560382/reviews",
            "language": "en",
            "profile_photo_url": "https://lh6.googleusercontent.com/-pt5WFAIaIeQ/AAAAAAAAAAI/AAAAAAAADxU/FAeRbZ2K2QQ/s128-c0x00000000-cc-rp-mo-ba3/photo.jpg",
            "rating": 5,
            "relative_time_description": "in the last week",
            "text": "The main collection is, of course, magnificently curated but the true delight here are the periodic exhibitions that usually crash with it. I find it exhilarating going from ancient art to expressionism in just three floors. Bonus, it's open until midnight on Thursdays so it's a great time for a late night visit!",
            "time": 1565364046
        },
        {
            "author_name": "Denby Liu",
            "author_url": "https://www.google.com/maps/contrib/110366529853017658201/reviews",
            "language": "en",
            "profile_photo_url": "https://lh5.googleusercontent.com/-GmqUwCe1NYM/AAAAAAAAAAI/AAAAAAAABn4/vMHf2tcuSCk/s128-c0x00000000-cc-rp-mo-ba5/photo.jpg",
            "rating": 5,
            "relative_time_description": "a month ago",
            "text": "Not knowing what to expect at this museum I was extremely impressed with the high quality objects displayed. They wouldn't be out of place in other major museums around the world quite frankly.\n\nThe nice thing is that it's just the right size that you can see everything at a gentle pace.\n\nHighly recommend this museum.",
            "time": 1562811422
        },
        {
            "author_name": "Kristian Vo",
            "author_url": "https://www.google.com/maps/contrib/107680460867455506331/reviews",
            "language": "en",
            "profile_photo_url": "https://lh4.googleusercontent.com/-fHhIeVZVJ1U/AAAAAAAAAAI/AAAAAAAACAg/1sTZDwnluWA/s128-c0x00000000-cc-rp-mo/photo.jpg",
            "rating": 5,
            "relative_time_description": "a month ago",
            "text": "If you have 2 hours then do this! Start with lunch at the fabulous little restaurant. Then start at the top and work your way down from the beginning of modern Greece to her Knossian origins. \nThe shop is nice, especially for the rich. I'd hoped for a few more souvenirs in the lower price range.",
            "time": 1562604711
        },
        {
            "author_name": "Emily Hopper",
            "author_url": "https://www.google.com/maps/contrib/116673103322032287877/reviews",
            "language": "en",
            "profile_photo_url": "https://lh5.googleusercontent.com/-ANJw7lAVADU/AAAAAAAAAAI/AAAAAAAAKPw/b7DmuEZ8xmk/s128-c0x00000000-cc-rp-mo-ba4/photo.jpg",
            "rating": 4,
            "relative_time_description": "4 months ago",
            "text": "We went on a Thursday, which turned out to have free entry (!), and the museum is open until midnight, so we definitely felt this was very worth going. The museum itself is very cool, although a bit odd - most of the ground floor is all ancient Greek stuff (which was all great stuff, although probably more impressive if you haven't just come from the national Archaeological Museum!), but it then very rapidly transitions into Christian artwork, and then onto much more recent Greek history, including the war for independence on the top floor. We went in not knowing about any of the more recent history, so I don't think we got as much out of the more recent exhibits as we should have done.",
            "time": 1554891752
        },
        {
            "author_name": "Thomas Martin",
            "author_url": "https://www.google.com/maps/contrib/108676563752326388533/reviews",
            "language": "en",
            "profile_photo_url": "https://lh5.googleusercontent.com/-0diws3DQz1U/AAAAAAAAAAI/AAAAAAAAAAA/ACHi3rdeBqXUywWb2Ag4DtK_uZA5EOBDKw/s128-c0x00000000-cc-rp-mo-ba4/photo.jpg",
            "rating": 4,
            "relative_time_description": "2 months ago",
            "text": "FREE on Thursdays! \nExtremely big collection, certainly for a private person, and well displayed. Also liked the fact the objects on display span the whole of Greece's history. \nI only think a finer selection would be better. In some rooms or display cases it just seems like they tried to put every last object in. This might be interesting to some, but is a bit overkill for most.\nA little more information would be nice as well (without again going too far... \ud83d\ude09)",
            "time": 1560184353
        }
    ],
    "type": "museum"
}