{
    "id": "fd8f562693cca514a14dfd44177888e03c07080a",
    "location": {
        "lat": 37.9723923,
        "lng": 23.7448135
    },
    "name": "Museum of Greek Scouting",
    "rating": 4.3,
    "reviews": [
        {
            "author_name": "Nikolaos Giovanidis",
            "author_url": "https://www.google.com/maps/contrib/112141708364134424648/reviews",
            "language": "el",
            "profile_photo_url": "https://lh6.googleusercontent.com/-Z7vPDdWrgxY/AAAAAAAAAAI/AAAAAAAAAgo/obgA-YjTSz0/s128-c0x00000000-cc-rp-mo-ba5/photo.jpg",
            "rating": 5,
            "relative_time_description": "3 months ago",
            "text": "\u0388\u03bd\u03b1 \u03c3\u03c0\u03bf\u03c5\u03b4\u03b1\u03af\u03bf \u03bc\u03bf\u03c5\u03c3\u03b5\u03af\u03bf \u03b3\u03b9\u03b1 \u03c4\u03bf\u03bd \u0395\u03bb\u03bb\u03b7\u03bd\u03b9\u03ba\u03cc \u03a0\u03c1\u03bf\u03c3\u03ba\u03bf\u03c0\u03b9\u03c3\u03bc\u03cc, \u03c0\u03bf\u03c5 \u03b4\u03b7\u03bc\u03b9\u03bf\u03c5\u03c1\u03b3\u03ae\u03b8\u03b7\u03ba\u03b5 \u03bc\u03b5 \u03c5\u03c0\u03bf\u03bc\u03bf\u03bd\u03ae \u03ba\u03b1\u03b9 \u03ba\u03cc\u03c0\u03bf. \u039c\u03c0\u03c1\u03ac\u03b2\u03bf \u03c3\u03c4\u03b7\u03bd \u03bf\u03bc\u03ac\u03b4\u03b1 \u03c0\u03bf\u03c5 \u03b5\u03c1\u03b3\u03ac\u03c3\u03c4\u03b7\u03ba\u03b5 \u03b3\u03b9\u03b1 \u03bd\u03b1 \u03bc\u03b1\u03b8\u03b1\u03af\u03bd\u03bf\u03c5\u03bd \u03bf\u03b9 \u03bd\u03b5\u03cc\u03c4\u03b5\u03c1\u03bf\u03b9 \u03ba\u03b1\u03b9 \u03bd\u03b1 \u03b8\u03c5\u03bc\u03bf\u03cd\u03bd\u03c4\u03b1\u03b9 \u03bf\u03b9 \u03c0\u03b1\u03bb\u03b9\u03bf\u03af.",
            "time": 1555831524
        },
        {
            "author_name": "\u0391\u03bd\u03b4\u03c1\u03ad\u03b1\u03c2 \u039c\u03c0\u03bf\u03c5\u03c1\u03b3\u03ac\u03bd\u03b7\u03c2",
            "author_url": "https://www.google.com/maps/contrib/113815023631704627310/reviews",
            "language": "el",
            "profile_photo_url": "https://lh4.googleusercontent.com/-nkZ7xhlAH_c/AAAAAAAAAAI/AAAAAAAAAnw/Ygv4cCM-yrw/s128-c0x00000000-cc-rp-mo-ba4/photo.jpg",
            "rating": 5,
            "relative_time_description": "2 months ago",
            "text": "\u03a4\u03ad\u03bb\u03b5\u03b9\u03bf!! \ud83d\ude09",
            "time": 1558192155
        },
        {
            "author_name": "\u039d\u03af\u03ba\u03bf\u03c2 \u03a4\u03bf\u03c0\u03bf\u03cd\u03b6\u03b7\u03c2",
            "author_url": "https://www.google.com/maps/contrib/116503746068998433259/reviews",
            "language": "el",
            "profile_photo_url": "https://lh3.googleusercontent.com/-lXz0LABozyw/AAAAAAAAAAI/AAAAAAAAAAA/ACHi3rdf4_JYOj_hZgp_4jtIGXzryPd6sA/s128-c0x00000000-cc-rp-mo/photo.jpg",
            "rating": 5,
            "relative_time_description": "3 months ago",
            "text": "\u03a0\u03bf\u03bb\u03cd \u039a\u03b1\u03bb\u03cc \u0395\u03be\u03b1\u03b9\u03c1\u03b5\u03c4\u03b9\u03ba\u03cc",
            "time": 1555516559
        },
        {
            "author_name": "Themis Voulgaris",
            "author_url": "https://www.google.com/maps/contrib/116738970872264134340/reviews",
            "language": "el",
            "profile_photo_url": "https://lh3.googleusercontent.com/-PxUs2jBjOEE/AAAAAAAAAAI/AAAAAAAAIHE/fIrGT2Xh4-s/s128-c0x00000000-cc-rp-mo-ba5/photo.jpg",
            "rating": 5,
            "relative_time_description": "a year ago",
            "text": "#\u039c\u03bf\u03c5\u03c3\u03b5\u03af\u03bf #\u0395\u03bb\u03bb\u03b7\u03bd\u03b9\u03ba\u03bf\u03cd #\u03a0\u03c1\u03bf\u03c3\u03ba\u03bf\u03c0\u03b9\u03c3\u03bc\u03bf\u03cd ( #\u0391\u03b8\u03b7\u03bd\u03ce\u03bd )\n\u03a4\u03bf \u03bc\u03bf\u03c5\u03c3\u03b5\u03af\u03bf \u03b1\u03bd\u03ae\u03ba\u03b5\u03b9 \u03c3\u03c4\u03bf #\u03a3\u03ce\u03bc\u03b1 #\u0395\u03bb\u03bb\u03ae\u03bd\u03c9\u03bd #\u03a0\u03c1\u03bf\u03c3\u03ba\u03cc\u03c0\u03c9\u03bd \u03ba\u03b1\u03b9 \u03c3\u03c4\u03b5\u03b3\u03ac\u03b6\u03b5\u03c4\u03b1\u03b9 \u03c3\u03c4\u03bf #\u03a0\u03c1\u03bf\u03c3\u03ba\u03bf\u03c0\u03b9\u03ba\u03cc #\u039c\u03ad\u03b3\u03b1\u03c1\u03bf #\u0391\u03bd\u03c4\u03ce\u03bd\u03b9\u03bf\u03c2 #\u039c\u03c0\u03b5\u03bd\u03ac\u03ba\u03b7\u03c2 (\u03a0\u03c4\u03bf\u03bb\u03b5\u03bc\u03b1\u03af\u03c9\u03bd 1, #\u03a0\u03b1\u03b3\u03ba\u03c1\u03ac\u03c4\u03b9). \u03a3\u03c4\u03cc\u03c7\u03bf \u03c4\u03bf\u03c5 \u03ad\u03c7\u03b5\u03b9 \u03bd\u03b1 \u03c0\u03b1\u03c1\u03bf\u03c5\u03c3\u03b9\u03ac\u03c3\u03b5\u03b9 \u03c4\u03b9\u03c2 \u03b1\u03c1\u03c7\u03ad\u03c2, \u03c4\u03b9\u03c2 \u03bc\u03b5\u03b8\u03cc\u03b4\u03bf\u03c5\u03c2 \u03ba\u03b1\u03b9 \u03c4\u03b7\u03bd \u03b9\u03c3\u03c4\u03bf\u03c1\u03af\u03b1 \u03c4\u03bf\u03c5 \u03b4\u03b9\u03b5\u03b8\u03bd\u03bf\u03cd\u03c2 \u03ba\u03b1\u03b9 \u03c4\u03bf\u03c5 \u03b5\u03bb\u03bb\u03b7\u03bd\u03b9\u03ba\u03bf\u03cd \u03c0\u03c1\u03bf\u03c3\u03ba\u03bf\u03c0\u03b9\u03c3\u03bc\u03bf\u03cd. \u03a4\u03b1 \u03b5\u03ba\u03b8\u03ad\u03bc\u03b1\u03c4\u03b1 \u03c4\u03bf\u03c5 \u03bc\u03bf\u03c5\u03c3\u03b5\u03af\u03bf\u03c5 \u03b5\u03af\u03bd\u03b1\u03b9 \u03bf\u03c1\u03b3\u03b1\u03bd\u03c9\u03bc\u03ad\u03bd\u03b1 \u03ba\u03b1\u03c4\u03ac \u03b8\u03b5\u03bc\u03b1\u03c4\u03b9\u03ba\u03ad\u03c2 \u03b5\u03bd\u03cc\u03c4\u03b7\u03c4\u03b5\u03c2. \u0397 \u03c0\u03c1\u03ce\u03c4\u03b7 \u03b1\u03c0\u03cc \u03b1\u03c5\u03c4\u03ad\u03c2 \u03b1\u03c6\u03bf\u03c1\u03ac \u03c4\u03b9\u03c2 \u03b1\u03c1\u03c7\u03b1\u03b9\u03bf\u03b5\u03bb\u03bb\u03b7\u03bd\u03b9\u03ba\u03ad\u03c2 \u03c0\u03b1\u03b9\u03b4\u03b1\u03b3\u03c9\u03b3\u03b9\u03ba\u03ad\u03c2 \u03b1\u03c1\u03c7\u03ad\u03c2 \u03c0\u03bf\u03c5 \u03b5\u03bd\u03ad\u03c0\u03bd\u03b5\u03c5\u03c3\u03b1\u03bd \u03c4\u03bf\u03bd \u03b9\u03b4\u03c1\u03c5\u03c4\u03ae \u03c4\u03bf\u03c5 \u03c0\u03c1\u03bf\u03c3\u03ba\u03bf\u03c0\u03b9\u03c3\u03bc\u03bf\u03cd \u039c. \u03a0\u03ac\u03bf\u03c5\u03b5\u03bb \u03c3\u03c4\u03b7 \u03b4\u03b9\u03b1\u03c4\u03cd\u03c0\u03c9\u03c3\u03b7 \u03c4\u03c9\u03bd \u03b8\u03b5\u03c9\u03c1\u03b9\u03ce\u03bd \u03c4\u03bf\u03c5. \u0388\u03bd\u03b1\u03c2 \u03c0\u03b1\u03b3\u03ba\u03cc\u03c3\u03bc\u03b9\u03bf\u03c2 \u03c7\u03ac\u03c1\u03c4\u03b7\u03c2 \u03bc\u03b5 \u03c4\u03b1 \u03b5\u03bc\u03b2\u03bb\u03ae\u03bc\u03b1\u03c4\u03b1 \u03c4\u03c9\u03bd \u03c0\u03c1\u03bf\u03c3\u03ba\u03bf\u03c0\u03b9\u03ba\u03ce\u03bd \u03c3\u03c9\u03bc\u03ac\u03c4\u03c9\u03bd \u03c4\u03b7\u03c2 \u03ba\u03ac\u03b8\u03b5 \u03c7\u03ce\u03c1\u03b1\u03c2 \u03ba\u03b1\u03b9 \u03bc\u03b5 \u03c6\u03c9\u03c4\u03bf\u03b3\u03c1\u03b1\u03c6\u03af\u03b5\u03c2 \u03bc\u03b5\u03c1\u03b9\u03ba\u03ce\u03bd \u03b4\u03b9\u03ac\u03c3\u03b7\u03bc\u03c9\u03bd \u03c0\u03c1\u03bf\u03c3\u03ba\u03cc\u03c0\u03c9\u03bd \u03cc\u03c0\u03c9\u03c2 \u03bf \u03a0\u03b5\u03bb\u03ad, \u03bf \u03a1\u03cc\u03bc\u03c0\u03b5\u03c1\u03c4 \u039a\u03ad\u03bd\u03b5\u03bd\u03c4\u03b9 \u03ba\u03b1\u03b9 \u03bf \u03a0\u03bf\u03bb \u039c\u03b1\u03ba \u039a\u03ac\u03c1\u03c4\u03bd\u03b5\u03ca \u03b1\u03c0\u03bf\u03c4\u03b5\u03bb\u03b5\u03af \u03c4\u03bf \u03b2\u03b1\u03c3\u03b9\u03ba\u03cc \u03ad\u03ba\u03b8\u03b5\u03bc\u03b1 \u03c4\u03b7\u03c2 \u03b4\u03b5\u03cd\u03c4\u03b5\u03c1\u03b7\u03c2 \u03b5\u03bd\u03cc\u03c4\u03b7\u03c4\u03b1\u03c2, \u03bc\u03b5 \u03b8\u03ad\u03bc\u03b1 \u03c4\u03b7\u03bd \u03c0\u03b1\u03b3\u03ba\u03cc\u03c3\u03bc\u03b9\u03b1 \u03b4\u03b9\u03ac\u03b4\u03bf\u03c3\u03b7 \u03c4\u03c9\u03bd \u03b1\u03c1\u03c7\u03ce\u03bd \u03c4\u03bf\u03c5 \u03c0\u03c1\u03bf\u03c3\u03ba\u03bf\u03c0\u03b9\u03c3\u03bc\u03bf\u03cd. \u0391\u03ba\u03bf\u03bb\u03bf\u03c5\u03b8\u03b5\u03af \u03b7 \u03c0\u03b1\u03c1\u03bf\u03c5\u03c3\u03af\u03b1\u03c3\u03b7 \u03c4\u03b7\u03c2 \u03af\u03b4\u03c1\u03c5\u03c3\u03b7\u03c2 \u03c4\u03bf\u03c5 \u03b5\u03bb\u03bb\u03b7\u03bd\u03b9\u03ba\u03bf\u03cd \u03c3\u03ce\u03bc\u03b1\u03c4\u03bf\u03c2 \u03c4\u03bf 1910 \u03b1\u03c0\u03cc \u03c4\u03bf\u03bd \u0391\u03b8\u03b1\u03bd\u03ac\u03c3\u03b9\u03bf \u039b\u03b5\u03c5\u03ba\u03b1\u03b4\u03af\u03c4\u03b7, \u03bc\u03b5\u03c1\u03b9\u03ba\u03ac \u03b1\u03c0\u03cc \u03c4\u03b1 \u03c0\u03c1\u03bf\u03c3\u03c9\u03c0\u03b9\u03ba\u03ac \u03b1\u03bd\u03c4\u03b9\u03ba\u03b5\u03af\u03bc\u03b5\u03bd\u03b1 \u03c4\u03bf\u03c5 \u03bf\u03c0\u03bf\u03af\u03bf\u03c5 \u03c3\u03c7\u03b5\u03c4\u03b9\u03ba\u03ac \u03bc\u03b5 \u03b1\u03c5\u03c4\u03ae \u03c4\u03bf\u03c5 \u03c4\u03b7 \u03b4\u03c1\u03b1\u03c3\u03c4\u03b7\u03c1\u03b9\u03cc\u03c4\u03b7\u03c4\u03b1 \u03b5\u03ba\u03c4\u03af\u03b8\u03b5\u03bd\u03c4\u03b1\u03b9. \u039f \u03c5\u03c0\u03cc\u03bb\u03bf\u03b9\u03c0\u03bf\u03c2 \u03c7\u03ce\u03c1\u03bf\u03c2 \u03c4\u03bf\u03c5 \u03bc\u03bf\u03c5\u03c3\u03b5\u03af\u03bf\u03c5 \u03b5\u03af\u03bd\u03b1\u03b9 \u03b4\u03b9\u03b1\u03bc\u03bf\u03c1\u03c6\u03c9\u03bc\u03ad\u03bd\u03bf\u03c2 \u03ad\u03c4\u03c3\u03b9 \u03ce\u03c3\u03c4\u03b5 \u03bd\u03b1 \u03b1\u03bd\u03b1\u03c0\u03b1\u03c1\u03b9\u03c3\u03c4\u03ac \u03c6\u03c5\u03c3\u03b9\u03ba\u03ac \u03c4\u03bf\u03c0\u03af\u03b1, \u03b3\u03b9\u03b1 \u03c4\u03b7\u03bd \u03ba\u03b1\u03bb\u03cd\u03c4\u03b5\u03c1\u03b7 \u03c0\u03b1\u03c1\u03bf\u03c5\u03c3\u03af\u03b1\u03c3\u03b7 \u03c4\u03c9\u03bd \u03b4\u03c1\u03b1\u03c3\u03c4\u03b7\u03c1\u03b9\u03bf\u03c4\u03ae\u03c4\u03c9\u03bd \u03c4\u03c9\u03bd \u03c0\u03c1\u03bf\u03c3\u03ba\u03cc\u03c0\u03c9\u03bd \u03b1\u03bd\u03ac \u03b7\u03bb\u03b9\u03ba\u03b9\u03b1\u03ba\u03ad\u03c2 \u03bf\u03bc\u03ac\u03b4\u03b5\u03c2: \u03c4\u03c9\u03bd \u03bb\u03c5\u03ba\u03cc\u03c0\u03bf\u03c5\u03bb\u03c9\u03bd, \u03c4\u03b7\u03c2 \u03bf\u03bc\u03ac\u03b4\u03b1\u03c2 \u03c0\u03c1\u03bf\u03c3\u03ba\u03cc\u03c0\u03c9\u03bd, \u03c4\u03b7\u03c2 \u03ba\u03bf\u03b9\u03bd\u03cc\u03c4\u03b7\u03c4\u03b1\u03c2 \u03b1\u03bd\u03b9\u03c7\u03bd\u03b5\u03c5\u03c4\u03ce\u03bd, \u03ba\u03b1\u03b8\u03ce\u03c2 \u03ba\u03b1\u03b9 \u03c4\u03c9\u03bd \u03b4\u03cd\u03bf \u03b5\u03b9\u03b4\u03b9\u03ba\u03bf\u03c4\u03ae\u03c4\u03c9\u03bd \u03bd\u03b1\u03c5\u03c4\u03bf\u03c0\u03c1\u03bf\u03c3\u03ba\u03cc\u03c0\u03c9\u03bd \u03ba\u03b1\u03b9 \u03b1\u03b5\u03c1\u03bf\u03c0\u03c1\u03bf\u03c3\u03ba\u03cc\u03c0\u03c9\u03bd. \u039f \u03c7\u03ce\u03c1\u03bf\u03c2 \u03b1\u03c5\u03c4\u03cc\u03c2 \u03c0\u03b5\u03c1\u03b9\u03bb\u03b1\u03bc\u03b2\u03ac\u03bd\u03b5\u03b9 \u03bf\u03bc\u03bf\u03b9\u03ce\u03bc\u03b1\u03c4\u03b1 \u03c0\u03c1\u03bf\u03c3\u03ba\u03cc\u03c0\u03c9\u03bd, \u03be\u03cd\u03bb\u03b9\u03bd\u03b5\u03c2 \u03ba\u03b1\u03c4\u03b1\u03c3\u03ba\u03b5\u03c5\u03ad\u03c2, \u03c3\u03ba\u03b7\u03bd\u03ad\u03c2, \u03c0\u03af\u03bd\u03b1\u03ba\u03b5\u03c2 \u03b1\u03bd\u03b1\u03ba\u03bf\u03b9\u03bd\u03ce\u03c3\u03b5\u03c9\u03bd \u03ba\u03b1\u03b9 \u03c0\u03bf\u03bb\u03bb\u03ac \u03ac\u03bb\u03bb\u03b1 \u03b1\u03bd\u03c4\u03b9\u03ba\u03b5\u03af\u03bc\u03b5\u03bd\u03b1 \u03b1\u03c0\u03cc \u03c4\u03b7 \u03b4\u03c1\u03ac\u03c3\u03b7 \u03c4\u03c9\u03bd \u03c0\u03c1\u03bf\u03c3\u03ba\u03cc\u03c0\u03c9\u03bd. \u0397 \u03c0\u03c1\u03bf\u03c4\u03b5\u03bb\u03b5\u03c5\u03c4\u03b1\u03af\u03b1 \u03b5\u03bd\u03cc\u03c4\u03b7\u03c4\u03b1 \u03b5\u03af\u03bd\u03b1\u03b9 \u03b1\u03c6\u03b9\u03b5\u03c1\u03c9\u03bc\u03ad\u03bd\u03b7 \u03c3\u03c4\u03b9\u03c2 \u03c0\u03b1\u03bd\u03b5\u03bb\u03bb\u03ae\u03bd\u03b9\u03b5\u03c2 \u03ba\u03b1\u03b9 \u03c0\u03b1\u03b3\u03ba\u03cc\u03c3\u03bc\u03b9\u03b5\u03c2 \u03c3\u03c5\u03bd\u03b1\u03bd\u03c4\u03ae\u03c3\u03b5\u03b9\u03c2. \u03a4\u03b1 \u03c0\u03b5\u03c1\u03b9\u03c3\u03c3\u03cc\u03c4\u03b5\u03c1\u03b1 \u03b5\u03ba\u03b8\u03ad\u03bc\u03b1\u03c4\u03b1, \u03bc\u03b5\u03c4\u03b1\u03be\u03cd \u03c4\u03c9\u03bd \u03bf\u03c0\u03bf\u03af\u03c9\u03bd \u03b2\u03ad\u03bb\u03b7, \u03be\u03cd\u03bb\u03b9\u03bd\u03b1 \u03b1\u03c6\u03c1\u03b9\u03ba\u03ac\u03bd\u03b9\u03ba\u03b1 \u03b1\u03b3\u03b1\u03bb\u03bc\u03b1\u03c4\u03af\u03b4\u03b9\u03b1, \u03c7\u03ac\u03c1\u03c4\u03b5\u03c2 \u03c3\u03b5 \u03b4\u03ad\u03c1\u03bc\u03b1 \u03ba\u03b1\u03b9 \u03c4\u03cd\u03bc\u03c0\u03b1\u03bd\u03b1, \u03c0\u03c1\u03bf\u03ad\u03c1\u03c7\u03bf\u03bd\u03c4\u03b1\u03b9 \u03b1\u03c0\u03cc \u03b4\u03b9\u03ac\u03c6\u03bf\u03c1\u03b5\u03c2 \u03c7\u03ce\u03c1\u03b5\u03c2, \u03bf\u03b9 \u03bf\u03c0\u03bf\u03af\u03b5\u03c2 \u03c0\u03ae\u03c1\u03b1\u03bd \u03bc\u03ad\u03c1\u03bf\u03c2 \u03c3\u03c4\u03b7 10\u03b7 \u03c0\u03b1\u03b3\u03ba\u03cc\u03c3\u03bc\u03b9\u03b1 \u03c3\u03c5\u03bd\u03ac\u03bd\u03c4\u03b7\u03c3\u03b7 \u03c0\u03bf\u03c5 \u03ad\u03b3\u03b9\u03bd\u03b5 \u03c3\u03c4\u03bf\u03bd \u039c\u03b1\u03c1\u03b1\u03b8\u03ce\u03bd\u03b1 \u03c4\u03bf 1963. \u03a3\u03c4\u03bf\u03bd \u03c4\u03b5\u03bb\u03b5\u03c5\u03c4\u03b1\u03af\u03bf \u03c7\u03ce\u03c1\u03bf \u03c4\u03bf\u03c5 \u03bc\u03bf\u03c5\u03c3\u03b5\u03af\u03bf\u03c5 \u03b8\u03b1 \u03b2\u03c1\u03b5\u03af\u03c4\u03b5 \u03c0\u03bb\u03b7\u03c1\u03bf\u03c6\u03bf\u03c1\u03af\u03b5\u03c2 \u03ba\u03b1\u03b9 \u03bd\u03c4\u03bf\u03ba\u03bf\u03c5\u03bc\u03ad\u03bd\u03c4\u03b1 \u03b3\u03b9\u03b1 \u03c4\u03b7\u03bd \u03ba\u03bf\u03b9\u03bd\u03c9\u03bd\u03b9\u03ba\u03ae \u03c0\u03c1\u03bf\u03c3\u03c6\u03bf\u03c1\u03ac \u03c4\u03c9\u03bd \u03c0\u03c1\u03bf\u03c3\u03ba\u03cc\u03c0\u03c9\u03bd, \u03c4\u03b9\u03c2 \u03b2\u03c1\u03b1\u03b2\u03b5\u03cd\u03c3\u03b5\u03b9\u03c2 \u03c4\u03b7\u03c2 \u03b4\u03c1\u03ac\u03c3\u03b7\u03c2 \u03c4\u03bf\u03c5\u03c2 \u03b5\u03ba \u03bc\u03ad\u03c1\u03bf\u03c5\u03c2 \u03c4\u03b7\u03c2 \u03c0\u03bf\u03bb\u03b9\u03c4\u03b5\u03af\u03b1\u03c2, \u03ba\u03b1\u03b8\u03ce\u03c2 \u03ba\u03b1\u03b9 \u03b3\u03b9\u03b1 \u03c4\u03bf\u03c5\u03c2 \u03c0\u03c1\u03bf\u03c3\u03ba\u03cc\u03c0\u03bf\u03c5\u03c2 \u03c4\u03bf\u03c5 \u03b1\u03c0\u03cc\u03b4\u03b7\u03bc\u03bf\u03c5 \u03b5\u03bb\u03bb\u03b7\u03bd\u03b9\u03c3\u03bc\u03bf\u03cd. \u03a4\u03bf \u03bc\u03bf\u03c5\u03c3\u03b5\u03af\u03bf \u03b4\u03b9\u03b1\u03b8\u03ad\u03c4\u03b5\u03b9 \u03ad\u03bd\u03b1 \u03bc\u03b9\u03ba\u03c1\u03cc \u03c0\u03c9\u03bb\u03b7\u03c4\u03ae\u03c1\u03b9\u03bf \u03ba\u03b1\u03b9 \u03bc\u03af\u03b1 \u03b1\u03af\u03b8\u03bf\u03c5\u03c3\u03b1 \u03b3\u03b9\u03b1 \u03b4\u03c1\u03b1\u03c3\u03c4\u03b7\u03c1\u03b9\u03cc\u03c4\u03b7\u03c4\u03b5\u03c2 \u03ba\u03b1\u03b9 \u03b5\u03ba\u03c0\u03b1\u03b9\u03b4\u03b5\u03c5\u03c4\u03b9\u03ba\u03ac \u03c0\u03c1\u03bf\u03b3\u03c1\u03ac\u03bc\u03bc\u03b1\u03c4\u03b1. \u0395\u03ba\u03b8\u03ad\u03bc\u03b1\u03c4\u03b1 \u03b1\u03c0\u03cc \u03c4\u03b9\u03c2 \u03c0\u03b1\u03bd\u03b5\u03bb\u03bb\u03ae\u03bd\u03b9\u03b5\u03c2 \u03ba\u03b1\u03b9 \u03c0\u03b1\u03b3\u03ba\u03cc\u03c3\u03bc\u03b9\u03b5\u03c2 \u03c3\u03c5\u03bd\u03b1\u03bd\u03c4\u03ae\u03c3\u03b5\u03b9\u03c2 \u03c4\u03bf\u03c5 \u03a3\u03ce\u03bc\u03b1\u03c4\u03bf\u03c2 \u0395\u03bb\u03bb\u03ae\u03bd\u03c9\u03bd \u03a0\u03c1\u03bf\u03c3\u03ba\u03cc\u03c0\u03c9\u03bd, \u03c3\u03c4\u03bf \u039c\u03bf\u03c5\u03c3\u03b5\u03af\u03bf \u0395\u03bb\u03bb\u03b7\u03bd\u03b9\u03ba\u03bf\u03cd \u03a0\u03c1\u03bf\u03c3\u03ba\u03bf\u03c0\u03b9\u03c3\u03bc\u03bf\u03cd.",
            "time": 1504369915
        },
        {
            "author_name": "Emirakis Baykolis",
            "author_url": "https://www.google.com/maps/contrib/108556622096160292457/reviews",
            "profile_photo_url": "https://lh6.googleusercontent.com/-x1z_Y1PmdDs/AAAAAAAAAAI/AAAAAAAAAAA/ACHi3rdXKyxtHF-vPowrQMoYkuA1JJ6gtg/s128-c0x00000000-cc-rp-mo/photo.jpg",
            "rating": 1,
            "relative_time_description": "8 months ago",
            "text": "",
            "time": 1543756352
        }
    ],
	"type":"museum"
}

