{
    "id": "1f6cf4a5891b727f9abd1bebb4af491a2434af91",
    "location": {
        "lat": 37.9834045,
        "lng": 23.7020418
    },
    "name": "\u0393\u03b5\u03c9\u03c1\u03b3\u03b9\u03ba\u03cc \u039c\u03bf\u03c5\u03c3\u03b5\u03af\u03bf",
    "rating": 5,
    "reviews": [
        {
            "author_name": "Alexandra Makri",
            "author_url": "https://www.google.com/maps/contrib/111168550707580264851/reviews",
            "language": "el",
            "profile_photo_url": "https://lh4.googleusercontent.com/-KqaEpuj8mH4/AAAAAAAAAAI/AAAAAAAAAAA/ACHi3rfEFdDxhQVpdU477rQgL6ABARzwNw/s128-c0x00000000-cc-rp-mo-ba3/photo.jpg",
            "rating": 5,
            "relative_time_description": "4 months ago",
            "text": "\u03a4\u03bf 2\u03bf \u03c0\u03b1\u03bb\u03b1\u03b9\u03cc\u03c4\u03b5\u03c1\u03bf \u0395\u03bb\u03bb\u03b7\u03bd\u03b9\u03ba\u03cc \u03a0\u03b1\u03bd\u03b5\u03c0\u03b9\u03c3\u03c4\u03ae\u03bc\u03b9\u03bf.  \u0397 \u03ba\u03b1\u03bb\u03bb\u03b9\u03ad\u03c1\u03b3\u03b5\u03b9\u03b1 \u03ba\u03b1\u03b9 \u03b5\u03c0\u03b5\u03be\u03b5\u03c1\u03b3\u03b1\u03c3\u03af\u03b1 \u03c4\u03c9\u03bd \u03b5\u03b9\u03b4\u03ce\u03bd \u03c0\u03bf\u03c5 \u03b5\u03be\u03b1\u03c3\u03c6\u03b1\u03bb\u03b9 \u03b4\u03b9\u03b1\u03c4\u03c1\u03bf\u03c6\u03ae  \u03c4\u03b7\u03bd \u03b5\u03c0\u03b9\u03b2\u03af\u03c9\u03c3\u03ae \u03bc\u03b1\u03c2.  \u03a4\u03b1\u03c5\u03c4\u03cc\u03c7\u03c1\u03bf\u03bd\u03b1 \u03c0\u03b5\u03c4\u03c1\u03ce\u03bc\u03b1\u03c4\u03b1 \u03c4\u03bf\u03c5 \u03c4\u03cc\u03c0\u03bf\u03c5 \u03bc\u03b1\u03c2, \u03b1\u03bb\u03bb\u03ac \u03ba\u03b1\u03b9 \u03ba\u03b1\u03bb\u03bb\u03b9\u03c4\u03b5\u03c7\u03bd\u03b9\u03ba\u03ae \u03b4\u03b7\u03bc\u03b9\u03bf\u03c5\u03c1\u03b3\u03af\u03b1.",
            "time": 1551984325
        },
        {
            "author_name": "Katerinenko",
            "author_url": "https://www.google.com/maps/contrib/115248549271306169073/reviews",
            "profile_photo_url": "https://lh4.googleusercontent.com/-sBRiWZrgel4/AAAAAAAAAAI/AAAAAAAARE4/JLvGSPWRjHs/s128-c0x00000000-cc-rp-mo-ba3/photo.jpg",
            "rating": 5,
            "relative_time_description": "2 months ago",
            "text": "",
            "time": 1558699557
        },
        {
            "author_name": "mR JuMmMBo",
            "author_url": "https://www.google.com/maps/contrib/115942100209268225193/reviews",
            "profile_photo_url": "https://lh5.googleusercontent.com/-bY8n3Osw9CQ/AAAAAAAAAAI/AAAAAAAABUw/AxINmV13qyc/s128-c0x00000000-cc-rp-mo/photo.jpg",
            "rating": 5,
            "relative_time_description": "4 months ago",
            "text": "",
            "time": 1553514679
        },
        {
            "author_name": "manthos giannioudis",
            "author_url": "https://www.google.com/maps/contrib/106531800543668198489/reviews",
            "profile_photo_url": "https://lh5.googleusercontent.com/-YcrxUOf7Xmg/AAAAAAAAAAI/AAAAAAAAIag/rQK1Wf2rOtY/s128-c0x00000000-cc-rp-mo-ba3/photo.jpg",
            "rating": 5,
            "relative_time_description": "2 months ago",
            "text": "",
            "time": 1559133120
        },
        {
            "author_name": "maria agric",
            "author_url": "https://www.google.com/maps/contrib/109799688476925228429/reviews",
            "profile_photo_url": "https://lh5.googleusercontent.com/-3PxQ6VlKe2U/AAAAAAAAAAI/AAAAAAAAAAA/ACHi3reah3MV8zMrTLIMHO2DIL1ZcYtd3A/s128-c0x00000000-cc-rp-mo/photo.jpg",
            "rating": 5,
            "relative_time_description": "5 months ago",
            "text": "",
            "time": 1549185426
        }
    ],
	"type":"museum"
}

