{
    "id": "d183d48f94a9edb711bdb5a7480968e0bdb9fbfd",
    "location": {
        "lat": 37.9753824,
        "lng": 23.7453396
    },
    "name": "Athens War Museum",
    "rating": 4.5,
    "reviews": [
        {
            "author_name": "Sam Cartwright",
            "author_url": "https://www.google.com/maps/contrib/106353603967698576560/reviews",
            "language": "en",
            "profile_photo_url": "https://lh3.googleusercontent.com/-dw5tJAKwipU/AAAAAAAAAAI/AAAAAAAAAB4/C2DvkBCvaLk/s128-c0x00000000-cc-rp-mo/photo.jpg",
            "rating": 4,
            "relative_time_description": "2 weeks ago",
            "text": "Enjoyed this visit very much. We enjoy history and art, and found this a very interesting place. Inexpensive at Euros 6 each.  Start on the top floor, and work your way down. Contrary to other reviewers, nobody treated us like we were going to steal anything. We took lots of pictures (no flash) and enjoyed a frappe and a friendly exchange at the simple cafe in the basement. My husband particularly enjoyed the video presentations and the overview of the heroic struggles of the Greek people guarding their ground at the Eastern edge of Europe. Individual stories made the exhibits come alive. Many of the sculptures and reproduction weapons were beautiful/fascinating. We could have watched a couple more videos if they had been available.",
            "time": 1562334400
        },
        {
            "author_name": "Pavlos Panagiotopoulos",
            "author_url": "https://www.google.com/maps/contrib/116635647133843045142/reviews",
            "language": "en",
            "profile_photo_url": "https://lh5.googleusercontent.com/-m8Q6IMNUcLQ/AAAAAAAAAAI/AAAAAAAA3ZY/2aj3ZLLsBak/s128-c0x00000000-cc-rp-mo-ba3/photo.jpg",
            "rating": 5,
            "relative_time_description": "2 months ago",
            "text": "The museum's exhibitions cover the Greek history from the ancient years up to the modern war history. You will also be able to see exhibitions of European, Asian and American armory. It is certainly worth a visit if you are interested in war history and children will love it for sure",
            "time": 1557058220
        },
        {
            "author_name": "Ilan Carmel",
            "author_url": "https://www.google.com/maps/contrib/118172192945153946360/reviews",
            "language": "en",
            "profile_photo_url": "https://lh5.googleusercontent.com/-5o5Yo49TLOo/AAAAAAAAAAI/AAAAAAAARXA/yeg61oOHS2s/s128-c0x00000000-cc-rp-mo-ba6/photo.jpg",
            "rating": 3,
            "relative_time_description": "3 weeks ago",
            "text": "Ancient display, looks like dating back to the 1970's. But, very impressive collection. Anti-turkish elements overall and strong emphasis on WWII events. Very friendly and helpful staff.",
            "time": 1562231076
        },
        {
            "author_name": "Fatih Erkan Caba",
            "author_url": "https://www.google.com/maps/contrib/103342852966771232684/reviews",
            "language": "en",
            "profile_photo_url": "https://lh4.googleusercontent.com/-6WRmYWmviiY/AAAAAAAAAAI/AAAAAAAAYvY/nu_zghV1iHs/s128-c0x00000000-cc-rp-mo-ba5/photo.jpg",
            "rating": 5,
            "relative_time_description": "2 months ago",
            "text": "Athens war museum is a very cool place. It is very big. Museum also has a concert hall inside and from time to time you can find some events/concerts which is pretty nice. The chairs are naturally very old but it has a cool ambiance.",
            "time": 1558717179
        },
        {
            "author_name": "Dave T",
            "author_url": "https://www.google.com/maps/contrib/103790711263015316741/reviews",
            "language": "en",
            "profile_photo_url": "https://lh3.googleusercontent.com/-9O1aSZKoy1o/AAAAAAAAAAI/AAAAAAAAAAA/ACHi3rfoMvjDUvFihtbJua0HJDDGi040IQ/s128-c0x00000000-cc-rp-mo-ba7/photo.jpg",
            "rating": 5,
            "relative_time_description": "3 months ago",
            "text": "I really enjoyed all the military history starting with Neolithic history and going forward through the different era's. Some interesting exhibits and interesting history, especially around the ottoman independence and wars, which I was not very well versed. The best you can say coming away from a museum like this is you learned something and I certainly did. The fighter planes etc outside are just interesting to have a look at even if you don't have the time to go in.",
            "time": 1555845369
        }
    ],
	"type":"museum"
}

