{
    "id": "bd21a0cbecefad5f06a0e55bf52ac4fa1cf874ae",
    "location": {
        "lat": 37.9672904,
        "lng": 23.7214221
    },
    "name": "Monument of Philopappos",
    "rating": 4.6,
    "reviews": [
        {
            "author_name": "lisa van campenhout",
            "author_url": "https://www.google.com/maps/contrib/103339845935654436187/reviews",
            "language": "en",
            "profile_photo_url": "https://lh3.googleusercontent.com/-237NDYXR2So/AAAAAAAAAAI/AAAAAAAABcI/cO3h00Fw-wU/s128-c0x00000000-cc-rp-mo-ba3/photo.jpg",
            "rating": 3,
            "relative_time_description": "a week ago",
            "text": "Quite a hike up the hill, definitely in the heat. The view from the hill is stunning and you get a beautiful look at the acropolis. The monument itself is quite small and not too impressive",
            "time": 1564493862
        },
        {
            "author_name": "Andy",
            "author_url": "https://www.google.com/maps/contrib/109212127292343416148/reviews",
            "language": "en",
            "profile_photo_url": "https://lh3.googleusercontent.com/-40xw8CNbyVA/AAAAAAAAAAI/AAAAAAAAfWo/EFsMUFFPPPU/s128-c0x00000000-cc-rp-mo-ba4/photo.jpg",
            "rating": 4,
            "relative_time_description": "2 months ago",
            "text": "There is a path ask the way to the top of the monument, offering great Vista's for photography. Should there be any issues there is a green manned cabin at the top during peak hours. Is worth the walk, but it's advise caution when going of the track as there are steep cliffs",
            "time": 1560323613
        },
        {
            "author_name": "Satish Chandran",
            "author_url": "https://www.google.com/maps/contrib/111757298443404873095/reviews",
            "language": "en",
            "profile_photo_url": "https://lh4.googleusercontent.com/-kFBCxN84b0U/AAAAAAAAAAI/AAAAAAAADzA/pmkU_I4jBlo/s128-c0x00000000-cc-rp-mo-ba7/photo.jpg",
            "rating": 5,
            "relative_time_description": "2 months ago",
            "text": "After a long trek up through some vegetation, finally managed to reach this place. Great views of the city. Worth a look and also the climb. Recommended.",
            "time": 1559996423
        },
        {
            "author_name": "Jana He",
            "author_url": "https://www.google.com/maps/contrib/108600135557391290440/reviews",
            "language": "en",
            "profile_photo_url": "https://lh6.googleusercontent.com/-bU583dME8zE/AAAAAAAAAAI/AAAAAAAAAAA/ACHi3rc6mSecOw5wp8Ev4bFQJCSoS-ICbQ/s128-c0x00000000-cc-rp-mo-ba4/photo.jpg",
            "rating": 5,
            "relative_time_description": "3 months ago",
            "text": "Had a good walk in the park, provided very good views to the Acropolis. However, I read later that this might be a hot spot for robberies because it is quite isolated within the park and I didn't see many people at about 1pm on a Wednesday end of March (not tourist season yet). So, better be safe than sorry and be careful.",
            "time": 1555717252
        },
        {
            "author_name": "Kevin Septian",
            "author_url": "https://www.google.com/maps/contrib/110566991659670763324/reviews",
            "language": "en",
            "profile_photo_url": "https://lh5.googleusercontent.com/-6qKcD82wCqU/AAAAAAAAAAI/AAAAAAAAB2E/Kb-whiC-58Q/s128-c0x00000000-cc-rp-mo-ba5/photo.jpg",
            "rating": 5,
            "relative_time_description": "3 months ago",
            "text": "There two hills in this city. It is the one that i prefer. It is lower then the other one, however, it is closer to the acropolis and you can take a 360 view here. Amazing. The other hill does not have this 360 view, but they have a restaurant. This place is also easier to reach. I believe that this place is a good spot to see the sunset or sunrise.  I wish i had the time to watch it :(",
            "time": 1556464029
        }
    ],
    "type": "point_of_interest"
}