{
    "id": "b16150ca1e29cedc3d024afeaf2c65c1dfb80022",
    "location": {
        "lat": 37.9748164,
        "lng": 23.7275333
    },
    "name": "Pandora Art Gallery",
    "rating": 4.4,
    "reviews": [
        {
            "author_name": "Zack Barbieri",
            "author_url": "https://www.google.com/maps/contrib/105216292363458080940/reviews",
            "language": "en",
            "profile_photo_url": "https://lh3.googleusercontent.com/-2uNsdxxdK_U/AAAAAAAAAAI/AAAAAAAAB4k/peAdSHioR64/s128-c0x00000000-cc-rp-mo/photo.jpg",
            "rating": 5,
            "relative_time_description": "2 months ago",
            "text": "This gallery is awesome. The owner, Maia, is incredibly nice and welcoming. I could tell she had a great eye for interesting and bold pieces, and the gallery itself feels cohesive. It turns out Maia is a great piano player too! She was very patient, and she did not pressure us to purchase anything. The gallery she curates is absolutely incredible and all of the art in it blew me away.",
            "time": 1558783835
        },
        {
            "author_name": "Ema Dominkovic",
            "author_url": "https://www.google.com/maps/contrib/103063824041037821414/reviews",
            "language": "en",
            "profile_photo_url": "https://lh5.googleusercontent.com/-zJ1p8kparuM/AAAAAAAAAAI/AAAAAAAAAAA/ACHi3rc9DwsAnnCcny1_K_gx4GEBmvn-hA/s128-c0x00000000-cc-rp-mo/photo.jpg",
            "rating": 5,
            "relative_time_description": "a year ago",
            "text": "Although I was in Greece for the history, mythology and architecture, in this gallery i saw the most beautiful and interesting works of art. Beautiful, unique! I didn\u2019t wanna leave.. Oh and the piano player! The whole experience.. It was magnifique! If not for anything else, I will most definitely come back to purchase one piece.. perhaps something from Igli!",
            "time": 1533152413
        },
        {
            "author_name": "Yannis M-J",
            "author_url": "https://www.google.com/maps/contrib/112591481392044264017/reviews",
            "language": "en",
            "profile_photo_url": "https://lh5.googleusercontent.com/-y7xeDUqll5M/AAAAAAAAAAI/AAAAAAAAZLc/TWlw0M0Wvbs/s128-c0x00000000-cc-rp-mo-ba5/photo.jpg",
            "rating": 4,
            "relative_time_description": "a year ago",
            "text": "Congratulations to the owners of this beautiful to the Art Gallery \nLocated in front of the Ancient Agora  introducing to The visitors a fantastic collection of Art",
            "time": 1528128671
        },
        {
            "author_name": "Victor Teodoru",
            "author_url": "https://www.google.com/maps/contrib/100493332767099899941/reviews",
            "language": "en",
            "profile_photo_url": "https://lh6.googleusercontent.com/-CJLdNKrpCJw/AAAAAAAAAAI/AAAAAAAAABo/8AB6do07dlM/s128-c0x00000000-cc-rp-mo-ba2/photo.jpg",
            "rating": 5,
            "relative_time_description": "a year ago",
            "text": "Nice and small display of artwork. You can't take photos though.",
            "time": 1522236212
        },
        {
            "author_name": "Alma Mia Garcia",
            "author_url": "https://www.google.com/maps/contrib/105656829208546434007/reviews",
            "language": "en",
            "profile_photo_url": "https://lh6.googleusercontent.com/-f_06q3z761Y/AAAAAAAAAAI/AAAAAAAAABY/P4Xu-LCeXj4/s128-c0x00000000-cc-rp-mo/photo.jpg",
            "rating": 5,
            "relative_time_description": "11 months ago",
            "text": "Contemporary and urban art on display",
            "time": 1536275431
        }
    ],
    "type": "art_gallery"
}