{
    "id": "69e48419dc41224f2e6bdd27b5e67915e28ac07d",
    "location": {
        "lat": 37.9779552,
        "lng": 23.7171687
    },
    "name": "Kerameikos Cemetery",
    "rating": 4.3,
    "reviews": [
        {
            "author_name": "Ondro Bracht\u00fdr",
            "author_url": "https://www.google.com/maps/contrib/102166563578494824241/reviews",
            "language": "en",
            "profile_photo_url": "https://lh3.googleusercontent.com/-8QxuUSwBsSA/AAAAAAAAAAI/AAAAAAAAnQs/CjUL1b8MDUg/s128-c0x00000000-cc-rp-mo-ba5/photo.jpg",
            "rating": 5,
            "relative_time_description": "2 months ago",
            "text": "As all other historical sites in Athens, this one is also very well prepared for tourists. I liked it here. It's quiet, and taken good care of. It was very interesting to visit. Plenty of informational tables. It was included in the ticket that we bought for multiple historical sites and it was definitely worth spending the money on it.",
            "time": 1558006393
        },
        {
            "author_name": "Angus Bennion",
            "author_url": "https://www.google.com/maps/contrib/114777912746737386618/reviews",
            "language": "en",
            "profile_photo_url": "https://lh3.googleusercontent.com/-Ev4QWVbZ5s4/AAAAAAAAAAI/AAAAAAAAA3s/VPNFgMGUYfs/s128-c0x00000000-cc-rp-mo-ba6/photo.jpg",
            "rating": 3,
            "relative_time_description": "a month ago",
            "text": "Honestly kind of underwhelming. It was part of the Athens archaeological sites pass that we got so we went, but if it weren\u2019t part of that deal I wouldn\u2019t go. Saw some cool turtles though. There were a bunch of turtles eating grass and flowers.",
            "time": 1561412908
        },
        {
            "author_name": "Laure M",
            "author_url": "https://www.google.com/maps/contrib/111267117164484579929/reviews",
            "language": "en",
            "profile_photo_url": "https://lh3.googleusercontent.com/-zHkYwPexq-M/AAAAAAAAAAI/AAAAAAAAAAA/bxUF0jW5IHY/s128-c0x00000000-cc-rp-mo-ba4/photo.jpg",
            "rating": 5,
            "relative_time_description": "a month ago",
            "text": "If you don't have much time, pay a visit here and the Acropolis! There are the two sites that you can't miss.\nI've seen so many museums in so many cities that I have been difficult to satisfy.\n\nIt's absolutely gorgeous and the small museum that can't be miss, is one of the best I've visited of Antiquities.",
            "time": 1560264810
        },
        {
            "author_name": "M V",
            "author_url": "https://www.google.com/maps/contrib/100057342093918769377/reviews",
            "language": "en",
            "profile_photo_url": "https://lh6.googleusercontent.com/-o8pHIAykYZk/AAAAAAAAAAI/AAAAAAAAAFU/UaTcS3qhkz8/s128-c0x00000000-cc-rp-mo-ba3/photo.jpg",
            "rating": 5,
            "relative_time_description": "2 months ago",
            "text": "A nice green space in the middle of streets and busy roads, quiet and peaceful and nice to walk around. There are signs to tell you the significance of each area. There are toilets and a small gallery. I even saw a tortoise walking around!",
            "time": 1558219145
        },
        {
            "author_name": "Arick Bakken",
            "author_url": "https://www.google.com/maps/contrib/113863819034674321566/reviews",
            "language": "en",
            "profile_photo_url": "https://lh6.googleusercontent.com/-8lCkw48-2zA/AAAAAAAAAAI/AAAAAAAACbs/BTtn0R6vT-Q/s128-c0x00000000-cc-rp-mo/photo.jpg",
            "rating": 3,
            "relative_time_description": "3 months ago",
            "text": "You can learn something from the museum actually and they had bathrooms. The site itself is a challenge, just a lot of ruins...a few interesting monuments.",
            "time": 1555506509
        }
    ],
	"type":"museum"
}

