{
    "id": "0bf7ec3569d410291a483fbd5ed8fc2355ed2ec1",
    "location": {
        "lat": 37.9735042,
        "lng": 23.7444331
    },
    "name": "Hellenic Children's Museum",
    "rating": 4.4,
    "reviews": [
        {
            "author_name": "Winnie Wen",
            "author_url": "https://www.google.com/maps/contrib/101111563979858956418/reviews",
            "language": "en",
            "profile_photo_url": "https://lh3.googleusercontent.com/-v7lw9fbj2fc/AAAAAAAAAAI/AAAAAAAARgI/7leM5YMVTmM/s128-c0x00000000-cc-rp-mo-ba2/photo.jpg",
            "rating": 4,
            "relative_time_description": "a week ago",
            "text": "A nice place for younger kids. It is not very big but the pretend play grocery store is very impressive. One star taken off due to hard to find the entrance (at the back side, not the street-facing side) and no next-to-building parking lot (but Polis Park is close by). The best way to come here is by bus but it can be hard for parents with babies/toddlers. For non-Greek speaking kids/parents, the staff can communicate with in English but 99% of signs are in Greek. It is also worth visiting the Athens War Museum near by.",
            "time": 1563546064
        },
        {
            "author_name": "Ilan Carmel",
            "author_url": "https://www.google.com/maps/contrib/118172192945153946360/reviews",
            "language": "en",
            "profile_photo_url": "https://lh5.googleusercontent.com/-5o5Yo49TLOo/AAAAAAAAAAI/AAAAAAAARXA/yeg61oOHS2s/s128-c0x00000000-cc-rp-mo-ba6/photo.jpg",
            "rating": 4,
            "relative_time_description": "3 weeks ago",
            "text": "Can hardly be called a museum, more like an activity center. But our 8 yo had a great time. A little hard to find since there are no street signs. You simply have to walk into the building and search for the entrance.",
            "time": 1562231191
        },
        {
            "author_name": "Alexis Rae MacGregor",
            "author_url": "https://www.google.com/maps/contrib/106450716904320724840/reviews",
            "language": "en",
            "profile_photo_url": "https://lh6.googleusercontent.com/-W_mW28L7cE0/AAAAAAAAAAI/AAAAAAACvTU/L5jDBD2855Q/s128-c0x00000000-cc-rp-mo-ba5/photo.jpg",
            "rating": 4,
            "relative_time_description": "a month ago",
            "text": "A good place for the kids to play and be imaginative in the middle of the city. It is a nice reprieve for kids to be just kids. It is a bit of a walk from the Metro stop or the bus stop but you walk by the National Garden. The people working there are very nice.",
            "time": 1560974354
        },
        {
            "author_name": "Yiannis Chronakis",
            "author_url": "https://www.google.com/maps/contrib/118091024177230752666/reviews",
            "language": "en",
            "profile_photo_url": "https://lh3.googleusercontent.com/-uc2EMN4t7rA/AAAAAAAAAAI/AAAAAAAAoj4/gQ-1SniNOBk/s128-c0x00000000-cc-rp-mo-ba3/photo.jpg",
            "rating": 5,
            "relative_time_description": "a month ago",
            "text": "Very nice and very well run place. The various areas are interactive and engaging.  We particularly enjoyed the pretent super market, the diversity interactive story and the old stuff collection with the card games. The staff was particularly helpful.",
            "time": 1559753339
        },
        {
            "author_name": "Elizabeth Tamez",
            "author_url": "https://www.google.com/maps/contrib/110402693018009654558/reviews",
            "language": "en",
            "profile_photo_url": "https://lh5.googleusercontent.com/-_zahhGy8KU8/AAAAAAAAAAI/AAAAAAAAh7U/Kj2WYFq209w/s128-c0x00000000-cc-rp-mo-ba3/photo.jpg",
            "rating": 4,
            "relative_time_description": "4 months ago",
            "text": "It's not a museum but a big play room. We went there with 6 and 8 years old girls. they had more than 2 hours of playing non stop and they didn't want to leave. There are also some work shop in greek or in English but we didn't do. Entrance is free and there is no time limit. e building itself looks very old and abandoned. Staff speaks also English and they are very kind. Upstairs there are some stuff to make crafts and also a room with old furniture like a museum.",
            "time": 1553177797
        }
    ],
	"type":"museum"
}

