{
    "id": "218fccaf98a6d5d25cf7375e3bb6acc75d1868c3",
    "location": {
        "lat": 37.97703509999999,
        "lng": 23.736178
    },
    "name": "Benaki Museum / The Ghika Gallery",
    "rating": 4.6,
    "reviews": [
        {
            "author_name": "Nuj Dobbs",
            "author_url": "https://www.google.com/maps/contrib/118301518037915562418/reviews",
            "language": "en",
            "profile_photo_url": "https://lh6.googleusercontent.com/-MMVz9hTlYgw/AAAAAAAAAAI/AAAAAAAAGUs/osXgMc3z1ZU/s128-c0x00000000-cc-rp-mo-ba4/photo.jpg",
            "rating": 5,
            "relative_time_description": "5 months ago",
            "text": "Many collections. Worth a visit. Make sure to have at least an hour there as there are many floors plus the impressive top floor where he lived.",
            "time": 1550399492
        },
        {
            "author_name": "Susan from Athens",
            "author_url": "https://www.google.com/maps/contrib/114344310840641320345/reviews",
            "language": "en",
            "profile_photo_url": "https://lh4.googleusercontent.com/-THcTZ1i0yaw/AAAAAAAAAAI/AAAAAAAAABM/BY4HfhWdcL4/s128-c0x00000000-cc-rp-mo-ba5/photo.jpg",
            "rating": 5,
            "relative_time_description": "7 months ago",
            "text": "This is a marvellous jewel of amuseum that deserves to be better known and more visited. Over five floors of what used to be artist Hadjikyriakos-Ghika's home and studio there unfolds a panorama of Greek art and artists in the interwar years. Painting, sculpture, music, theatre, craft are all represented in a fascinating array of exhibits and documentary evidence.",
            "time": 1544714585
        },
        {
            "author_name": "Keith Laverty",
            "author_url": "https://www.google.com/maps/contrib/115759561397996856670/reviews",
            "language": "en",
            "profile_photo_url": "https://lh4.googleusercontent.com/-Y5hFTGMODjw/AAAAAAAAAAI/AAAAAAAeJew/Q5EnuvZKHwc/s128-c0x00000000-cc-rp-mo/photo.jpg",
            "rating": 4,
            "relative_time_description": "3 months ago",
            "text": "Great store for museum crafts",
            "time": 1555845044
        },
        {
            "author_name": "chan pik yu",
            "author_url": "https://www.google.com/maps/contrib/112446141738817278888/reviews",
            "language": "en",
            "profile_photo_url": "https://lh5.googleusercontent.com/-mOaZIOn0nW0/AAAAAAAAAAI/AAAAAAAAPIY/E15UXN_tgYA/s128-c0x00000000-cc-rp-mo-ba5/photo.jpg",
            "rating": 4,
            "relative_time_description": "2 years ago",
            "text": "Very interesting collections. The studio from the artist is great!",
            "time": 1496479166
        },
        {
            "author_name": "Kosmas Kosmopoulos",
            "author_url": "https://www.google.com/maps/contrib/106838685899838801573/reviews",
            "language": "el",
            "profile_photo_url": "https://lh6.googleusercontent.com/-n5VoAxl2CNA/AAAAAAAAAAI/AAAAAAAAAAA/WXDNRgfO02E/s128-c0x00000000-cc-rp-mo-ba4/photo.jpg",
            "rating": 4,
            "relative_time_description": "2 years ago",
            "text": "\u039c\u03b7\u03bd \u03c0\u03b1\u03c1\u03b1\u03bb\u03b5\u03af\u03c8\u03b5\u03c4\u03b5 \u03bd\u03b1 \u03b5\u03c0\u03b9\u03c3\u03ba\u03b5\u03c6\u03b8\u03b5\u03af\u03c4\u03b5 \u03c4\u03bf\u03bd \u03c4\u03b5\u03bb\u03b5\u03c5\u03c4\u03b1\u03af\u03bf \u03cc\u03c1\u03bf\u03c6\u03bf!",
            "time": 1483530683
        }
    ],
	"type":"museum"
}

