{
    "id": "169640c514ff888cc76ec55fde0e20bc141e4c21",
    "location": {
        "lat": 37.9788614,
        "lng": 23.7315654
    },
    "name": "Museums of the City of Athens Vouros Eutaxias Foundation",
    "rating": 4.4,
    "reviews": [
        {
            "author_name": "Henrique Cesar",
            "author_url": "https://www.google.com/maps/contrib/109048326938630239913/reviews",
            "language": "en",
            "profile_photo_url": "https://lh3.googleusercontent.com/-EfCSuurRufo/AAAAAAAAAAI/AAAAAAAAcj8/N8C4yzErCYo/s128-c0x00000000-cc-rp-mo-ba4/photo.jpg",
            "rating": 1,
            "relative_time_description": "a month ago",
            "text": "Worst city museum I've ever been. \n\nThere are a lot of 19th century old chairs, some paintings with the acropolis and nothing really interesting. I learn nothing about the city of Athens from this museum. \n\nNothing about the philosophers, or the evolution of the city through the time. Only some random pictures and paintings.\n\nThe interactive map on the first floor had no audio, so the whole thing was useless.\n\nFor the price (5\u20ac) it was quite a scam.",
            "time": 1560161114
        },
        {
            "author_name": "Ioannis Valasakis",
            "author_url": "https://www.google.com/maps/contrib/106262966906200828560/reviews",
            "language": "en",
            "profile_photo_url": "https://lh5.googleusercontent.com/-oVaDFtoNZmQ/AAAAAAAAAAI/AAAAAAAAYXw/QidpPK43dxc/s128-c0x00000000-cc-rp-mo-ba4/photo.jpg",
            "rating": 5,
            "relative_time_description": "2 months ago",
            "text": "That's a lovely museum although it still needs to modernise some elements. It's very important for the history of the city and indeed modern Greece.\n\nAntonis, was a great guide, with great perspective of history and the museum's collection.\n\nSome feedback would be to take care of cleaning elements like rugs (or indeed the rug in the room of the King), better care in labelling around and creating a better walk around and having a more up to date shop.",
            "time": 1557779780
        },
        {
            "author_name": "Ioannis Paisis",
            "author_url": "https://www.google.com/maps/contrib/100798324337210552131/reviews",
            "language": "en",
            "profile_photo_url": "https://lh4.googleusercontent.com/-Xb5y38oIXYY/AAAAAAAAAAI/AAAAAAAAAOA/WLYG0kXYShA/s128-c0x00000000-cc-rp-mo-ba6/photo.jpg",
            "rating": 5,
            "relative_time_description": "a week ago",
            "text": "A must if you want to learn about the history, culture and life of the last two centuries of Greece. The collections contain furniture and other objects like paintings, books, sculptures etc. It is housed in two internal connected buildings.",
            "time": 1563045535
        },
        {
            "author_name": "luigi belotti",
            "author_url": "https://www.google.com/maps/contrib/115923268798129108863/reviews",
            "language": "en",
            "profile_photo_url": "https://lh6.googleusercontent.com/-f5lk2esiXWM/AAAAAAAAAAI/AAAAAAAAAY4/9ZNGwZIk6Hs/s128-c0x00000000-cc-rp-mo-ba4/photo.jpg",
            "rating": 5,
            "relative_time_description": "3 weeks ago",
            "text": "interesting to know the recent story of Athens",
            "time": 1561921402
        },
        {
            "author_name": "\u03a3 \u039a",
            "author_url": "https://www.google.com/maps/contrib/118180129104751005430/reviews",
            "language": "en",
            "profile_photo_url": "https://lh6.googleusercontent.com/-WeXRWiorwek/AAAAAAAAAAI/AAAAAAAAAAA/ACHi3rcwXsnrEZhW9i3eHHyLc2C-QXFo5Q/s128-c0x00000000-cc-rp-mo-ba5/photo.jpg",
            "rating": 5,
            "relative_time_description": "7 months ago",
            "text": "It shows the constructs of the Greek nation-building process of the early 19th century, where paintings were a pleasant breakthrough.",
            "time": 1544952696
        }
    ],
	"type":"museum"
}

