{
    "id": "88b6ce15fc5a7dffc2177a10ff6316b12935e82f",
    "location": {
        "lat": 37.9856689,
        "lng": 23.7215745
    },
    "name": "Fallen Aviators Monument",
    "rating": 4.1,
    "reviews": [
        {
            "author_name": "Kosrat Ismael",
            "author_url": "https://www.google.com/maps/contrib/112566602618412094398/reviews",
            "language": "en",
            "profile_photo_url": "https://lh5.googleusercontent.com/-qmRJr9CB0U4/AAAAAAAAAAI/AAAAAAAAAOU/58QNOkPd5LM/s128-c0x00000000-cc-rp-mo-ba4/photo.jpg",
            "rating": 4,
            "relative_time_description": "7 months ago",
            "text": "It is a beautiful Monument at the center of Athens. It is in a nice opening area located in the round about in front of the Stanley hotel. It is a good place to sit and rest here, and a lot of pigeons you can feed them and enjoy watching them.",
            "time": 1546088166
        },
        {
            "author_name": "Nancy Raby",
            "author_url": "https://www.google.com/maps/contrib/115351516342609756774/reviews",
            "language": "en",
            "profile_photo_url": "https://lh5.googleusercontent.com/-IyTQ94fvyr0/AAAAAAAAAAI/AAAAAAAAAAA/ACHi3rfOlDPhJj0mIjj6zFITcXKPoaCiFg/s128-c0x00000000-cc-rp-mo-ba4/photo.jpg",
            "rating": 3,
            "relative_time_description": "a month ago",
            "text": "Peru but needs water",
            "time": 1561299191
        },
        {
            "author_name": "Ramlee Tamin",
            "author_url": "https://www.google.com/maps/contrib/117410363576055428407/reviews",
            "language": "en",
            "profile_photo_url": "https://lh3.googleusercontent.com/-yF9awAbzFR8/AAAAAAAAAAI/AAAAAAAAlo0/0-P0_MxObhI/s128-c0x00000000-cc-rp-mo-ba8/photo.jpg",
            "rating": 3,
            "relative_time_description": "a year ago",
            "text": "This monument is in the middle of a round-about. \nIt is located in front of The Stanley Hotel across the road. \nAt night it is a nice resting place.",
            "time": 1508374023
        },
        {
            "author_name": "Jim Coyle",
            "author_url": "https://www.google.com/maps/contrib/110957012509299856131/reviews",
            "language": "en",
            "profile_photo_url": "https://lh5.googleusercontent.com/-BIq0um0wzD0/AAAAAAAAAAI/AAAAAAAAAYg/EyZ6Cc62HG4/s128-c0x00000000-cc-rp-mo-ba4/photo.jpg",
            "rating": 3,
            "relative_time_description": "a year ago",
            "text": "Very hard to cross the roads as a pedestrian",
            "time": 1533926049
        },
        {
            "author_name": "gurdeep singh",
            "author_url": "https://www.google.com/maps/contrib/110071375600348654900/reviews",
            "language": "en",
            "profile_photo_url": "https://lh5.googleusercontent.com/-jE69VOXaFj4/AAAAAAAAAAI/AAAAAAAAAAA/ACHi3reI5HegTSzHf1ltBS9VfYOgA_ACvg/s128-c0x00000000-cc-rp-mo-ba6/photo.jpg",
            "rating": 3,
            "relative_time_description": "a year ago",
            "text": "Nice to walk around",
            "time": 1523446125
        }
    ],
    "type": "point_of_interest"
}