{
    "id": "0e2dce5480f9cf99d6360cc4b4de43227d495a7d",
    "location": {
        "lat": 37.992017,
        "lng": 23.7333974
    },
    "name": "Constantine I of Greece",
    "rating": 3.9,
    "reviews": [
        {
            "author_name": "Panos Toutountzidis",
            "author_url": "https://www.google.com/maps/contrib/113303809883554670467/reviews",
            "language": "el",
            "profile_photo_url": "https://lh4.googleusercontent.com/-rVRb5Bkq4kA/AAAAAAAAAAI/AAAAAAAAJGs/d2m7l9vrNIs/s128-c0x00000000-cc-rp-mo-ba6/photo.jpg",
            "rating": 3,
            "relative_time_description": "9 months ago",
            "text": "\u0395\u03af\u03bd\u03b1\u03b9 \u03ba\u03c1\u03af\u03bc\u03b1 \u03c0\u03bf\u03c5 \u03b7 \u03c0\u03b5\u03c1\u03b9\u03bf\u03c7\u03ae \u03ad\u03c7\u03b5\u03b9 \u03b1\u03c6\u03b5\u03b8\u03b5\u03af \u03c3\u03c4\u03b7 \u03bc\u03bf\u03af\u03c1\u03b1 \u03c4\u03b7\u03c2...",
            "time": 1541493101
        },
        {
            "author_name": "mpampis antoniadis",
            "author_url": "https://www.google.com/maps/contrib/102265196765336206278/reviews",
            "language": "el",
            "profile_photo_url": "https://lh5.googleusercontent.com/-FJP8_uPCb64/AAAAAAAAAAI/AAAAAAAACQw/3DbNJ3n4Qzk/s128-c0x00000000-cc-rp-mo/photo.jpg",
            "rating": 4,
            "relative_time_description": "a year ago",
            "text": "\u039f \u039a\u03c9\u03bd\u03c3\u03c4\u03b1\u03bd\u03c4\u03af\u03bd\u03bf\u03c2 \u0391\u0384 (2 \u0391\u03c5\u03b3\u03bf\u03cd\u03c3\u03c4\u03bf\u03c5 1868 - 11 \u0399\u03b1\u03bd\u03bf\u03c5\u03b1\u03c1\u03af\u03bf\u03c5 1923) \u03ae\u03c4\u03b1\u03bd \u03b2\u03b1\u03c3\u03b9\u03bb\u03ad\u03b1\u03c2 \u03c4\u03b7\u03c2 \u0395\u03bb\u03bb\u03ac\u03b4\u03b1\u03c2 \u03c4\u03b9\u03c2 \u03c0\u03b5\u03c1\u03b9\u03cc\u03b4\u03bf\u03c5\u03c2 1913-1917 \u03ba\u03b1\u03b9 1920-1922. \u03a4\u03bf \u03cc\u03bd\u03bf\u03bc\u03ac \u03c4\u03bf\u03c5 \u03b5\u03af\u03bd\u03b1\u03b9 \u03c3\u03c5\u03bd\u03b4\u03b5\u03b4\u03b5\u03bc\u03ad\u03bd\u03bf \u03bc\u03b5 \u03ba\u03c1\u03af\u03c3\u03b9\u03bc\u03b5\u03c2 \u03c0\u03b5\u03c1\u03b9\u03cc\u03b4\u03bf\u03c5\u03c2 \u03c4\u03b7\u03c2 \u03c3\u03cd\u03b3\u03c7\u03c1\u03bf\u03bd\u03b7\u03c2 \u03b5\u03bb\u03bb\u03b7\u03bd\u03b9\u03ba\u03ae\u03c2 \u03b9\u03c3\u03c4\u03bf\u03c1\u03af\u03b1\u03c2, \u03b1\u03c0\u03cc \u03c4\u03bf\u03c5\u03c2 \u03bd\u03b9\u03ba\u03b7\u03c6\u03cc\u03c1\u03bf\u03c5\u03c2 \u0392\u03b1\u03bb\u03ba\u03b1\u03bd\u03b9\u03ba\u03bf\u03cd\u03c2 \u03c0\u03bf\u03bb\u03ad\u03bc\u03bf\u03c5\u03c2, \u03c4\u03b7\u03bd \u03b1\u03bd\u03c4\u03b9\u03c0\u03b1\u03c1\u03ac\u03b8\u03b5\u03c3\u03ae \u03c4\u03bf\u03c5 \u03bc\u03b5 \u03c4\u03bf\u03bd \u0395\u03bb\u03b5\u03c5\u03b8\u03ad\u03c1\u03b9\u03bf \u0392\u03b5\u03bd\u03b9\u03b6\u03ad\u03bb\u03bf \u03ba\u03b1\u03b9 \u03c4\u03bf\u03bd \u0395\u03b8\u03bd\u03b9\u03ba\u03cc \u0394\u03b9\u03c7\u03b1\u03c3\u03bc\u03cc \u03c9\u03c2 \u03c4\u03b7 \u039c\u03b9\u03ba\u03c1\u03b1\u03c3\u03b9\u03b1\u03c4\u03b9\u03ba\u03ae \u039a\u03b1\u03c4\u03b1\u03c3\u03c4\u03c1\u03bf\u03c6\u03ae.[1],..............................................",
            "time": 1518028282
        },
        {
            "author_name": "\u0395\u03c5\u03b3\u03b5\u03bd\u03af\u03b1 \u03a0\u03bf\u03c1\u03af\u03c7\u03b7",
            "author_url": "https://www.google.com/maps/contrib/106407852289934380898/reviews",
            "language": "el",
            "profile_photo_url": "https://lh3.googleusercontent.com/-e9gzaXLUZt8/AAAAAAAAAAI/AAAAAAAAAAA/ACHi3re0-PpRTtpFp9Zcnwnv3pEJ-rEMvg/s128-c0x00000000-cc-rp-mo-ba6/photo.jpg",
            "rating": 2,
            "relative_time_description": "a year ago",
            "text": "\u0395\u03af\u03bd\u03b1\u03b9 \u03ba\u03c1\u03af\u03bc\u03b1 \u03b1\u03c5\u03c4\u03cc \u03c4\u03bf \u03c3\u03c4\u03bf\u03bb\u03af\u03b4\u03b9 \u03c4\u03b7\u03c2 \u03c0\u03cc\u03bb\u03b7\u03c2 \u03bd\u03b1 \u03b1\u03c0\u03b1\u03be\u03b9\u03ce\u03bd\u03b5\u03c4\u03b1\u03b9 \u03ba\u03b1\u03b9 \u03bd\u03b1 \u03c5\u03c0\u03bf\u03b2\u03b1\u03b8\u03bc\u03af\u03b6\u03b5\u03c4\u03b1\u03b9. \u0395\u03af\u03bd\u03b1\u03b9 \u03ad\u03bd\u03b1 \u03c0\u03b1\u03bd\u03ad\u03bc\u03bf\u03c1\u03c6\u03bf \u03ac\u03b3\u03b1\u03bb\u03bc\u03b1 \u03b3\u03cd\u03c1\u03c9 \u03b1\u03c0\u03cc \u03c4\u03bf \u03bf\u03c0\u03bf\u03af\u03bf \u03b7 \u03c0\u03b1\u03c1\u03b1\u03b2\u03b1\u03c4\u03b9\u03ba\u03cc\u03c4\u03b7\u03c4\u03b1 \u03b5\u03af\u03bd\u03b1\u03b9 \u03ad\u03bd\u03c4\u03bf\u03bd\u03b7 \u03ba\u03b1\u03b8\u03b9\u03c3\u03c4\u03ce\u03bd\u03c4\u03b1\u03c2 \u03c4\u03bf \u03b5\u03c0\u03b9\u03ba\u03af\u03bd\u03b4\u03c5\u03bd\u03bf \u03b1\u03ba\u03cc\u03bc\u03b7 \u03ba\u03b1\u03b9 \u03ba\u03b1\u03c4\u03ac \u03c4\u03b7 \u03b4\u03b9\u03ac\u03c1\u03ba\u03b5\u03b9\u03b1 \u03c4\u03b7\u03c2 \u03bc\u03ad\u03c1\u03b1\u03c2.",
            "time": 1504985852
        },
        {
            "author_name": "zhe zhou",
            "author_url": "https://www.google.com/maps/contrib/104848569388789681259/reviews",
            "language": "zh",
            "profile_photo_url": "https://lh3.googleusercontent.com/-znX0CQdPCn0/AAAAAAAAAAI/AAAAAAAAAAA/ACHi3rc7pqSUwS-B-0iaJHCisWutDqGGoA/s128-c0x00000000-cc-rp-mo-ba2/photo.jpg",
            "rating": 3,
            "relative_time_description": "a year ago",
            "text": "\u541b\u58eb\u5766\u4e01\u4e00\u4e16\u662f4\u4e16\u7eaa\u7684\u7f57\u9a6c\u541b\u4e3b",
            "time": 1525960927
        },
        {
            "author_name": "n.p. photography",
            "author_url": "https://www.google.com/maps/contrib/113537901974394046074/reviews",
            "language": "el",
            "profile_photo_url": "https://lh3.googleusercontent.com/-4jeNnmb8LOo/AAAAAAAAAAI/AAAAAAAADjk/HjiM6e4PL20/s128-c0x00000000-cc-rp-mo-ba6/photo.jpg",
            "rating": 4,
            "relative_time_description": "a year ago",
            "text": "\u03a9\u03c1\u03b1\u03af\u03bf \u03ac\u03b3\u03b1\u03bb\u03bc\u03b1 ",
            "time": 1503653274
        }
    ],
    "type": "point_of_interest"
}