{
    "id": "d5e127c5ddf52ebc5bd8ec807778a8f173ff4833",
    "location": {
        "lat": 37.9752988,
        "lng": 23.7247354
    },
    "name": "Saint Thomas church",
    "rating": 5,
    "reviews": [
        {
            "author_name": "Themistocles Papadimopoulos",
            "author_url": "https://www.google.com/maps/contrib/104209795497897431161/reviews",
            "language": "en",
            "profile_photo_url": "https://lh6.googleusercontent.com/-wkekh2Im120/AAAAAAAAAAI/AAAAAAAAAAA/wAuWNrTS5vI/s128-c0x00000000-cc-rp-mo-ba4/photo.jpg",
            "rating": 5,
            "relative_time_description": "a week ago",
            "text": "Saint Thomas church is a destroyed temple next to stoa of attalos. The church is dated in 4 phases, the first going to the early Christian centuries! Unfortunately the church was destroyed at 1834",
            "time": 1564083750
        }
    ],
	"type":"museum"
}

