{
    "id": "81e14a25524e9c8db061d0f7042bc6413e192480",
    "location": {
        "lat": 37.97288959999999,
        "lng": 23.7331171
    },
    "name": "The Jewish Museum of Greece",
    "rating": 4.4,
    "reviews": [
        {
            "author_name": "Randall Krakauer",
            "author_url": "https://www.google.com/maps/contrib/102967762200611713971/reviews",
            "language": "en",
            "profile_photo_url": "https://lh4.googleusercontent.com/-AiPTyjXnuDE/AAAAAAAAAAI/AAAAAAAAAAA/ACHi3rf4zyugXV5F-KxoBKHDMLaVgMjzsw/s128-c0x00000000-cc-rp-mo-ba5/photo.jpg",
            "rating": 5,
            "relative_time_description": "2 weeks ago",
            "text": "Excellent displays. Learned a great deal.",
            "time": 1562755535
        },
        {
            "author_name": "Sam Farber",
            "author_url": "https://www.google.com/maps/contrib/105659905499036971921/reviews",
            "language": "en",
            "profile_photo_url": "https://lh3.googleusercontent.com/-UvAJc0iMz9A/AAAAAAAAAAI/AAAAAAAAAAA/ACHi3rcNY3ZQ6pXgan11KLkG-3ZcqIxokw/s128-c0x00000000-cc-rp-mo/photo.jpg",
            "rating": 5,
            "relative_time_description": "a month ago",
            "text": "Historic ,nostalgic .well organized exhibits with interview videos of survivors ,wonderfully  portrayed . American or eastern European Jews dont know much about this segment of our greater jewish community.",
            "time": 1559975338
        },
        {
            "author_name": "Hanan kwt",
            "author_url": "https://www.google.com/maps/contrib/102264577593736284157/reviews",
            "language": "en",
            "profile_photo_url": "https://lh4.googleusercontent.com/-Nwu5e05quiM/AAAAAAAAAAI/AAAAAAAAAFw/g047OgbWgFM/s128-c0x00000000-cc-rp-mo-ba3/photo.jpg",
            "rating": 4,
            "relative_time_description": "a month ago",
            "text": "Small but informative. Jewish life in Greece and some clothes, history, holocaust memories and stories.",
            "time": 1559538695
        },
        {
            "author_name": "Naomi Sullum Rouach",
            "author_url": "https://www.google.com/maps/contrib/107249897781636501247/reviews",
            "language": "en",
            "profile_photo_url": "https://lh4.googleusercontent.com/-NCGIDmH28qI/AAAAAAAAAAI/AAAAAAAAABc/WA5YKXDxEKY/s128-c0x00000000-cc-rp-mo-ba2/photo.jpg",
            "rating": 5,
            "relative_time_description": "a month ago",
            "text": "Collection of Jewish artifacts detailing the history of Jews in Greece. Fascinating",
            "time": 1561287219
        },
        {
            "author_name": "Israel Dalven",
            "author_url": "https://www.google.com/maps/contrib/109730521548263783240/reviews",
            "language": "en",
            "profile_photo_url": "https://lh4.googleusercontent.com/-3zRkqwVsXoc/AAAAAAAAAAI/AAAAAAAAAAA/ACHi3rflEk4XLT25JbKxtx5u4d7iHkyJMg/s128-c0x00000000-cc-rp-mo/photo.jpg",
            "rating": 5,
            "relative_time_description": "2 months ago",
            "text": "Extremely impressive of a vanished and little-known world",
            "time": 1558494202
        }
    ],
	"type":"museum"
}

