{
    "id": "258567c298f0151b2a268e55388e2c3d4d991c29",
    "location": {
        "lat": 37.9778416,
        "lng": 23.7342083
    },
    "name": "Museum of the Bank of Greece",
    "rating": 4.5,
    "reviews": [
        {
            "author_name": "Yannis Rou",
            "author_url": "https://www.google.com/maps/contrib/115329703097488325011/reviews",
            "language": "en",
            "profile_photo_url": "https://lh6.googleusercontent.com/-1qoo-O8Kzv4/AAAAAAAAAAI/AAAAAAAAAls/5139kg3XOqg/s128-c0x00000000-cc-rp-mo-ba4/photo.jpg",
            "rating": 5,
            "relative_time_description": "3 months ago",
            "text": "A place of collectors for Grey coins",
            "time": 1556629852
        },
        {
            "author_name": "Angela Gjini",
            "author_url": "https://www.google.com/maps/contrib/101246958626232369216/reviews",
            "language": "en",
            "profile_photo_url": "https://lh5.googleusercontent.com/-ATudB4zhZcU/AAAAAAAAAAI/AAAAAAAAAWk/XjHzyxQ0w6g/s128-c0x00000000-cc-rp-mo-ba3/photo.jpg",
            "rating": 5,
            "relative_time_description": "a year ago",
            "text": "If you want to know more about how the Greek currency came to be and you have time it's definitely worth a visit.",
            "time": 1527622993
        },
        {
            "author_name": "George Eleutheriadis",
            "author_url": "https://www.google.com/maps/contrib/104713884383739661153/reviews",
            "language": "el",
            "profile_photo_url": "https://lh6.googleusercontent.com/-CvqINDWjMXA/AAAAAAAAAAI/AAAAAAAAAoQ/HsztiTHTWUo/s128-c0x00000000-cc-rp-mo-ba3/photo.jpg",
            "rating": 5,
            "relative_time_description": "4 months ago",
            "text": "\u0388\u03bd\u03b1 \u03c0\u03bf\u03bb\u03cd \u03ba\u03b1\u03bb\u03cc \u03bc\u03bf\u03c5\u03c3\u03b5\u03af\u03bf \u03c3\u03c7\u03b5\u03c4\u03b9\u03ba\u03ac \u03bc\u03b5 \u03c4\u03b7\u03bd \u03bf\u03b9\u03ba\u03bf\u03bd\u03bf\u03bc\u03b9\u03ba\u03ae \u03b9\u03c3\u03c4\u03bf\u03c1\u03af\u03b1 \u03c4\u03b7\u03c2 \u0395\u03bb\u03bb\u03ac\u03b4\u03b1\u03c2.",
            "time": 1551885924
        },
        {
            "author_name": "george pissakis",
            "author_url": "https://www.google.com/maps/contrib/115896495181651725716/reviews",
            "language": "el",
            "profile_photo_url": "https://lh5.googleusercontent.com/-yy6DoDD_9vw/AAAAAAAAAAI/AAAAAAAAAAA/ACHi3rfFZQzUnnJxqOSvX6q20BIlvhXGwQ/s128-c0x00000000-cc-rp-mo/photo.jpg",
            "rating": 5,
            "relative_time_description": "4 months ago",
            "text": "\u03a0\u03bf\u03bb\u03cd \u03ba\u03b1\u03bb\u03cc \u03b1\u03bd \u03c3\u03c5\u03bd\u03bf\u03b4\u03b5\u03cd\u03b5\u03c4\u03b1\u03b9 \u03b1\u03c0\u03cc \u03be\u03b5\u03bd\u03ac\u03b3\u03b7\u03c3\u03b7 \u03b3\u03b9\u03b1 \u03bd\u03b1 \u03ba\u03b1\u03c4\u03b1\u03bb\u03ac\u03b2\u03b5\u03b9\u03c2 \u03ba\u03ac\u03c0\u03bf\u03b9\u03b1 \u03c0\u03c1\u03ac\u03b3\u03bc\u03b1\u03c4\u03b1.",
            "time": 1551738657
        },
        {
            "author_name": "Gus Manitsas",
            "author_url": "https://www.google.com/maps/contrib/114756848445153883562/reviews",
            "language": "el",
            "profile_photo_url": "https://lh6.googleusercontent.com/-t8bPzb7eL3U/AAAAAAAAAAI/AAAAAAAAAAA/ACHi3reeN-noNw0whPqzkx_IZ3re-hAehg/s128-c0x00000000-cc-rp-mo-ba6/photo.jpg",
            "rating": 5,
            "relative_time_description": "a month ago",
            "text": "\u03a0\u03bf\u03bb\u03cd \u03c0\u03c1\u03bf\u03c3\u03b5\u03b3\u03bc\u03ad\u03bd\u03b7 \u03c3\u03c5\u03bb\u03bb\u03bf\u03b3\u03ae \u03ba\u03b1\u03b9 \u03b5\u03ba\u03b4\u03b7\u03bb\u03ce\u03c3\u03b5\u03b9\u03c2",
            "time": 1561387852
        }
    ],
	"type":"museum"
}

