{
    "id": "39a11a9f40ee4185b73d991dad9a423a5e51911c",
    "location": {
        "lat": 37.9571713,
        "lng": 23.712943
    },
    "name": "Valaes",
    "rating": 5,
    "reviews": [
        {
            "author_name": "ilaeira D",
            "author_url": "https://www.google.com/maps/contrib/103778196193791539544/reviews",
            "profile_photo_url": "https://lh4.googleusercontent.com/-r75fosMi-ic/AAAAAAAAAAI/AAAAAAAABBQ/baoHxP6y4uI/s128-c0x00000000-cc-rp-mo-ba3/photo.jpg",
            "rating": 5,
            "relative_time_description": "a month ago",
            "text": "",
            "time": 1560243707
        },
        {
            "author_name": "Tasos Sgouros",
            "author_url": "https://www.google.com/maps/contrib/104662114528621167847/reviews",
            "profile_photo_url": "https://lh3.googleusercontent.com/-z9KMJCAeETU/AAAAAAAAAAI/AAAAAAAAEoI/YhbKgM3YmWc/s128-c0x00000000-cc-rp-mo-ba5/photo.jpg",
            "rating": 5,
            "relative_time_description": "5 months ago",
            "text": "",
            "time": 1551540452
        }
    ],
	"type":"museum"
}

