{
    "id": "c1e2c73ec276db7292782c57544ef303e7f0c8d9",
    "location": {
        "lat": 37.9754956,
        "lng": 23.7428758
    },
    "name": "Museum of Cycladic Art",
    "rating": 4.7,
    "reviews": [
        {
            "author_name": "Monica Vargas",
            "author_url": "https://www.google.com/maps/contrib/110022971013604883452/reviews",
            "language": "en",
            "profile_photo_url": "https://lh5.googleusercontent.com/-4bvCEeUoi2k/AAAAAAAAAAI/AAAAAAAAAXI/Cm6iZxLivRE/s128-c0x00000000-cc-rp-mo-ba2/photo.jpg",
            "rating": 5,
            "relative_time_description": "4 weeks ago",
            "text": "Fantastic museum full of history and inspiration. I admit this place was not only particularly interesting with a delightful temporary exhibit on Picasso, but perfect to survive the hot summer midday in Athens! Also the people were very kind and helpful.",
            "time": 1562965519
        },
        {
            "author_name": "Merrel Holles",
            "author_url": "https://www.google.com/maps/contrib/105512840521188284868/reviews",
            "language": "en",
            "profile_photo_url": "https://lh4.googleusercontent.com/-BTxlnukAKr0/AAAAAAAAAAI/AAAAAAAAAAA/ACHi3rdiFnD0ZkGGwanssKXAkbl5t9uezQ/s128-c0x00000000-cc-rp-mo-ba3/photo.jpg",
            "rating": 5,
            "relative_time_description": "3 weeks ago",
            "text": "A Greek friend of mine from NY, gave me a list of 10 places to see but highly recommended to visit this place and have a coffee afterward at their coffee shop. That was the best decision of my entire life:) Small enough so you can see everything, big enough to not get bored. For the first time, I saw a museum that showed the everyday life of a regular people a child, woman, or a man living in antiquity doing mundane things like taking a bath or making lunch. Not just a bunch of beautiful vases behind the window but pictures behind it to show how they used those vases and what for and who used it. Besides that, the coffee shop was very high end, hip with phenomenal sandwiches and small pastries. Better than any other place that we ate for lunch. Upscale neighborhood not too far from the parliament so you can see the soldiers changing shift and then walk to Plaka for a nice walk afterward and make a relaxed, fun and cultured day out of it. An excellent place to see while in Athens.",
            "time": 1563241950
        },
        {
            "author_name": "Susan from Athens",
            "author_url": "https://www.google.com/maps/contrib/114344310840641320345/reviews",
            "language": "en",
            "profile_photo_url": "https://lh4.googleusercontent.com/-THcTZ1i0yaw/AAAAAAAAAAI/AAAAAAAAABM/BY4HfhWdcL4/s128-c0x00000000-cc-rp-mo-ba5/photo.jpg",
            "rating": 5,
            "relative_time_description": "a month ago",
            "text": "A preeminent museum whose focus is the prehistoric art of the Cycladic islands, those evocative and expressionless figurines and so much more. A must see. There are also well designed contemporary exhibitions and a fabulous jewel of a cafe.",
            "time": 1562846733
        },
        {
            "author_name": "Charles Witt",
            "author_url": "https://www.google.com/maps/contrib/108926892260123869218/reviews",
            "language": "en",
            "profile_photo_url": "https://lh6.googleusercontent.com/-BloNbk3SoGI/AAAAAAAAAAI/AAAAAAAAAqw/RIMd5tNDNF0/s128-c0x00000000-cc-rp-mo-ba3/photo.jpg",
            "rating": 5,
            "relative_time_description": "2 weeks ago",
            "text": "Gorgeous, mystical collection of insanely soulful Cycladic peoples\u2019 sculpture... Out of this world... How did they do this so long ago?  What is their message?  Who were their teachers?  This is more than a gift to humanity, this is a radiant, glorious testament to the achievements of a vanished people... Looking at them I was at once both thrilled and terrified by the tiny minimalist figures that blew my mind then punched me in the face..",
            "time": 1564017162
        },
        {
            "author_name": "Chad O'Brien",
            "author_url": "https://www.google.com/maps/contrib/109859927350661174665/reviews",
            "language": "en",
            "profile_photo_url": "https://lh3.googleusercontent.com/-VQEV-nK9OgU/AAAAAAAAAAI/AAAAAAAAAJ0/h-NSlOqVNvU/s128-c0x00000000-cc-rp-mo/photo.jpg",
            "rating": 5,
            "relative_time_description": "a month ago",
            "text": "Great museum that is really well laid out with interactive exhibits. The temporary exhibition\u00a0on at the moment with Picasso's Cycladic inspired pieces is really interesting too. It also has a nice cafe and free wifi, good spot to get some respite from the sun!",
            "time": 1561557643
        }
    ],
    "type": "museum"
}