{
    "id": "50dc9988792f995b54c49e7562a0ec065546d44e",
    "location": {
        "lat": 37.975342,
        "lng": 23.7363555
    },
    "name": "Monument Of The Unknown Soldier",
    "rating": 4.7,
    "reviews": [
        {
            "author_name": "RAM IMAGERY",
            "author_url": "https://www.google.com/maps/contrib/114290696883181775441/reviews",
            "language": "en",
            "profile_photo_url": "https://lh6.googleusercontent.com/-EYxkFpu3K8k/AAAAAAAAAAI/AAAAAAAASLw/kdBhiubsobc/s128-c0x00000000-cc-rp-mo-ba6/photo.jpg",
            "rating": 5,
            "relative_time_description": "2 weeks ago",
            "text": "If you manage to see the change of a guard, you will beyond impressed and delighted with the precision & elegance this is done. From the movements to the outfits,  everything is simply perfection.",
            "time": 1563909769
        },
        {
            "author_name": "Keith Petersen",
            "author_url": "https://www.google.com/maps/contrib/118362169688744957249/reviews",
            "language": "en",
            "profile_photo_url": "https://lh5.googleusercontent.com/-XOkiEEnWcH4/AAAAAAAAAAI/AAAAAAAARXA/C12VDh4Pal0/s128-c0x00000000-cc-rp-mo-ba4/photo.jpg",
            "rating": 4,
            "relative_time_description": "a month ago",
            "text": "The changing of the guard is a very interesting and solemn event.  The police will ask you to line up behind a tape barrier or across the street.  The street is closed to traffic, and the military band and soldiers will march in.  The guards are exchanged with much ceremony and the process reverses.",
            "time": 1562489085
        },
        {
            "author_name": "Hana Saemon-Beck",
            "author_url": "https://www.google.com/maps/contrib/104230007613455726679/reviews",
            "language": "en",
            "profile_photo_url": "https://lh4.googleusercontent.com/-B8TfqANDvwo/AAAAAAAAAAI/AAAAAAAADiI/T6q_3l1mZ_0/s128-c0x00000000-cc-rp-mo-ba2/photo.jpg",
            "rating": 5,
            "relative_time_description": "4 weeks ago",
            "text": "It's amazing to see guards changing in different countries. Love it!",
            "time": 1563009090
        },
        {
            "author_name": "George Gasparis",
            "author_url": "https://www.google.com/maps/contrib/115328642256711999207/reviews",
            "language": "en",
            "profile_photo_url": "https://lh4.googleusercontent.com/-zfY5b-KW7IY/AAAAAAAAAAI/AAAAAAAAAAA/ACHi3rdmB7lEKVTFGTZS9Bb7ImoWql3aUw/s128-c0x00000000-cc-rp-mo/photo.jpg",
            "rating": 5,
            "relative_time_description": "a month ago",
            "text": "You can see the Evzones, who are a symbol to Greek people. By standing still, the Guards honor those who fought for having freedom and liberty in Greece.",
            "time": 1561457962
        },
        {
            "author_name": "L S",
            "author_url": "https://www.google.com/maps/contrib/108365456860409496458/reviews",
            "language": "en",
            "profile_photo_url": "https://lh4.googleusercontent.com/-3et0OlyFhIs/AAAAAAAAAAI/AAAAAAAAAAA/ACHi3rftkT5JjBWVUkOPztaTZ3fwYZYojw/s128-c0x00000000-cc-rp-mo-ba2/photo.jpg",
            "rating": 3,
            "relative_time_description": "2 months ago",
            "text": "Watched the changing of the guards. Very interesting and different. Place has beautiful architecture.",
            "time": 1558016805
        }
    ],
    "type": "point_of_interest"
}