{
    "id": "f5ad46ea01d6a753e91505cafd2ee22c3cc67ffd",
    "location": {
        "lat": 37.9837964,
        "lng": 23.7377618
    },
    "name": "Vassiliadis Art",
    "rating": 4.9,
    "reviews": [
        {
            "author_name": "Tina K",
            "author_url": "https://www.google.com/maps/contrib/112360109109791273355/reviews",
            "language": "en",
            "profile_photo_url": "https://lh5.googleusercontent.com/-LwJ-fuky6JQ/AAAAAAAAAAI/AAAAAAAADqs/i34pJyoZaw8/s128-c0x00000000-cc-rp-mo-ba3/photo.jpg",
            "rating": 5,
            "relative_time_description": "6 months ago",
            "text": "Good work. Reasonable prices",
            "time": 1549140118
        },
        {
            "author_name": "Georgios Anopoulos",
            "author_url": "https://www.google.com/maps/contrib/102657933193593115476/reviews",
            "language": "el",
            "profile_photo_url": "https://lh5.googleusercontent.com/-GKWQAyfdbyM/AAAAAAAAAAI/AAAAAAAAAAA/ACHi3rdzOqjK5fwbWGnffXyFtamXvdRWqw/s128-c0x00000000-cc-rp-mo-ba2/photo.jpg",
            "rating": 5,
            "relative_time_description": "a week ago",
            "text": "\u03a0\u03bb\u03bf\u03cd\u03c3\u03b9\u03b1 \u03c3\u03c5\u03bb\u03bb\u03bf\u03b3\u03ae \u03b1\u03c0\u03cc \u03b3\u03bd\u03ae\u03c3\u03b9\u03bf\u03c5\u03c2 \u03c0\u03af\u03bd\u03b1\u03ba\u03b5\u03c2 \u03b6\u03c9\u03b3\u03c1\u03b1\u03c6\u03b9\u03ba\u03ae\u03c2, \u03ba\u03b1\u03b8\u03ce\u03c2 \u03ba\u03b1\u03b9 \u03bc\u03b5\u03c4\u03b1\u03be\u03bf\u03c4\u03c5\u03c0\u03af\u03b5\u03c2. \u039c\u03b5\u03b3\u03ac\u03bb\u03b7 \u03c0\u03bf\u03b9\u03ba\u03b9\u03bb\u03af\u03b1 \u03c3\u03b5 \u03c0\u03c1\u03bf\u03c6\u03af\u03bb \u03ba\u03ac\u03b4\u03c1\u03c9\u03bd \u03c4\u03b1 \u03bf\u03c0\u03bf\u03af\u03b1 \u03b3\u03af\u03bd\u03bf\u03bd\u03c4\u03b1\u03b9 \u03b5\u03c0\u03b9\u03c4\u03cc\u03c0\u03bf\u03c5 \u03c3\u03c4\u03bf \u03b5\u03c1\u03b3\u03b1\u03c3\u03c4\u03ae\u03c1\u03b9\u03bf \u03c3\u03c4\u03b1 \u03bc\u03ad\u03c4\u03c1\u03b1 \u03c4\u03bf\u03c5 \u03c0\u03b5\u03bb\u03ac\u03c4\u03b7. \u0396\u03b5\u03c3\u03c4\u03ae \u03c5\u03c0\u03bf\u03b4\u03bf\u03c7\u03ae \u03ba\u03b1\u03b9 \u03ac\u03c8\u03bf\u03b3\u03b7 \u03b5\u03be\u03c5\u03c0\u03b7\u03c1\u03ad\u03c4\u03b7\u03c3\u03b7. \u03a0\u03ac\u03bd\u03c9 \u03b1\u03c0\u03cc \u03cc\u03bb\u03b1 \u03cc\u03bc\u03c9\u03c2 \u03c0\u03c1\u03b1\u03b3\u03bc\u03b1\u03c4\u03b9\u03ba\u03ac \u03b1\u03bd\u03c4\u03b1\u03b3\u03c9\u03bd\u03b9\u03c3\u03c4\u03ad\u03c2 \u03c4\u03b9\u03bc\u03ad\u03c2. \u0397 \u03c7\u03b1\u03c1\u03ac \u03c4\u03b7\u03c2 \u03b5\u03be\u03c5\u03c0\u03b7\u03c1\u03ad\u03c4\u03b7\u03c3\u03b7\u03c2 \u03c3\u03b5 \u03c3\u03c5\u03bd\u03b4\u03c5\u03b1\u03c3\u03bc\u03cc \u03bc\u03b5  \u03c4\u03b7 \u03b4\u03cd\u03bd\u03b1\u03bc\u03b7 \u03bc\u03b9\u03b1\u03c2 \u03bf\u03b9\u03ba\u03bf\u03b3\u03b5\u03bd\u03b5\u03b9\u03b1\u03ba\u03ae\u03c2 \u03b5\u03c0\u03b9\u03c7\u03b5\u03af\u03c1\u03b7\u03c3\u03b7\u03c2 \u03ba\u03b1\u03b9 \u03c4\u03b9\u03c2 \u03c0\u03bf\u03bb\u03cd \u03ba\u03b1\u03bb\u03ad\u03c2 \u03c4\u03b9\u03bc\u03ad\u03c2.",
            "time": 1564739760
        },
        {
            "author_name": "\u03a6\u03c9\u03c4\u03b5\u03b9\u03bd\u03ae \u03a0\u03b1\u03cd\u03bb\u03bf\u03c5",
            "author_url": "https://www.google.com/maps/contrib/117075217284366542144/reviews",
            "language": "el",
            "profile_photo_url": "https://lh3.googleusercontent.com/-PDmSyF69WKA/AAAAAAAAAAI/AAAAAAAAAAA/ACHi3rdMIx-MDpC7zUz8S2SJR2wgcpHjcA/s128-c0x00000000-cc-rp-mo/photo.jpg",
            "rating": 5,
            "relative_time_description": "4 months ago",
            "text": "\u03b1\u03bd \u03c8\u03b1\u03c7\u03bd\u03b5\u03c4\u03b5 \u03ba\u03b1\u03bb\u03b5\u03c2  \u03c4\u03b9\u03bc\u03b5\u03c2 \u03c3\u03b5 \u03ba\u03bf\u03c1\u03bd\u03b9\u03b6\u03b5\u03c2 \u03ba\u03b1\u03b9 \u03c0\u03b9\u03bd\u03b1\u03ba\u03b5\u03c2 \u03c3\u03c4\u03b7\u03bd \u03b1\u03b8\u03b7\u03bd\u03b1, \u03b5\u03bb\u03b1\u03c4\u03b5 \u03b5\u03b4\u03c9. \u03bc\u03b5\u03b3\u03b1\u03bb\u03b7 \u03c0\u03bf\u03b9\u03ba\u03b9\u03bb\u03b9\u03b1 \u03ba\u03b1\u03b9 \u03c0\u03bf\u03bb\u03c5 \u03ba\u03b1\u03bb\u03b7 \u03b4\u03bf\u03c5\u03bb\u03b5\u03b9\u03b1!!!!!",
            "time": 1553255787
        },
        {
            "author_name": "Leonidas Ioannides",
            "author_url": "https://www.google.com/maps/contrib/111343567133920170439/reviews",
            "language": "el",
            "profile_photo_url": "https://lh3.googleusercontent.com/-Ap9bmuG1p8A/AAAAAAAAAAI/AAAAAAAAAAA/ACHi3reNi2veXFT3xyIGoZGdOtXO-JNryg/s128-c0x00000000-cc-rp-mo/photo.jpg",
            "rating": 5,
            "relative_time_description": "5 months ago",
            "text": "eksairetiki douleia se kornizes",
            "time": 1551091124
        },
        {
            "author_name": "\u0395\u03bb\u03ad\u03bd\u03b7 \u039c\u03b1\u03c4\u03b8\u03b1\u03af\u03bf\u03c5",
            "author_url": "https://www.google.com/maps/contrib/106149468775734469369/reviews",
            "language": "el",
            "profile_photo_url": "https://lh3.googleusercontent.com/-OV1nXFm770I/AAAAAAAAAAI/AAAAAAAAAAA/ACHi3rcjCRcCDQD3lHUUpsV64WZexUM3cw/s128-c0x00000000-cc-rp-mo/photo.jpg",
            "rating": 5,
            "relative_time_description": "a year ago",
            "text": "\u03a4\u03bf \u03ba\u03b1\u03c4\u03ac\u03c3\u03c4\u03b7\u03bc\u03b1 \u03bc\u03bf\u03c5 \u03c4\u03bf \u03c0\u03c1\u03cc\u03c4\u03b5\u03b9\u03bd\u03b5 \u03bc\u03b9\u03b1 \u03c6\u03af\u03bb\u03b7 \u03bc\u03bf\u03c5 \u03ba\u03b1\u03b9 \u03c0\u03c1\u03ce\u03c4\u03b7 \u03c6\u03cc\u03c1\u03b1 \u03b5\u03c0\u03b9\u03c3\u03ba\u03ad\u03c0\u03c4\u03bf\u03bc\u03b1\u03b9 \u03bc\u03b1\u03b3\u03b1\u03b6\u03af \u03bc\u03b5 \u03c4\u03cc\u03c3\u03b7 \u03c0\u03bf\u03b9\u03ba\u03b9\u03bb\u03af\u03b1 \u03c3\u03c4\u03bf \u03b5\u03af\u03b4\u03bf\u03c2 \u03c4\u03bf\u03c5. \u0388\u03c7\u03b5\u03b9 \u03c0\u03bf\u03bb\u03cd \u03c9\u03c1\u03b1\u03af\u03b1 \u03c0\u03c1\u03ac\u03b3\u03bc\u03b1\u03c4\u03b1.",
            "time": 1533643415
        }
    ],
    "type": "store"
}