{
    "id": "c6ded0bec157703b0d3a8e0679f5b2ae65ff138c",
    "location": {
        "lat": 37.9810499,
        "lng": 23.7520825
    },
    "name": "Museum of Anti-Dictatorship and Democratic Resistance",
    "rating": 4.5,
    "reviews": [
        {
            "author_name": "Urbis Vivendi",
            "author_url": "https://www.google.com/maps/contrib/100943461030141926857/reviews",
            "profile_photo_url": "https://lh5.googleusercontent.com/-ojGzb8YT0UA/AAAAAAAAAAI/AAAAAAAAF70/bVuneVlShXo/s128-c0x00000000-cc-rp-mo-ba4/photo.jpg",
            "rating": 5,
            "relative_time_description": "6 months ago",
            "text": "",
            "time": 1547856532
        },
        {
            "author_name": "\u0391\u0398\u0391\u039d\u0391\u03a3\u0399\u0391 \u0394\u039f\u03a5\u039a\u0391",
            "author_url": "https://www.google.com/maps/contrib/100561135058466074507/reviews",
            "profile_photo_url": "https://lh4.googleusercontent.com/-Cg44mn7feBQ/AAAAAAAAAAI/AAAAAAAAAAA/ACHi3rd3kBxdsrfdD47Pu1ZMyWQ5uBTPHQ/s128-c0x00000000-cc-rp-mo-ba6/photo.jpg",
            "rating": 3,
            "relative_time_description": "a year ago",
            "text": "",
            "time": 1518678186
        },
        {
            "author_name": "Artemis Moscholea",
            "author_url": "https://www.google.com/maps/contrib/118123336529912873732/reviews",
            "profile_photo_url": "https://lh6.googleusercontent.com/-QH-_UUQX9mM/AAAAAAAAAAI/AAAAAAAAABM/0Q7_MM7IMzk/s128-c0x00000000-cc-rp-mo/photo.jpg",
            "rating": 5,
            "relative_time_description": "a year ago",
            "text": "",
            "time": 1511954043
        },
        {
            "author_name": "Geo Kaza",
            "author_url": "https://www.google.com/maps/contrib/107338484863942725204/reviews",
            "profile_photo_url": "https://lh5.googleusercontent.com/-9cPRw9Dcnxc/AAAAAAAAAAI/AAAAAAAAAAA/ACHi3reCiOzoITygDOkDKFmw02S57ppVOw/s128-c0x00000000-cc-rp-mo-ba5/photo.jpg",
            "rating": 5,
            "relative_time_description": "2 years ago",
            "text": "",
            "time": 1474475582
        }
    ],
	"type":"museum"
}

