{
    "id": "140ddc28222ce65de78a3806bf77c63f66aa269e",
    "location": {
        "lat": 37.9755967,
        "lng": 23.7493651
    },
    "name": "National Art Gallery",
    "rating": 5,
    "reviews": [
        {
            "author_name": "Dr.Artemios Papanikolaou",
            "author_url": "https://www.google.com/maps/contrib/101357767457083983646/reviews",
            "language": "el",
            "profile_photo_url": "https://lh5.googleusercontent.com/-__zrjQfyKVg/AAAAAAAAAAI/AAAAAAAAAAA/ACHi3rcaGqqqN3nPSBjSmD2skbJN-2fVag/s128-c0x00000000-cc-rp-mo-ba6/photo.jpg",
            "rating": 5,
            "relative_time_description": "3 months ago",
            "text": "\u0397 \u0395\u03b8\u03bd\u03b9\u03ba\u03ae \u03c0\u03b9\u03bd\u03b1\u03ba\u03bf\u03b8\u03ae\u03ba\u03b7, \u03b5\u03af\u03bd\u03b1\u03b9 \u03b4\u03b9\u03b1\u03c4\u03b7\u03c1\u03b7\u03c4\u03ad\u03bf \u03bc\u03bd\u03b7\u03bc\u03b5\u03af\u03bf \u03c3\u03b5 \u03b1\u03bd\u03b1\u03ba\u03b1\u03af\u03bd\u03b9\u03c3\u03b7/\u03b5\u03ba\u03c3\u03c5\u03b3\u03c7\u03c1\u03bf\u03bd\u03b9\u03c3\u03bc\u03cc \u03ba\u03b1\u03b9 \u03b5\u03af\u03bd\u03b1\u03b9 \u03b7 \u03b5\u03bc\u03b2\u03bb\u03b7\u03bc\u03b1\u03c4\u03b9\u03ba\u03ae \u03c0\u03b9\u03bd\u03b1\u03ba\u03bf\u03b8\u03ae\u03ba\u03b7 \u03c4\u03b7\u03c2 \u03c7\u03ce\u03c1\u03b1\u03c2.",
            "time": 1555842433
        },
        {
            "author_name": "CHRIS TEREZAKIS",
            "author_url": "https://www.google.com/maps/contrib/107213679543552040995/reviews",
            "profile_photo_url": "https://lh6.googleusercontent.com/--47-0ASCu4c/AAAAAAAAAAI/AAAAAAAAAAA/ACHi3rfzSvfF8TFe_KDup-KP5aTkRic_Hg/s128-c0x00000000-cc-rp-mo-ba2/photo.jpg",
            "rating": 5,
            "relative_time_description": "2 months ago",
            "text": "",
            "time": 1559216829
        }
    ],
    "type": "museum"
}