{
    "id": "9c501a16387bafe0ca12d5613c19b3b6e52e6205",
    "location": {
        "lat": 37.9729863,
        "lng": 23.7324451
    },
    "name": "\u039c\u03bf\u03c5\u03c3\u03b5\u03af\u03bf \u0395\u03bb\u03bb\u03b7\u03bd\u03b9\u03ba\u03ae\u03c2 \u03a0\u03b1\u03b9\u03b4\u03b9\u03ba\u03ae\u03c2 \u03a4\u03ad\u03c7\u03bd\u03b7\u03c2",
    "rating": 5,
    "reviews": [
        {
            "author_name": "Evangelos Katsoupis",
            "author_url": "https://www.google.com/maps/contrib/111768712847017171064/reviews",
            "language": "el",
            "profile_photo_url": "https://lh4.googleusercontent.com/-S9Tpakjph7Y/AAAAAAAAAAI/AAAAAAAAADE/ttor8TmVv3w/s128-c0x00000000-cc-rp-mo-ba3/photo.jpg",
            "rating": 5,
            "relative_time_description": "a month ago",
            "text": "\u0395\u03be\u03b1\u03b9\u03c1\u03b5\u03c4\u03b9\u03ba\u03ae \u03c0\u03c1\u03cc\u03c4\u03b1\u03c3\u03b7!!! \u03a4\u03b1 \u03c0\u03b1\u03b9\u03b4\u03b9\u03ac \u03c4\u03bf \u03b5\u03c5\u03c7\u03b1\u03c1\u03b9\u03c3\u03c4\u03ae\u03b8\u03b7\u03ba\u03b1\u03bd \u03c0\u03b1\u03c1\u03ac \u03c0\u03bf\u03bb\u03cd!!!",
            "time": 1561893988
        },
        {
            "author_name": "katerina perdiki",
            "author_url": "https://www.google.com/maps/contrib/102738266607347744695/reviews",
            "language": "el",
            "profile_photo_url": "https://lh5.googleusercontent.com/-gwdSFzgUOxU/AAAAAAAAAAI/AAAAAAAAAAA/ACHi3rdUhQfLK5eO6YjInY29D9zNA68srQ/s128-c0x00000000-cc-rp-mo-ba3/photo.jpg",
            "rating": 5,
            "relative_time_description": "3 months ago",
            "text": "\u0391\u03c0\u03cc \u03c4\u03b9\u03c2 \u03c0\u03b9\u03bf \u03cc\u03bc\u03bf\u03c1\u03c6\u03b5\u03c2 \u03b5\u03c0\u03b9\u03c3\u03ba\u03ad\u03c8\u03b5\u03b9\u03c2 \u03c0\u03bf\u03c5 \u03bc\u03c0\u03bf\u03c1\u03b5\u03af\u03c2 \u03bd\u03b1 \u03ba\u03ac\u03bd\u03b5\u03b9\u03c2 \u03c3\u03c4\u03bf \u03ba\u03ad\u03bd\u03c4\u03c1\u03bf \u03c4\u03b7\u03c2 \u0391\u03b8\u03ae\u03bd\u03b1\u03c2. \u039a\u03b1\u03c4\u03b1\u03c0\u03bb\u03b7\u03ba\u03c4\u03b9\u03ba\u03bf\u03af \u03ac\u03bd\u03b8\u03c1\u03c9\u03c0\u03bf\u03b9 \u03c0\u03c1\u03cc\u03b8\u03c5\u03bc\u03bf\u03b9 \u03bd\u03b1 \u03c3\u03bf\u03c5 \u03bb\u03cd\u03c3\u03bf\u03c5\u03bd \u03ba\u03ac\u03b8\u03b5 \u03b1\u03c0\u03bf\u03c1\u03af\u03b1. \u03a6\u03b1\u03bd\u03c4\u03b1\u03c3\u03c4\u03b9\u03ba\u03ac \u03ad\u03c1\u03b3\u03b1 \u03c0\u03b1\u03b9\u03b4\u03b9\u03ce\u03bd.",
            "time": 1554702460
        },
        {
            "author_name": "\u039c\u03bf\u03c3\u03c7\u03bf\u03c5\u03bb\u03b1 \u0392\u03b1\u03bc\u03b2\u03b1\u03ba\u03b1\u03c1\u03b7",
            "author_url": "https://www.google.com/maps/contrib/117831815222882899997/reviews",
            "language": "el",
            "profile_photo_url": "https://lh6.googleusercontent.com/-95u_tmB7D4g/AAAAAAAAAAI/AAAAAAAAAAA/ACHi3rfb69CObArEq3tj7FFR5sdPFtxozQ/s128-c0x00000000-cc-rp-mo/photo.jpg",
            "rating": 5,
            "relative_time_description": "4 months ago",
            "text": "\u03a9\u03c1\u03b1\u03af\u03bf\u03c2 \u03c7\u03ce\u03c1\u03bf\u03c2.. \u03c4\u03b1 \u03c0\u03b1\u03b9\u03b4\u03b9\u03ac \u03bc\u03b1\u03b8\u03b1\u03af\u03bd\u03bf\u03c5\u03bd \u03b4\u03b9\u03ac\u03c6\u03bf\u03c1\u03b5\u03c2 \u03c4\u03b5\u03c7\u03bd\u03b9\u03ba\u03ad\u03c2 \u03b6\u03c9\u03b3\u03c1\u03b1\u03c6\u03b9\u03ba\u03ae\u03c2 \u03ba\u03b1\u03b9 \u03b1\u03bd\u03b1\u03c0\u03c4\u03cd\u03c3\u03bf\u03c5\u03bd \u03c4\u03b1 \u03c4\u03b1\u03bb\u03ad\u03bd\u03c4\u03b1 \u03c4\u03bf\u03c5\u03c2 \u03b5\u03bd\u03ce \u03c0\u03b5\u03c1\u03bd\u03bf\u03cd\u03bd \u03b5\u03c5\u03c7\u03ac\u03c1\u03b9\u03c3\u03c4\u03b1 \u03c4\u03b7\u03bd \u03ce\u03c1\u03b1 \u03c4\u03bf\u03c5\u03c2",
            "time": 1554030601
        },
        {
            "author_name": "Katerina Galanou",
            "author_url": "https://www.google.com/maps/contrib/103636086057806523252/reviews",
            "language": "el",
            "profile_photo_url": "https://lh3.googleusercontent.com/-NPXkS7w853E/AAAAAAAAAAI/AAAAAAAAAHA/KzNrj3JCk7Y/s128-c0x00000000-cc-rp-mo-ba3/photo.jpg",
            "rating": 5,
            "relative_time_description": "5 months ago",
            "text": "\u03a4\u03bf \u03c4\u03ad\u03bb\u03b5\u03b9\u03bf \u03bc\u03ad\u03c1\u03bf\u03c2 \u03b3\u03b9\u03b1 \u03c0\u03b1\u03b9\u03b4\u03b9\u03ba\u03ae \u03b4\u03b7\u03bc\u03b9\u03bf\u03c5\u03c1\u03b3\u03b9\u03ba\u03ae \u03b1\u03c0\u03b1\u03c3\u03c7\u03cc\u03bb\u03b7\u03c3\u03b7",
            "time": 1550292270
        },
        {
            "author_name": "nikos petrou",
            "author_url": "https://www.google.com/maps/contrib/116239754690336448427/reviews",
            "language": "el",
            "profile_photo_url": "https://lh4.googleusercontent.com/-h65HWPLQscg/AAAAAAAAAAI/AAAAAAAAArw/tQBwxjrh9ns/s128-c0x00000000-cc-rp-mo-ba4/photo.jpg",
            "rating": 5,
            "relative_time_description": "2 weeks ago",
            "text": "\u03a5\u03c0\u03ad\u03c1\u03bf\u03c7\u03bf \u03b1\u03bb\u03bb\u03ac \u03c7\u03c9\u03c1\u03af\u03c2 \u03ba\u03bb\u03b9\u03bc\u03b1\u03c4\u03b9\u03c3\u03bc\u03cc",
            "time": 1563130376
        }
    ],
	"type":"museum"
}

