{
    "id": "98237aba46a13b6de691459a0514418654627266",
    "location": {
        "lat": 38.0013066,
        "lng": 23.7378148
    },
    "name": "Public agora of Kypseli",
    "rating": 3.8,
    "reviews": [
        {
            "author_name": "Nikos Nikolaou",
            "author_url": "https://www.google.com/maps/contrib/102090395852738523927/reviews",
            "language": "en",
            "profile_photo_url": "https://lh5.googleusercontent.com/-xhKssRfClfY/AAAAAAAAAAI/AAAAAAAAAAA/ACHi3reQ_8FLKnIxxFWn5hk4oDmlfSe6dg/s128-c0x00000000-cc-rp-mo-ba5/photo.jpg",
            "rating": 4,
            "relative_time_description": "7 months ago",
            "text": "Dominant and reference place of Kypseli (Beehive) Neighbouring. Nowadays houses several venues, events and happenings, as well as Citizens service office. A classic Athens survived building.",
            "time": 1545461323
        },
        {
            "author_name": "\u039c\u03b1\u03ba\u03b7\u03c2 \u0391\u03bd\u03c4\u03c9\u03bd\u03b9\u03ac\u03b4\u03b7\u03c2",
            "author_url": "https://www.google.com/maps/contrib/105335850569714365247/reviews",
            "profile_photo_url": "https://lh4.googleusercontent.com/-F1Z4pcIfS_E/AAAAAAAAAAI/AAAAAAAAAAA/ACHi3rdRkBlCqG_OMD8VoJqM1_96ta4Apg/s128-c0x00000000-cc-rp-mo-ba3/photo.jpg",
            "rating": 4,
            "relative_time_description": "6 months ago",
            "text": "",
            "time": 1547758859
        },
        {
            "author_name": "Popi Kaymen",
            "author_url": "https://www.google.com/maps/contrib/117729568495071728305/reviews",
            "profile_photo_url": "https://lh3.googleusercontent.com/-JBpFlCA9PzE/AAAAAAAAAAI/AAAAAAAAAAA/ACHi3rdM-Mxm5v_bhx9CNq7c5WMSVhMm_A/s128-c0x00000000-cc-rp-mo-ba2/photo.jpg",
            "rating": 4,
            "relative_time_description": "7 months ago",
            "text": "",
            "time": 1545661148
        },
        {
            "author_name": "Eleni Kontou",
            "author_url": "https://www.google.com/maps/contrib/115470970904510438597/reviews",
            "profile_photo_url": "https://lh6.googleusercontent.com/-59QeXqwmQ1M/AAAAAAAAAAI/AAAAAAAAAAA/ACHi3reTrmmXBrPMu5Ua6z8KESsOKsVeMA/s128-c0x00000000-cc-rp-mo-ba3/photo.jpg",
            "rating": 3,
            "relative_time_description": "11 months ago",
            "text": "",
            "time": 1535006540
        },
        {
            "author_name": "aris salouros",
            "author_url": "https://www.google.com/maps/contrib/116265426289290129591/reviews",
            "profile_photo_url": "https://lh3.googleusercontent.com/-OHb7iYmNVGk/AAAAAAAAAAI/AAAAAAAAAAA/ACHi3rcPsS0ktIVq9WTqdnLD9Wadba67nw/s128-c0x00000000-cc-rp-mo-ba4/photo.jpg",
            "rating": 4,
            "relative_time_description": "11 months ago",
            "text": "",
            "time": 1534852498
        }
    ],
	"type":"museum"
}

