{
    "id": "b97d25cb7714031724fd9c5e4c002d45a79f802b",
    "location": {
        "lat": 37.9777215,
        "lng": 23.7381691
    },
    "name": "Museum of Ancient Greek Technology",
    "rating": 4.7,
    "reviews": [
        {
            "author_name": "Andreea Oltean",
            "author_url": "https://www.google.com/maps/contrib/113712392630556172420/reviews",
            "language": "en",
            "profile_photo_url": "https://lh4.googleusercontent.com/-uxZ4yFqgLbQ/AAAAAAAAAAI/AAAAAAAAAAA/ACHi3rcRSc_EyfpY_gKQ1F4MOEfswrUPmg/s128-c0x00000000-cc-rp-mo/photo.jpg",
            "rating": 5,
            "relative_time_description": "2 weeks ago",
            "text": "It was one of the most lovely experiences I had in a museum. If you are not a technical person, there are plenty of images and videos explaining how the inventions were supposed to work. And the ticket price was really affordable. Unfortunately, I reserved just an hour for the museum and I could use at least one more to enjoy the entire museum properly. I totally recommend it!",
            "time": 1562577371
        },
        {
            "author_name": "Hannah Jover",
            "author_url": "https://www.google.com/maps/contrib/108488965684433304749/reviews",
            "language": "en",
            "profile_photo_url": "https://lh5.googleusercontent.com/-2j-sYceg7lI/AAAAAAAAAAI/AAAAAAAAAFI/AYSsOvXxnLw/s128-c0x00000000-cc-rp-mo/photo.jpg",
            "rating": 5,
            "relative_time_description": "a week ago",
            "text": "Second must-see after the Parthenon! Went here on our honeymoon and stayed until it closed. Even 20 minutes will be worth your while. It will make you appreciate so much of the things we use every day (like security alarm systems, vending machines...).",
            "time": 1563052027
        },
        {
            "author_name": "Nicolas Agathos",
            "author_url": "https://www.google.com/maps/contrib/108538166368926370134/reviews",
            "language": "en",
            "profile_photo_url": "https://lh3.googleusercontent.com/-yfKHEfnDyiU/AAAAAAAAAAI/AAAAAAAAAAA/ACHi3rfCceSf7SMnOWp8WApldk_965ORqQ/s128-c0x00000000-cc-rp-mo/photo.jpg",
            "rating": 5,
            "relative_time_description": "in the last week",
            "text": "Hands down the best museum in Athens, and I have been to all of them time again, but nothing compares. Well done to the people involved and the ingenious interactive way they have of educating the visitors. Bravo!",
            "time": 1563626693
        },
        {
            "author_name": "Laurens van Thiel",
            "author_url": "https://www.google.com/maps/contrib/113738699363677858424/reviews",
            "language": "en",
            "profile_photo_url": "https://lh3.googleusercontent.com/-maQeoRECEHM/AAAAAAAAAAI/AAAAAAAAIwU/WxqVdA8UXDw/s128-c0x00000000-cc-rp-mo-ba5/photo.jpg",
            "rating": 5,
            "relative_time_description": "2 months ago",
            "text": "Great museum with lots of interesting things to explore every piece of ancient technology is explained  in detail and some of them you can even try for yourself. Lots of informative videos and all that for the low cost of 5 euros (7 if you include the musical instruments part) would definitely recommend going here! Also suited to take young children to.",
            "time": 1557739591
        },
        {
            "author_name": "sam hamer",
            "author_url": "https://www.google.com/maps/contrib/114452889915925379261/reviews",
            "language": "en",
            "profile_photo_url": "https://lh3.googleusercontent.com/-RktdsPJzk9I/AAAAAAAAAAI/AAAAAAAAATY/7LSnJr8ZOZs/s128-c0x00000000-cc-rp-mo-ba4/photo.jpg",
            "rating": 5,
            "relative_time_description": "2 months ago",
            "text": "This is one of my favorite museums. It\u2019s fascinating and very well curated. It\u2019s fairly new (May 2019) and is expanding. The displays are very well annotated in both Greek and English and there are many staff around to explain things and provide demonstrations. When I\u2019m next in Athens I will visit again for sure.",
            "time": 1556691583
        }
    ],
	"type":"museum"
}

