{
    "id": "f52ba6652081a0a1d2a7319c3a80658b78297bad",
    "location": {
        "lat": 37.9707511,
        "lng": 23.7393673
    },
    "name": "Statue of George Karaiskakis",
    "rating": 4.8,
    "reviews": [
        {
            "author_name": "Pierros Zevolis",
            "author_url": "https://www.google.com/maps/contrib/102006500319082251439/reviews",
            "language": "en",
            "profile_photo_url": "https://lh4.googleusercontent.com/-kaeI-frSATw/AAAAAAAAAAI/AAAAAAAEfvw/BxdOwqKiMgk/s128-c0x00000000-cc-rp-mo-ba8/photo.jpg",
            "rating": 5,
            "relative_time_description": "9 months ago",
            "text": "Pretty nice monument at the centre of Athens.",
            "time": 1541359359
        },
        {
            "author_name": "George Mihailidis",
            "author_url": "https://www.google.com/maps/contrib/116676310898070333941/reviews",
            "language": "en",
            "profile_photo_url": "https://lh3.googleusercontent.com/--f0lEIt0YTY/AAAAAAAAAAI/AAAAAAAAFnU/9VHsmwpelEk/s128-c0x00000000-cc-rp-mo-ba4/photo.jpg",
            "rating": 5,
            "relative_time_description": "3 years ago",
            "text": "Very beautiful statue of one of the most famous heroes of the Greek War of Independence (1821)",
            "time": 1469380239
        },
        {
            "author_name": "George Simos",
            "author_url": "https://www.google.com/maps/contrib/115206840327211924026/reviews",
            "language": "en",
            "profile_photo_url": "https://lh3.googleusercontent.com/-WEFawq2k1MA/AAAAAAAAAAI/AAAAAAAALAk/XUBX-RohSyY/s128-c0x00000000-cc-rp-mo-ba4/photo.jpg",
            "rating": 5,
            "relative_time_description": "2 years ago",
            "text": "A beautiful statue!",
            "time": 1487866128
        },
        {
            "author_name": "D De_la_gra",
            "author_url": "https://www.google.com/maps/contrib/103127433872241430948/reviews",
            "language": "el",
            "profile_photo_url": "https://lh3.googleusercontent.com/-C8YGb13NMgw/AAAAAAAAAAI/AAAAAAAAANQ/alJDnwivlpc/s128-c0x00000000-cc-rp-mo-ba5/photo.jpg",
            "rating": 5,
            "relative_time_description": "5 months ago",
            "text": "\u03a4\u03bf \u03b5\u03c0\u03af\u03b8\u03b5\u03c4\u03cc \u03c4\u03bf\u03c5 \u03b5\u03af\u03bd\u03b1\u03b9 \u03c7\u03b1\u03ca\u03b4\u03b5\u03c5\u03c4\u03b9\u03ba\u03cc \u03c5\u03c0\u03bf\u03ba\u03bf\u03c1\u03b9\u03c3\u03c4\u03b9\u03ba\u03cc \u03c4\u03bf\u03c5 \u039a\u03b1\u03c1\u03b1\u0390\u03c3\u03ba\u03bf\u03c2, \u03c0\u03bf\u03c5 \u03ad\u03c6\u03b5\u03c1\u03b5 \u03bf \u03c0\u03b1\u03c4\u03ad\u03c1\u03b1\u03c2 \u03c4\u03bf\u03c5 \u03ae\u03c1\u03c9\u03b1,\u00a0\u0394\u03b7\u03bc\u03ae\u03c4\u03c1\u03b9\u03bf\u03c2 \u038a\u03c3\u03ba\u03bf\u03c2 \u03ae \u039a\u03b1\u03c1\u03b1\u0390\u03c3\u03ba\u03bf\u03c2,\u00a0\u039a\u03b1\u03c1\u03ac\u03c2\u00a0\u03b5\u03c0\u03b5\u03b9\u03b4\u03ae \u03ae\u03c4\u03b1\u03bd \u03bc\u03b5\u03bb\u03b1\u03bc\u03c8\u03cc\u03c2. \u03a0\u03c1\u03cc\u03ba\u03b5\u03b9\u03c4\u03b1\u03b9 \u03b3\u03b9\u03b1 \u03c3\u03cd\u03bd\u03b8\u03b5\u03c4\u03b7 \u03bb\u03ad\u03be\u03b7 \u03b1\u03c0\u03cc \u03c4\u03bf \u03c4\u03bf\u03c5\u03c1\u03ba\u03b9\u03ba\u03cc kara (\u03bc\u03b1\u03cd\u03c1\u03bf\u03c2) \u03ba\u03b1\u03b9 \u03c4\u03bf \u03c0\u03b1\u03bb\u03b1\u03b9\u03cc\u03c4\u03b5\u03c1\u03bf \u03bf\u03b9\u03ba\u03bf\u03b3\u03b5\u03bd\u03b5\u03b9\u03b1\u03ba\u03cc \u03cc\u03bd\u03bf\u03bc\u03b1\u00a0\u038a\u03c3\u03ba\u03bf\u03c2.\n\n\u03a3\u03c4\u03b7\u03bd \u03c0\u03b1\u03b9\u03b4\u03b9\u03ba\u03ae \u03c4\u03bf\u03c5 \u03b7\u03bb\u03b9\u03ba\u03af\u03b1 \u03ad\u03bb\u03b1\u03b2\u03b5 \u03c4\u03bf \u03c0\u03c1\u03bf\u03c3\u03c9\u03bd\u03cd\u03bc\u03b9\u03bf \u03c4\u03bf\u00a0\u039a\u03b1\u03c1\u03b1\u03ca\u03c3\u03ba\u03ac\u03ba\u03b9\u00a0\u03b4\u03b7\u03bb\u03b1\u03b4\u03ae \u03c4\u03bf\u00a0\u03ac\u03c4\u03c5\u03c7\u03bf \u039a\u03b1\u03c1\u03b1\u03ca\u03c3\u03ba\u03cc\u03c0\u03bf\u03c5\u03bb\u03bf, \u03bb\u03cc\u03b3\u03c9 \u03c4\u03b7\u03c2 \u03bf\u03c1\u03c6\u03ac\u03bd\u03b9\u03b1\u03c2 \u03c4\u03bf\u03c5 \u03ba\u03b1\u03b9 \u03c4\u03b7\u03c2 \u03c0\u03b1\u03c1\u03b1\u03bc\u03ad\u03bb\u03b7\u03c3\u03ae\u03c2 \u03c4\u03bf\u03c5 \u03b1\u03c0\u03cc \u03c4\u03bf\u03bd \u03c0\u03b1\u03c4\u03ad\u03c1\u03b1 \u03ba\u03b1\u03b9 \u03c4\u03b1 \u03b1\u03b4\u03ad\u03bb\u03c6\u03b9\u03b1 \u03c4\u03bf\u03c5. \u039f \u03af\u03b4\u03b9\u03bf\u03c2 \u03c5\u03c0\u03ad\u03b3\u03c1\u03b1\u03c6\u03b5 \u03b5\u03c0\u03af\u03c3\u03b7\u03bc\u03b1\u00a0\u039a\u03b1\u03c1\u03b1\u0390\u03c3\u03ba\u03bf\u03c2\u00a0\u03cc\u03c0\u03c9\u03c2 \u03c6\u03b1\u03af\u03bd\u03b5\u03c4\u03b1\u03b9 \u03ba\u03b1\u03b9 \u03c3\u03c4\u03b7 \u03c3\u03c6\u03c1\u03b1\u03b3\u03af\u03b4\u03b1 \u03c4\u03bf\u03c5 \u03c4\u03bf\u03c5 1816.",
            "time": 1552052327
        },
        {
            "author_name": "\u0393\u03b9\u03ac\u03bd\u03b7\u03c2 \u039a\u03c9\u03bd\u03c3\u03c4\u03b1\u03bd\u03c4\u03af\u03bd\u03bf\u03c5",
            "author_url": "https://www.google.com/maps/contrib/101655912943265211424/reviews",
            "language": "el",
            "profile_photo_url": "https://lh5.googleusercontent.com/-3SlX8J2btV8/AAAAAAAAAAI/AAAAAAAB0m4/_iXAHfPSnhk/s128-c0x00000000-cc-rp-mo/photo.jpg",
            "rating": 5,
            "relative_time_description": "5 months ago",
            "text": "\u0395\u03c5\u03c7\u03ac\u03c1\u03b9\u03c3\u03c4\u03b7 \u03b1\u03bd\u03ac\u03c0\u03b1\u03c5\u03bb\u03b1 \u03b1\u03c0\u03cc \u03c4\u03b7 \u03b2\u03cc\u03bb\u03c4\u03b1, \u03c3\u03b5 \u03ad\u03bd\u03b1 \u03b1\u03c0\u03cc \u03c4\u03b1 \u03ac\u03c6\u03b8\u03bf\u03bd\u03b1 \u03c0\u03b1\u03b3\u03ba\u03ac\u03ba\u03b9\u03b1, \u03b4\u03af\u03c0\u03bb\u03b1 \u03c3\u03c4\u03bf \u0396\u03ac\u03c0\u03c0\u03b5\u03b9\u03bf, \u03c4\u03bf\u03bd \u03b5\u03b8\u03bd\u03b9\u03ba\u03cc \u03ba\u03ae\u03c0\u03bf \u03b1\u03c0\u03ad\u03bd\u03b1\u03bd\u03c4\u03b9 \u03b1\u03c0\u03cc \u03c4\u03bf \u039a\u03b1\u03bb\u03bb\u03b9\u03bc\u03ac\u03c1\u03bc\u03b1\u03c1\u03bf...",
            "time": 1551692748
        }
    ],
    "type": "point_of_interest"
}