{
    "id": "6d92b358d410f6a8c8b42e0199bf5716ee1d6764",
    "location": {
        "lat": 37.9684499,
        "lng": 23.7285227
    },
    "name": "Acropolis Museum",
    "rating": 4.7,
    "reviews": [
        {
            "author_name": "Travis Moore",
            "author_url": "https://www.google.com/maps/contrib/106750936907698274989/reviews",
            "language": "en",
            "profile_photo_url": "https://lh3.googleusercontent.com/-jjHh8s1NiOg/AAAAAAAAAAI/AAAAAAAACeU/Im3RNhF0QtA/s128-c0x00000000-cc-rp-mo-ba4/photo.jpg",
            "rating": 5,
            "relative_time_description": "a month ago",
            "text": "Like in my Acropolis post, you don't need a review to tell you to come here, so here's some tips to make this experience better:\n\n1- Come here late into the evening\nTour groups will swarm this place during the day, so avoid them and come here later. This makes the experience so much better.\n\n2- Skip the tour group\nConfession: we came here on our own before taking a tour group because we didn't know it would be a part of the tour. It was so much better coming here on our own, viewing it on our own time, reading everything, and seeing all the museum has to offer. The tour group only hit 20% of what we saw on our own (the major things) and it was so rushed that we were laughing to ourselves that we were lucky in our mistake to come here the day before.\n\n3- Hold on to your ticket\nGuards will check you for a ticket often if they see you aren't part of a tour group. Hold on to it or you will be escorted out.\n\n4- Check out the very top floor. \nThe top floor is a to scale and orientation of the Parthenon that you will see from the windows. It has similar column placement and all the missing REAL details from it. It's the best part of the whole museum. The view is also incredible.\n\nThat's it, enjoy!",
            "time": 1560071442
        },
        {
            "author_name": "Andrew Haas",
            "author_url": "https://www.google.com/maps/contrib/102219337701139860536/reviews",
            "language": "en",
            "profile_photo_url": "https://lh5.googleusercontent.com/-pNm-xDb7OAQ/AAAAAAAAAAI/AAAAAAAAAAA/ACHi3rchFIuSEAOeHYvDwnrbuPj6kMUXGw/s128-c0x00000000-cc-rp-mo-ba4/photo.jpg",
            "rating": 5,
            "relative_time_description": "a week ago",
            "text": "Great museum. Won\u2019t take more than an hour to visit. Check out the underground ancient Roman city that\u2019s has been unearthed  there is a small interactive kids space and nap rooms. Visit the cafe for lunch and to cool off during the day. The top floor is the scale and orientation of the Parthenon. So cool",
            "time": 1563347199
        },
        {
            "author_name": "Don MacAuslan",
            "author_url": "https://www.google.com/maps/contrib/104776303439549816573/reviews",
            "language": "en",
            "profile_photo_url": "https://lh4.googleusercontent.com/-_nBGP62vA0k/AAAAAAAAAAI/AAAAAAAAABQ/mvmyA2pglOA/s128-c0x00000000-cc-rp-mo-ba5/photo.jpg",
            "rating": 4,
            "relative_time_description": "a month ago",
            "text": "A great follow up to the Acropolis visit. We went first up Monday morning. No lines straight in. TIP. Visit the top floor first and work your way down. The free film about the Acropolis is worth doing first as it gives viewers a great overview of the buildings, construction and deities. Only thing we thought would enhance the exhibition would have been a full size replica of the original 12m tall statue of Athena under a blue ceiling with gilded stars. The entrance portico is the perfect stage!",
            "time": 1561032464
        },
        {
            "author_name": "Charalampos Menychtas",
            "author_url": "https://www.google.com/maps/contrib/116438504289187180069/reviews",
            "language": "en",
            "profile_photo_url": "https://lh5.googleusercontent.com/-XmBstl1wuWQ/AAAAAAAAAAI/AAAAAAAAACA/78KdxSXlBF4/s128-c0x00000000-cc-rp-mo/photo.jpg",
            "rating": 5,
            "relative_time_description": "a week ago",
            "text": "My vocabulary isn\u2019t rich enough to express the magnitude of the work that has been put on this institution. Excellent exhibitions, interactive media and a cozy restaurant to end my full-day visit to this spectacular museum. Been there several times, (at least twice a year) never seizes to amaze me. Highly recommended",
            "time": 1563390219
        },
        {
            "author_name": "Maya Patel",
            "author_url": "https://www.google.com/maps/contrib/112081014266149265722/reviews",
            "language": "en",
            "profile_photo_url": "https://lh6.googleusercontent.com/-s5sAyugW0nA/AAAAAAAAAAI/AAAAAAAAAGg/V2NSS-CS_Wo/s128-c0x00000000-cc-rp-mo-ba3/photo.jpg",
            "rating": 5,
            "relative_time_description": "2 weeks ago",
            "text": "A beautiful museum that's done an incredible job of highlighting the history that it's built on. There are also great views of the Acropolis from the museum itself. In some parts there are archaeologists sitting there that you can ask questions which I loved. The archaeologist that we talked to was so kind and patiently answered all our questions. Probably one of the most well done museums I have ever been to!",
            "time": 1562744330
        }
    ],
	"type":"museum"
}

