{
    "id": "2b8239fa4f95be5a40523a150316809c1f505a32",
    "location": {
        "lat": 37.9757092,
        "lng": 23.7252985
    },
    "name": "Folk Art Museum Shop",
    "rating": 4.7,
    "reviews": [
        {
            "author_name": "irfan benli",
            "author_url": "https://www.google.com/maps/contrib/117349936574842330416/reviews",
            "language": "tr",
            "profile_photo_url": "https://lh3.googleusercontent.com/-j6InUh8Z-fY/AAAAAAAAAAI/AAAAAAAAAAA/ACHi3rdwmDdRrcK-ikR71IneVIHFs4I5zw/s128-c0x00000000-cc-rp-mo/photo.jpg",
            "rating": 4,
            "relative_time_description": "a year ago",
            "text": "Monastraki metro istasyonundan be\u015f dakika mesafede yer alan bu k\u00fc\u00e7\u00fck ama \u015firin m\u00fcze geleneksel sanat objelerini sergiliyor. \u0130lgin\u00e7 olabilir merakl\u0131s\u0131 i\u00e7in. \u00dcst kattaki kahvecide de genelde yerli halk\u0131n toplanarak kahve i\u00e7ip ya da yemek yedikleri bir mekan. Burada bir Greek Coffee 2.50 Euro.",
            "time": 1517429160
        },
        {
            "author_name": "\u05d0\u05d1\u05d9 \u05d0\u05dc\u05d2'\u05d9\u05dd",
            "author_url": "https://www.google.com/maps/contrib/100710251477287090019/reviews",
            "language": "iw",
            "profile_photo_url": "https://lh5.googleusercontent.com/-fmTtejct_Ew/AAAAAAAAAAI/AAAAAAAAAAA/ACHi3reG794wnATY1lg2nc0CEgpdY0Sn-w/s128-c0x00000000-cc-rp-mo/photo.jpg",
            "rating": 5,
            "relative_time_description": "11 months ago",
            "text": "\u05d8\u05e2\u05d9\u05dd \u05de\u05d7\u05d9\u05e8 \u05e1\u05d1\u05d9\u05e8",
            "time": 1533983006
        },
        {
            "author_name": "Lu\u00eds Grego",
            "author_url": "https://www.google.com/maps/contrib/117751309345407032615/reviews",
            "language": "pt",
            "profile_photo_url": "https://lh4.googleusercontent.com/-hx1YTrtvnTY/AAAAAAAAAAI/AAAAAAAAAAg/00HcgU7WG3E/s128-c0x00000000-cc-rp-mo-ba2/photo.jpg",
            "rating": 5,
            "relative_time_description": "a year ago",
            "text": "Bom",
            "time": 1532148278
        },
        {
            "author_name": "Patrick Barbieri",
            "author_url": "https://www.google.com/maps/contrib/115776963449719973520/reviews",
            "profile_photo_url": "https://lh6.googleusercontent.com/-GRyqZudKDCE/AAAAAAAAAAI/AAAAAAAAAAA/ACHi3rdVOvOWEKWVoLAb3hETB6rc6GiQhA/s128-c0x00000000-cc-rp-mo-ba3/photo.jpg",
            "rating": 5,
            "relative_time_description": "5 months ago",
            "text": "",
            "time": 1550878722
        },
        {
            "author_name": "Dimitris Telos",
            "author_url": "https://www.google.com/maps/contrib/116150431953292232221/reviews",
            "profile_photo_url": "https://lh5.googleusercontent.com/-KU4m11Zwzmk/AAAAAAAAAAI/AAAAAAAAAAA/ACHi3rcwpzOxUWoC-caOhKQgcO5AxVGgvA/s128-c0x00000000-cc-rp-mo-ba3/photo.jpg",
            "rating": 4,
            "relative_time_description": "11 months ago",
            "text": "",
            "time": 1535198070
        }
    ],
	"type":"museum"
}

