{
    "id": "2de820d83d7fb6aea3b293dd2f0cca72f0107626",
    "location": {
        "lat": 37.9806558,
        "lng": 23.7518557
    },
    "name": "Eleftherios Venizelos Museum",
    "rating": 4.2,
    "reviews": [
        {
            "author_name": "Michael Kalafatas",
            "author_url": "https://www.google.com/maps/contrib/111893531758440869138/reviews",
            "language": "el",
            "profile_photo_url": "https://lh4.googleusercontent.com/-_MGE7PFy324/AAAAAAAAAAI/AAAAAAAARY4/Xdka0VKt1e4/s128-c0x00000000-cc-rp-mo-ba6/photo.jpg",
            "rating": 5,
            "relative_time_description": "10 months ago",
            "text": "\u0397 \u03c6\u03c9\u03c4\u03bf\u03b3\u03c1\u03b1\u03c6\u03af\u03b1 \u03c0\u03bf\u03c5 \u03b5\u03af\u03bd\u03b1\u03b9 \u03c3\u03c4\u03bf\u03bd \u03c4\u03af\u03c4\u03bb\u03bf \u03b5\u03af\u03bd\u03b1\u03b9 \u03c4\u03bf \u03ac\u03b3\u03b1\u03bb\u03bc\u03b1 - \u03bc\u03bd\u03b7\u03bc\u03b5\u03af\u03bf  \u03c4\u03bf\u03c5 \u0395\u03bb\u03b5\u03c5\u03b8\u03b5\u03c1\u03af\u03bf\u03c5 \u0392\u03b5\u03bd\u03b9\u03b6\u03ad\u03bb\u03bf\u03c5 \u03c4\u03bf \u039c\u03bf\u03c5\u03c3\u03b5\u03af\u03bf \u03b5\u03af\u03bd\u03b1\u03b9 \u03b1\u03c0\u03cc \u03c0\u03af\u03c3\u03c9 \u03b4\u03af\u03c0\u03bb\u03b1 \u03c3\u03c4\u03bf \u03c0\u03c1\u03ce\u03b7\u03bd \u0395\u0391\u03a4-\u0395\u03a3\u0391",
            "time": 1538718184
        },
        {
            "author_name": "GEO GEORGIUS",
            "author_url": "https://www.google.com/maps/contrib/110077944329991325115/reviews",
            "language": "el",
            "profile_photo_url": "https://lh5.googleusercontent.com/-zKliQSCq8HI/AAAAAAAAAAI/AAAAAAAAAAA/ACHi3rcjQaEiqxd60Rpl9nB5IgFGIbgdUg/s128-c0x00000000-cc-rp-mo-ba3/photo.jpg",
            "rating": 5,
            "relative_time_description": "5 months ago",
            "text": "\u03a0\u03ac\u03c1\u03ba\u03bf.... \u03c3\u03c4\u03bf\u03bb\u03af\u03b4\u03b9 \u03c4\u03b7\u03c2 \u0391\u03b8\u03ae\u03bd\u03b1\u03c2",
            "time": 1550304161
        },
        {
            "author_name": "Giacomo Caruso",
            "author_url": "https://www.google.com/maps/contrib/100996945223084333643/reviews",
            "language": "it",
            "profile_photo_url": "https://lh5.googleusercontent.com/-CtSHSUXk2uY/AAAAAAAAAAI/AAAAAAAATa8/lNNL3i1HyWU/s128-c0x00000000-cc-rp-mo-ba3/photo.jpg",
            "rating": 1,
            "relative_time_description": "7 months ago",
            "text": "Chiuso da tempo. Il cartello sulla porta \u00e8 vago sulla riapertura",
            "time": 1546595480
        },
        {
            "author_name": "Alex Papaioannou",
            "author_url": "https://www.google.com/maps/contrib/102276288427533122609/reviews",
            "profile_photo_url": "https://lh4.googleusercontent.com/-5GXtU08Zg_E/AAAAAAAAAAI/AAAAAAAAAAA/ACHi3reXb9iTgYWRuoRMyELKD9pc9bTMtw/s128-c0x00000000-cc-rp-mo-ba4/photo.jpg",
            "rating": 5,
            "relative_time_description": "in the last week",
            "text": "",
            "time": 1564613401
        },
        {
            "author_name": "Krinos Leather Cleaners",
            "author_url": "https://www.google.com/maps/contrib/105045125049466075267/reviews",
            "profile_photo_url": "https://lh6.googleusercontent.com/-RU8C6lu6n_Y/AAAAAAAAAAI/AAAAAAAAAAU/SHMPnkk-ZYw/s128-c0x00000000-cc-rp-mo-ba2/photo.jpg",
            "rating": 5,
            "relative_time_description": "a year ago",
            "text": "",
            "time": 1533241805
        }
    ],
	"type":"museum"
}

