{
    "id": "c8319b269c655e8f1e12a22d06500e6d286872d9",
    "location": {
        "lat": 37.97225299999999,
        "lng": 23.732134
    },
    "name": "AN ART ARTISTRY - \u03a7\u03ce\u03c1\u03bf\u03c2 \u03a4\u03b5\u03c7\u03bd\u03ce\u03bd & \u03a0\u03bf\u03bb\u03b9\u03c4\u03b9\u03c3\u03bc\u03bf\u03cd-\u03a5\u03c0\u03b7\u03c1\u03b5\u03c3\u03af\u03b5\u03c2 \u03c0\u03bf\u03bb\u03b9\u03c4\u03b9\u03c3\u03c4\u03b9\u03ba\u03ce\u03bd \u03b4\u03c1\u03b1\u03c3\u03c4\u03b7\u03c1\u03b9\u03bf\u03c4\u03ae\u03c4\u03c9\u03bd-\u0391\u0398\u0397\u039d\u0391",
    "rating": 4.8,
    "reviews": [
        {
            "author_name": "Michael Psyrras",
            "author_url": "https://www.google.com/maps/contrib/117007529565292233349/reviews",
            "language": "el",
            "profile_photo_url": "https://lh3.googleusercontent.com/-fcByiL24AlM/AAAAAAAAAAI/AAAAAAAACkM/2SCYjQCvEVQ/s128-c0x00000000-cc-rp-mo-ba3/photo.jpg",
            "rating": 5,
            "relative_time_description": "3 months ago",
            "text": "\u0395\u03be\u03b1\u03b9\u03c1\u03b5\u03c4\u03b9\u03ba\u03cc\u03c2 \u03c7\u03ce\u03c1\u03bf\u03c2 \u03bc\u03b5 \u03b1\u03bd\u03b8\u03c1\u03ce\u03c0\u03bf\u03c5\u03c2 \u03c0\u03bf\u03c5 \u03bd\u03bf\u03b9\u03ac\u03b6\u03bf\u03bd\u03c4\u03b1\u03b9 \u03b3\u03b9\u03b1 \u03c4\u03b7\u03bd \u03c4\u03ad\u03c7\u03bd\u03b7 \u03ba\u03b1\u03b9 \u03c4\u03bf\u03bd \u03c0\u03bf\u03bb\u03b9\u03c4\u03b9\u03c3\u03bc\u03cc!!!",
            "time": 1557566827
        },
        {
            "author_name": "ANTONIS MALAMIS",
            "author_url": "https://www.google.com/maps/contrib/117926718002696307896/reviews",
            "language": "el",
            "profile_photo_url": "https://lh4.googleusercontent.com/-bPB13WlM5b0/AAAAAAAAAAI/AAAAAAAALJ0/cID15NT0BCI/s128-c0x00000000-cc-rp-mo-ba4/photo.jpg",
            "rating": 4,
            "relative_time_description": "a year ago",
            "text": "\u0388\u03bd\u03b1\u03c2 \u03c7\u03ce\u03c1\u03bf\u03c2 \u03c0\u03bf\u03c5 \u03c5\u03c0\u03b7\u03c1\u03b5\u03c4\u03b5\u03af \u03bc\u03b5 \u03c3\u03c5\u03bd\u03ad\u03c0\u03b5\u03b9\u03b1 \u03c4\u03b7\u03bd \u03bc\u03bf\u03c5\u03c3\u03b9\u03ba\u03ae. \u039a\u03b1\u03c4\u03ac\u03bb\u03bb\u03b7\u03bb\u03bf\u03c2 \u03ba\u03b1\u03b9 \u03b3\u03b9\u03b1 \u03b9\u03b4\u03b9\u03c9\u03c4\u03b9\u03ba\u03ad\u03c2 \u03b5\u03ba\u03b4\u03b7\u03bb\u03ce\u03c3\u03b5\u03b9\u03c2 \u03b1\u03bd\u03ac\u03bb\u03bf\u03b3\u03b7\u03c2 \u03c5\u03c6\u03ae\u03c2",
            "time": 1525525144
        },
        {
            "author_name": "\u03a0\u0391\u039d\u0391\u0393\u0399\u03a9\u03a4\u0397\u03a3 \u03a4\u03a3\u039f\u0393\u039a\u0391\u03a3",
            "author_url": "https://www.google.com/maps/contrib/117721696553565311162/reviews",
            "language": "el",
            "profile_photo_url": "https://lh4.googleusercontent.com/-bLct4-XjmPQ/AAAAAAAAAAI/AAAAAAABVcY/Qr4bLZHyHfs/s128-c0x00000000-cc-rp-mo-ba4/photo.jpg",
            "rating": 5,
            "relative_time_description": "a year ago",
            "text": "\u039c\u03c0\u03c1\u03ac\u03b2\u03bf \u03c4\u03bf\u03c5\u03c2.... \u03a6\u03bf\u03b2\u03b5\u03c1\u03ae \u03c0\u03c1\u03bf\u03c3\u03c0\u03ac\u03b8\u03b5\u03b9\u03b1... \u0393\u03b9\u03b1 \u03bd\u03b1 \u03b2\u03b3\u03b5\u03b9 \u03ba\u03ac\u03c4\u03b9 \u03b1\u03be\u03b9\u03cc\u03bb\u03bf\u03b3\u03bf \u03ba\u03b1\u03b9 \u03c0\u03bf\u03b9\u03bf\u03c4\u03b9\u03ba\u03cc \ud83d\udc4d",
            "time": 1508325097
        },
        {
            "author_name": "Victoria Khoroshunova-Diakakis",
            "author_url": "https://www.google.com/maps/contrib/110207497775330908035/reviews",
            "language": "el",
            "profile_photo_url": "https://lh4.googleusercontent.com/-fjc3xnXDxUg/AAAAAAAAAAI/AAAAAAAAAaY/69yPAcZrjRg/s128-c0x00000000-cc-rp-mo-ba3/photo.jpg",
            "rating": 5,
            "relative_time_description": "2 years ago",
            "text": "\u03a0\u03bf\u03bb\u03cd \u03cc\u03bc\u03bf\u03c1\u03c6\u03bf \u03bc\u03ad\u03c1\u03bf\u03c2. \u039a\u03b1\u03bb\u03ae \u03bf\u03bc\u03ac\u03b4\u03b1. \u039a\u03b1\u03b9 \u03c0\u03bf\u03b9\u03bf\u03c4\u03b9\u03ba\u03ae \u03bc\u03bf\u03c5\u03c3\u03b9\u03ba\u03ae!",
            "time": 1489496512
        },
        {
            "author_name": "Manolis Zarafonitis",
            "author_url": "https://www.google.com/maps/contrib/102251622231332510193/reviews",
            "profile_photo_url": "https://lh5.googleusercontent.com/-ISlT6OYyQ4o/AAAAAAAAAAI/AAAAAAAAAAA/ACHi3rfFmblQ-X6a6U-9YXu6vFLB-J8zSw/s128-c0x00000000-cc-rp-mo-ba3/photo.jpg",
            "rating": 4,
            "relative_time_description": "4 months ago",
            "text": "",
            "time": 1554582879
        }
    ],
    "type": "point_of_interest"
}