{
    "id": "f48e39a4c07f8ae730b7cc5466dc86b8a36dbf0d",
    "location": {
        "lat": 37.97778950000001,
        "lng": 23.7513316
    },
    "name": "\u039c\u03bd\u03b7\u03bc\u03b5\u03af\u03bf \u038a\u03c9\u03bd\u03bf\u03c2 \u0394\u03c1\u03b1\u03b3\u03bf\u03cd\u03bc\u03b7",
    "rating": 5,
    "reviews": [
        {
            "author_name": "Trelo Psaraki",
            "author_url": "https://www.google.com/maps/contrib/112757331951113284690/reviews",
            "language": "el",
            "profile_photo_url": "https://lh4.googleusercontent.com/-8baPRX-wGcs/AAAAAAAAAAI/AAAAAAAABPI/X-On6t4eEyQ/s128-c0x00000000-cc-rp-mo-ba4/photo.jpg",
            "rating": 5,
            "relative_time_description": "11 months ago",
            "text": "\u0391\u0398\u0391\u039d\u0391\u03a4\u039f\u03a3",
            "time": 1534490523
        },
        {
            "author_name": "Sotiris Keramas",
            "author_url": "https://www.google.com/maps/contrib/114409858953644992290/reviews",
            "profile_photo_url": "https://lh4.googleusercontent.com/-tPxCYPS9MKU/AAAAAAAAAAI/AAAAAAAAAAA/ACHi3rcarxMlsz-jA4ncCSFwaDkFiRPBzA/s128-c0x00000000-cc-rp-mo/photo.jpg",
            "rating": 5,
            "relative_time_description": "a year ago",
            "text": "",
            "time": 1527568753
        },
        {
            "author_name": "Tassos Papageorgos",
            "author_url": "https://www.google.com/maps/contrib/114570352822947702798/reviews",
            "profile_photo_url": "https://lh5.googleusercontent.com/-XAChfMT8DMA/AAAAAAAAAAI/AAAAAAAAK0o/xrZmbwTtIoA/s128-c0x00000000-cc-rp-mo-ba3/photo.jpg",
            "rating": 5,
            "relative_time_description": "a year ago",
            "text": "",
            "time": 1524675692
        }
    ],
    "type": "point_of_interest"
}