{
    "id": "7f79badf13375e254073feaa16a0a28e30625684",
    "location": {
        "lat": 37.9732633,
        "lng": 23.7433326
    },
    "name": "ART-ATHINA",
    "rating": 4.2,
    "reviews": [
        {
            "author_name": "\u0397\u03bb\u03b9\u03b1\u03c2 \u03a7\u03b5\u03bb\u03bc\u03b7\u03c2",
            "author_url": "https://www.google.com/maps/contrib/102882830270510308814/reviews",
            "language": "en",
            "profile_photo_url": "https://lh5.googleusercontent.com/-2AGHYH-nWvU/AAAAAAAAAAI/AAAAAAAAAAA/ACHi3rfq5xigHJEnFRgiMltHTgQaSPcpMg/s128-c0x00000000-cc-rp-mo-ba3/photo.jpg",
            "rating": 5,
            "relative_time_description": "2 years ago",
            "text": "Best place",
            "time": 1489927082
        },
        {
            "author_name": "Maria Zygomala",
            "author_url": "https://www.google.com/maps/contrib/116870545716713874218/reviews",
            "language": "el",
            "profile_photo_url": "https://lh3.googleusercontent.com/-IyFVXkbWM9o/AAAAAAAAAAI/AAAAAAAAb1A/DZve2PVqxsw/s128-c0x00000000-cc-rp-mo-ba6/photo.jpg",
            "rating": 5,
            "relative_time_description": "2 months ago",
            "text": "\u0395\u03b4\u03c9 \u03ad\u03c7\u03bf\u03c5\u03bd \u03c0\u03b1\u03c1\u03b7 \u03bc\u03ad\u03c1\u03bf\u03c2 \u03bf\u03b9 \u03c0\u03b1\u03c1\u03bf\u03c5\u03c3\u03af\u03b1 \u03cc\u03bb\u03c9\u03bd \u03c4\u03c9\u03bd \u03b3\u03ba\u03b1\u03bb\u03b5\u03c1\u03af \u03a4\u03ad\u03c7\u03bd\u03b7\u03c2 \u03b3\u03b9\u03b1 \u03c4\u03bf ART-ATHINA.",
            "time": 1559776988
        },
        {
            "author_name": "Panayiotis Mihalarias",
            "author_url": "https://www.google.com/maps/contrib/106667739159340810165/reviews",
            "language": "el",
            "profile_photo_url": "https://lh4.googleusercontent.com/-q_x87q_oRsw/AAAAAAAAAAI/AAAAAAAADes/dgIDRx3QNgg/s128-c0x00000000-cc-rp-mo-ba4/photo.jpg",
            "rating": 1,
            "relative_time_description": "7 months ago",
            "text": "\u03a7\u03b5\u03b9\u03c1\u03cc\u03c4\u03b5\u03c1\u03b1 \u03b4\u03b5\u03bd \u03b3\u03af\u03bd\u03b5\u03c4\u03b1\u03b9.",
            "time": 1545308057
        },
        {
            "author_name": "Lefteris Andriopoulos",
            "author_url": "https://www.google.com/maps/contrib/100106270721613945231/reviews",
            "language": "el",
            "profile_photo_url": "https://lh4.googleusercontent.com/-Guk63Zdl5vI/AAAAAAAAAAI/AAAAAAAAAB8/uzAgiZESGVQ/s128-c0x00000000-cc-rp-mo-ba3/photo.jpg",
            "rating": 5,
            "relative_time_description": "11 months ago",
            "text": "\u039f\u03c4\u03b9 \u03ba\u03b1\u03bb\u03c5\u03c4\u03b5\u03c1\u03bf \u03b1\u03bd \u03b1\u03b3\u03b1\u03c0\u03ac\u03c2 \u03c4\u03b7 \u03c4\u03ad\u03c7\u03bd\u03b7",
            "time": 1536792073
        },
        {
            "author_name": "Andreas Fatouros",
            "author_url": "https://www.google.com/maps/contrib/103467855591996577175/reviews",
            "language": "el",
            "profile_photo_url": "https://lh4.googleusercontent.com/-Fi8lFwwE4Mk/AAAAAAAAAAI/AAAAAAAAH48/Jaxbw6aVUB8/s128-c0x00000000-cc-rp-mo-ba4/photo.jpg",
            "rating": 5,
            "relative_time_description": "3 years ago",
            "text": "\u0397 \u03bc\u03b5\u03b3\u03b1\u03bb\u03cd\u03c4\u03b5\u03c1\u03b7 \u03b3\u03b9\u03bf\u03c1\u03c4\u03ae \u03c4\u03b7\u03c2 \u03c3\u03cd\u03b3\u03c7\u03c1\u03bf\u03bd\u03b7\u03c2 \u03c4\u03ad\u03c7\u03bd\u03b7\u03c2. \u039a\u03ac\u03b8\u03b5 \u03c7\u03c1\u03cc\u03bd\u03bf \u03b1\u03bd\u03b1\u03ba\u03b1\u03bb\u03cd\u03c0\u03c4\u03bf\u03c5\u03bc\u03b5 \u03bd\u03ad\u03bf\u03c5\u03c2 \u03b4\u03b7\u03bc\u03b9\u03bf\u03c5\u03c1\u03b3\u03bf\u03cd\u03c2.",
            "time": 1467321464
        }
    ],
    "type": "point_of_interest"
}