{
    "id": "87e85f24569298d670ceeca64a58ff24a1141946",
    "location": {
        "lat": 37.9809168,
        "lng": 23.7213681
    },
    "name": "OLD MUNICIPAL GALLERY",
    "rating": 4.4,
    "reviews": [
        {
            "author_name": "Kass Papadopoulos",
            "author_url": "https://www.google.com/maps/contrib/104002380794168552848/reviews",
            "language": "en",
            "profile_photo_url": "https://lh4.googleusercontent.com/-DDd6zu90Ixc/AAAAAAAAAAI/AAAAAAAAAW8/EWpF3n-623c/s128-c0x00000000-cc-rp-mo-ba6/photo.jpg",
            "rating": 5,
            "relative_time_description": "a year ago",
            "text": "Book on om",
            "time": 1508532791
        },
        {
            "author_name": "spiros kokoris",
            "author_url": "https://www.google.com/maps/contrib/107858819237689407440/reviews",
            "language": "el",
            "profile_photo_url": "https://lh3.googleusercontent.com/-M1PtMb4vi9s/AAAAAAAAAAI/AAAAAAAAF4w/ikxj1Cxg8TA/s128-c0x00000000-cc-rp-mo-ba6/photo.jpg",
            "rating": 5,
            "relative_time_description": "a year ago",
            "text": "\u03a0\u03bb\u03ae\u03c1\u03c9\u03c2 \u03b1\u03bd\u03b1\u03ba\u03b1\u03b9\u03bd\u03b9\u03c3\u03bc\u03ad\u03bd\u03bf \u03bd\u03b5\u03bf\u03ba\u03bb\u03b1\u03c3\u03c3\u03b9\u03ba\u03cc,\u03b1\u03c0\u03bf \u03c4\u03b1 \u03c3\u03b7\u03bc\u03b5\u03af\u03b1 \u03b1\u03bd\u03b1\u03c6\u03bf\u03c1\u03ac\u03c2 \u03c4\u03b7\u03c2 \u03bf\u03b4\u03bf\u03cd \u03a0\u03b5\u03b9\u03c1\u03b1\u03b9\u03ce\u03c2 \u03ba\u03b1\u03b9 \u03c4\u03b7\u03c2 \u03c0\u03bb.\u039a\u03bf\u03c5\u03bc\u03bf\u03c5\u03bd\u03b4\u03bf\u03cd\u03c1\u03bf\u03c5....",
            "time": 1518102809
        },
        {
            "author_name": "philippoy giannis",
            "author_url": "https://www.google.com/maps/contrib/105760368194700420733/reviews",
            "language": "el",
            "profile_photo_url": "https://lh5.googleusercontent.com/-wRDZ3D2HcJw/AAAAAAAAAAI/AAAAAAAAAog/305VHh6NsuU/s128-c0x00000000-cc-rp-mo-ba6/photo.jpg",
            "rating": 5,
            "relative_time_description": "2 years ago",
            "text": "\u03a4\u03bf \u03b1\u03bd\u03b1\u03ba\u03b1\u03b9\u03bd\u03b9\u03c3\u03bc\u03ad\u03bd\u03bf \u03b4\u03b9\u03ce\u03c1\u03bf\u03c6\u03bf \u03bd\u03b5\u03bf\u03ba\u03bb\u03b1\u03c3\u03b9\u03ba\u03cc \u03ba\u03c4\u03af\u03c1\u03b9\u03bf \u03c4\u03b7\u03c2 \u03a0\u03b1\u03bb\u03b9\u03ac\u03c2 \u0394\u03b7\u03bc\u03bf\u03c4\u03b9\u03ba\u03ae\u03c2 \u03a0\u03b9\u03bd\u03b1\u03ba\u03bf\u03b8\u03ae\u03ba\u03b7\u03c2 \u03b2\u03c1\u03af\u03c3\u03ba\u03b5\u03c4\u03b1\u03b9 \u03b5\u03c0\u03af \u03c4\u03b7\u03c2 \u03c0\u03bb\u03b1\u03c4\u03b5\u03af\u03b1\u03c2 \u039a\u03bf\u03c5\u03bc\u03bf\u03c5\u03bd\u03b4\u03bf\u03cd\u03c1\u03bf\u03c5. \u03a0\u03c1\u03cc\u03ba\u03b5\u03b9\u03c4\u03b1\u03b9 \u03b3\u03b9\u03b1 \u03ad\u03bd\u03b1 \u03c3\u03c0\u03bf\u03c5\u03b4\u03b1\u03af\u03bf \u03b1\u03c1\u03c7\u03b9\u03c4\u03b5\u03ba\u03c4\u03cc\u03bd\u03b7\u03bc\u03b1 \u03c4\u03bf\u03c5 \u03a0\u03b1\u03bd\u03b1\u03b3\u03b9\u03ce\u03c4\u03b7 \u039a\u03ac\u03bb\u03ba\u03bf\u03c5 (\u03bf\u03b9\u03ba\u03bf\u03b4\u03bf\u03bc\u03ae\u03b8\u03b7\u03ba\u03b5 \u03bc\u03b5\u03c4\u03b1\u03be\u03cd 1872-1874) \u03ba\u03b1\u03b9 \u03ae\u03c4\u03b1\u03bd \u03b1\u03c1\u03c7\u03b9\u03ba\u03ac \u03b3\u03bd\u03c9\u03c3\u03c4\u03cc \u03c9\u03c2 \u0394\u03b7\u03bc\u03bf\u03c4\u03b9\u03ba\u03cc \u0392\u03c1\u03b5\u03c6\u03bf\u03ba\u03bf\u03bc\u03b5\u03af\u03bf. \u0388\u03c7\u03b5\u03b9 \u03ba\u03b1\u03b8\u03b9\u03b5\u03c1\u03c9\u03b8\u03b5\u03af \u03c9\u03c2 \u03ad\u03bd\u03b1\u03c2 \u03b1\u03c0\u03cc \u03c4\u03bf\u03c5\u03c2 \u03c3\u03b7\u03bc\u03b1\u03bd\u03c4\u03b9\u03ba\u03cc\u03c4\u03b5\u03c1\u03bf\u03c5\u03c2 \u03b5\u03ba\u03b8\u03b5\u03c3\u03b9\u03b1\u03ba\u03bf\u03cd\u03c2 \u03c7\u03ce\u03c1\u03bf\u03c5\u03c2 \u03c4\u03b7\u03c2 \u0391\u03b8\u03ae\u03bd\u03b1\u03c2 \u03ba\u03b1\u03b9 \u03ad\u03b3\u03b9\u03bd\u03b5 \u03c3\u03b7\u03bc\u03b5\u03af\u03bf \u03b1\u03bd\u03b1\u03c6\u03bf\u03c1\u03ac\u03c2 \u03c3\u03c4\u03bf \u03be\u03b5\u03ba\u03af\u03bd\u03b7\u03bc\u03b1 \u03c0\u03bf\u03bb\u03bb\u03ce\u03bd \u03c3\u03cd\u03b3\u03c7\u03c1\u03bf\u03bd\u03c9\u03bd \u0395\u03bb\u03bb\u03ae\u03bd\u03c9\u03bd \u03ba\u03b1\u03bb\u03bb\u03b9\u03c4\u03b5\u03c7\u03bd\u03ce\u03bd.",
            "time": 1501258642
        },
        {
            "author_name": "\u6155\u5bb9\u96ea\u9713",
            "author_url": "https://www.google.com/maps/contrib/112306836490147840852/reviews",
            "profile_photo_url": "https://lh5.googleusercontent.com/-QaP-jYrPn8U/AAAAAAAAAAI/AAAAAAAAAAA/ACHi3rdJ3qdTwD7hc0ZtDO25klfAjsBdWw/s128-c0x00000000-cc-rp-mo/photo.jpg",
            "rating": 1,
            "relative_time_description": "2 months ago",
            "text": "",
            "time": 1559989664
        },
        {
            "author_name": "Eugenia Ploumi",
            "author_url": "https://www.google.com/maps/contrib/110077614288059864272/reviews",
            "profile_photo_url": "https://lh5.googleusercontent.com/-3jvHyOdMhk4/AAAAAAAAAAI/AAAAAAAAAAA/ACHi3rcm6uObSbNicgxtPTrTMG2zPMvRCA/s128-c0x00000000-cc-rp-mo-ba2/photo.jpg",
            "rating": 5,
            "relative_time_description": "4 months ago",
            "text": "",
            "time": 1554316835
        }
    ],
    "type": "museum"
}