{
    "id": "edb251381d0900b1a917fd22411c0d4133a24bc3",
    "location": {
        "lat": 37.9827843,
        "lng": 23.7194135
    },
    "name": "Municipal Gallery of Athens",
    "rating": 4.5,
    "reviews": [
        {
            "author_name": "\u0421\u0430\u0431\u0438\u043d\u0430 \u0421\u0442\u0440\u0435\u0442\u043e\u0432\u0438\u0447",
            "author_url": "https://www.google.com/maps/contrib/100904414421791443503/reviews",
            "language": "en",
            "profile_photo_url": "https://lh6.googleusercontent.com/-VgAx3INqTsk/AAAAAAAAAAI/AAAAAAAAAAA/ACHi3rdAEUBxOZrUJBbjXdQKp55n0DmHug/s128-c0x00000000-cc-rp-mo/photo.jpg",
            "rating": 5,
            "relative_time_description": "a week ago",
            "text": "It's not big, but interesting place with rich history)",
            "time": 1564523246
        },
        {
            "author_name": "Giorgos Pappas",
            "author_url": "https://www.google.com/maps/contrib/102986980721233008801/reviews",
            "language": "en",
            "profile_photo_url": "https://lh3.googleusercontent.com/-mAjyBkoGuHs/AAAAAAAAAAI/AAAAAAAAreI/mlDsZtDtNWo/s128-c0x00000000-cc-rp-mo-ba4/photo.jpg",
            "rating": 5,
            "relative_time_description": "3 months ago",
            "text": "Nice building in a lively square and has occasionally interesting exhibitions. A nice, not that touristic, part of Athens overall",
            "time": 1555254867
        },
        {
            "author_name": "Nikos Skarentzos",
            "author_url": "https://www.google.com/maps/contrib/104711667716569901999/reviews",
            "language": "en",
            "profile_photo_url": "https://lh4.googleusercontent.com/-XchVAmci-m8/AAAAAAAAAAI/AAAAAAAAI5o/EJEI961Ko_I/s128-c0x00000000-cc-rp-mo-ba6/photo.jpg",
            "rating": 4,
            "relative_time_description": "3 months ago",
            "text": "Newly renovated building hosts very interesting exhibitions. Entrance fee is always free, worth a visit if you are nearby. We attended the temporary exhibition \"Japan and the books\" with Ukiyo-e and Manga of Hokusai, it was very interesting!",
            "time": 1557243493
        },
        {
            "author_name": "Gordon Bowen",
            "author_url": "https://www.google.com/maps/contrib/101408648371893794222/reviews",
            "language": "en",
            "profile_photo_url": "https://lh5.googleusercontent.com/-fngzbSnk4RQ/AAAAAAAAAAI/AAAAAAAAcuM/Rk_R83aMXXM/s128-c0x00000000-cc-rp-mo-ba2/photo.jpg",
            "rating": 4,
            "relative_time_description": "a month ago",
            "text": "Great experience especially as the exhibit I saw was free",
            "time": 1561837610
        },
        {
            "author_name": "D Luce",
            "author_url": "https://www.google.com/maps/contrib/115936706031533016796/reviews",
            "language": "en",
            "profile_photo_url": "https://lh5.googleusercontent.com/-Fe5nWlJMH8w/AAAAAAAAAAI/AAAAAAAAACw/iMgjGb53r4c/s128-c0x00000000-cc-rp-mo-ba2/photo.jpg",
            "rating": 5,
            "relative_time_description": "4 months ago",
            "text": "Short but sweet. Not much of an art lover myself, but still appreciated the collection of Japanese prints that were there at the time. Check the website for details of the current exhibition.",
            "time": 1555060349
        }
    ],
    "type": "museum"
}