{
    "id": "feb77ca3e7b6467bc7399d697c065f84db8fedfd",
    "location": {
        "lat": 37.97323009999999,
        "lng": 23.709899
    },
    "name": "\u039c\u03bf\u03c5\u03c3\u03b5\u03af\u03bf \u039c\u03c0\u03b5\u03bd\u03ac\u03ba\u03b7 - \u039a\u03bb\u03c9\u03c3\u03c4\u03bf\u03cb\u03c6\u03b1\u03bd\u03c4\u03bf\u03c5\u03c1\u03b3\u03af\u03b1 \u039c\u03ad\u03bd\u03c4\u03b7\u03c2 / Benaki Museum - Mentis Passementerie",
    "rating": 4.6,
    "reviews": [
        {
            "author_name": "Joseph Wise",
            "author_url": "https://www.google.com/maps/contrib/118274211843430323553/reviews",
            "language": "en",
            "profile_photo_url": "https://lh4.googleusercontent.com/-qNsq272uLsY/AAAAAAAAAAI/AAAAAAAAKQU/OXhkf2dgTps/s128-c0x00000000-cc-rp-mo-ba4/photo.jpg",
            "rating": 4,
            "relative_time_description": "2 months ago",
            "text": "This is a living museum - they still use the machines to make fabric and embroidery! The people we met at this museum were passionate about the manufacturing process and were excited to give us demonstrations of how the machines work. The place was relatively small so there wasn't much to see, but I enjoyed my visit.",
            "time": 1557342565
        },
        {
            "author_name": "Anna Syrri",
            "author_url": "https://www.google.com/maps/contrib/107415545024296243445/reviews",
            "language": "en",
            "profile_photo_url": "https://lh3.googleusercontent.com/-EdvZ44DEcDs/AAAAAAAAAAI/AAAAAAAAAY8/02iOxAqcYf8/s128-c0x00000000-cc-rp-mo-ba3/photo.jpg",
            "rating": 5,
            "relative_time_description": "a year ago",
            "text": "a very interesting museum about a vanishing \"art\"",
            "time": 1526843523
        },
        {
            "author_name": "chris k",
            "author_url": "https://www.google.com/maps/contrib/110861297556335168649/reviews",
            "language": "el",
            "profile_photo_url": "https://lh5.googleusercontent.com/-wG6FPMn4MhQ/AAAAAAAAAAI/AAAAAAAABMk/_slIBEaphow/s128-c0x00000000-cc-rp-mo-ba3/photo.jpg",
            "rating": 5,
            "relative_time_description": "6 months ago",
            "text": "\u03a4\u03bf \u03c0\u03b9\u03bf cool \u03bc\u03ad\u03c1\u03bf\u03c2 \u03c0\u03bf\u03c5 \u03ad\u03c7\u03c9 \u03b5\u03c0\u03b9\u03c3\u03ba\u03b5\u03c6\u03b8\u03b5\u03af \u03c3\u03c4\u03b7\u03bd \u0391\u03b8\u03ae\u03bd\u03b1!!!\n\u03a5\u03c0\u03ad\u03c1\u03bf\u03c7\u03b7, \u03b9\u03c3\u03c4\u03bf\u03c1\u03b9\u03ba\u03ae \u03ba\u03b1\u03b9 \u03b5\u03bd \u03b5\u03bd\u03b5\u03c1\u03b3\u03b5\u03af\u03b1, \u03b2\u03b9\u03bf\u03bc\u03b7\u03c7\u03b1\u03bd\u03b9\u03ba\u03ae \u03bc\u03bf\u03bd\u03ac\u03b4\u03b1 \u03c0\u03b1\u03c1\u03b1\u03b3\u03c9\u03b3\u03ae\u03c2 \u03c5\u03c8\u03b7\u03bb\u03bf\u03cd \u03b5\u03c0\u03b9\u03c0\u03ad\u03b4\u03bf\u03c5 \u03c0\u03c1\u03bf\u03ca\u03cc\u03bd\u03c4\u03c9\u03bd \u03bc\u03b5 \u0395\u03bb\u03bb\u03b7\u03bd\u03b9\u03ba\u03ac \u03bd\u03ae\u03bc\u03b1\u03c4\u03b1!!!\n\u0399\u03b4\u03b9\u03b1\u03af\u03c4\u03b5\u03c1\u03b1 \u03b3\u03b9\u03b1 \u03c4\u03bf\u03c5\u03c2 fan \u03c4\u03bf\u03c5 Industrial Style, \u03b5\u03af\u03bd\u03b1\u03b9 MUST!",
            "time": 1548333720
        },
        {
            "author_name": "\u0394\u03b7\u03bc\u03ae\u03c4\u03c1\u03b7\u03c2 \u039c\u03c0\u03b9\u03bc\u03c0\u03af\u03ba\u03b1\u03c2",
            "author_url": "https://www.google.com/maps/contrib/112960580421888661234/reviews",
            "language": "el",
            "profile_photo_url": "https://lh3.googleusercontent.com/-mA_o664Npc0/AAAAAAAAAAI/AAAAAAAACrM/5b08sedQ-iU/s128-c0x00000000-cc-rp-mo-ba3/photo.jpg",
            "rating": 5,
            "relative_time_description": "a year ago",
            "text": "\u039c\u03b9\u03b1 \u03b9\u03c3\u03c4\u03bf\u03c1\u03b9\u03ba\u03b7 \u03ba\u03b1\u03b9 \u03c0\u03b1\u03c1\u03b1\u03b4\u03bf\u03c3\u03b9\u03b1\u03ba\u03b7 \u03b2\u03b9\u03bf\u03c4\u03b5\u03c7\u03bd\u03b9\u03b1 \u03c3\u03c5\u03bd\u03b5\u03c7\u03b9\u03b6\u03b5\u03b9 \u03bd\u03b1 \u03bb\u03b5\u03b9\u03c4\u03bf\u03c5\u03c1\u03b3\u03b5\u03b9 \u03ba\u03b1\u03b9 \u03bd\u03b1 \u03c0\u03b1\u03c1\u03b1\u03b3\u03b5\u03b9 \u03c7\u03b1\u03c1\u03b7 \u03c3\u03c4\u03bf \u039c\u03bf\u03c5\u03c3\u03b5\u03b9\u03bf \u039c\u03c0\u03b5\u03bd\u03b1\u03ba\u03b7 . \u0391\u03be\u03b9\u03b6\u03b5\u03b9 \u03bd\u03b1 \u03c4\u03b7\u03bd \u03b5\u03c0\u03b9\u03c3\u03ba\u03b5\u03c6\u03c4\u03bf\u03c5\u03bc\u03b5 \u03ba\u03b1\u03b9 \u03bd\u03b1 \u03c4\u03b7\u03bd \u03c3\u03c4\u03b7\u03c1\u03b9\u03be\u03bf\u03c5\u03bc\u03b5.",
            "time": 1525834458
        },
        {
            "author_name": "\u0393\u0395\u03a9\u039c\u03a0\u03a1\u0395 \u03a6\u03a9\u03a4\u0395\u0399\u039d\u0397",
            "author_url": "https://www.google.com/maps/contrib/105142725404539966127/reviews",
            "language": "el",
            "profile_photo_url": "https://lh6.googleusercontent.com/-GYlzbUZU2vY/AAAAAAAAAAI/AAAAAAAAAEI/qGyA3n5YHXE/s128-c0x00000000-cc-rp-mo-ba5/photo.jpg",
            "rating": 4,
            "relative_time_description": "a year ago",
            "text": "\u039c\u03b9\u03ba\u03c1\u03cc\u03c2 \u03b2\u03b9\u03bf\u03c4\u03b5\u03c7\u03bd\u03b9\u03ba\u03cc\u03c2 \u03c7\u03ce\u03c1\u03bf\u03c2 (\u03c5\u03c6\u03b1\u03bd\u03c4\u03ae\u03c1\u03b9\u03bf) \u03bc\u03b5 \u03bc\u03b7\u03c7\u03b1\u03bd\u03b9\u03ba\u03cc \u03b5\u03be\u03bf\u03c0\u03bb\u03b9\u03c3\u03bc\u03cc \u03c4\u03b7\u03c2 \u03b4\u03b5\u03ba\u03b1\u03b5\u03c4\u03af\u03b1\u03c2 \u03c4\u03bf\u03c5 60 (\u03ba\u03b1\u03b9 \u03c0\u03b1\u03bb\u03b9\u03cc\u03c4\u03b5\u03c1\u03b1) \u03c3\u03b5 \u03bc\u03b5\u03c1\u03b9\u03ba\u03ae \u03bb\u03b5\u03b9\u03c4\u03bf\u03c5\u03c1\u03b3\u03af\u03b1. \u03a0\u03b1\u03c1\u03ac\u03b3\u03b5\u03b9 \u03c4\u03c1\u03ad\u03c3\u03b5\u03c2, \u03ba\u03bf\u03c1\u03b4\u03ad\u03bb\u03b5\u03c2, \u03ba\u03bf\u03c1\u03b4\u03cc\u03bd\u03b9\u03b1, \u03ba\u03c1\u03cc\u03c3\u03c3\u03b9\u03b1 \u03ba\u03bb\u03c0. \u03c5\u03c0\u03cc \u03c4\u03b7\u03bd \u03c3\u03ba\u03ad\u03c0\u03b7 \u03c4\u03bf\u03c5 \u039c\u03bf\u03c5\u03c3\u03b5\u03af\u03bf\u03c5 \u039c\u03c0\u03b5\u03bd\u03ac\u03ba\u03b7. \u0391\u03be\u03b9\u03cc\u03bb\u03bf\u03b3\u03b7 \u03c0\u03c1\u03bf\u03c3\u03c0\u03ac\u03b8\u03b5\u03b9\u03b1!!",
            "time": 1521967982
        }
    ],
	"type":"museum"
}

