{
    "id": "410046b19cd5bb4e6f996321fea6ff85aec6b7fb",
    "location": {
        "lat": 37.99143490000001,
        "lng": 23.7299098
    },
    "name": "Hellenic Motor Museum",
    "rating": 4.6,
    "reviews": [
        {
            "author_name": "Lil Gal",
            "author_url": "https://www.google.com/maps/contrib/105882934494268736736/reviews",
            "language": "en",
            "profile_photo_url": "https://lh3.googleusercontent.com/-bxQWyMQQsus/AAAAAAAAAAI/AAAAAAAAAAA/ACHi3rcCJ2AS9jORY_3cGiJNCN6YMwwaMQ/s128-c0x00000000-cc-rp-mo-ba3/photo.jpg",
            "rating": 4,
            "relative_time_description": "a month ago",
            "text": "If you re interested in cars that s the place for you. Easy access by means of transport, or by car. There s a parking lot which charges only 5 \u20ac.",
            "time": 1560712915
        },
        {
            "author_name": "The Rosa",
            "author_url": "https://www.google.com/maps/contrib/114733877058307356482/reviews",
            "language": "en",
            "profile_photo_url": "https://lh3.googleusercontent.com/-silLwnOpO9w/AAAAAAAAAAI/AAAAAAAAAAA/ACHi3rejyNWn9lvfgq6NygPBhSeTwwXXow/s128-c0x00000000-cc-rp-mo-ba3/photo.jpg",
            "rating": 5,
            "relative_time_description": "a month ago",
            "text": "Love it, they have wonderful classic cars,the information about each car was displayed clearly and it was quite empty so I took my time. If you love cars you need to go see it",
            "time": 1559560012
        },
        {
            "author_name": "Gregory Baser",
            "author_url": "https://www.google.com/maps/contrib/106515689305987026177/reviews",
            "language": "en",
            "profile_photo_url": "https://lh3.googleusercontent.com/-FX-jnqxxld8/AAAAAAAAAAI/AAAAAAAAHLk/VMC6KTZWQJI/s128-c0x00000000-cc-rp-mo-ba3/photo.jpg",
            "rating": 5,
            "relative_time_description": "2 months ago",
            "text": "The most diverse and interesting car collection I have seen. Ranging from the exotic to the seemingly ordinary. I cannot recommend this highly enough.",
            "time": 1558412541
        },
        {
            "author_name": "Nikos Kolokythas",
            "author_url": "https://www.google.com/maps/contrib/105822278586423327837/reviews",
            "language": "en",
            "profile_photo_url": "https://lh6.googleusercontent.com/-5nknpN_x4SY/AAAAAAAAAAI/AAAAAAAAAAA/ACHi3rce3UdJa_uuPMaF2xq3IcEqRTtnWg/s128-c0x00000000-cc-rp-mo-ba3/photo.jpg",
            "rating": 4,
            "relative_time_description": "6 months ago",
            "text": "Interesting private car museum.  120 mostly vintage and antique cars (very few contemporary) that are being rotated twice a year, to make you come back to check whats new.  The region in which its located, is not so safe to hang out after 6:00pm during winter time...",
            "time": 1548409788
        },
        {
            "author_name": "Wojciech Piestrzeniewicz",
            "author_url": "https://www.google.com/maps/contrib/105978616227794411810/reviews",
            "language": "en",
            "profile_photo_url": "https://lh6.googleusercontent.com/-jTHEUqXeeBw/AAAAAAAAAAI/AAAAAAAAAbc/tnQ1RoMbvC4/s128-c0x00000000-cc-rp-mo/photo.jpg",
            "rating": 5,
            "relative_time_description": "in the last week",
            "text": "Wow!!! Over 100 cars in a beautiful shape. Worth every eurocent :)",
            "time": 1563876783
        }
    ],
	"type":"museum"
}

