{
    "id": "5ed9a16b9d3bff275eedea704423e0f7892cb776",
    "location": {
        "lat": 37.98902289999999,
        "lng": 23.7327599
    },
    "name": "National Archaeological Museum",
    "rating": 4.6,
    "reviews": [
        {
            "author_name": "Desmond Cole",
            "author_url": "https://www.google.com/maps/contrib/102141828005672137821/reviews",
            "language": "en",
            "profile_photo_url": "https://lh5.googleusercontent.com/-MGo07f0iZDo/AAAAAAAAAAI/AAAAAAAAAAA/ACHi3rcWHpdQSY5Hv71mzXcdpUs17lDhFA/s128-c0x00000000-cc-rp-mo-ba5/photo.jpg",
            "rating": 5,
            "relative_time_description": "2 weeks ago",
            "text": "Possibly the finest collection of antiquities anywhere in the world. The museum is laid out very well in galleries for different time periods and object types. It is all interesting, so choose what you want to see carefully. The cafe is good with a courtyard garden and nice food. My favourites were the marble sculpture gallery where you can see the development of the art over centuries, the Minoan gallery opening a window on very early Greek culture. I loved the full size bronze horse with boy jockey sculpture - dramatic and thrilling in its details.",
            "time": 1562692681
        },
        {
            "author_name": "C\u0103t\u0103lin Sab\u0103u",
            "author_url": "https://www.google.com/maps/contrib/109365778748105819130/reviews",
            "language": "en",
            "profile_photo_url": "https://lh6.googleusercontent.com/-1y5iyHhWQBA/AAAAAAAAAAI/AAAAAAAAjms/v6kGmahV0to/s128-c0x00000000-cc-rp-mo-ba3/photo.jpg",
            "rating": 4,
            "relative_time_description": "in the last week",
            "text": "Has a lot of interesting exhibits, especially the 'Hadrian' one they have this summer that's quite spectacular. Would rather have more stuff on Ancient Egypt, as it was really interesting to see. Could also benefit for a better made floor map that would help tourists. The personnel was helpful and insightful.",
            "time": 1563879995
        },
        {
            "author_name": "Tess S",
            "author_url": "https://www.google.com/maps/contrib/105186208677658585715/reviews",
            "language": "en",
            "profile_photo_url": "https://lh4.googleusercontent.com/-sEMaBX8SgHg/AAAAAAAAAAI/AAAAAAAAAAA/ACHi3rd0t-7mZ1I24OngeeuG2MaI3nTDkw/s128-c0x00000000-cc-rp-mo-ba4/photo.jpg",
            "rating": 5,
            "relative_time_description": "a month ago",
            "text": "Awesome museum. A must place to visit. Amazing collection of ancient artifacts & sculptures. It was around 10 euros to get in. If you aren\u2019t in a hurry you can spend around 2-3 hours inside probably. There is a garden coffee cafe downstairs. Probably worth the try. It could have been better if the museum provided maps or audio tour if you were doing it on your own. Nevertheless, a good experience.",
            "time": 1560146392
        },
        {
            "author_name": "Ioannis Paisis",
            "author_url": "https://www.google.com/maps/contrib/100798324337210552131/reviews",
            "language": "en",
            "profile_photo_url": "https://lh4.googleusercontent.com/-Xb5y38oIXYY/AAAAAAAAAAI/AAAAAAAAAOA/WLYG0kXYShA/s128-c0x00000000-cc-rp-mo-ba6/photo.jpg",
            "rating": 5,
            "relative_time_description": "a week ago",
            "text": "The most important archaeological museum in the world. Thousands years of history in one building.\nYou can find a cozy self service cafe with a small garden on the ground floor.\nThe museum shop deserves a visit even if do not want to buy something.",
            "time": 1563032762
        },
        {
            "author_name": "Oleg Kirichuk",
            "author_url": "https://www.google.com/maps/contrib/103244511296577788491/reviews",
            "language": "en",
            "profile_photo_url": "https://lh4.googleusercontent.com/-bBtyCw-J18k/AAAAAAAAAAI/AAAAAAAAKS0/2OrJwncBVj8/s128-c0x00000000-cc-rp-mo-ba4/photo.jpg",
            "rating": 5,
            "relative_time_description": "a month ago",
            "text": "One of the best museums I have ever been to. The exhibition covers all the periods of ancient Greece's history and features some of the most well-known artifacts. One of the most attracting features is that the museum's collection consists from artifacts from all over the Greece and neighboring countries (not only from Attica as in other Athens' museums). This museum is definitely worth EUR 10 for entrance ticket. To briefly visit all the exhibition halls you will need 2-3 hours.",
            "time": 1560768576
        }
    ],
	"type":"museum"
}

