{
    "id": "8717c96a4dee1971a134a2d10f8b122d818ede4e",
    "location": {
        "lat": 37.9777123,
        "lng": 23.7328589
    },
    "name": "National Historical Museum",
    "rating": 4.6,
    "reviews": [
        {
            "author_name": "Ioannis Paisis",
            "author_url": "https://www.google.com/maps/contrib/100798324337210552131/reviews",
            "language": "en",
            "profile_photo_url": "https://lh4.googleusercontent.com/-Xb5y38oIXYY/AAAAAAAAAAI/AAAAAAAAAOA/WLYG0kXYShA/s128-c0x00000000-cc-rp-mo-ba6/photo.jpg",
            "rating": 5,
            "relative_time_description": "a month ago",
            "text": "A great museum of the modern history of Greece. The building was housed the old parliament. There are historical items from Second World War, the Greek Revolution etc. There are free guided tour the first Sunday of every month.\n\nFree entry every Sunday.",
            "time": 1560074221
        },
        {
            "author_name": "Choo Ruizhi",
            "author_url": "https://www.google.com/maps/contrib/111403450553741389522/reviews",
            "language": "en",
            "profile_photo_url": "https://lh3.googleusercontent.com/-Rr_4c4sQiP8/AAAAAAAAAAI/AAAAAAAAHjQ/yUwW4vZQRks/s128-c0x00000000-cc-rp-mo-ba2/photo.jpg",
            "rating": 4,
            "relative_time_description": "2 months ago",
            "text": "Unexpectedly instructive and interesting. This was a lovely place to visit! Very quaint. English language explanations of exhibits made this a meaningful visit.",
            "time": 1558795984
        },
        {
            "author_name": "Gihad wazwaz",
            "author_url": "https://www.google.com/maps/contrib/107156257133709204933/reviews",
            "language": "en",
            "profile_photo_url": "https://lh5.googleusercontent.com/-DwsVYMdmmi0/AAAAAAAAAAI/AAAAAAAAACs/dZE1wC3LnzI/s128-c0x00000000-cc-rp-mo-ba2/photo.jpg",
            "rating": 5,
            "relative_time_description": "4 months ago",
            "text": "This museum was great. I was here for a summer program and stopped by. It was great. Very informative, interesting exhibits about Greece and stuff. Interesting to see the old congress area. The artwork was neat and the place really made an impact on me.",
            "time": 1551768870
        },
        {
            "author_name": "Sheila Alderson",
            "author_url": "https://www.google.com/maps/contrib/105407760567113836416/reviews",
            "language": "en",
            "profile_photo_url": "https://lh3.googleusercontent.com/-fTVA_M2KuIU/AAAAAAAAAAI/AAAAAAAAAAA/ACHi3rcGI7RIFffXCdMdOkzifb954fjAKA/s128-c0x00000000-cc-rp-mo-ba2/photo.jpg",
            "rating": 2,
            "relative_time_description": "a month ago",
            "text": "Old fashioned. Gave limited understanding of modern history. Majored on military  and ethnographic artefacts.",
            "time": 1559127009
        },
        {
            "author_name": "eagle mars",
            "author_url": "https://www.google.com/maps/contrib/102797630635228844719/reviews",
            "language": "en",
            "profile_photo_url": "https://lh6.googleusercontent.com/-1OJOfHop7Gw/AAAAAAAAAAI/AAAAAAAAAAA/ACHi3reLJeRPo6tYZiimwEl-3fswroQsRg/s128-c0x00000000-cc-rp-mo-ba4/photo.jpg",
            "rating": 3,
            "relative_time_description": "6 months ago",
            "text": "Not friendly to non Greek due to the lack of guidance and proper text explanations. If you are Greek and well educated in terms of modern greek history then it works. But overall it is old style museum. In any case, with only 3 euros of entry fee, it is worth visiting.",
            "time": 1548182702
        }
    ],
	"type":"museum"
}

