{
    "id": "5d541422b455e77172ae7ec122cb2f8954d182ae",
    "location": {
        "lat": 37.9744696,
        "lng": 23.727488
    },
    "name": "Museum of Greek Popular Musical Instruments",
    "rating": 4.4,
    "reviews": [
        {
            "author_name": "Ian Rogers",
            "author_url": "https://www.google.com/maps/contrib/113401981683037805376/reviews",
            "language": "en",
            "profile_photo_url": "https://lh6.googleusercontent.com/-Isne7yFJIC4/AAAAAAAAAAI/AAAAAAAACe4/9XLb6U9gmrw/s128-c0x00000000-cc-rp-mo-ba4/photo.jpg",
            "rating": 5,
            "relative_time_description": "2 weeks ago",
            "text": "This very small museum is free, and great. Three floors of traditional Greek instruments, with information in Greek and english. There are some videos of people playing music, and headphones you can put on to listen to traditional music. Beautiful handmade instruments. About an hour or an hour and a half to see and really digest everything.",
            "time": 1563082604
        },
        {
            "author_name": "Isabel Villota",
            "author_url": "https://www.google.com/maps/contrib/107733469694758988727/reviews",
            "language": "en",
            "profile_photo_url": "https://lh3.googleusercontent.com/-vyhMI77C8oQ/AAAAAAAAAAI/AAAAAAAAAAA/ACHi3rcHgxyHT25qjstRZnOj_kZQIrHjSw/s128-c0x00000000-cc-rp-mo-ba4/photo.jpg",
            "rating": 4,
            "relative_time_description": "3 months ago",
            "text": "As a musician, I found the museum quite interesting, with many well-preserved traditional instruments and good explanations. However, several of the headphones to listen to examples were missing. Also, it's small, you can go through it quite thoroughly and it doesn't take too long.",
            "time": 1555960340
        },
        {
            "author_name": "Isabel Mut",
            "author_url": "https://www.google.com/maps/contrib/109806965347138977800/reviews",
            "language": "en",
            "profile_photo_url": "https://lh5.googleusercontent.com/-oKgewvTrt2k/AAAAAAAAAAI/AAAAAAAAAwI/QIRihCWPdAc/s128-c0x00000000-cc-rp-mo-ba3/photo.jpg",
            "rating": 5,
            "relative_time_description": "2 months ago",
            "text": "A small but delightful spot to drop by if you are around. It is free, too.",
            "time": 1558886107
        },
        {
            "author_name": "Ian Oestreich",
            "author_url": "https://www.google.com/maps/contrib/100766557849866493789/reviews",
            "language": "en",
            "profile_photo_url": "https://lh6.googleusercontent.com/-BkT1pb-nE-4/AAAAAAAAAAI/AAAAAAAAAtw/LtyTa2WX3rI/s128-c0x00000000-cc-rp-mo-ba4/photo.jpg",
            "rating": 5,
            "relative_time_description": "8 months ago",
            "text": "Free, concise, and well laid out. The museum isn't very large, but they do a good job of presenting a lot of historical instrument usage. More instruments than description (but everything is labeled). Also a nice bathroom.",
            "time": 1543406049
        },
        {
            "author_name": "Lisa Lansing",
            "author_url": "https://www.google.com/maps/contrib/101102055117555396295/reviews",
            "language": "en",
            "profile_photo_url": "https://lh6.googleusercontent.com/-Qtu8y_tBXSY/AAAAAAAAAAI/AAAAAAAAAew/xjYlge1KveE/s128-c0x00000000-cc-rp-mo/photo.jpg",
            "rating": 3,
            "relative_time_description": "5 months ago",
            "text": "The opening hours on Google are incorrect. The museum is closed on Tuesdays. It's open Monday, Wednesday to Sunday from 8:30-15:30. I wasn't able to visit the museum but wanted to let others know the correct opening hours.",
            "time": 1550576643
        }
    ],
	"type":"museum"
}

