{
    "id": "d14417a9f92d0a6c4cfdd726e7a4acadf7bf3c9a",
    "location": {
        "lat": 37.9750777,
        "lng": 23.7222972
    },
    "name": "Monument of the Eponymous Heroes",
    "rating": 4.8,
    "reviews": [
        {
            "author_name": "Jan Torfs",
            "author_url": "https://www.google.com/maps/contrib/106192882422818687070/reviews",
            "language": "en",
            "profile_photo_url": "https://lh5.googleusercontent.com/-4bcrvtkp-fk/AAAAAAAAAAI/AAAAAAAAw5Y/H3AJD4L5UZI/s128-c0x00000000-cc-rp-mo-ba8/photo.jpg",
            "rating": 5,
            "relative_time_description": "9 months ago",
            "text": "Not much left of this monument with great historical value because of th\u00e9 story behind it . I learned that around 500 years before Christ Kleisthenes created  th\u00e9 democracy and assigned all Athenians to 10 newly-formed tribes. Each tribe got a specific name and citizenship depended on membership in a tribe. This tribal system was th\u00e9 foundation on which the Athenian democracy was built. Each tribe was represented in this monument by a bronzen statue of one of these Eponymol Heroes , totally 10. Extremely  interesting but unfortunately only some pieces of th\u00e9 surrounding fence survived along with some blocks from th\u00e9 original monument base. Very pity but surely worth while visiting when you learn about th\u00e9 history behind.",
            "time": 1539636362
        },
        {
            "author_name": "Massimiliano Nicola Cucinota",
            "author_url": "https://www.google.com/maps/contrib/103045580516761855621/reviews",
            "language": "it",
            "profile_photo_url": "https://lh6.googleusercontent.com/-xvMviK_LvYU/AAAAAAAAAAI/AAAAAAAAAAA/ACHi3rfllwfJ5pMUSGtzHRPG6MeX-BZ-CA/s128-c0x00000000-cc-rp-mo-ba4/photo.jpg",
            "rating": 5,
            "relative_time_description": "3 weeks ago",
            "text": "Rovine sempre dal fascino incredibile",
            "time": 1563128504
        },
        {
            "author_name": "Victor Allende",
            "author_url": "https://www.google.com/maps/contrib/114710569055214039825/reviews",
            "language": "es",
            "profile_photo_url": "https://lh6.googleusercontent.com/-R0dYQsvQMSg/AAAAAAAAAAI/AAAAAAAAHQM/zDiPsq5Sh7U/s128-c0x00000000-cc-rp-mo-ba3/photo.jpg",
            "rating": 5,
            "relative_time_description": "3 months ago",
            "text": "Muy agradecido y bell\u00edsima zona",
            "time": 1555543543
        },
        {
            "author_name": "EIRHNH XRONOPOYLOY",
            "author_url": "https://www.google.com/maps/contrib/104482124574927909291/reviews",
            "language": "el",
            "profile_photo_url": "https://lh5.googleusercontent.com/-tILD0-9le8o/AAAAAAAAAAI/AAAAAAAAAFY/eTV3budS4Zs/s128-c0x00000000-cc-rp-mo-ba4/photo.jpg",
            "rating": 5,
            "relative_time_description": "6 months ago",
            "text": "\u03a0\u03bf\u03bb\u03cd \u03cc\u03bc\u03bf\u03c1\u03c6\u03b1!!!",
            "time": 1547410121
        },
        {
            "author_name": "\u039d\u03af\u03ba\u03bf\u03c2 \u03a0\u03b1\u03c0\u03b1\u03b4\u03cc\u03c0\u03bf\u03c5\u03bb\u03bf\u03c2",
            "author_url": "https://www.google.com/maps/contrib/113188579033859311568/reviews",
            "language": "el",
            "profile_photo_url": "https://lh6.googleusercontent.com/-aBwWl2GSncc/AAAAAAAAAAI/AAAAAAAAAAc/4ZearK8BS4A/s128-c0x00000000-cc-rp-mo-ba2/photo.jpg",
            "rating": 5,
            "relative_time_description": "5 months ago",
            "text": "\u03bf\u03ba",
            "time": 1552175895
        }
    ],
    "type": "point_of_interest"
}