{
    "id": "b9ea4b8c014e09d3844ca315864e487c6f14b0f2",
    "location": {
        "lat": 37.9809265,
        "lng": 23.7125117
    },
    "name": "The Greek Film Archive Foundation",
    "rating": 4.5,
    "reviews": [
        {
            "author_name": "Dionysis Mitropoulos",
            "author_url": "https://www.google.com/maps/contrib/111029920249451413304/reviews",
            "language": "en",
            "profile_photo_url": "https://lh3.googleusercontent.com/-1S6koCijvYw/AAAAAAAAAAI/AAAAAAAAAPQ/e1VlT_ubvJM/s128-c0x00000000-cc-rp-mo/photo.jpg",
            "rating": 5,
            "relative_time_description": "3 months ago",
            "text": "Nice place for true lovers of cinema",
            "time": 1554369639
        },
        {
            "author_name": "Eleni Stefanou",
            "author_url": "https://www.google.com/maps/contrib/101866496027367426354/reviews",
            "language": "en",
            "profile_photo_url": "https://lh6.googleusercontent.com/-poiw1t9s0_g/AAAAAAAAAAI/AAAAAAAAAOQ/9NlmkVY401s/s128-c0x00000000-cc-rp-mo-ba4/photo.jpg",
            "rating": 5,
            "relative_time_description": "9 months ago",
            "text": "Wonderful independent cinema in the heart of Athens. Festivals, retrospectives, hard-to-find movies, economic ticket prices and a very pleasant space for cinema lovers!",
            "time": 1540661374
        },
        {
            "author_name": "Adrian Turrell-Watts",
            "author_url": "https://www.google.com/maps/contrib/108941519675558020749/reviews",
            "language": "en",
            "profile_photo_url": "https://lh6.googleusercontent.com/-jODgLHfJdQ8/AAAAAAAAAAI/AAAAAAAAAD4/Aby6dPAprT4/s128-c0x00000000-cc-rp-mo-ba2/photo.jpg",
            "rating": 5,
            "relative_time_description": "3 months ago",
            "text": "Great space!",
            "time": 1555259228
        },
        {
            "author_name": "Iason Marmaras",
            "author_url": "https://www.google.com/maps/contrib/114431242693086066341/reviews",
            "language": "en",
            "profile_photo_url": "https://lh3.googleusercontent.com/-yteZ3bswhr4/AAAAAAAAAAI/AAAAAAAADt4/ZM9NdW2q9O0/s128-c0x00000000-cc-rp-mo-ba2/photo.jpg",
            "rating": 5,
            "relative_time_description": "a year ago",
            "text": "A beautiful old-fashioned yet cosy movie theatre which plays quality cinema. Absolutely recommended, also for its occasional pre-showing lectures and presentations.",
            "time": 1518262987
        },
        {
            "author_name": "George Antonopoulos",
            "author_url": "https://www.google.com/maps/contrib/103215779607819611065/reviews",
            "language": "en",
            "profile_photo_url": "https://lh4.googleusercontent.com/-3QftwD2jeYM/AAAAAAAAAAI/AAAAAAAACis/hDBhbJl3g8E/s128-c0x00000000-cc-rp-mo-ba4/photo.jpg",
            "rating": 5,
            "relative_time_description": "a year ago",
            "text": "Excellent choice for rare movies",
            "time": 1523002784
        }
    ],
	"type":"museum"
}

