{
    "id": "3d8278dddf31323796794da90d5e92d9824f7109",
    "location": {
        "lat": 37.9717302,
        "lng": 23.7208481
    },
    "name": "Sanctuary of Pan \u0399\u03b5\u03c1\u03cc \u03a0\u03b1\u03bd\u03cc\u03c2",
    "rating": 4,
    "reviews": [
        {
            "author_name": "Scorpion Scorpion",
            "author_url": "https://www.google.com/maps/contrib/111588954702222682890/reviews",
            "profile_photo_url": "https://lh3.googleusercontent.com/-KXyTlichrE4/AAAAAAAAAAI/AAAAAAAAAIk/Z7opbnfPduQ/s128-c0x00000000-cc-rp-mo-ba6/photo.jpg",
            "rating": 4,
            "relative_time_description": "11 months ago",
            "text": "",
            "time": 1535700593
        }
    ],
	"type":"museum"
}

