{
    "id": "8b97704030a6fff98af20b3df24067fb3741b575",
    "location": {
        "lat": 37.9778465,
        "lng": 23.7354381
    },
    "name": "Numismatic Museum of Athens",
    "rating": 4.5,
    "reviews": [
        {
            "author_name": "J M",
            "author_url": "https://www.google.com/maps/contrib/104045444880005795392/reviews",
            "language": "en",
            "profile_photo_url": "https://lh5.googleusercontent.com/-nQUImucOlyM/AAAAAAAAAAI/AAAAAAAABSA/Ecxcy95tQ_U/s128-c0x00000000-cc-rp-mo-ba4/photo.jpg",
            "rating": 4,
            "relative_time_description": "a month ago",
            "text": "We got tips from a local tour guide. \nWe actually didn't go inside the museum but we had a nice coffee break in the garden, a cup of nice coffee, plus a piece of lemon cheese cake... Sitting under the shade in the beautiful garden after long walk in the heat, it's just lovely...",
            "time": 1560327779
        },
        {
            "author_name": "Lukas Ulicny",
            "author_url": "https://www.google.com/maps/contrib/104752507771926111017/reviews",
            "language": "en",
            "profile_photo_url": "https://lh5.googleusercontent.com/-7bNj5xpDJHg/AAAAAAAAAAI/AAAAAAAAAAA/ACHi3rcMyb5peJtM_cDlIKG9QHtRmh1FAA/s128-c0x00000000-cc-rp-mo-ba2/photo.jpg",
            "rating": 5,
            "relative_time_description": "2 months ago",
            "text": "Breathtaking place. Exposition is housed in the beautiful building, which is a piece of art on its own. Amazing display of coins with good descriptions in Greek and English. Definitely a must see, even if you are not into numismatics.",
            "time": 1558169927
        },
        {
            "author_name": "Anna Koutli",
            "author_url": "https://www.google.com/maps/contrib/102429489468167015951/reviews",
            "language": "en",
            "profile_photo_url": "https://lh3.googleusercontent.com/-lp-jWyynlYU/AAAAAAAAAAI/AAAAAAAABgY/83VNgcX_LUo/s128-c0x00000000-cc-rp-mo-ba3/photo.jpg",
            "rating": 4,
            "relative_time_description": "3 months ago",
            "text": "It's kind of a small garden in the middle of Athens which is interesting. It has a good salmon salad \ud83e\udd57 and nice beers \ud83c\udf7a. The garden has interesting scenery with plants and statues and many spots with shadow really helpful in the summer time. On the down side some days it has a funny smell...",
            "time": 1554740707
        },
        {
            "author_name": "Ioannis Paisis",
            "author_url": "https://www.google.com/maps/contrib/100798324337210552131/reviews",
            "language": "en",
            "profile_photo_url": "https://lh4.googleusercontent.com/-Xb5y38oIXYY/AAAAAAAAAAI/AAAAAAAAAOA/WLYG0kXYShA/s128-c0x00000000-cc-rp-mo-ba6/photo.jpg",
            "rating": 5,
            "relative_time_description": "a week ago",
            "text": "It was the home of archaeologist Schlieman but nowadays it houses one of the most important coins collection in the world. The building is magnificent and you can see very rare ancient coins. Definitely worth a visit especially with a tour guide to learn many details about the building and the exhibits (more than 600000 objects from 14th century BC until modern times).",
            "time": 1563084589
        },
        {
            "author_name": "Georgios Karyotis",
            "author_url": "https://www.google.com/maps/contrib/111818595876761755239/reviews",
            "language": "en",
            "profile_photo_url": "https://lh6.googleusercontent.com/-6MYgSEhQ-OE/AAAAAAAAAAI/AAAAAAAAAAA/ACHi3rcWm2gEcu2ycJbRh4MTsazxG9llTQ/s128-c0x00000000-cc-rp-mo/photo.jpg",
            "rating": 4,
            "relative_time_description": "2 months ago",
            "text": "Great place and interesting but some collections are closed.\nThe coin collection is interesting and it spans many centuries, but only the first floor is open, the second is closed thus you can not enjoy all the collections. I visited May 2019.",
            "time": 1558693486
        }
    ],
	"type":"museum"
}

