{
    "id": "e1dd24c86826a73ad772dc779ca8078d03392d9c",
    "location": {
        "lat": 37.9661666,
        "lng": 23.7229121
    },
    "name": "Emotions Museum for children & teenagers",
    "rating": 4.6,
    "reviews": [
        {
            "author_name": "Sarah Gordon",
            "author_url": "https://www.google.com/maps/contrib/104857230276669352242/reviews",
            "language": "en",
            "profile_photo_url": "https://lh5.googleusercontent.com/-aLkgPXQsdkI/AAAAAAAAAAI/AAAAAAAATis/ZD-cvrq3pSc/s128-c0x00000000-cc-rp-mo-ba3/photo.jpg",
            "rating": 5,
            "relative_time_description": "2 months ago",
            "text": "Thoughtfully designed museum to help kids (and adults!) reflect on anger, emotions, and coping strategies. English translations throughout. At present, open to foreigners at the weekend only, check website for details.",
            "time": 1558819466
        },
        {
            "author_name": "Oddy Energy",
            "author_url": "https://www.google.com/maps/contrib/108900190417254853042/reviews",
            "language": "en",
            "profile_photo_url": "https://lh6.googleusercontent.com/-ZfOuoYhTk8M/AAAAAAAAAAI/AAAAAAAAANI/IvxSn7dN6v0/s128-c0x00000000-cc-rp-mo-ba3/photo.jpg",
            "rating": 5,
            "relative_time_description": "a year ago",
            "text": "Yes...",
            "time": 1512652707
        },
        {
            "author_name": "B\u0142a\u017cej Wajszczuk",
            "author_url": "https://www.google.com/maps/contrib/107426293521343051559/reviews",
            "language": "pl",
            "profile_photo_url": "https://lh5.googleusercontent.com/-XPi60ZSl17E/AAAAAAAAAAI/AAAAAAAAAAA/ACHi3regvwWogpLFTYSVARPcEXAEwaXDwg/s128-c0x00000000-cc-rp-mo/photo.jpg",
            "rating": 5,
            "relative_time_description": "a month ago",
            "text": "Fajne miejsce. Mieli\u015bmy by\u0107 chwil\u0119, a wysz\u0142y prawie 2h. Wa\u017cny przekaz w weso\u0142y i kolorowy spos\u00f3b. Warto.",
            "time": 1561284776
        },
        {
            "author_name": "\u03a3\u03b5\u03c1\u03b1\u03c6\u03b5\u03b9\u03bc \u0391\u03b3\u03c1\u03b1\u03c6\u03b9\u03c9\u03c4\u03b7\u03c2",
            "author_url": "https://www.google.com/maps/contrib/116281336848602393127/reviews",
            "language": "el",
            "profile_photo_url": "https://lh3.googleusercontent.com/-OmfzbGi1twg/AAAAAAAAAAI/AAAAAAAAAAA/ACHi3rccQMe5TyFcHEEpb4bdKe9JbiXZwQ/s128-c0x00000000-cc-rp-mo/photo.jpg",
            "rating": 5,
            "relative_time_description": "4 months ago",
            "text": "\u03a0\u03c1\u03b9\u03bd \u03c4\u03b7\u03bd \u03b5\u03c0\u03af\u03c3\u03ba\u03b5\u03c8\u03b7 \u03bc\u03bf\u03c5 \u03b4\u03b9\u03ac\u03b2\u03b1\u03c3\u03b1 \u03ba\u03ac\u03c0\u03bf\u03b9\u03b5\u03c2 \u03c0\u03b5\u03c1\u03af\u03b5\u03c1\u03b3\u03b5\u03c2 \u03ba\u03c1\u03b9\u03c4\u03b9\u03ba\u03ad\u03c2 \u03ba\u03b1\u03b9 \u03bc\u03b5\u03c4\u03ac \u03c4\u03b7\u03bd \u03b5\u03c0\u03af\u03c3\u03ba\u03b5\u03c8\u03b7 \u03bc\u03bf\u03c5 \u03b1\u03c0\u03bb\u03ac \u03b4\u03b9\u03b1\u03c0\u03af\u03c3\u03c4\u03c9\u03c3\u03b1 \u03cc\u03c4\u03b9 \u03bf\u03c6\u03b5\u03af\u03bb\u03bf\u03bd\u03c4\u03b1\u03b9 \u03c3\u03c4\u03b7\u03bd \"\u03b5\u03bb\u03bb\u03b7\u03bd\u03b9\u03ba\u03ae\" \u03bd\u03bf\u03bf\u03c4\u03c1\u03bf\u03c0\u03af\u03b1. \n\u03a0\u03c1\u03b1\u03b3\u03bc\u03b1\u03c4\u03b9\u03ba\u03ac \u03c0\u03ad\u03c1\u03b1\u03c3\u03b1 \u03bc\u03b5 \u03c4\u03bf\u03bd \u03b3\u03b9\u03bf \u03bc\u03bf\u03c5 \u03b4\u03cd\u03bf \u03ba\u03b1\u03b9 \u03c0\u03bb\u03ad\u03bf\u03bd \u03ce\u03c1\u03b5\u03c2 \u03c4\u03bf\u03c5\u03bb\u03ac\u03c7\u03b9\u03c3\u03c4\u03bf\u03bd \u03c8\u03c5\u03c7\u03bf\u03b8\u03b5\u03c1\u03b1\u03c0\u03b5\u03c5\u03c4\u03b9\u03ba\u03ad\u03c2. \u0394\u03b5\u03bd \u03be\u03ad\u03c1\u03c9 \u03b1\u03bd \u03ba\u03ac\u03c0\u03bf\u03b9\u03bf\u03b9 \u03c4\u03bf \u03b5\u03c0\u03b9\u03c3\u03ba\u03ad\u03c0\u03c4\u03bf\u03bd\u03c4\u03b1\u03b9 \u03b3\u03b9\u03b1 \u03bd\u03b1 \u03c0\u03ac\u03bd\u03b5 \u03c3\u03b5 \u03ad\u03bd\u03b1 \u03c0\u03b1\u03b9\u03b4\u03b9\u03ba\u03cc \u03bc\u03bf\u03c5\u03c3\u03b5\u03af\u03bf. \u0394\u03b5\u03bd \u03ad\u03c7\u03b5\u03b9 \u03b1\u03c5\u03c4\u03ae \u03c4\u03b7\u03bd \u03ba\u03bb\u03b1\u03c3\u03b9\u03ba\u03ae \u03ad\u03bd\u03bd\u03bf\u03b9\u03b1. \u0391\u03be\u03af\u03b6\u03b5\u03b9 \u03c0\u03c1\u03b1\u03b3\u03bc\u03b1\u03c4\u03b9\u03ba\u03ac \u03bd\u03b1 \u03b1\u03c6\u03b9\u03b5\u03c1\u03ce\u03c3\u03b5\u03c4\u03b5 \u03c7\u03c1\u03cc\u03bd\u03bf \u03bc\u03b5 \u03c4\u03b1 \u03c0\u03b1\u03b9\u03b4\u03b9\u03ac \u03c3\u03b1\u03c2. \u039d\u03b1 \u03ba\u03b1\u03bb\u03cd\u03c8\u03b5\u03c4\u03b5 \u03ba\u03b1\u03b9 \u03b4\u03b9\u03ba\u03ac \u03c3\u03b1\u03c2 \u03ba\u03b5\u03bd\u03ac. \u0391\u03be\u03af\u03b6\u03b5\u03b9 \u03ba\u03b1\u03b9 \u03b7 \u03c3\u03c5\u03bc\u03bc\u03b5\u03c4\u03bf\u03c7\u03ae \u03c3\u03c4\u03bf \u03b5\u03c1\u03b3\u03b1\u03c3\u03c4\u03ae\u03c1\u03b9\u03bf. \u039f \u03b3\u03b9\u03bf\u03c2 \u03bc\u03bf\u03c5 \u03c0\u03ad\u03c1\u03b1\u03c3\u03b5 \u03bf\u03c5\u03c3\u03b9\u03b1\u03c3\u03c4\u03b9\u03ba\u03ac \u03ba\u03b1\u03bb\u03ac \u03ba\u03b1\u03b9 \u03b1\u03b9\u03c3\u03b8\u03ac\u03bd\u03bf\u03bc\u03b1\u03b9 \u03cc\u03c4\u03b9 \u03c0\u03ae\u03c1\u03b5 \u03ba\u03ac\u03c4\u03b9. \u038c\u03c0\u03bf\u03b9\u03bf\u03c2 \u03b8\u03ad\u03bb\u03b5\u03b9 \u03bd\u03b1 \u03c0\u03b1\u03c1\u03ba\u03ac\u03c1\u03b5\u03b9 \u03c4\u03b1 \u03c0\u03b1\u03b9\u03b4\u03b9\u03ac \u03c4\u03bf\u03c5 \u03b1\u03c2 \u03bc\u03b7\u03bd \u03c0\u03ac\u03b5\u03b9. \u0394\u03b5\u03bd \u03b5\u03af\u03bd\u03b1\u03b9 \u03b4\u03b9\u03ae\u03b3\u03b7\u03c3\u03b7 \u03c0\u03b1\u03c1\u03b1\u03bc\u03c5\u03b8\u03b9\u03bf\u03cd \u03c4\u03bf \u03b5\u03c1\u03b3\u03b1\u03c3\u03c4\u03ae\u03c1\u03b9. \u0395\u03af\u03bd\u03b1\u03b9 \u03bc\u03b9\u03b1 \u03ba\u03b1\u03b9 \u03bc\u03bf\u03bd\u03b1\u03b4\u03b9\u03ba\u03ae \u03b9\u03c3\u03c4\u03bf\u03c1\u03af\u03b1 \u03c0\u03bf\u03c5 \u03ad\u03c6\u03c4\u03b9\u03b1\u03be\u03b5 \u03b7 \u03bf\u03bc\u03ac\u03b4\u03b1 \u03c0\u03bf\u03c5 \u03ae\u03bc\u03b1\u03c3\u03c4\u03b1\u03bd \u03c4\u03b7\u03bd \u03c3\u03c5\u03b3\u03ba\u03b5\u03ba\u03c1\u03b9\u03bc\u03ad\u03bd\u03b7 \u03bc\u03ad\u03c1\u03b1. \u03a4\u03bf \u03c3\u03c5\u03c3\u03c4\u03ae\u03bd\u03c9 \u03b1\u03bd\u03b5\u03c0\u03b9\u03c6\u03cd\u03bb\u03b1\u03ba\u03c4\u03b1.",
            "time": 1551850579
        },
        {
            "author_name": "Foteini Miliou",
            "author_url": "https://www.google.com/maps/contrib/113839995926413184612/reviews",
            "language": "el",
            "profile_photo_url": "https://lh6.googleusercontent.com/-dxVwgsjlLcw/AAAAAAAAAAI/AAAAAAAAAAA/ACHi3rfoiGA9IbnXAnFTGKY__y60iiAmkw/s128-c0x00000000-cc-rp-mo/photo.jpg",
            "rating": 5,
            "relative_time_description": "5 months ago",
            "text": "\u03a0\u03b1\u03c1\u03b1\u03ba\u03bf\u03bb\u03bf\u03cd\u03b8\u03b7\u03c3\u03b1 \u03c0\u03c1\u03b9\u03bd \u03bb\u03af\u03b3\u03bf \u03ba\u03b1\u03b9\u03c1\u03cc \u03c4\u03bf \u03b5\u03c0\u03b9\u03bc\u03bf\u03c1\u03c6\u03c9\u03c4\u03b9\u03ba\u03cc \u03c3\u03b5\u03bc\u03b9\u03bd\u03ac\u03c1\u03b9\u03bf \u03bc\u03b5 \u03b8\u03ad\u03bc\u03b1 \"\u0395\u03be\u03b5\u03c1\u03b5\u03c5\u03bd\u03ce\u03bd\u03c4\u03b1\u03c2 \u03c4\u03bf \u03c3\u03c5\u03bd\u03b1\u03af\u03c3\u03b8\u03b7\u03bc\u03b1 \u03c4\u03bf\u03c5 \u0398\u03c5\u03bc\u03bf\u03cd\"! \u0388\u03bc\u03b5\u03b9\u03bd\u03b1 \u03c0\u03bf\u03bb\u03cd \u03b5\u03c5\u03c7\u03b1\u03c1\u03b9\u03c3\u03c4\u03b7\u03bc\u03ad\u03bd\u03b7, \u03c4\u03bf \u03c0\u03c1\u03bf\u03c3\u03c9\u03c0\u03b9\u03ba\u03cc \u03ae\u03c4\u03b1\u03bd \u03c0\u03bf\u03bb\u03cd \u03b5\u03c5\u03b3\u03b5\u03bd\u03b9\u03ba\u03cc \u03ba\u03b1\u03b9 \u03bf \u03c7\u03ce\u03c1\u03bf\u03c2 \u03c4\u03b7\u03c2 \u03ad\u03ba\u03b8\u03b5\u03c3\u03b7\u03c2 \u03cc\u03c0\u03bf\u03c5 \u03c0\u03c1\u03b1\u03b3\u03bc\u03b1\u03c4\u03bf\u03c0\u03bf\u03b9\u03ae\u03b8\u03b7\u03ba\u03b5 \u03c4\u03bf \u03c3\u03b5\u03bc\u03b9\u03bd\u03ac\u03c1\u03b9\u03bf \u03ba\u03b1\u03c4\u03ac\u03bb\u03bb\u03b7\u03bb\u03bf\u03c2 \u03b3\u03b9\u03b1 \u03bc\u03b9\u03b1 \u03b5\u03c5\u03c7\u03ac\u03c1\u03b9\u03c3\u03c4\u03b7 \u03b2\u03b9\u03c9\u03bc\u03b1\u03c4\u03b9\u03ba\u03ae \u03b5\u03bc\u03c0\u03b5\u03b9\u03c1\u03b9\u03b1! \u0398\u03b1 \u03c4\u03bf \u03c3\u03cd\u03c3\u03c4\u03b7\u03bd\u03b1 \u03c3\u03b5 \u03b3\u03bf\u03bd\u03b5\u03af\u03c2 \u03c0\u03bf\u03c5 \u03b8\u03ad\u03bb\u03bf\u03c5\u03bd \u03bd\u03b1 \u03c0\u03b5\u03c1\u03ac\u03c3\u03bf\u03c5\u03bd \u03b5\u03c5\u03c7\u03ac\u03c1\u03b9\u03c3\u03c4\u03bf \u03c7\u03c1\u03bf\u03bd\u03bf \u03bc\u03b5 \u03c4\u03b1 \u03c0\u03b1\u03b9\u03b4\u03b9\u03ac \u03c4\u03bf\u03c5\u03c2 \u03bc\u03ad\u03c3\u03c9 \u03c4\u03bf\u03c5 \u03c0\u03b1\u03b9\u03c7\u03bd\u03b9\u03b4\u03b9\u03bf\u03c5 \u03bc\u03b5 \u03c3\u03ba\u03bf\u03c0\u03cc \u03c4\u03b7 \u03c3\u03c5\u03bd\u03b1\u03b9\u03c3\u03b8\u03b7\u03bc\u03b1\u03c4\u03b9\u03ba\u03ae \u03b1\u03bd\u03ac\u03c0\u03c4\u03c5\u03be\u03b7 \u03ba\u03b1\u03b9 \u03c4\u03b7\u03bd \u03b5\u03bd\u03b4\u03bf\u03c3\u03ba\u03cc\u03c0\u03b7\u03c3\u03b7 \u03ba\u03b1\u03b8\u03ce\u03c2 \u03ba\u03b1\u03b9 \u03c3\u03b5 \u03b4\u03b7\u03bc\u03bf\u03c4\u03b9\u03ba\u03ac \u03c3\u03c7\u03bf\u03bb\u03b5\u03af\u03b1!",
            "time": 1551592982
        }
    ],
	"type":"museum"
}

