{
    "id": "ca7c5406e838de56f4246623a3c78c965a5e6092",
    "location": {
        "lat": 37.9750771,
        "lng": 23.7306599
    },
    "name": "Statue of St. Chrysostom Smyrna",
    "rating": 4,
    "reviews": [
        {
            "author_name": "Milo Cridge",
            "author_url": "https://www.google.com/maps/contrib/108611911073652189353/reviews",
            "language": "en",
            "profile_photo_url": "https://lh3.googleusercontent.com/-1Z3M05idrTc/AAAAAAAAAAI/AAAAAAAAAbg/P3hbzcY3MUI/s128-c0x00000000-cc-rp-mo-ba3/photo.jpg",
            "rating": 2,
            "relative_time_description": "a year ago",
            "text": "Cute. Nothing special though.",
            "time": 1513894052
        },
        {
            "author_name": "Xristos Katsolinos",
            "author_url": "https://www.google.com/maps/contrib/105965957040871661081/reviews",
            "language": "el",
            "profile_photo_url": "https://lh6.googleusercontent.com/-I75iFuI8ESI/AAAAAAAAAAI/AAAAAAAAAb4/epChV6MFcyQ/s128-c0x00000000-cc-rp-mo-ba6/photo.jpg",
            "rating": 5,
            "relative_time_description": "3 months ago",
            "text": "\u03a5\u03c0\u03ad\u03c1\u03bf\u03c7\u03bf \u03bc\u03bd\u03b7\u03bc\u03b5\u03af\u03bf \u03bc\u03bd\u03ae\u03bc\u03b7\u03c2 \u03ba\u03b1\u03b9 \u03b9\u03c3\u03c4\u03bf\u03c1\u03af\u03b1\u03c2.",
            "time": 1557312036
        },
        {
            "author_name": "\u0393\u0399\u0391\u039d\u039d\u0397\u03a3 \u039a\u0391\u03a1\u0391\u039c\u03a0\u0391\u039b\u0397\u03a3",
            "author_url": "https://www.google.com/maps/contrib/100379527152728664818/reviews",
            "language": "el",
            "profile_photo_url": "https://lh5.googleusercontent.com/-j8E2BVzzY_k/AAAAAAAAAAI/AAAAAAAAABM/GCkmpQOqKJA/s128-c0x00000000-cc-rp-mo-ba7/photo.jpg",
            "rating": 5,
            "relative_time_description": "a month ago",
            "text": "\u03a0\u03bf\u03bb\u03cd \u03ba\u03b1\u03bb\u03cc!",
            "time": 1562274097
        },
        {
            "author_name": "Giorgio Greektotti",
            "author_url": "https://www.google.com/maps/contrib/107091327174833363737/reviews",
            "language": "el",
            "profile_photo_url": "https://lh3.googleusercontent.com/-UJ3GnrOXZh4/AAAAAAAAAAI/AAAAAAAAExY/iQVfHRR14t4/s128-c0x00000000-cc-rp-mo-ba6/photo.jpg",
            "rating": 4,
            "relative_time_description": "a year ago",
            "text": "\u0388\u03bd\u03b1 \u03c3\u03c5\u03bc\u03c0\u03b1\u03b8\u03b7\u03c4\u03b9\u03ba\u03cc \u03ac\u03b3\u03b1\u03bb\u03bc\u03b1 \u03c4\u03bf\u03c5 \u03b1\u03c1\u03c7\u03b9\u03b5\u03c0\u03b9\u03c3\u03ba\u03bf\u03c0\u03bf\u03c5 \u03a3\u03bc\u03cd\u03c1\u03bd\u03b7\u03c2 \u03a7\u03c1\u03c5\u03c3\u03bf\u03c3\u03c4\u03cc\u03bc\u03bf\u03c5 \u03c0\u03c1\u03bf\u03c2 \u03c4\u03b9\u03bc\u03ae\u03bd \u03c4\u03c9\u03bd \u03bd\u03b5\u03ba\u03c1\u03ce\u03bd \u03c4\u03b7\u03c2 \u03bc\u03b9\u03ba\u03c1\u03b1\u03c3\u03b9\u03b1\u03c4\u03b9\u03ba\u03b7\u03c2 \u03ba\u03b1\u03c4\u03b1\u03c3\u03c4\u03c1\u03bf\u03c6\u03ae\u03c2",
            "time": 1518941132
        },
        {
            "author_name": "irfan benli",
            "author_url": "https://www.google.com/maps/contrib/117349936574842330416/reviews",
            "language": "tr",
            "profile_photo_url": "https://lh3.googleusercontent.com/-j6InUh8Z-fY/AAAAAAAAAAI/AAAAAAAAAAA/ACHi3rdwmDdRrcK-ikR71IneVIHFs4I5zw/s128-c0x00000000-cc-rp-mo/photo.jpg",
            "rating": 4,
            "relative_time_description": "a year ago",
            "text": "K\u00fc\u00e7\u00fck yemye\u015fil temiz bir park alan\u0131nda.",
            "time": 1532601643
        }
    ],
    "type": "point_of_interest"
}