{
    "id": "de46f17c4b7b83159617662737b70b1c18e7fdd1",
    "location": {
        "lat": 37.9791552,
        "lng": 23.7202494
    },
    "name": "Museum of Islamic Art",
    "rating": 4.5,
    "reviews": [
        {
            "author_name": "Bert Sanford",
            "author_url": "https://www.google.com/maps/contrib/116057919572235289633/reviews",
            "language": "en",
            "profile_photo_url": "https://lh5.googleusercontent.com/-gLdtqYaRdkI/AAAAAAAAAAI/AAAAAAAAuno/GvE-g3ZeA70/s128-c0x00000000-cc-rp-mo-ba4/photo.jpg",
            "rating": 5,
            "relative_time_description": "2 months ago",
            "text": "A very nice, well laid-out museum. The displays are thoughtful, showing the history of Islamic Art through the centuries. Each floor displays a different period. And the view from the rooftop Cafe is spectacular.",
            "time": 1556871652
        },
        {
            "author_name": "Jay Minns",
            "author_url": "https://www.google.com/maps/contrib/112887602300368222377/reviews",
            "language": "en",
            "profile_photo_url": "https://lh3.googleusercontent.com/-6_VgdFZ-tf0/AAAAAAAAAAI/AAAAAAAAEnw/JcqBvhT7vxg/s128-c0x00000000-cc-rp-mo/photo.jpg",
            "rating": 5,
            "relative_time_description": "in the last week",
            "text": "Staff are extremely polite, and the food in the cafeteria is to die for! The museum itself is quiet and well taken care of",
            "time": 1563908833
        },
        {
            "author_name": "maria dalavika",
            "author_url": "https://www.google.com/maps/contrib/107555348581354640006/reviews",
            "language": "en",
            "profile_photo_url": "https://lh6.googleusercontent.com/-elzFJEp_hQU/AAAAAAAAAAI/AAAAAAAAYq4/-tbtjjyzw3E/s128-c0x00000000-cc-rp-mo-ba3/photo.jpg",
            "rating": 5,
            "relative_time_description": "7 months ago",
            "text": "Very nice collection, from the most influencing areas for Islamic culture. Mesopotamia, Persia, Egypt and Turkey treasures will put you in the Islamic art spirit. Highly recommended to use the free audio guide to get the most of it! Mandatory to close your visit with a coffee or  tea with Greek herbs in the amazing cafe on the top floor! The interior decor and the view will pay off!",
            "time": 1544356921
        },
        {
            "author_name": "Damon Lesjack",
            "author_url": "https://www.google.com/maps/contrib/107799726294058644157/reviews",
            "language": "en",
            "profile_photo_url": "https://lh4.googleusercontent.com/-gn1qYQAjrRo/AAAAAAAAAAI/AAAAAAABFoU/Ip-AFgNCMmY/s128-c0x00000000-cc-rp-mo-ba7/photo.jpg",
            "rating": 5,
            "relative_time_description": "5 months ago",
            "text": "I enjoyed everything from the horses armor to the ornate knives. Glassware, ceramics, and fabrics from the 7th century to the 1800s. Fascinating styles and designs, different than other cultures. Each room shows a different period and has a maps displaying the area ruled by each of the empires.",
            "time": 1549748233
        },
        {
            "author_name": "luigi belotti",
            "author_url": "https://www.google.com/maps/contrib/115923268798129108863/reviews",
            "language": "en",
            "profile_photo_url": "https://lh6.googleusercontent.com/-f5lk2esiXWM/AAAAAAAAAAI/AAAAAAAAAY4/9ZNGwZIk6Hs/s128-c0x00000000-cc-rp-mo-ba4/photo.jpg",
            "rating": 4,
            "relative_time_description": "3 months ago",
            "text": "Interesting Museum with a beautiful collection of Middle East artifacts. The Museum of Islamic Art worth a visit.",
            "time": 1555398852
        }
    ],
	"type":"museum"
}

