{
    "id": "cd6c93cd5aa0740dc1c657c7c629775a82d679fc",
    "location": {
        "lat": 37.9785505,
        "lng": 23.7314677
    },
    "name": "City Museum Of Athens",
    "rating": 4.4,
    "reviews": [
        {
            "author_name": "Ioannis Paisis",
            "author_url": "https://www.google.com/maps/contrib/100798324337210552131/reviews",
            "language": "en",
            "profile_photo_url": "https://lh4.googleusercontent.com/-Xb5y38oIXYY/AAAAAAAAAAI/AAAAAAAAAOA/WLYG0kXYShA/s128-c0x00000000-cc-rp-mo-ba6/photo.jpg",
            "rating": 5,
            "relative_time_description": "2 weeks ago",
            "text": "A small museum about the modern history of Athens. You need a guided tour to fully understand and enjoy it. Highly recommended for Greeks.",
            "time": 1562950923
        },
        {
            "author_name": "Henrique Cesar",
            "author_url": "https://www.google.com/maps/contrib/109048326938630239913/reviews",
            "language": "en",
            "profile_photo_url": "https://lh3.googleusercontent.com/-EfCSuurRufo/AAAAAAAAAAI/AAAAAAAAcj8/N8C4yzErCYo/s128-c0x00000000-cc-rp-mo-ba4/photo.jpg",
            "rating": 1,
            "relative_time_description": "a month ago",
            "text": "Worst city museum I've ever been. \n\nThere are a lot of 19th century old chairs, some paintings with the acropolis and nothing really interesting. I learn nothing about the city of Athens from this museum. \n\nNothing about the philosophers, or the evolution of the city through the time. Only some random pictures and paintings.\n\nThe interactive map on the first floor had no audio, so the whole thing was useless.\n\nFor the price (5\u20ac) it was quite a scam.",
            "time": 1560161364
        },
        {
            "author_name": "Angelos Samolis",
            "author_url": "https://www.google.com/maps/contrib/106659649705679924810/reviews",
            "language": "en",
            "profile_photo_url": "https://lh6.googleusercontent.com/-3hL98jd16J4/AAAAAAAAAAI/AAAAAAAAAsE/4tDlCS5Hh94/s128-c0x00000000-cc-rp-mo-ba3/photo.jpg",
            "rating": 5,
            "relative_time_description": "7 months ago",
            "text": "An interesting point of view of our history",
            "time": 1545634002
        },
        {
            "author_name": "Eleonore Quinaux",
            "author_url": "https://www.google.com/maps/contrib/112291108623841227417/reviews",
            "language": "en",
            "profile_photo_url": "https://lh6.googleusercontent.com/-U1gSsqRhN50/AAAAAAAAAAI/AAAAAAAAAH8/PV5Hs57EHdY/s128-c0x00000000-cc-rp-mo-ba4/photo.jpg",
            "rating": 3,
            "relative_time_description": "2 years ago",
            "text": "Great animeted map of the town but the guards aren't friendly. ",
            "time": 1494916358
        },
        {
            "author_name": "Ricardo Ya\u00f1ez",
            "author_url": "https://www.google.com/maps/contrib/115745739466036054843/reviews",
            "language": "en",
            "profile_photo_url": "https://lh6.googleusercontent.com/-h6m-BjWRS4o/AAAAAAAAAAI/AAAAAAAAADY/TcMdgrBrcI8/s128-c0x00000000-cc-rp-mo-ba5/photo.jpg",
            "rating": 4,
            "relative_time_description": "a year ago",
            "text": "Not user friendly, most of it it's shown in greek",
            "time": 1510591047
        }
    ],
	"type":"museum"
}

