{
    "id": "142285da81dd8aa1c1c12c6e2be4feb0e5819a08",
    "location": {
        "lat": 37.9721176,
        "lng": 23.7195605
    },
    "name": "\u039b\u039f\u03a6\u039f\u03a3 \u039c\u039f\u03a5\u03a3\u03a9\u039d \u039d\u03a5\u039c\u03a6\u03a9\u039d",
    "rating": 4,
    "reviews": [
        {
            "author_name": "Kostas Gogosis",
            "author_url": "https://www.google.com/maps/contrib/107534483332436249353/reviews",
            "profile_photo_url": "https://lh6.googleusercontent.com/-ACNyqP7XhMA/AAAAAAAAAAI/AAAAAAAAAH0/toDlRoZefLo/s128-c0x00000000-cc-rp-mo-ba3/photo.jpg",
            "rating": 4,
            "relative_time_description": "a year ago",
            "text": "",
            "time": 1530020181
        }
    ],
	"type":"museum"
}

