{
    "id": "1023edc392c9b1a007ede9cd17136c0fd87f8852",
    "location": {
        "lat": 37.9826817,
        "lng": 23.733962
    },
    "name": "Sotiropoulos Art Gallery",
    "rating": 4,
    "reviews": [
        {
            "author_name": "Bee Knee",
            "author_url": "https://www.google.com/maps/contrib/111766166605623136769/reviews",
            "language": "en",
            "profile_photo_url": "https://lh6.googleusercontent.com/-i2cyGrqlXFQ/AAAAAAAAAAI/AAAAAAAAAAA/ACHi3rc2Xxsz7Wr8cJe0_fVLoGonTBlQ2Q/s128-c0x00000000-cc-rp-mo/photo.jpg",
            "rating": 1,
            "relative_time_description": "a year ago",
            "text": "Never opened the door, nor bothered to answer the phone.",
            "time": 1516089324
        },
        {
            "author_name": "\u039d\u03b9\u03ba\u03bf\u03bb\u03ae\u03c2 \u039a\u03b1\u03c4\u03c1\u03af\u03bd\u03b7\u03c2",
            "author_url": "https://www.google.com/maps/contrib/103308540597424099546/reviews",
            "language": "el",
            "profile_photo_url": "https://lh3.googleusercontent.com/-kryb9odIw7c/AAAAAAAAAAI/AAAAAAABRao/pjg2MgIMoco/s128-c0x00000000-cc-rp-mo/photo.jpg",
            "rating": 5,
            "relative_time_description": "2 years ago",
            "text": "\u03a0\u03b1\u03bd\u03ad\u03bc\u03bf\u03c1\u03c6\u03bf\u03b9 \u03c0\u03af\u03bd\u03b1\u03ba\u03b5\u03c2, \u03b5\u03b9\u03ba\u03cc\u03bd\u03b5\u03c2 \u03ba\u03b1\u03af \u03c4\u03ce\u03c1\u03b1 \u03bc\u03ad \u03c4\u03af\u03c2 \u03c4\u03cc\u03c3\u03bf \u03bc\u03b5\u03b3\u03ac\u03bb\u03b5\u03c2 \u03b5\u03ba\u03c0\u03c4\u03ce\u03c3\u03b5\u03b9\u03c2 \u03c0\u03bf\u03cd  \u03ad\u03c7\u03b5\u03b9 \u03b5\u03c5\u03ba\u03b1\u03b9\u03c1\u03af\u03b1 \u03bd\u03ac  > \u03c4\u03cc \u03c3\u03c0\u03af\u03c4\u03b9 \u03bc\u03ac\u03c2 \ud83d\ude0b\ud83d\ude0b\ud83d\ude0b\ud83d\ude0b\ud83d\ude0b\ud83d\ude0b\ud83d\ude0b\ud83d\ude0b\ud83d\ude0b",
            "time": 1500215827
        },
        {
            "author_name": "Marek Wojtowicz",
            "author_url": "https://www.google.com/maps/contrib/106168387496816680240/reviews",
            "profile_photo_url": "https://lh4.googleusercontent.com/-pdu4oCor1AQ/AAAAAAAAAAI/AAAAAAAAAAA/ACHi3rfD2uh4-N3SJ9cX7roCilN3crereA/s128-c0x00000000-cc-rp-mo-ba3/photo.jpg",
            "rating": 4,
            "relative_time_description": "in the last week",
            "text": "",
            "time": 1565192185
        },
        {
            "author_name": "Anna Mpardi",
            "author_url": "https://www.google.com/maps/contrib/101945788407315690132/reviews",
            "profile_photo_url": "https://lh3.googleusercontent.com/-Zf5pM7GID7Q/AAAAAAAAAAI/AAAAAAAAAAA/ACHi3rcvdX2Sg4rJfvvMdWENU76t1Ils3Q/s128-c0x00000000-cc-rp-mo-ba4/photo.jpg",
            "rating": 5,
            "relative_time_description": "3 months ago",
            "text": "",
            "time": 1555620698
        },
        {
            "author_name": "Antony Fragakis",
            "author_url": "https://www.google.com/maps/contrib/108676864631929191762/reviews",
            "profile_photo_url": "https://lh3.googleusercontent.com/-oab7x5iR97A/AAAAAAAAAAI/AAAAAAAABNQ/AvOERp7_HNM/s128-c0x00000000-cc-rp-mo-ba5/photo.jpg",
            "rating": 4,
            "relative_time_description": "7 months ago",
            "text": "",
            "time": 1546533084
        }
    ],
    "type": "art_gallery"
}