{
    "id": "bc6e54bad22c80261720758e2cd8f129da067a72",
    "location": {
        "lat": 37.9708254,
        "lng": 23.7335768
    },
    "name": "Statue of Lord Byron",
    "rating": 4.7,
    "reviews": [
        {
            "author_name": "Jivko Velev",
            "author_url": "https://www.google.com/maps/contrib/103249447441139739826/reviews",
            "language": "en",
            "profile_photo_url": "https://lh5.googleusercontent.com/-qsesFEFoOCk/AAAAAAAAAAI/AAAAAAAAAAA/ACHi3rcsQRMVY5LaAF4MYKQ06JkkG7djpA/s128-c0x00000000-cc-rp-mo-ba5/photo.jpg",
            "rating": 4,
            "relative_time_description": "in the last week",
            "text": "Very interesting statue of Lord Byron, located in the national garden. Unfortunately the writing is only in Greek, typical for many monuments.",
            "time": 1565198693
        },
        {
            "author_name": "Jan Torfs",
            "author_url": "https://www.google.com/maps/contrib/106192882422818687070/reviews",
            "language": "en",
            "profile_photo_url": "https://lh5.googleusercontent.com/-4bcrvtkp-fk/AAAAAAAAAAI/AAAAAAAAw5Y/H3AJD4L5UZI/s128-c0x00000000-cc-rp-mo-ba8/photo.jpg",
            "rating": 5,
            "relative_time_description": "9 months ago",
            "text": "Beautiful statue from 1895. Very famous English poet but also a very controversial person. He was popular in Greece with his support and sympathies for the Greek Revolutionary Movement in 1821. In his own country he was mainly known as one of the most important English writers of the 19th century.",
            "time": 1539985128
        },
        {
            "author_name": "Bernd Matthias",
            "author_url": "https://www.google.com/maps/contrib/108154810122894114811/reviews",
            "language": "en",
            "profile_photo_url": "https://lh3.googleusercontent.com/-3rwqHIbSV0E/AAAAAAAAAAI/AAAAAAAAAZ4/gTvMM4dM84k/s128-c0x00000000-cc-rp-mo-ba6/photo.jpg",
            "rating": 4,
            "relative_time_description": "a week ago",
            "text": "ok",
            "time": 1564515294
        },
        {
            "author_name": "DimitrisFarm",
            "author_url": "https://www.google.com/maps/contrib/101459665567749785764/reviews",
            "language": "en",
            "profile_photo_url": "https://lh3.googleusercontent.com/-EaQ27OtcbJA/AAAAAAAAAAI/AAAAAAAAQAQ/I5rCpso8as4/s128-c0x00000000-cc-rp-mo-ba6/photo.jpg",
            "rating": 5,
            "relative_time_description": "9 months ago",
            "text": "A Beautiful Statue Of Lord Byron......",
            "time": 1540134199
        },
        {
            "author_name": "Milo Cridge",
            "author_url": "https://www.google.com/maps/contrib/108611911073652189353/reviews",
            "language": "en",
            "profile_photo_url": "https://lh3.googleusercontent.com/-1Z3M05idrTc/AAAAAAAAAAI/AAAAAAAAAbg/P3hbzcY3MUI/s128-c0x00000000-cc-rp-mo-ba3/photo.jpg",
            "rating": 4,
            "relative_time_description": "a year ago",
            "text": "Nice bit of alternative Athenian history",
            "time": 1513675532
        }
    ],
    "type": "point_of_interest"
}