{
    "id": "fc8dc5b5b3637637782736e9a871545d056d95a4",
    "location": {
        "lat": 37.9779452,
        "lng": 23.716599
    },
    "name": "Kerameikos Archaeological Museum",
    "rating": 4.4,
    "reviews": [
        {
            "author_name": "HSY KIM",
            "author_url": "https://www.google.com/maps/contrib/103265152491899018055/reviews",
            "language": "en",
            "profile_photo_url": "https://lh5.googleusercontent.com/-NrVo0_v9jGo/AAAAAAAAAAI/AAAAAAAAAU0/HJ71uHi5tK8/s128-c0x00000000-cc-rp-mo-ba6/photo.jpg",
            "rating": 3,
            "relative_time_description": "a month ago",
            "text": "Pretty well organized museum. I enjoyed the exhibition hall, with less tourists.",
            "time": 1560568624
        },
        {
            "author_name": "Angus Bennion",
            "author_url": "https://www.google.com/maps/contrib/114777912746737386618/reviews",
            "language": "en",
            "profile_photo_url": "https://lh3.googleusercontent.com/-Ev4QWVbZ5s4/AAAAAAAAAAI/AAAAAAAAA3s/VPNFgMGUYfs/s128-c0x00000000-cc-rp-mo-ba6/photo.jpg",
            "rating": 3,
            "relative_time_description": "a month ago",
            "text": "Small museum worth going to if you\u2019re already there. Otherwise I\u2019d skip it.",
            "time": 1561413016
        },
        {
            "author_name": "Andrey Kiseliov",
            "author_url": "https://www.google.com/maps/contrib/117792382100646944639/reviews",
            "language": "en",
            "profile_photo_url": "https://lh4.googleusercontent.com/-2jqeit129sY/AAAAAAAAAAI/AAAAAAAAE_E/WtoxZnDeEaY/s128-c0x00000000-cc-rp-mo-ba6/photo.jpg",
            "rating": 4,
            "relative_time_description": "2 months ago",
            "text": "Nice museum but pretty small. In my view, the archeological site near the museum is more impressive.",
            "time": 1556297168
        },
        {
            "author_name": "Marc Zenkert",
            "author_url": "https://www.google.com/maps/contrib/101995973353482312272/reviews",
            "language": "en",
            "profile_photo_url": "https://lh4.googleusercontent.com/-QqwfIeTmRSQ/AAAAAAAAAAI/AAAAAAAAAAA/ACHi3rdgwle5hitARL8T1R38zYFAlAZt9g/s128-c0x00000000-cc-rp-mo-ba2/photo.jpg",
            "rating": 5,
            "relative_time_description": "3 months ago",
            "text": "Free entry for students. It's outside, so you can see the left overs of the architectures while enjoying the sun",
            "time": 1554322912
        },
        {
            "author_name": "John Ashworth",
            "author_url": "https://www.google.com/maps/contrib/107281483770947251977/reviews",
            "language": "en",
            "profile_photo_url": "https://lh6.googleusercontent.com/-Sc4GRstRtng/AAAAAAAAAAI/AAAAAAAAYi8/fHVH1GqQBdw/s128-c0x00000000-cc-rp-mo-ba5/photo.jpg",
            "rating": 4,
            "relative_time_description": "2 months ago",
            "text": "If you just visit this site on its own its 8 euros but its part of the Acropolis card which gives much better value.\n\n5-10 minutes walk from Thissio metro station or 10-15 minutes walk from Monastiraki metro station. The site has a toilets and a very good museum.\n\nThis was once right on the edge of Athens with 2 major roads passing through here - including passing through the Dipylon gate. This is a good place to see part of the city walls which were built in 478 BC.\n\nThe Oberlander museum on the site is small but has some very fine examples of pottery and other objects.",
            "time": 1556385510
        }
    ],
	"type":"museum"
}

