{
    "id": "bbc5a354e333babe9d8c064d062f90a0cfce16e5",
    "location": {
        "lat": 37.9917634,
        "lng": 23.7358024
    },
    "name": "Athena Statue",
    "rating": 4.3,
    "reviews": [
        {
            "author_name": "Vira Lytvyn",
            "author_url": "https://www.google.com/maps/contrib/100929931690985797747/reviews",
            "language": "en",
            "profile_photo_url": "https://lh3.googleusercontent.com/-aMDpJkIuhV0/AAAAAAAAAAI/AAAAAAAAFsg/FwsPZWmECXc/s128-c0x00000000-cc-rp-mo-ba3/photo.jpg",
            "rating": 4,
            "relative_time_description": "2 weeks ago",
            "text": "Nice park around. Seems clean and relatively safe. Not crowded and the area is closed at the evening.",
            "time": 1563724813
        },
        {
            "author_name": "Chantel T",
            "author_url": "https://www.google.com/maps/contrib/109575688488950523173/reviews",
            "language": "en",
            "profile_photo_url": "https://lh6.googleusercontent.com/-dqo4runkkF4/AAAAAAAAAAI/AAAAAAAAAZY/vQPBYyFRcUQ/s128-c0x00000000-cc-rp-mo-ba3/photo.jpg",
            "rating": 5,
            "relative_time_description": "4 months ago",
            "text": "A bit sad to see the construction around these beautiful sculptures, but still worth the trip.",
            "time": 1553538644
        },
        {
            "author_name": "Britannica DAS",
            "author_url": "https://www.google.com/maps/contrib/103589430127932922314/reviews",
            "language": "en",
            "profile_photo_url": "https://lh6.googleusercontent.com/-UOI5qvFNGoM/AAAAAAAAAAI/AAAAAAAABUM/ETZx_bwHHn8/s128-c0x00000000-cc-rp-mo-ba5/photo.jpg",
            "rating": 5,
            "relative_time_description": "5 months ago",
            "text": "It is a very beautiful statue in a park.... \nReally nice but no one visits that way",
            "time": 1551198827
        },
        {
            "author_name": "Meganton",
            "author_url": "https://www.google.com/maps/contrib/111676885539831203739/reviews",
            "language": "en",
            "profile_photo_url": "https://lh3.googleusercontent.com/-L6vnsMY4agk/AAAAAAAAAAI/AAAAAAAAAMw/UJcOm9rAsuc/s128-c0x00000000-cc-rp-mo-ba3/photo.jpg",
            "rating": 5,
            "relative_time_description": "3 months ago",
            "text": "A beautiful and majestic statue, definitely worth a visit!",
            "time": 1556378426
        },
        {
            "author_name": "George Dimitropoulos",
            "author_url": "https://www.google.com/maps/contrib/105979044480644841869/reviews",
            "language": "en",
            "profile_photo_url": "https://lh6.googleusercontent.com/-6bRFX0F4aBQ/AAAAAAAAAAI/AAAAAAAAAH0/nY4O3kRsf6w/s128-c0x00000000-cc-rp-mo-ba4/photo.jpg",
            "rating": 5,
            "relative_time_description": "4 months ago",
            "text": "Actually, chances are it's Britannia statue as well. There's a lion at her feet protecting the Commonwealth fallen.",
            "time": 1552689304
        }
    ],
    "type": "point_of_interest"
}