{
    "id": "31f0a301bd8c56d64e9f52bb0e7e0b43918af7a8",
    "location": {
        "lat": 37.9714972,
        "lng": 23.7298098
    },
    "name": "Museum of Greek Folk Art",
    "rating": 4.6,
    "reviews": [
        {
            "author_name": "Ellen Knight",
            "author_url": "https://www.google.com/maps/contrib/107529324805545579938/reviews",
            "language": "en",
            "profile_photo_url": "https://lh6.googleusercontent.com/-0kFmej3fgMg/AAAAAAAAAAI/AAAAAAAADj4/hhaEPGDupnE/s128-c0x00000000-cc-rp-mo/photo.jpg",
            "rating": 1,
            "relative_time_description": "4 months ago",
            "text": "The wrong address is listed. Very confusing and unorganized. Unfortunate.",
            "time": 1552662204
        },
        {
            "author_name": "Philippe Panardie",
            "author_url": "https://www.google.com/maps/contrib/104291327098778111602/reviews",
            "language": "en",
            "profile_photo_url": "https://lh3.googleusercontent.com/-ND47geMG2Fw/AAAAAAAAAAI/AAAAAAAAAAA/ACHi3reETO93ejKfJrPDNaIauEaUmtEoWQ/s128-c0x00000000-cc-rp-mo-ba5/photo.jpg",
            "rating": 5,
            "relative_time_description": "6 months ago",
            "text": "Fantastic",
            "time": 1547659633
        },
        {
            "author_name": "Kosta Mersini [Mercy]",
            "author_url": "https://www.google.com/maps/contrib/114126447191058344892/reviews",
            "language": "en",
            "profile_photo_url": "https://lh3.googleusercontent.com/-G5O9ztzrCQg/AAAAAAAAAAI/AAAAAAAAA10/EbUpqxWTlG4/s128-c0x00000000-cc-rp-mo-ba3/photo.jpg",
            "rating": 5,
            "relative_time_description": "2 years ago",
            "text": "Loved it",
            "time": 1499774095
        },
        {
            "author_name": "Dominique Vieren",
            "author_url": "https://www.google.com/maps/contrib/109996347894673223827/reviews",
            "language": "fr",
            "profile_photo_url": "https://lh5.googleusercontent.com/-HhOBI315gI0/AAAAAAAAAAI/AAAAAAAAAAA/ACHi3rcmeXAaBx8ShgiEDezhMBf5KxbWtA/s128-c0x00000000-cc-rp-mo/photo.jpg",
            "rating": 5,
            "relative_time_description": "3 months ago",
            "text": "Magnifique mus\u00e9e ! A visiter absolument si vous passez \u00e0 Ath\u00e8nes !!!",
            "time": 1555522739
        },
        {
            "author_name": "\u0639\u0628\u062f\u0627\u0644\u062d\u0645\u064a\u062f \u0627\u0644\u0643\u0645\u064a\u062a\u064a \u0650Abdulhameed Alkumity",
            "author_url": "https://www.google.com/maps/contrib/100930589229613585374/reviews",
            "language": "ar",
            "profile_photo_url": "https://lh3.googleusercontent.com/-uZFOHjvfIt8/AAAAAAAAAAI/AAAAAAAADRY/bBlYSBuGVwk/s128-c0x00000000-cc-rp-mo/photo.jpg",
            "rating": 4,
            "relative_time_description": "11 months ago",
            "text": "\u0645\u062a\u062d\u0641 \u0627\u0644\u0641\u0646 \u0648\u0627\u0644\u0641\u0644\u0643\u0644\u0648\u0631 \u0627\u0644\u064a\u0648\u0646\u0627\u0646\u064a \u0641\u064a \u062d\u064a \u0628\u0644\u0627\u0643\u0627 \u0627\u0644\u062a\u0627\u0631\u064a\u062e\u064a \u0648\u0647\u064a \u0645\u0646 \u0627\u0634\u0647\u0631 \u0627\u0644\u0645\u0646\u0627\u0637\u0642 \u0648\u0623\u0642\u062f\u0645\u0647\u0627 \u0641\u064a\u00a0\u0645\u062f\u064a\u0646\u0629 \u0627\u062b\u064a\u0646\u0627\u00a0\u0648\u064a\u0642\u0639 \u0627\u0644\u062d\u064a \u0627\u0633\u0641\u0644 \u062c\u0628\u0644 \u0627\u0644\u0623\u0643\u0631\u0648\u0628\u0648\u0644\u064a\u0633 \u064a\u0636\u0645 \u0639\u0645\u0627\u0631\u0627\u062a \u0643\u0644\u0627\u0633\u064a\u0643\u064a\u0629 \u0648\u0627\u0644\u0639\u062f\u064a\u062f \u0645\u0646 \u0627\u0644\u0645\u062a\u0627\u062d\u0641\u060c \u0643\u0645\u0627 \u0623\u0646\u0647 \u064a\u0633\u062a\u0642\u0637\u0628 \u0622\u0644\u0627\u0641 \u0627\u0644\u0632\u0648\u0627\u0631 \u0645\u0646 \u0627\u0644\u0633\u064a\u0627\u062d. \u0648\u064a\u0639\u062a\u0628\u0631 \u0645\u0646 \u0627\u0634\u0647\u0631 \u0627\u0645\u0627\u0643\u0646\u00a0\u0627\u0644\u0633\u064a\u0627\u062d\u0629 \u0641\u064a \u0627\u0644\u064a\u0648\u0646\u0627\u0646 \u0643\u0645\u0627 \u0648\u064a\u0636\u0645 \u0628\u0644\u0627\u0643\u0627 \u0627\u0644\u064a\u0648\u0646\u0627\u0646 \u0627\u0644\u0643\u062b\u064a\u0631 \u0645\u0646\u00a0\u0627\u0644\u0645\u062a\u0627\u062c\u0631 \u0644\u0644\u062a\u062d\u0641 \u0648\u0627\u0644\u0647\u062f\u0627\u064a\u0627 \u0627\u0644\u062a\u0630\u0643\u0627\u0631\u064a\u0629 \u0648\u0627\u0644\u0645\u062a\u0627\u062d\u0641 \u0648\u0627\u0644\u0645\u0637\u0627\u0639\u0645 \u0648\u0627\u0644\u0627\u0645\u0627\u0643\u0646 \u0627\u0644\u0627\u062b\u0631\u064a\u0629 \u0627\u0644\u0642\u062f\u064a\u0645\u0629.",
            "time": 1535146464
        }
    ],
    "type": "museum"
}