{
    "id": "3ac5cc5f0c7f38c0d40dd8ed22b09611ea11917e",
    "location": {
        "lat": 37.9689215,
        "lng": 23.7288717
    },
    "name": "Acropolis Research Center",
    "rating": 4.5,
    "reviews": [
        {
            "author_name": "James Ong",
            "author_url": "https://www.google.com/maps/contrib/112112652388363574779/reviews",
            "language": "en",
            "profile_photo_url": "https://lh5.googleusercontent.com/-H2GoTVKO970/AAAAAAAAAAI/AAAAAAAAADo/CjqK4B5XkkY/s128-c0x00000000-cc-rp-mo-ba5/photo.jpg",
            "rating": 5,
            "relative_time_description": "a month ago",
            "text": "Nice historical pieces in this place.",
            "time": 1562012357
        },
        {
            "author_name": "Y.H.",
            "author_url": "https://www.google.com/maps/contrib/114195776135710225823/reviews",
            "language": "en",
            "profile_photo_url": "https://lh6.googleusercontent.com/-ZXZd7ya5_dA/AAAAAAAAAAI/AAAAAAAAArI/W5VYpqPlN_I/s128-c0x00000000-cc-rp-mo-ba5/photo.jpg",
            "rating": 4,
            "relative_time_description": "a month ago",
            "text": "Very nice building beside the Acropolis museum.",
            "time": 1559913486
        },
        {
            "author_name": "Emily Williams",
            "author_url": "https://www.google.com/maps/contrib/113734339275966975054/reviews",
            "language": "en",
            "profile_photo_url": "https://lh6.googleusercontent.com/-Extmud48jDM/AAAAAAAAAAI/AAAAAAAAAAc/YHG_X4sfUfo/s128-c0x00000000-cc-rp-mo-ba2/photo.jpg",
            "rating": 5,
            "relative_time_description": "3 weeks ago",
            "text": "well maintained nice building",
            "time": 1562761277
        },
        {
            "author_name": "BHV",
            "author_url": "https://www.google.com/maps/contrib/109319092960944410676/reviews",
            "language": "en",
            "profile_photo_url": "https://lh4.googleusercontent.com/-QPoYQirnva4/AAAAAAAAAAI/AAAAAAAAMXU/WAEkrQRGQ7Q/s128-c0x00000000-cc-rp-mo-ba4/photo.jpg",
            "rating": 4,
            "relative_time_description": "11 months ago",
            "text": "I feel Delhi has better metro now",
            "time": 1535716259
        },
        {
            "author_name": "Stavroula Tsoka",
            "author_url": "https://www.google.com/maps/contrib/106519554082406193616/reviews",
            "language": "en",
            "profile_photo_url": "https://lh3.googleusercontent.com/-reCdv5gToU4/AAAAAAAAAAI/AAAAAAAAAQg/lfL2aGvIuPM/s128-c0x00000000-cc-rp-mo-ba3/photo.jpg",
            "rating": 5,
            "relative_time_description": "3 months ago",
            "text": "Beautiful architecture",
            "time": 1555841333
        }
    ],
	"type":"museum"
}

