{
    "id": "b5749152da1577cb2f9816dedf31348fdb655c9a",
    "location": {
        "lat": 37.9630089,
        "lng": 23.7253329
    },
    "name": "\u0395\u03b8\u03bd\u03b9\u03ba\u03cc \u039c\u03bf\u03c5\u03c3\u03b5\u03af\u03bf \u03a3\u03cd\u03b3\u03c7\u03c1\u03bf\u03bd\u03b7\u03c2 \u03a4\u03ad\u03c7\u03bd\u03b7\u03c2 (\u0395\u039c\u03a3\u03a4)",
    "rating": 4.1,
    "reviews": [
        {
            "author_name": "Scott Neidich",
            "author_url": "https://www.google.com/maps/contrib/100118218019413067719/reviews",
            "language": "en",
            "profile_photo_url": "https://lh4.googleusercontent.com/-41Ycxb4iLFI/AAAAAAAAAAI/AAAAAAAADFk/BAPujXdqhgg/s128-c0x00000000-cc-rp-mo-ba4/photo.jpg",
            "rating": 1,
            "relative_time_description": "a week ago",
            "text": "Currently closed for the installation of an exhibit: no information beyond that posted.\n\nThey really need to have this information online and linked to google: we walked 35 minutes to get here. \ud83e\udd37\u200d\u2642\ufe0f",
            "time": 1563003575
        },
        {
            "author_name": "Mobile User",
            "author_url": "https://www.google.com/maps/contrib/116764570338054434248/reviews",
            "language": "en",
            "profile_photo_url": "https://lh6.googleusercontent.com/-lz0hw2z32zs/AAAAAAAAAAI/AAAAAAAAAAA/ACHi3re1yl99IoL27NbGaQYXNKuby3JgAg/s128-c0x00000000-cc-rp-mo/photo.jpg",
            "rating": 1,
            "relative_time_description": "in the last week",
            "text": "Came all the way from Varkiza for nothing. The museum is closed and there is no information about this on their web site or Facebook page. Really annoying & arrogant way of dealing with public.",
            "time": 1563545850
        },
        {
            "author_name": "Irene Karotsi",
            "author_url": "https://www.google.com/maps/contrib/116281551668858407134/reviews",
            "language": "en",
            "profile_photo_url": "https://lh4.googleusercontent.com/-lAOP8PWMqFs/AAAAAAAAAAI/AAAAAAAAAT0/-bED3UYAw00/s128-c0x00000000-cc-rp-mo/photo.jpg",
            "rating": 1,
            "relative_time_description": "6 months ago",
            "text": "Pretentious, empty, time wasting fluff of experience. \nIt seems that the only thing they want to boast about and be proud of is the building itself and not the exhibits. Sure its cool looking but inside it was empty. There are NO permanent exhibitions and only 2 floors are open to the public with the rest being closed off. Those 2 floors only had 2 temporary exhibitions which would span across that empty space trying to make it more meaningful and impactful which failed miserably. Visitors were seen left around wandering trying to understand whats going on and then leaving soon after. \n\nPersonally I found it sad and incredibly annoying, should have been structured better with more exhibits and floors open to the public. \nThe price was only 5\u20ac so that's cheap, but honestly there are so many better things and contemporary art places in Athens you shouldn't bother with this one.",
            "time": 1546099814
        },
        {
            "author_name": "Nelson Ferreira",
            "author_url": "https://www.google.com/maps/contrib/104111243479216841771/reviews",
            "language": "en",
            "profile_photo_url": "https://lh3.googleusercontent.com/-yEINwNZhmhk/AAAAAAAAAAI/AAAAAAAAAAA/rmskSSUiwis/s128-c0x00000000-cc-rp-mo-ba4/photo.jpg",
            "rating": 1,
            "relative_time_description": "6 months ago",
            "text": "Such a waste of money, the director and curators of this 'museum' should be ashamed! The artworks were just conceptual rubbish with no sense of skill or aesthetic or even formal qualities. They call it visual arts but there's nothing visual about it. Why is the building 80% empty??? With so many struggling contemporary artists, how come you only came up with two meaningless exhibitions? Don't be lazy and please go around fishing up emerging talents from the fine arts universities - the REAL art scene would thank you...",
            "time": 1547218738
        },
        {
            "author_name": "n sal",
            "author_url": "https://www.google.com/maps/contrib/116440254927431550252/reviews",
            "language": "en",
            "profile_photo_url": "https://lh4.googleusercontent.com/-3AuMwNNG5wg/AAAAAAAAAAI/AAAAAAAAAL0/yEiUbozgAEU/s128-c0x00000000-cc-rp-mo-ba5/photo.jpg",
            "rating": 5,
            "relative_time_description": "11 months ago",
            "text": "One of the best designed museums. Located in a historic building, the first beer factory in Greece, host modern art exhibitions. Also a large number of artworks from documenta 14 was presented here.\nThe access in the museum is very easy as a metro and bus station is nearby.\nDo not hesitate to visit the top floor of the museum where there is a fantastic view of the Acropolis.",
            "time": 1534798331
        }
    ],
	"type":"museum"
}

