{
    "id": "a07d59a9cf190b44b82b2c06ac2e9cbc7091027e",
    "location": {
        "lat": 37.9724033,
        "lng": 23.7440246
    },
    "name": "Art Zone 42",
    "rating": 4.2,
    "reviews": [
        {
            "author_name": "George Theos",
            "author_url": "https://www.google.com/maps/contrib/105480424629517990096/reviews",
            "language": "en",
            "profile_photo_url": "https://lh6.googleusercontent.com/-O7cfkVyLEXo/AAAAAAAAAAI/AAAAAAAAHqI/JHpNO8qGE3s/s128-c0x00000000-cc-rp-mo-ba3/photo.jpg",
            "rating": 5,
            "relative_time_description": "a year ago",
            "text": "Athens art at its finest",
            "time": 1516998257
        },
        {
            "author_name": "Sa kiss",
            "author_url": "https://www.google.com/maps/contrib/116998398714611621189/reviews",
            "language": "el",
            "profile_photo_url": "https://lh5.googleusercontent.com/-joNiPKUsRoA/AAAAAAAAAAI/AAAAAAAATR8/niMkLk_Njvk/s128-c0x00000000-cc-rp-mo-ba6/photo.jpg",
            "rating": 4,
            "relative_time_description": "5 months ago",
            "text": "\u03a4\u03b5\u03c7\u03bd\u03b7 \u03c3\u03b5 \u03c9\u03c1\u03b1\u03af\u03bf location, parking no",
            "time": 1550947073
        },
        {
            "author_name": "\u039c\u03a0\u0391\u039b\u039f\u039c\u0395\u039d\u039f\u03a3 \u039a\u03a9\u03a3\u03a4\u0391\u03a3",
            "author_url": "https://www.google.com/maps/contrib/100366658201102979271/reviews",
            "language": "el",
            "profile_photo_url": "https://lh6.googleusercontent.com/-aAX_I8DdyQU/AAAAAAAAAAI/AAAAAAAAABY/MTSWhS4nqcE/s128-c0x00000000-cc-rp-mo/photo.jpg",
            "rating": 5,
            "relative_time_description": "4 months ago",
            "text": "\u03a4\u03ad\u03bb\u03b5\u03b9\u03bf....",
            "time": 1552988938
        },
        {
            "author_name": "Sofia Rose",
            "author_url": "https://www.google.com/maps/contrib/118240413495187525548/reviews",
            "language": "el",
            "profile_photo_url": "https://lh3.googleusercontent.com/-DPMKtyfBI_s/AAAAAAAAAAI/AAAAAAAAAAQ/FwCRWmiLr6c/s128-c0x00000000-cc-rp-mo-ba5/photo.jpg",
            "rating": 5,
            "relative_time_description": "a year ago",
            "text": "\u03a5\u03c0\u03ad\u03c1\u03bf\u03c7\u03b5\u03c2 \u03b4\u03bf\u03c5\u03bb\u03b5\u03b9\u03ad\u03c2!",
            "time": 1522962775
        },
        {
            "author_name": "big george",
            "author_url": "https://www.google.com/maps/contrib/108073865367667109723/reviews",
            "language": "el",
            "profile_photo_url": "https://lh3.googleusercontent.com/-ADDL-aXTr1g/AAAAAAAAAAI/AAAAAAAAAAA/ACHi3repCfbC7iZ_LgzXSLj6Q55JkgdgVg/s128-c0x00000000-cc-rp-mo-ba4/photo.jpg",
            "rating": 4,
            "relative_time_description": "a year ago",
            "text": "\u03a0\u03bf\u03bb\u03cd \u03b6\u03b5\u03c3\u03c4\u03ae \u03b1\u03c4\u03bc\u03cc\u03c3\u03c6\u03b1\u03b9\u03c1\u03b1",
            "time": 1520616962
        }
    ],
    "type": "art_gallery"
}