{
    "id": "d41fbe1e76ef9b79ebbba349ae5ff3acbc0aa294",
    "location": {
        "lat": 37.9762621,
        "lng": 23.7383388
    },
    "name": "B. & M. Theocharakis Foundation",
    "rating": 4.6,
    "reviews": [
        {
            "author_name": "Joanna Hari",
            "author_url": "https://www.google.com/maps/contrib/106206694403961995864/reviews",
            "language": "en",
            "profile_photo_url": "https://lh6.googleusercontent.com/-dD7JikkHmLo/AAAAAAAAAAI/AAAAAAAAAIQ/cYbyzpPR7FY/s128-c0x00000000-cc-rp-mo/photo.jpg",
            "rating": 3,
            "relative_time_description": "7 months ago",
            "text": "For 7 euros for an entrance fee in times of crisis, I expect at least a smile from the man in the ticket booth who put me on hold without even eye contact. I expect my order at the cafe to be just what I ordered and not something similar and my bill to be the exact amount and not one made by mistake. If I didn't notice, you'd charge me extra. So naturally  I demand an apology and not an evasive excuse from the waitress. Manners are caught not taught, I guess. I expect the personnel to be quiet in the exhibition rooms and not stay behind doors and giggle and shout while I'm looking at the paintings. Simple as that. I expect the man at the entrance of the exhibition to remember me and not ask for my ticket in a highbrow style only 10 min. after I entered because he left his post and simply forgot my face. I wouldn't try to cheat by entering for free, would I? Well, on the whole the building was beautiful and the exhibition small and interesting but the personnel let me down. I guess they are underpaid like all the workers in Greece so I can't really blame them. I wish myself better luck next time....",
            "time": 1546633211
        },
        {
            "author_name": "george argyropoulos",
            "author_url": "https://www.google.com/maps/contrib/105816704309168557488/reviews",
            "language": "en",
            "profile_photo_url": "https://lh3.googleusercontent.com/-aki1boXEQWs/AAAAAAAAAAI/AAAAAAAAAAA/ACHi3rf8E2R_FW_wM1fc31YQJXYcgfECfg/s128-c0x00000000-cc-rp-mo-ba3/photo.jpg",
            "rating": 5,
            "relative_time_description": "6 months ago",
            "text": "A beautiful neoclassical building housing both permanent and temporary art and historical exhibitions. A very nice coffee shop/restaurant too.",
            "time": 1548173249
        },
        {
            "author_name": "\u03c7\u03b9\u03bf\u03bd\u03bf\u03b8\u03cd\u03b5\u03bb\u03bb\u03b1 \u03c7\u03b9\u03cc\u03bd\u03b9",
            "author_url": "https://www.google.com/maps/contrib/117186466683654590341/reviews",
            "language": "en",
            "profile_photo_url": "https://lh3.googleusercontent.com/-fZAWSBn3P6A/AAAAAAAAAAI/AAAAAAAAAAA/ACHi3rcyQxSI4kC863BnkEJP4yod4GGkHw/s128-c0x00000000-cc-rp-mo-ba4/photo.jpg",
            "rating": 4,
            "relative_time_description": "6 months ago",
            "text": "Though they never have a permanent exhibition, all their exhibitions are interesting. I sometimes disagree with the information they choose to show. Overall they try new things and offer a different perspective.",
            "time": 1547773193
        },
        {
            "author_name": "Angelos Loukatos",
            "author_url": "https://www.google.com/maps/contrib/112003899272648506421/reviews",
            "language": "en",
            "profile_photo_url": "https://lh3.googleusercontent.com/-cCvY37ERtA0/AAAAAAAAAAI/AAAAAAAAAzU/D6QUMgxCaPo/s128-c0x00000000-cc-rp-mo-ba3/photo.jpg",
            "rating": 5,
            "relative_time_description": "5 months ago",
            "text": "I've visited twice so far, to attend two different exhibitions, and it left me with a very good impression.",
            "time": 1550775333
        },
        {
            "author_name": "Maria Moira",
            "author_url": "https://www.google.com/maps/contrib/103651172749164414883/reviews",
            "language": "en",
            "profile_photo_url": "https://lh5.googleusercontent.com/-9fbGUk8z9WU/AAAAAAAAAAI/AAAAAAAADoE/U1AbDVSRFEk/s128-c0x00000000-cc-rp-mo-ba3/photo.jpg",
            "rating": 4,
            "relative_time_description": "6 months ago",
            "text": "Beautiful & quiet place. It' s an art place & a there 's a lovely brightful caf\u00e9-restaurant \"Merlin\" .",
            "time": 1549902876
        }
    ],
    "type": "museum"
}