{
    "id": "01dfd298b1bdc857985d856fc5dc02743e3af0e1",
    "location": {
        "lat": 37.971449,
        "lng": 23.7440848
    },
    "name": "\u039a\u03ad\u03bd\u03c4\u03c1\u03bf \u039c\u03b1\u03c1\u03bc\u03b1\u03c1\u03bf\u03b3\u03bb\u03c5\u03c0\u03c4\u03b9\u03ba\u03ae\u03c2 \u03a4\u03ad\u03c7\u03bd\u03b7\u03c2 - Marble Art Museum",
    "rating": 5,
    "reviews": [
        {
            "author_name": "Think Growth",
            "author_url": "https://www.google.com/maps/contrib/114609949561139139031/reviews",
            "language": "el",
            "profile_photo_url": "https://lh6.googleusercontent.com/-RnTel6v5IBE/AAAAAAAAAAI/AAAAAAABB-Q/PmUAXuT1pIU/s128-c0x00000000-cc-rp-mo-ba6/photo.jpg",
            "rating": 5,
            "relative_time_description": "a year ago",
            "text": "\u03a0\u03bf\u03bb\u03cd \u03ba\u03b1\u03bb\u03ae \u03b5\u03bc\u03c0\u03b5\u03b9\u03c1\u03af\u03b1 \u03b1\u03c0\u03cc \u03bd\u03ad\u03bf\u03c5\u03c2 \u03ba\u03b1\u03bb\u03bb\u03b9\u03c4\u03ad\u03c7\u03bd\u03b5\u03c2.",
            "time": 1515883312
        }
    ],
    "type": "museum"
}