{
    "id": "b51a33e41133abd66e94c41a31ca0f3fa7f4d2bb",
    "location": {
        "lat": 37.9752112,
        "lng": 23.7185948
    },
    "name": "Herakleidon Museum - \u039c\u03bf\u03c5\u03c3\u03b5\u03af\u03bf \u03c4\u03c9\u03bd \u0397\u03c1\u03b1\u03ba\u03bb\u03b5\u03b9\u03b4\u03ce\u03bd",
    "rating": 4.5,
    "reviews": [
        {
            "author_name": "EFFROSYNI CHARAMI",
            "author_url": "https://www.google.com/maps/contrib/108972860367503086538/reviews",
            "language": "en",
            "profile_photo_url": "https://lh3.googleusercontent.com/-vIjufqUK_-0/AAAAAAAAAAI/AAAAAAAAC4k/fk5iema3rXA/s128-c0x00000000-cc-rp-mo/photo.jpg",
            "rating": 5,
            "relative_time_description": "3 weeks ago",
            "text": "That is an amazing museum to host interactive learning activities. The exhibits are really interesting and easy to work with. The staff is accessible and welcoming. I highly recommend Herakleidon museum for groups of all ages interested in ancient Greek technology.",
            "time": 1561817676
        },
        {
            "author_name": "Ioannis Paisis",
            "author_url": "https://www.google.com/maps/contrib/100798324337210552131/reviews",
            "language": "en",
            "profile_photo_url": "https://lh4.googleusercontent.com/-Xb5y38oIXYY/AAAAAAAAAAI/AAAAAAAAAOA/WLYG0kXYShA/s128-c0x00000000-cc-rp-mo-ba6/photo.jpg",
            "rating": 5,
            "relative_time_description": "2 weeks ago",
            "text": "Very interesting museum but it is quite small. You will learn many things about the ancient technology. They also organise amazing temporary exhibitions. \nI definitely recommend it for everyone. It is close to Thiseio metro station.",
            "time": 1562491318
        },
        {
            "author_name": "Michael Tse - Hannibal",
            "author_url": "https://www.google.com/maps/contrib/115677869180259892907/reviews",
            "language": "en",
            "profile_photo_url": "https://lh3.googleusercontent.com/-EV1Ff0fGbF4/AAAAAAAAAAI/AAAAAAAAAD4/HZwdGthi9r4/s128-c0x00000000-cc-rp-mo-ba2/photo.jpg",
            "rating": 4,
            "relative_time_description": "2 months ago",
            "text": "Small but interesting museum. Officially you're not allowed to take pictures, but I noticed nobody was being told off when they did. The museum consists of two buildings (A and B) which are less than a minutes walk from each other. I thought building B on war technology was the better one. The leaflet/map they give you doesn't shows very well where the buildings are in relation to each other, and the addresses are abreviated making building B hard to find on Google. Just ask the staff there if you get confused.",
            "time": 1558163411
        },
        {
            "author_name": "Nuno Amado",
            "author_url": "https://www.google.com/maps/contrib/109348556591712950784/reviews",
            "language": "en",
            "profile_photo_url": "https://lh5.googleusercontent.com/-YQLUFVjAt0M/AAAAAAAAAAI/AAAAAAAAnXk/aahSzH9hVnY/s128-c0x00000000-cc-rp-mo-ba3/photo.jpg",
            "rating": 3,
            "relative_time_description": "3 months ago",
            "text": "Its very short. Some astonishing thing but you left with that feeling that you want to see more",
            "time": 1555504868
        },
        {
            "author_name": "Myrsini Maneta",
            "author_url": "https://www.google.com/maps/contrib/103294907987130294643/reviews",
            "language": "en",
            "profile_photo_url": "https://lh3.googleusercontent.com/-JrIqM7Ab7PQ/AAAAAAAAAAI/AAAAAAAAAAA/ACHi3reQQW9IUNddjmGUcOS1C-3IWMjnYw/s128-c0x00000000-cc-rp-mo/photo.jpg",
            "rating": 5,
            "relative_time_description": "3 months ago",
            "text": "Interesting exhibitions and events in the heart of Athens.",
            "time": 1554471760
        }
    ],
	"type":"museum"
}

