{
    "id": "4180c8e3b32bc76757412fc59859997d8e2f909a",
    "location": {
        "lat": 37.9297422,
        "lng": 23.6872512
    },
    "name": "Benaki Museum - The Kouloura House",
    "rating": 4.5,
    "reviews": [
        {
            "author_name": "Surinderpal Singh",
            "author_url": "https://www.google.com/maps/contrib/112970976332057384629/reviews",
            "language": "en",
            "profile_photo_url": "https://lh6.googleusercontent.com/-GR-TImxlWps/AAAAAAAAAAI/AAAAAAAABCE/xekPF2O7qWo/s128-c0x00000000-cc-rp-mo-ba3/photo.jpg",
            "rating": 4,
            "relative_time_description": "a year ago",
            "text": "Very nice selection of toys from all over Europe.",
            "time": 1514491045
        },
        {
            "author_name": "George Choulakis",
            "author_url": "https://www.google.com/maps/contrib/101877711714194807432/reviews",
            "language": "en",
            "profile_photo_url": "https://lh4.googleusercontent.com/-myyecBHefqM/AAAAAAAAAAI/AAAAAAAAAAA/ACHi3rfo58SEyOAfHsl4PnahbGMwE5-pnA/s128-c0x00000000-cc-rp-mo/photo.jpg",
            "rating": 5,
            "relative_time_description": "a year ago",
            "text": "Perfect!!",
            "time": 1510502375
        },
        {
            "author_name": "Simon Chi",
            "author_url": "https://www.google.com/maps/contrib/103005905499355473755/reviews",
            "language": "el",
            "profile_photo_url": "https://lh3.googleusercontent.com/-BUqRZbAM2gQ/AAAAAAAAAAI/AAAAAAAAwsU/cWDRPi2fSlw/s128-c0x00000000-cc-rp-mo-ba5/photo.jpg",
            "rating": 4,
            "relative_time_description": "a year ago",
            "text": "\u0397 \u03c8\u03c5\u03c7\u03ae \u03c4\u03bf\u03c5 \u03bc\u03bf\u03c5\u03c3\u03b5\u03af\u03bf\u03c5 \u03b5\u03af\u03bd\u03b1\u03b9 \u03c4\u03bf \u03af\u03b4\u03b9\u03bf \u03c4\u03bf \u03ba\u03c4\u03af\u03c1\u03b9\u03bf \u03c3\u03c4\u03bf \u03bf\u03c0\u03bf\u03af\u03bf \u03c3\u03c4\u03b5\u03b3\u03ac\u03b6\u03b5\u03c4\u03b1\u03b9. \u0395\u03bd\u03c4\u03c5\u03c0\u03c9\u03c3\u03b9\u03b1\u03ba\u03cc \u03ba\u03c4\u03af\u03c1\u03b9\u03bf \u03bd\u03b5\u03bf\u03b3\u03bf\u03c4\u03b8\u03b9\u03ba\u03ae\u03c2 \u03b1\u03c1\u03c7\u03b9\u03c4\u03b5\u03ba\u03c4\u03bf\u03bd\u03b9\u03ba\u03ae\u03c2 \u03bc\u03b5 \u03c4\u03b7\u03bd \u03b1\u03bd\u03b1\u03c0\u03b1\u03bb\u03b1\u03af\u03c9\u03c3\u03b7 \u03bd\u03b1 \u03ad\u03c7\u03b5\u03b9 \u03b3\u03af\u03bd\u03b5\u03b9 \u03bc\u03b5 \u03b1\u03c0\u03cc\u03bb\u03c5\u03c4\u03bf \u03c3\u03b5\u03b2\u03b1\u03c3\u03bc\u03cc \u03c0\u03c1\u03bf\u03c2 \u03c4\u03b1 \u03c0\u03c1\u03c9\u03c4\u03cc\u03c4\u03c5\u03c0\u03b1 \u03b1\u03c1\u03c7\u03b9\u03c4\u03b5\u03ba\u03c4\u03bf\u03bd\u03b9\u03ba\u03ac \u03c3\u03c4\u03bf\u03b9\u03c7\u03b5\u03af\u03b1 \u03ba\u03b1\u03b9 \u03bc\u03b5 \u03c4\u03b7 \u03c7\u03c1\u03ae\u03c3\u03b7 \u03c5\u03bb\u03b9\u03ba\u03ce\u03bd \u03c5\u03c8\u03b7\u03bb\u03ce\u03bd \u03c0\u03c1\u03bf\u03b4\u03b9\u03b1\u03b3\u03c1\u03b1\u03c6\u03ce\u03bd.  \u03a4\u03b1 \u03b5\u03ba\u03b8\u03ad\u03bc\u03b1\u03c4\u03b1 \u03c4\u03bf\u03c5 \u03bc\u03bf\u03c5\u03c3\u03b5\u03af\u03bf\u03c5 \u03b5\u03af\u03bd\u03b1\u03b9 \u03c4\u03bf\u03c0\u03bf\u03b8\u03b5\u03c4\u03b7\u03bc\u03ad\u03bd\u03b1 \u03ba\u03c5\u03c1\u03af\u03c9\u03c2 \u03c3\u03c4\u03bf\u03bd \u03c5\u03c0\u03cc\u03b3\u03b5\u03b9\u03bf \u03c7\u03ce\u03c1\u03bf, \n\u03b1\u03bd \u03ba\u03b1\u03b9 \u03c3\u03c4\u03c1\u03b9\u03bc\u03c9\u03b3\u03bc\u03ad\u03bd\u03b1, \u03c0\u03b1\u03c1\u03bf\u03c5\u03c3\u03b9\u03ac\u03b6\u03bf\u03c5\u03bd \u03b1\u03c1\u03ba\u03b5\u03c4\u03cc \u03b5\u03bd\u03b4\u03b9\u03b1\u03c6\u03ad\u03c1\u03bf\u03bd , \u03ba\u03b1\u03b9 \u03c5\u03c0\u03ac\u03c1\u03c7\u03bf\u03c5\u03bd \u03b1\u03c1\u03ba\u03b5\u03c4\u03ad\u03c2 \u03c0\u03bb\u03b7\u03c1\u03bf\u03c6\u03bf\u03c1\u03af\u03b5\u03c2 \u03b3\u03b9\u03b1 \u03b1\u03c5\u03c4\u03ac \u03c3\u03c4\u03b9\u03c2 \u03c0\u03c1\u03bf\u03b8\u03ae\u03ba\u03b5\u03c2 \u03ae \u03c3\u03b5 \u03bf\u03b8\u03cc\u03bd\u03b5\u03c2 \u03b4\u03af\u03c0\u03bb\u03b1 \u03c3\u03b5 \u03b1\u03c5\u03c4\u03ad\u03c2. \u03a5\u03c0\u03ac\u03c1\u03c7\u03bf\u03c5\u03bd \u03ba\u03ac\u03c0\u03bf\u03b9\u03b5\u03c2 \u03b4\u03c1\u03b1\u03c3\u03c4\u03b7\u03c1\u03b9\u03cc\u03c4\u03b7\u03c4\u03b5\u03c2 \u03b3\u03b9\u03b1 \u03c0\u03b1\u03b9\u03b4\u03b9\u03ac, \u03cc\u03c0\u03c9\u03c2 \u03bc\u03af\u03b1 \u03bc\u03b5\u03b3\u03ac\u03bb\u03b7 \u03b5\u03c0\u03af\u03c0\u03b5\u03b4\u03b7 \u03bf\u03b8\u03cc\u03bd\u03b7 \u03bc\u03b5 \u03b5\u03c0\u03b9\u03c4\u03c1\u03b1\u03c0\u03ad\u03b6\u03b9\u03b1 \u03c0\u03b1\u03b9\u03c7\u03bd\u03af\u03b4\u03b9\u03b1 \u03b5\u03c0\u03bf\u03c7\u03ae\u03c2. \u0397 \u03c4\u03b9\u03bc\u03ae \u03c4\u03bf\u03c5 \u03b5\u03b9\u03c3\u03b9\u03c4\u03b7\u03c1\u03af\u03bf\u03c5 \u03b3\u03b9\u03b1 \u03b5\u03bd\u03ae\u03bb\u03b9\u03ba\u03b5\u03c2 \u03c3\u03c4\u03b1 9 \u03b5\u03c5\u03c1\u03ce, \u03bd\u03bf\u03bc\u03af\u03b6\u03c9, \u03ba\u03ac\u03c0\u03c9\u03c2 \u03c5\u03c0\u03b5\u03c1\u03b2\u03bf\u03bb\u03b9\u03ba\u03ae.",
            "time": 1509636738
        },
        {
            "author_name": "\u0391\u0398\u0391\u039d\u0391\u03a3\u0399\u0391 \u0394\u039f\u03a5\u039a\u0391",
            "author_url": "https://www.google.com/maps/contrib/100561135058466074507/reviews",
            "language": "el",
            "profile_photo_url": "https://lh4.googleusercontent.com/-Cg44mn7feBQ/AAAAAAAAAAI/AAAAAAAAAAA/ACHi3rd3kBxdsrfdD47Pu1ZMyWQ5uBTPHQ/s128-c0x00000000-cc-rp-mo-ba6/photo.jpg",
            "rating": 3,
            "relative_time_description": "a year ago",
            "text": "\u039f\u03b9 \u03c3\u03c5\u03bb\u03bb\u03bf\u03b3\u03ad\u03c2 \u03c4\u03bf\u03c5 \u03b8\u03b1 \u03ad\u03c0\u03c1\u03b5\u03c0\u03b5 \u03bd\u03b1 \u03b5\u03ba\u03c4\u03af\u03b8\u03b5\u03bd\u03c4\u03b1\u03b9 \u03bc\u03b5 \u03ac\u03bb\u03bb\u03bf \u03c4\u03c1\u03cc\u03c0\u03bf \u03ba\u03b1\u03b9 \u03cc\u03c7\u03b9 \u03c4\u03cc\u03c3\u03bf \u03c3\u03c4\u03bf\u03b9\u03b2\u03b1\u03b3\u03bc\u03ad\u03bd\u03b5\u03c2.",
            "time": 1518679242
        },
        {
            "author_name": "\u0391\u03bd\u03c4\u03ce\u03bd\u03b7\u03c2 \u03a7\u03ac\u03bb\u03b1\u03c1\u03b7\u03c2",
            "author_url": "https://www.google.com/maps/contrib/104000894615154857827/reviews",
            "language": "el",
            "profile_photo_url": "https://lh6.googleusercontent.com/-eXAOd8uiCDc/AAAAAAAAAAI/AAAAAAAAAAA/ACHi3rdZZA5EkWwXahHUkRf1F1g-Kgi2Xg/s128-c0x00000000-cc-rp-mo-ba3/photo.jpg",
            "rating": 5,
            "relative_time_description": "a year ago",
            "text": "\u03a0\u03b1\u03c1\u03ac \u03c0\u03bf\u03bb\u03cd \u03ba\u03b1\u03bb\u03cc \u03c6\u03c4\u03b9\u03b1\u03b3\u03bc\u03ad\u03bd\u03bf \u03bc\u03ad\u03c1\u03bf\u03c2",
            "time": 1524659065
        }
    ],
	"type":"museum"
}

