{
    "id": "9e5050232dba282dfb4a63e6952057b345d1a442",
    "location": {
        "lat": 37.9695168,
        "lng": 23.7310352
    },
    "name": "Lioulias Museum Replicas",
    "rating": 4.9,
    "reviews": [
        {
            "author_name": "Thanos Goussis",
            "author_url": "https://www.google.com/maps/contrib/109596753915840950551/reviews",
            "language": "en",
            "profile_photo_url": "https://lh6.googleusercontent.com/-pL6FnwWRMUg/AAAAAAAAAAI/AAAAAAAAAAA/ACHi3rflqToMhmtWq2rvyo21MRxgJkAoaQ/s128-c0x00000000-cc-rp-mo/photo.jpg",
            "rating": 5,
            "relative_time_description": "3 months ago",
            "text": "Shop with confidence... More art and history than just souvenirs!!",
            "time": 1555260086
        },
        {
            "author_name": "Yannis Papaioannou",
            "author_url": "https://www.google.com/maps/contrib/100924160385742167660/reviews",
            "language": "en",
            "profile_photo_url": "https://lh4.googleusercontent.com/-7fvxUfW1ZYo/AAAAAAAAAAI/AAAAAAADXd0/YuC05n8o6mM/s128-c0x00000000-cc-rp-mo-ba5/photo.jpg",
            "rating": 5,
            "relative_time_description": "2 years ago",
            "text": "Beautiful artifacts made by Lioulias Family for many decades. A real Gem lying on the most beautiful pedestrians road in Athens, resisting successfully against all  the Chinese cheap imported replicas you will find here and there. \n\nPricing wise , prices are more than reasonable concerning the product's top quality and hand making. Because at the end, cheap things are expensive. ",
            "time": 1501017089
        },
        {
            "author_name": "G",
            "author_url": "https://www.google.com/maps/contrib/113074361549410463404/reviews",
            "language": "en",
            "profile_photo_url": "https://lh3.googleusercontent.com/-IMLpaWoF6BI/AAAAAAAAAAI/AAAAAAAALTc/kDq2vP9d1OM/s128-c0x00000000-cc-rp-mo-ba2/photo.jpg",
            "rating": 5,
            "relative_time_description": "11 months ago",
            "text": "Quality selection, a lot of shops in Plaka resell items made by the owner of this shop",
            "time": 1535795700
        },
        {
            "author_name": "Dilek I",
            "author_url": "https://www.google.com/maps/contrib/111520159435859477608/reviews",
            "language": "en",
            "profile_photo_url": "https://lh4.googleusercontent.com/-Z1vSrfFVFtA/AAAAAAAAAAI/AAAAAAAAFqA/VUMwruZLwj4/s128-c0x00000000-cc-rp-mo/photo.jpg",
            "rating": 5,
            "relative_time_description": "2 years ago",
            "text": "Beatiful but expensive. Licenced for exact hanmade copies. They are not like cheap ones.",
            "time": 1471985880
        },
        {
            "author_name": "Gil Galad",
            "author_url": "https://www.google.com/maps/contrib/109434458845532926866/reviews",
            "language": "el",
            "profile_photo_url": "https://lh5.googleusercontent.com/-MvDT81o2pzA/AAAAAAAAAAI/AAAAAAAAAAA/ACHi3redjUiBnBlybTTaemmMNaItKqtoUw/s128-c0x00000000-cc-rp-mo/photo.jpg",
            "rating": 5,
            "relative_time_description": "a year ago",
            "text": "\u039e\u03b5\u03c7\u03c9\u03c1\u03af\u03b6\u03b5\u03b9 \u03c3\u03c4\u03b7\u03bd \u03c0\u03b5\u03c1\u03b9\u03bf\u03c7\u03ae \u03b3\u03b9\u03b1 \u03c4\u03b7\u03bd \u03c0\u03bf\u03b9\u03cc\u03c4\u03b7\u03c4\u03b1 \u03ba\u03b1\u03b9 \u03c4\u03b7\u03bd \u03ba\u03b1\u03bb\u03b1\u03b9\u03c3\u03b8\u03b7\u03c3\u03af\u03b1. \u0395\u03bd\u03c4\u03cd\u03c0\u03c9\u03c3\u03b7 \u03bc\u03bf\u03c5 \u03ad\u03ba\u03b1\u03bd\u03b5 \u03b7 \u03c0\u03c1\u03bf\u03c3\u03bf\u03c7\u03ae \u03c0\u03bf\u03c5 \u03b4\u03ce\u03c3\u03b1\u03bd\u03b5 \u03b3\u03b9\u03b1 \u03b1\u03c3\u03c6\u03b1\u03bb\u03ae \u03c3\u03c5\u03c3\u03ba\u03b5\u03c5\u03b1\u03c3\u03af\u03b1. \u03a3\u03c5\u03b3\u03c7\u03b1\u03c1\u03b7\u03c4\u03ae\u03c1\u03b9\u03b1",
            "time": 1527493350
        }
    ],
	"type":"museum"
}

