{
    "id": "4e380295cecd7fc00ecd493874dfc03ade123a5b",
    "location": {
        "lat": 37.9691872,
        "lng": 23.7266751
    },
    "name": "Ilias Lalaounis Jewelry Museum",
    "rating": 4.6,
    "reviews": [
        {
            "author_name": "M.M. Micha",
            "author_url": "https://www.google.com/maps/contrib/115661446207601137042/reviews",
            "language": "en",
            "profile_photo_url": "https://lh3.googleusercontent.com/-8Ez9_9Y-8lM/AAAAAAAAAAI/AAAAAAAAAAA/ACHi3rcW0Vdys_EJrZelOU609UdajCqWCA/s128-c0x00000000-cc-rp-mo-ba3/photo.jpg",
            "rating": 5,
            "relative_time_description": "3 months ago",
            "text": "Amazing place, kind and polite staff, very informed about the collections. Nice designs and curating. I was pleased.",
            "time": 1554629612
        },
        {
            "author_name": "Hanan kwt",
            "author_url": "https://www.google.com/maps/contrib/102264577593736284157/reviews",
            "language": "en",
            "profile_photo_url": "https://lh4.googleusercontent.com/-Nwu5e05quiM/AAAAAAAAAAI/AAAAAAAAAFw/g047OgbWgFM/s128-c0x00000000-cc-rp-mo-ba3/photo.jpg",
            "rating": 5,
            "relative_time_description": "a month ago",
            "text": "Great place for jewelry lovers.small place but elegant. Loved the store too.",
            "time": 1559538025
        },
        {
            "author_name": "Jessica Finnefrock",
            "author_url": "https://www.google.com/maps/contrib/114761742564682745678/reviews",
            "language": "en",
            "profile_photo_url": "https://lh5.googleusercontent.com/-ntoKgU-mQZ4/AAAAAAAAAAI/AAAAAAAAAoQ/YmHVEo077_4/s128-c0x00000000-cc-rp-mo/photo.jpg",
            "rating": 1,
            "relative_time_description": "8 months ago",
            "text": "Small \"museum\" with pieces inspired by historical artifacts. Free on Saturdays fortunately so we enjoyed our 15 minutes inside and then had a laugh the rest of the day as we walked by jewelry stores in the city and called them museums. Many of the pieces were quite beautiful but you would have to have a particular fondness for the jeweler himself to make it worth a stop with so many other things to see in Athens.",
            "time": 1543162014
        },
        {
            "author_name": "Miran Sarkissian",
            "author_url": "https://www.google.com/maps/contrib/101585495923328372639/reviews",
            "language": "en",
            "profile_photo_url": "https://lh6.googleusercontent.com/-qu5ou6EwVNk/AAAAAAAAAAI/AAAAAAAAAAA/ACHi3rdMA3JY4DoS95Z-LKxBbVkgjlyR6w/s128-c0x00000000-cc-rp-mo-ba4/photo.jpg",
            "rating": 4,
            "relative_time_description": "5 months ago",
            "text": "A wonderful small musem with the latest jewelry creations by the Lalaounis family. Worth stopping by while visiting the Parthenon and the Acropolis museum. It's only around the corner and worth it!",
            "time": 1550079717
        },
        {
            "author_name": "Sissy Alivizatou",
            "author_url": "https://www.google.com/maps/contrib/107105716691461905479/reviews",
            "language": "en",
            "profile_photo_url": "https://lh6.googleusercontent.com/-cm5c-VztFHA/AAAAAAAAAAI/AAAAAAAAARM/XMWgZX8Fe0E/s128-c0x00000000-cc-rp-mo/photo.jpg",
            "rating": 5,
            "relative_time_description": "2 months ago",
            "text": "Excellent and unique art place, worth visiting when in Greece!!!",
            "time": 1557584895
        }
    ],
	"type":"museum"
}

