{
    "id": "57a342ac9fc9336db8a28bb53a032fa9c0fe5b60",
    "location": {
        "lat": 37.9729844,
        "lng": 23.7324861
    },
    "name": "Museum of Greek Children\u2019s Art",
    "rating": 4.5,
    "reviews": [
        {
            "author_name": "Amalia Liapis",
            "author_url": "https://www.google.com/maps/contrib/101768762437817605261/reviews",
            "language": "en",
            "profile_photo_url": "https://lh4.googleusercontent.com/-PtE5XCMWDOo/AAAAAAAAAAI/AAAAAAAABkk/nM3Fp15iIZM/s128-c0x00000000-cc-rp-mo-ba3/photo.jpg",
            "rating": 4,
            "relative_time_description": "11 months ago",
            "text": "Very fun old time school museum.  Lots to see. Worth checking out.",
            "time": 1536728225
        },
        {
            "author_name": "Maria Koutsikou",
            "author_url": "https://www.google.com/maps/contrib/117706483200948419348/reviews",
            "language": "en",
            "profile_photo_url": "https://lh3.googleusercontent.com/-XIEE6zwEaeg/AAAAAAAAAAI/AAAAAAAAANY/TvXTEl_XxYM/s128-c0x00000000-cc-rp-mo-ba3/photo.jpg",
            "rating": 5,
            "relative_time_description": "a year ago",
            "text": "More of a workshop place than a museum but great!",
            "time": 1518193784
        },
        {
            "author_name": "Ioannis Hadjipolycarpou",
            "author_url": "https://www.google.com/maps/contrib/110658384860995659330/reviews",
            "language": "en",
            "profile_photo_url": "https://lh4.googleusercontent.com/-dv8lc6w-LOQ/AAAAAAAAAAI/AAAAAAAAS-s/Gz0imBP99IQ/s128-c0x00000000-cc-rp-mo/photo.jpg",
            "rating": 5,
            "relative_time_description": "11 months ago",
            "text": "Great for kids activities",
            "time": 1535553365
        },
        {
            "author_name": "S O",
            "author_url": "https://www.google.com/maps/contrib/104155410746425955853/reviews",
            "language": "en",
            "profile_photo_url": "https://lh5.googleusercontent.com/-ZxdDz4Lwwgk/AAAAAAAAAAI/AAAAAAAAKPk/pxeRi-rhWSw/s128-c0x00000000-cc-rp-mo-ba2/photo.jpg",
            "rating": 3,
            "relative_time_description": "a year ago",
            "text": "Very small and not much to do for kids under 4.",
            "time": 1520237811
        },
        {
            "author_name": "Emir Morko\u00e7",
            "author_url": "https://www.google.com/maps/contrib/115964673528309343666/reviews",
            "language": "tr",
            "profile_photo_url": "https://lh6.googleusercontent.com/-SGsQFDsNcSY/AAAAAAAAAAI/AAAAAAAAA_Y/72nWFN3aDXY/s128-c0x00000000-cc-rp-mo-ba3/photo.jpg",
            "rating": 5,
            "relative_time_description": "2 months ago",
            "text": "K\u0131z\u0131mla beraber buray\u0131 ziyaret ettik. Burada g\u00f6revli personel iyi derecede \u0130ngilizce biliyor ve bir ki\u015fi bize m\u00fczeyi gezdirirken \u0130ngilizce olarak bilgilendirdi. K\u00fc\u00e7\u00fck bir mekan ama \u00e7ok g\u00fczel bence. K\u0131z\u0131mda \u00e7ok be\u011fendi, bence beni her g\u00fcn buraya getirebilirsin dedi \ud83d\ude00 yaln\u0131z ziyaret saatlerine dikkat edin gitmeden \u00f6nce, sonra kap\u0131da kalmay\u0131n.",
            "time": 1558508114
        }
    ],
    "type": "museum"
}