{
    "id": "6e4688616b857e6483ef1ad66c8fb741282438bf",
    "location": {
        "lat": 37.9710881,
        "lng": 23.7299467
    },
    "name": "Choragic Monument of Lysicrates",
    "rating": 4.5,
    "reviews": [
        {
            "author_name": "Woz Zel LG",
            "author_url": "https://www.google.com/maps/contrib/116969212567791091573/reviews",
            "language": "en",
            "profile_photo_url": "https://lh5.googleusercontent.com/-f6aqnGaq-Cs/AAAAAAAAAAI/AAAAAAAAAAA/ACHi3rdQSyzCiSxLVZqgytwa3nnVmIOQaQ/s128-c0x00000000-cc-rp-mo-ba7/photo.jpg",
            "rating": 3,
            "relative_time_description": "in the last week",
            "text": "Ancient monument in Plaka, which had surrounding cafes in Athens. With shops, restaurants all around the monument. Please feel free to click on like. Thanks",
            "time": 1565275003
        },
        {
            "author_name": "Christos Lepesiotis",
            "author_url": "https://www.google.com/maps/contrib/100375040025352710135/reviews",
            "language": "en",
            "profile_photo_url": "https://lh5.googleusercontent.com/-Cl6zbmn4epc/AAAAAAAAAAI/AAAAAAAAAAA/92ZX2e60p7Y/s128-c0x00000000-cc-rp-mo-ba6/photo.jpg",
            "rating": 5,
            "relative_time_description": "a month ago",
            "text": "A monument to remind us that many ancient theatrical races were sponsored by Lysicrates.",
            "time": 1561725352
        },
        {
            "author_name": "Mohi Mirdamadi",
            "author_url": "https://www.google.com/maps/contrib/102809695250839336940/reviews",
            "language": "en",
            "profile_photo_url": "https://lh6.googleusercontent.com/-FQQ2qjjcKwE/AAAAAAAAAAI/AAAAAAAABOs/Obf_zFTaR98/s128-c0x00000000-cc-rp-mo-ba3/photo.jpg",
            "rating": 5,
            "relative_time_description": "a month ago",
            "text": "Something cool happens here all the time. From live music to live entertainmenta...",
            "time": 1561139946
        },
        {
            "author_name": "Ioannis Paisis",
            "author_url": "https://www.google.com/maps/contrib/100798324337210552131/reviews",
            "language": "en",
            "profile_photo_url": "https://lh4.googleusercontent.com/-Xb5y38oIXYY/AAAAAAAAAAI/AAAAAAAAAOA/WLYG0kXYShA/s128-c0x00000000-cc-rp-mo-ba6/photo.jpg",
            "rating": 5,
            "relative_time_description": "a month ago",
            "text": "The Choragic Monument of Lysicrates near the Acropolis of Athens was erected by the choregos Lysicrates, a wealthy patron of musical performances in the Theater of Dionysus, to commemorate the award of first prize in 335/334 BCE to one of the performances he had sponsored. The choregos was the sponsor who paid for and supervised the training of the dramatic dance-chorus.",
            "time": 1561212434
        },
        {
            "author_name": "Florian Raducanu",
            "author_url": "https://www.google.com/maps/contrib/117121213942559635288/reviews",
            "language": "en",
            "profile_photo_url": "https://lh3.googleusercontent.com/-07rXgh7D77U/AAAAAAAAAAI/AAAAAAAAAAA/ACHi3rebDYYQHXVQrMXwmejxoXkKQCtvfw/s128-c0x00000000-cc-rp-mo-ba3/photo.jpg",
            "rating": 5,
            "relative_time_description": "5 months ago",
            "text": "A beautiful place with a great architecture. It's also a great place for photos. It is worth visiting.",
            "time": 1551756024
        }
    ],
    "type": "point_of_interest"
}